province_id,region,province,district_id,district,year,district_meansol,district_pop
24,NE,Sakon Nakhon,0,Akat Amnuai,2014,0.100137558,56834
24,NE,Sakon Nakhon,0,Akat Amnuai,2015,0.127155005,56999
24,NE,Sakon Nakhon,0,Akat Amnuai,2016,0.122138214,57169
24,NE,Sakon Nakhon,0,Akat Amnuai,2017,0.21444102,57320
24,NE,Sakon Nakhon,0,Akat Amnuai,2018,0.238681377,53916
24,NE,Sakon Nakhon,0,Akat Amnuai,2019,0.224758909,54063
24,NE,Sakon Nakhon,0,Akat Amnuai,2020,0.288592621,54198
24,NE,Sakon Nakhon,0,Akat Amnuai,2021,0.357077834,54593
50,WE,Samut Songkhram,1,Amphawa,2014,1.436239449,58069
50,WE,Samut Songkhram,1,Amphawa,2015,1.654438977,58259
50,WE,Samut Songkhram,1,Amphawa,2016,1.78767992,58449
50,WE,Samut Songkhram,1,Amphawa,2017,2.325210516,58631
50,WE,Samut Songkhram,1,Amphawa,2018,3.005310152,58744
50,WE,Samut Songkhram,1,Amphawa,2019,3.183497215,58701
50,WE,Samut Songkhram,1,Amphawa,2020,3.344163257,58845
50,WE,Samut Songkhram,1,Amphawa,2021,3.516894689,59271
31,NE,Yasothon,467,Muang Yasothon,2014,0.743148277,117458
31,NE,Yasothon,467,Muang Yasothon,2015,0.813719968,117870
31,NE,Yasothon,467,Muang Yasothon,2016,0.771032509,118254
31,NE,Yasothon,467,Muang Yasothon,2017,0.938344965,118690
31,NE,Yasothon,467,Muang Yasothon,2018,0.941166084,114823
31,NE,Yasothon,467,Muang Yasothon,2019,0.978941305,115134
31,NE,Yasothon,467,Muang Yasothon,2020,1.065532253,115423
31,NE,Yasothon,467,Muang Yasothon,2021,1.376145382,116264
31,NE,Yasothon,699,Sai Mun,2014,0.131328807,29927
31,NE,Yasothon,699,Sai Mun,2015,0.161741527,30025
31,NE,Yasothon,699,Sai Mun,2016,0.134406329,30128
31,NE,Yasothon,699,Sai Mun,2017,0.241680249,30207
31,NE,Yasothon,699,Sai Mun,2018,0.260913125,28939
31,NE,Yasothon,699,Sai Mun,2019,0.246941907,29022
31,NE,Yasothon,699,Sai Mun,2020,0.324750751,29091
31,NE,Yasothon,699,Sai Mun,2021,0.383481352,29303
63,SO,Krabi,2,Ao Luk,2014,0.237529048,47539
63,SO,Krabi,2,Ao Luk,2015,0.233630508,47707
63,SO,Krabi,2,Ao Luk,2016,0.242780717,47859
63,SO,Krabi,2,Ao Luk,2017,0.416366427,48072
63,SO,Krabi,2,Ao Luk,2018,0.491410384,48897
63,SO,Krabi,2,Ao Luk,2019,0.544373617,49154
63,SO,Krabi,2,Ao Luk,2020,0.644472532,49288
63,SO,Krabi,2,Ao Luk,2021,0.705468268,49650
75,EA,Sa Kaew,3,Aranyaprathet,2014,0.441882716,95049
75,EA,Sa Kaew,3,Aranyaprathet,2015,0.529075158,95470
75,EA,Sa Kaew,3,Aranyaprathet,2016,0.610318651,96618
75,EA,Sa Kaew,3,Aranyaprathet,2017,0.781684615,96289
75,EA,Sa Kaew,3,Aranyaprathet,2018,1.122054435,107613
75,EA,Sa Kaew,3,Aranyaprathet,2019,1.287144921,107538
75,EA,Sa Kaew,3,Aranyaprathet,2020,1.085981125,107688
75,EA,Sa Kaew,3,Aranyaprathet,2021,1.343906274,108596
0,NE,Roi Et,4,At Samat,2014,0.163665374,62184
0,NE,Roi Et,4,At Samat,2015,0.203893155,62401
0,NE,Roi Et,4,At Samat,2016,0.196835842,62605
0,NE,Roi Et,4,At Samat,2017,0.355429661,62785
0,NE,Roi Et,4,At Samat,2018,0.36259005,59945
0,NE,Roi Et,4,At Samat,2019,0.354648372,60114
0,NE,Roi Et,4,At Samat,2020,0.433067726,60272
0,NE,Roi Et,4,At Samat,2021,0.494945255,60709
40,SO,Narathiwat,5,Bacho,2014,0.522651088,44552
40,SO,Narathiwat,5,Bacho,2015,0.600094834,44706
40,SO,Narathiwat,5,Bacho,2016,0.592080007,44852
40,SO,Narathiwat,5,Bacho,2017,0.715023979,44991
40,SO,Narathiwat,5,Bacho,2018,0.837849645,45300
40,SO,Narathiwat,5,Bacho,2019,0.809575172,45428
40,SO,Narathiwat,5,Bacho,2020,0.934231479,45539
40,SO,Narathiwat,5,Bacho,2021,1.170413165,45912
9,NE,Chaiyaphum,6,Bamnet Narong,2014,0.353978484,48493
9,NE,Chaiyaphum,6,Bamnet Narong,2015,0.407525643,48638
9,NE,Chaiyaphum,6,Bamnet Narong,2016,0.389487407,48795
9,NE,Chaiyaphum,6,Bamnet Narong,2017,0.488612505,48971
9,NE,Chaiyaphum,6,Bamnet Narong,2018,0.485260227,47107
9,NE,Chaiyaphum,6,Bamnet Narong,2019,0.459502451,47232
9,NE,Chaiyaphum,6,Bamnet Narong,2020,0.52333162,47345
9,NE,Chaiyaphum,6,Bamnet Narong,2021,0.595250848,47700
64,EA,Chon Buri,7,Ban Bung,2014,2.111910869,141651
64,EA,Chon Buri,7,Ban Bung,2015,2.24565256,142117
64,EA,Chon Buri,7,Ban Bung,2016,2.350942792,142586
64,EA,Chon Buri,7,Ban Bung,2017,2.62036385,142837
64,EA,Chon Buri,7,Ban Bung,2018,2.688433135,151613
64,EA,Chon Buri,7,Ban Bung,2019,2.831214657,151981
64,EA,Chon Buri,7,Ban Bung,2020,3.074266539,152333
64,EA,Chon Buri,7,Ban Bung,2021,3.533882484,153441
51,EA,Rayong,8,Ban Chang,2014,7.308202641,77231
51,EA,Rayong,8,Ban Chang,2015,7.160470837,77465
51,EA,Rayong,8,Ban Chang,2016,7.833407981,77718
51,EA,Rayong,8,Ban Chang,2017,8.900230295,78331
51,EA,Rayong,8,Ban Chang,2018,9.592466895,84804
51,EA,Rayong,8,Ban Chang,2019,10.846004,84966
51,EA,Rayong,8,Ban Chang,2020,11.77371135,85144
51,EA,Rayong,8,Ban Chang,2021,13.31987726,85767
7,NO,Sukhothai,10,Ban Dan Lan Hoi,2014,0.075761208,46745
7,NO,Sukhothai,10,Ban Dan Lan Hoi,2015,0.099562022,46948
7,NO,Sukhothai,10,Ban Dan Lan Hoi,2016,0.086594484,47088
7,NO,Sukhothai,10,Ban Dan Lan Hoi,2017,0.118973924,47168
7,NO,Sukhothai,10,Ban Dan Lan Hoi,2018,0.123530228,45040
7,NO,Sukhothai,10,Ban Dan Lan Hoi,2019,0.134056494,45142
7,NO,Sukhothai,10,Ban Dan Lan Hoi,2020,0.148439496,45248
7,NO,Sukhothai,10,Ban Dan Lan Hoi,2021,0.159320482,45574
23,NE,Udon Thani,11,Ban Dung,2014,0.133432181,104174
23,NE,Udon Thani,11,Ban Dung,2015,0.143199735,104608
23,NE,Udon Thani,11,Ban Dung,2016,0.145211784,104957
23,NE,Udon Thani,11,Ban Dung,2017,0.242840106,105280
23,NE,Udon Thani,11,Ban Dung,2018,0.279353518,98765
23,NE,Udon Thani,11,Ban Dung,2019,0.293250096,99037
23,NE,Udon Thani,11,Ban Dung,2020,0.351754331,99279
23,NE,Udon Thani,11,Ban Dung,2021,0.379034941,100012
15,NE,Khon Kaen,12,Ban Fang,2014,0.359025472,52076
15,NE,Khon Kaen,12,Ban Fang,2015,0.468411544,52256
15,NE,Khon Kaen,12,Ban Fang,2016,0.447076485,52427
15,NE,Khon Kaen,12,Ban Fang,2017,0.540484348,52581
15,NE,Khon Kaen,12,Ban Fang,2018,0.583832862,50608
15,NE,Khon Kaen,12,Ban Fang,2019,0.602314443,50746
15,NE,Khon Kaen,12,Ban Fang,2020,0.689797811,50641
15,NE,Khon Kaen,12,Ban Fang,2021,0.735580134,51010
28,NO,Lamphun,14,Ban Hong,2014,0.250741444,46859
28,NO,Lamphun,14,Ban Hong,2015,0.338607341,46583
28,NO,Lamphun,14,Ban Hong,2016,0.345790257,46733
28,NO,Lamphun,14,Ban Hong,2017,0.442280237,46808
28,NO,Lamphun,14,Ban Hong,2018,0.444023478,45024
28,NO,Lamphun,14,Ban Hong,2019,0.452943223,45143
28,NO,Lamphun,14,Ban Hong,2020,0.491159376,45255
28,NO,Lamphun,14,Ban Hong,2021,0.535675704,45585
51,EA,Rayong,16,Ban Khai,2014,2.001044594,95125
51,EA,Rayong,16,Ban Khai,2015,2.224838941,95472
51,EA,Rayong,16,Ban Khai,2016,2.261238084,95773
51,EA,Rayong,16,Ban Khai,2017,2.413923995,94632
51,EA,Rayong,16,Ban Khai,2018,2.714354621,103614
51,EA,Rayong,16,Ban Khai,2019,2.811780213,103887
51,EA,Rayong,16,Ban Khai,2020,3.105864355,104081
51,EA,Rayong,16,Ban Khai,2021,3.769306361,104837
34,NO,Uttaradit,17,Ban Khok,2014,0.029928243,15992
34,NO,Uttaradit,17,Ban Khok,2015,0.029134797,16049
34,NO,Uttaradit,17,Ban Khok,2016,0.036187945,16080
34,NO,Uttaradit,17,Ban Khok,2017,0.060731497,16053
34,NO,Uttaradit,17,Ban Khok,2018,0.065303433,15609
34,NO,Uttaradit,17,Ban Khok,2019,0.0747531,15651
34,NO,Uttaradit,17,Ban Khok,2020,0.073041879,15658
34,NO,Uttaradit,17,Ban Khok,2021,0.081995593,15772
9,NE,Chaiyaphum,18,Ban Khwao,2014,0.176188448,46285
9,NE,Chaiyaphum,18,Ban Khwao,2015,0.206358363,46313
9,NE,Chaiyaphum,18,Ban Khwao,2016,0.203278947,46462
9,NE,Chaiyaphum,18,Ban Khwao,2017,0.267466453,46578
9,NE,Chaiyaphum,18,Ban Khwao,2018,0.310000255,44786
9,NE,Chaiyaphum,18,Ban Khwao,2019,0.329475589,44909
9,NE,Chaiyaphum,18,Ban Khwao,2020,0.368752703,45020
9,NE,Chaiyaphum,18,Ban Khwao,2021,0.399522336,45349
35,NE,Buri Ram,19,Ban Kruat,2014,0.115669771,67788
35,NE,Buri Ram,19,Ban Kruat,2015,0.126390606,66153
35,NE,Buri Ram,19,Ban Kruat,2016,0.137996031,66358
35,NE,Buri Ram,19,Ban Kruat,2017,0.219148557,66826
35,NE,Buri Ram,19,Ban Kruat,2018,0.220207556,63211
35,NE,Buri Ram,19,Ban Kruat,2019,0.24916415,63368
35,NE,Buri Ram,19,Ban Kruat,2020,0.276493167,63526
35,NE,Buri Ram,19,Ban Kruat,2021,0.355306669,63987
8,WE,Phetchaburi,20,Ban Laem,2014,2.072904102,58525
8,WE,Phetchaburi,20,Ban Laem,2015,2.318472117,58455
8,WE,Phetchaburi,20,Ban Laem,2016,2.265757705,58645
8,WE,Phetchaburi,20,Ban Laem,2017,2.373049068,58824
8,WE,Phetchaburi,20,Ban Laem,2018,2.590912516,57662
8,WE,Phetchaburi,20,Ban Laem,2019,2.53933166,56722
8,WE,Phetchaburi,20,Ban Laem,2020,2.854519406,56891
8,WE,Phetchaburi,20,Ban Laem,2021,2.884535007,57306
8,WE,Phetchaburi,21,Ban Lat,2014,1.504875552,48135
8,WE,Phetchaburi,21,Ban Lat,2015,1.741020587,47890
8,WE,Phetchaburi,21,Ban Lat,2016,1.92058424,48049
8,WE,Phetchaburi,21,Ban Lat,2017,2.087422961,48191
8,WE,Phetchaburi,21,Ban Lat,2018,2.171040556,47181
8,WE,Phetchaburi,21,Ban Lat,2019,2.254633992,46919
8,WE,Phetchaburi,21,Ban Lat,2020,2.325207867,47054
8,WE,Phetchaburi,21,Ban Lat,2021,2.387357664,47395
6,NE,Nakhon Ratchasima,23,Ban Luam,2014,0.096209576,23279
6,NE,Nakhon Ratchasima,23,Ban Luam,2015,0.109618109,23327
6,NE,Nakhon Ratchasima,23,Ban Luam,2016,0.121355122,23396
6,NE,Nakhon Ratchasima,23,Ban Luam,2017,0.173141634,23401
6,NE,Nakhon Ratchasima,23,Ban Luam,2018,0.187129001,22220
6,NE,Nakhon Ratchasima,23,Ban Luam,2019,0.195993532,22284
6,NE,Nakhon Ratchasima,23,Ban Luam,2020,0.205492366,22344
6,NE,Nakhon Ratchasima,23,Ban Luam,2021,0.20928519,22505
70,NO,Nan,22,Ban Luang,2014,0.043445744,11000
70,NO,Nan,22,Ban Luang,2015,0.048219782,11085
70,NO,Nan,22,Ban Luang,2016,0.035420905,11147
70,NO,Nan,22,Ban Luang,2017,0.050190907,11202
70,NO,Nan,22,Ban Luang,2018,0.05209541,10638
70,NO,Nan,22,Ban Luang,2019,0.051903307,10667
70,NO,Nan,22,Ban Luang,2020,0.06013829,10695
70,NO,Nan,22,Ban Luang,2021,0.066281575,10774
35,NE,Buri Ram,24,Ban Mai Chai Pho,2014,0.243096073,23909
35,NE,Buri Ram,24,Ban Mai Chai Pho,2015,0.273639723,23995
35,NE,Buri Ram,24,Ban Mai Chai Pho,2016,0.241214161,24071
35,NE,Buri Ram,24,Ban Mai Chai Pho,2017,0.353985889,24119
35,NE,Buri Ram,24,Ban Mai Chai Pho,2018,0.33167281,22822
35,NE,Buri Ram,24,Ban Mai Chai Pho,2019,0.396003735,22884
35,NE,Buri Ram,24,Ban Mai Chai Pho,2020,0.789906609,22940
35,NE,Buri Ram,24,Ban Mai Chai Pho,2021,0.869967974,23104
62,CE,Lop Buri,25,Ban Mi,2014,0.308206084,90564
62,CE,Lop Buri,25,Ban Mi,2015,0.364025026,90872
62,CE,Lop Buri,25,Ban Mi,2016,0.354397942,91168
62,CE,Lop Buri,25,Ban Mi,2017,0.497489499,91430
62,CE,Lop Buri,25,Ban Mi,2018,0.470507573,89106
62,CE,Lop Buri,25,Ban Mi,2019,0.484118834,89354
62,CE,Lop Buri,25,Ban Mi,2020,0.560269454,89581
62,CE,Lop Buri,25,Ban Mi,2021,0.590407775,90234
17,CE,Saraburi,26,Ban Mo,2014,2.491260835,53144
17,CE,Saraburi,26,Ban Mo,2015,2.562058698,52311
17,CE,Saraburi,26,Ban Mo,2016,2.594497927,52484
17,CE,Saraburi,26,Ban Mo,2017,2.797649692,52505
17,CE,Saraburi,26,Ban Mo,2018,2.836214821,50472
17,CE,Saraburi,26,Ban Mo,2019,2.987028819,50619
17,CE,Saraburi,26,Ban Mo,2020,3.101428087,50743
17,CE,Saraburi,26,Ban Mo,2021,3.226739495,51113
24,NE,Sakon Nakhon,27,Ban Muang,2014,0.063282876,58547
24,NE,Sakon Nakhon,27,Ban Muang,2015,0.073458243,58723
24,NE,Sakon Nakhon,27,Ban Muang,2016,0.069087471,58915
24,NE,Sakon Nakhon,27,Ban Muang,2017,0.140785889,59099
24,NE,Sakon Nakhon,27,Ban Muang,2018,0.136396066,55460
24,NE,Sakon Nakhon,27,Ban Muang,2019,0.138980293,55613
24,NE,Sakon Nakhon,27,Ban Muang,2020,0.175965374,55740
24,NE,Sakon Nakhon,27,Ban Muang,2021,0.2597181,56142
60,EA,Nakhon Nayok,28,Ban Na,2014,0.918191992,69481
60,EA,Nakhon Nayok,28,Ban Na,2015,1.067506319,69710
60,EA,Nakhon Nayok,28,Ban Na,2016,1.15768119,69942
60,EA,Nakhon Nayok,28,Ban Na,2017,1.463389836,70153
60,EA,Nakhon Nayok,28,Ban Na,2018,1.528980057,78843
60,EA,Nakhon Nayok,28,Ban Na,2019,1.611279125,79056
60,EA,Nakhon Nayok,28,Ban Na,2020,1.701453895,79903
60,EA,Nakhon Nayok,28,Ban Na,2021,1.788454311,80493
11,SO,Surat Thani,29,Ban Na Doem,2014,0.447857209,25650
11,SO,Surat Thani,29,Ban Na Doem,2015,0.497618934,25735
11,SO,Surat Thani,29,Ban Na Doem,2016,0.589262232,25822
11,SO,Surat Thani,29,Ban Na Doem,2017,0.696162456,25892
11,SO,Surat Thani,29,Ban Na Doem,2018,0.711883266,26425
11,SO,Surat Thani,29,Ban Na Doem,2019,0.825984224,26608
11,SO,Surat Thani,29,Ban Na Doem,2020,0.85313008,26671
11,SO,Surat Thani,29,Ban Na Doem,2021,0.83433515,26929
11,SO,Surat Thani,30,Ban Na San,2014,0.277559182,81323
11,SO,Surat Thani,30,Ban Na San,2015,0.280873867,81605
11,SO,Surat Thani,30,Ban Na San,2016,0.291345686,81875
11,SO,Surat Thani,30,Ban Na San,2017,0.3581053,82128
11,SO,Surat Thani,30,Ban Na San,2018,0.356487224,83807
11,SO,Surat Thani,30,Ban Na San,2019,0.338611189,83732
11,SO,Surat Thani,30,Ban Na San,2020,0.424412126,83941
11,SO,Surat Thani,30,Ban Na San,2021,0.410621397,84662
72,NE,Nakhon Phanom,31,Ban Phaeng,2014,0.201548953,29549
72,NE,Nakhon Phanom,31,Ban Phaeng,2015,0.215419224,29670
72,NE,Nakhon Phanom,31,Ban Phaeng,2016,0.254139585,29770
72,NE,Nakhon Phanom,31,Ban Phaeng,2017,0.400465875,29866
72,NE,Nakhon Phanom,31,Ban Phaeng,2018,0.376165034,27860
72,NE,Nakhon Phanom,31,Ban Phaeng,2019,0.352652568,27939
72,NE,Nakhon Phanom,31,Ban Phaeng,2020,0.45213596,28010
72,NE,Nakhon Phanom,31,Ban Phaeng,2021,0.555645685,28217
68,BKK&VIC,Samut Sakhon,32,Ban Phaeo,2014,1.970276322,182244
68,BKK&VIC,Samut Sakhon,32,Ban Phaeo,2015,2.130659428,182867
68,BKK&VIC,Samut Sakhon,32,Ban Phaeo,2016,2.169942213,183473
68,BKK&VIC,Samut Sakhon,32,Ban Phaeo,2017,2.429497558,184044
68,BKK&VIC,Samut Sakhon,32,Ban Phaeo,2018,2.585686225,199144
68,BKK&VIC,Samut Sakhon,32,Ban Phaeo,2019,2.745724842,199692
68,BKK&VIC,Samut Sakhon,32,Ban Phaeo,2020,3.041910047,200268
68,BKK&VIC,Samut Sakhon,32,Ban Phaeo,2021,3.178298159,201727
15,NE,Khon Kaen,33,Ban Phai,2014,0.610535203,108765
15,NE,Khon Kaen,33,Ban Phai,2015,0.67529492,109158
15,NE,Khon Kaen,33,Ban Phai,2016,0.721501132,109522
15,NE,Khon Kaen,33,Ban Phai,2017,0.955578643,109831
15,NE,Khon Kaen,33,Ban Phai,2018,0.990553136,110387
15,NE,Khon Kaen,33,Ban Phai,2019,1.004535105,110685
15,NE,Khon Kaen,33,Ban Phai,2020,1.087807684,110990
15,NE,Khon Kaen,33,Ban Phai,2021,1.254034166,111771
4,EA,Chachoengsao,34,Ban Pho,2014,2.562893778,58966
4,EA,Chachoengsao,34,Ban Pho,2015,2.988116167,58930
4,EA,Chachoengsao,34,Ban Pho,2016,3.11977203,59122
4,EA,Chachoengsao,34,Ban Pho,2017,3.382216152,59296
4,EA,Chachoengsao,34,Ban Pho,2018,3.27413317,65408
4,EA,Chachoengsao,34,Ban Pho,2019,3.593466547,65582
4,EA,Chachoengsao,34,Ban Pho,2020,3.883609525,65732
4,EA,Chachoengsao,34,Ban Pho,2021,4.626089796,66216
53,CE,Phra Nakhon Sri Ayuthaya,35,Ban Phraek,2014,1.087587825,11624
53,CE,Phra Nakhon Sri Ayuthaya,35,Ban Phraek,2015,1.209438043,12214
53,CE,Phra Nakhon Sri Ayuthaya,35,Ban Phraek,2016,1.353936707,12256
53,CE,Phra Nakhon Sri Ayuthaya,35,Ban Phraek,2017,1.347997703,12367
53,CE,Phra Nakhon Sri Ayuthaya,35,Ban Phraek,2018,1.232416512,11949
53,CE,Phra Nakhon Sri Ayuthaya,35,Ban Phraek,2019,1.18537433,11981
53,CE,Phra Nakhon Sri Ayuthaya,35,Ban Phraek,2020,1.227268246,11989
53,CE,Phra Nakhon Sri Ayuthaya,35,Ban Phraek,2021,1.479034075,12075
23,NE,Udon Thani,36,Ban Phu,2014,0.141556282,94382
23,NE,Udon Thani,36,Ban Phu,2015,0.179915811,94255
23,NE,Udon Thani,36,Ban Phu,2016,0.178860442,94420
23,NE,Udon Thani,36,Ban Phu,2017,0.263516902,94558
23,NE,Udon Thani,36,Ban Phu,2018,0.273675253,88730
23,NE,Udon Thani,36,Ban Phu,2019,0.256411613,88972
23,NE,Udon Thani,36,Ban Phu,2020,0.296922172,89189
23,NE,Udon Thani,36,Ban Phu,2021,0.354921486,89842
30,WE,Ratchaburi,37,Ban Pong,2014,3.060237032,162055
30,WE,Ratchaburi,37,Ban Pong,2015,3.242338929,162623
30,WE,Ratchaburi,37,Ban Pong,2016,3.447437139,163150
30,WE,Ratchaburi,37,Ban Pong,2017,3.831361544,163659
30,WE,Ratchaburi,37,Ban Pong,2018,3.990614591,160485
30,WE,Ratchaburi,37,Ban Pong,2019,4.041542527,160922
30,WE,Ratchaburi,37,Ban Pong,2020,4.189881254,161307
30,WE,Ratchaburi,37,Ban Pong,2021,4.605922815,162493
18,NO,Uthai Thani,38,Ban Rai,2014,0.079926152,58161
18,NO,Uthai Thani,38,Ban Rai,2015,0.092962815,58336
18,NO,Uthai Thani,38,Ban Rai,2016,0.0913778,58540
18,NO,Uthai Thani,38,Ban Rai,2017,0.127750927,58735
18,NO,Uthai Thani,38,Ban Rai,2018,0.125650016,56792
18,NO,Uthai Thani,38,Ban Rai,2019,0.13004119,56947
18,NO,Uthai Thani,38,Ban Rai,2020,0.140913848,57083
18,NO,Uthai Thani,38,Ban Rai,2021,0.19753195,57499
52,EA,Prachin Buri,39,Ban Sang,2014,0.429381536,43431
52,EA,Prachin Buri,39,Ban Sang,2015,0.523921753,43447
52,EA,Prachin Buri,39,Ban Sang,2016,0.517671231,43592
52,EA,Prachin Buri,39,Ban Sang,2017,0.662133345,43726
52,EA,Prachin Buri,39,Ban Sang,2018,0.665272428,48628
52,EA,Prachin Buri,39,Ban Sang,2019,0.672680284,48748
52,EA,Prachin Buri,39,Ban Sang,2020,0.700814627,48869
52,EA,Prachin Buri,39,Ban Sang,2021,0.725894869,49230
11,SO,Surat Thani,40,Ban Ta Khun,2014,0.057218203,15439
11,SO,Surat Thani,40,Ban Ta Khun,2015,0.053477184,15492
11,SO,Surat Thani,40,Ban Ta Khun,2016,0.054269397,#NAME?
11,SO,Surat Thani,40,Ban Ta Khun,2017,0.094752023,15668
11,SO,Surat Thani,40,Ban Ta Khun,2018,0.102319685,16332
11,SO,Surat Thani,40,Ban Ta Khun,2019,0.100839993,16376
11,SO,Surat Thani,40,Ban Ta Khun,2020,0.109261645,16418
11,SO,Surat Thani,40,Ban Ta Khun,2021,0.10827794,16470
26,NO,Tak,41,Ban Tak,2014,0.128003648,50681
26,NO,Tak,41,Ban Tak,2015,0.164973924,50873
26,NO,Tak,41,Ban Tak,2016,0.166577512,51048
26,NO,Tak,41,Ban Tak,2017,0.215010447,51206
26,NO,Tak,41,Ban Tak,2018,0.242199773,47870
26,NO,Tak,41,Ban Tak,2019,0.276566441,47994
26,NO,Tak,41,Ban Tak,2020,0.27502285,48114
26,NO,Tak,41,Ban Tak,2021,0.296153721,48465
9,NE,Chaiyaphum,42,Ban Thaen,2014,0.307232571,40373
9,NE,Chaiyaphum,42,Ban Thaen,2015,0.331510247,40511
9,NE,Chaiyaphum,42,Ban Thaen,2016,0.313916582,40641
9,NE,Chaiyaphum,42,Ban Thaen,2017,0.422455773,40770
9,NE,Chaiyaphum,42,Ban Thaen,2018,0.450287687,39210
9,NE,Chaiyaphum,42,Ban Thaen,2019,0.457236407,39319
9,NE,Chaiyaphum,42,Ban Thaen,2020,0.482146881,39422
9,NE,Chaiyaphum,42,Ban Thaen,2021,0.475797263,39709
28,NO,Lamphun,43,Ban Thi,2014,0.609884651,25720
28,NO,Lamphun,43,Ban Thi,2015,0.698107704,25024
28,NO,Lamphun,43,Ban Thi,2016,0.622709098,24974
28,NO,Lamphun,43,Ban Thi,2017,0.767019057,24895
28,NO,Lamphun,43,Ban Thi,2018,0.842568775,24013
28,NO,Lamphun,43,Ban Thi,2019,0.889517848,23910
28,NO,Lamphun,43,Ban Thi,2020,1.019236813,23882
28,NO,Lamphun,43,Ban Thi,2021,1.078890608,24049
53,CE,Phra Nakhon Sri Ayuthaya,44,Bang Ban,2014,1.498254162,44865
53,CE,Phra Nakhon Sri Ayuthaya,44,Bang Ban,2015,1.614875954,45018
53,CE,Phra Nakhon Sri Ayuthaya,44,Bang Ban,2016,1.657777305,45168
53,CE,Phra Nakhon Sri Ayuthaya,44,Bang Ban,2017,1.955205111,45310
53,CE,Phra Nakhon Sri Ayuthaya,44,Bang Ban,2018,1.943037149,43125
53,CE,Phra Nakhon Sri Ayuthaya,44,Bang Ban,2019,2.240082618,43240
53,CE,Phra Nakhon Sri Ayuthaya,44,Bang Ban,2020,2.48683172,43335
53,CE,Phra Nakhon Sri Ayuthaya,44,Bang Ban,2021,2.638292347,43653
69,BKK&VIC,Samut Prakan,45,Bang Bo,2014,5.489728105,162905
69,BKK&VIC,Samut Prakan,45,Bang Bo,2015,5.879872895,163464
69,BKK&VIC,Samut Prakan,45,Bang Bo,2016,5.908195397,163939
69,BKK&VIC,Samut Prakan,45,Bang Bo,2017,6.90084786,164173
69,BKK&VIC,Samut Prakan,45,Bang Bo,2018,6.830685438,187174
69,BKK&VIC,Samut Prakan,45,Bang Bo,2019,7.34607044,187692
69,BKK&VIC,Samut Prakan,45,Bang Bo,2020,7.541470081,188145
69,BKK&VIC,Samut Prakan,45,Bang Bo,2021,8.13071504,189517
14,BKK&VIC,Bangkok,46,Bang Bon,2014,15.40796803,189049
14,BKK&VIC,Bangkok,46,Bang Bon,2015,16.52490475,189695
14,BKK&VIC,Bangkok,46,Bang Bon,2016,16.75922555,190316
14,BKK&VIC,Bangkok,46,Bang Bon,2017,16.79420188,190915
14,BKK&VIC,Bangkok,46,Bang Bon,2018,17.47585361,196561
14,BKK&VIC,Bangkok,46,Bang Bon,2019,18.18867217,196979
14,BKK&VIC,Bangkok,46,Bang Bon,2020,18.66636047,197435
14,BKK&VIC,Bangkok,46,Bang Bon,2021,19.14219578,198836
38,BKK&VIC,Nonthaburi,47,Bang Bua Thong,2014,10.30382579,200787
38,BKK&VIC,Nonthaburi,47,Bang Bua Thong,2015,11.98104239,201220
38,BKK&VIC,Nonthaburi,47,Bang Bua Thong,2016,12.34194359,201880
38,BKK&VIC,Nonthaburi,47,Bang Bua Thong,2017,12.98821706,202533
38,BKK&VIC,Nonthaburi,47,Bang Bua Thong,2018,13.32748667,236706
38,BKK&VIC,Nonthaburi,47,Bang Bua Thong,2019,13.61335234,237357
38,BKK&VIC,Nonthaburi,47,Bang Bua Thong,2020,13.95698789,236456
38,BKK&VIC,Nonthaburi,47,Bang Bua Thong,2021,14.61404384,238183
55,SO,Phatthalung,48,Bang Kaeo,2014,0.325727681,32499
55,SO,Phatthalung,48,Bang Kaeo,2015,0.407546544,32611
55,SO,Phatthalung,48,Bang Kaeo,2016,0.44382065,32717
55,SO,Phatthalung,48,Bang Kaeo,2017,0.589646205,32828
55,SO,Phatthalung,48,Bang Kaeo,2018,0.737876781,34436
55,SO,Phatthalung,48,Bang Kaeo,2019,0.86294225,34532
55,SO,Phatthalung,48,Bang Kaeo,2020,0.929062843,34626
55,SO,Phatthalung,48,Bang Kaeo,2021,1.088378028,34879
14,BKK&VIC,Bangkok,49,Bang Kapi,2014,28.99881808,241677
14,BKK&VIC,Bangkok,49,Bang Kapi,2015,28.48857667,242482
14,BKK&VIC,Bangkok,49,Bang Kapi,2016,29.62222032,243285
14,BKK&VIC,Bangkok,49,Bang Kapi,2017,30.79399278,244044
14,BKK&VIC,Bangkok,49,Bang Kapi,2018,34.28284914,251844
14,BKK&VIC,Bangkok,49,Bang Kapi,2019,35.82990678,252377
14,BKK&VIC,Bangkok,49,Bang Kapi,2020,33.82350244,252945
14,BKK&VIC,Bangkok,49,Bang Kapi,2021,35.08639096,254788
14,BKK&VIC,Bangkok,50,Bang Khae,2014,16.41808939,255080
14,BKK&VIC,Bangkok,50,Bang Khae,2015,18.72118408,255818
14,BKK&VIC,Bangkok,50,Bang Khae,2016,18.60827129,256660
14,BKK&VIC,Bangkok,50,Bang Khae,2017,18.72225859,257465
14,BKK&VIC,Bangkok,50,Bang Khae,2018,19.04944521,269486
14,BKK&VIC,Bangkok,50,Bang Khae,2019,19.52616676,270229
14,BKK&VIC,Bangkok,50,Bang Khae,2020,20.04028322,270908
14,BKK&VIC,Bangkok,50,Bang Khae,2021,21.71370393,272884
59,SO,Nakhon Si Thammarat,51,Bang Khan,2014,0.053203025,31359
59,SO,Nakhon Si Thammarat,51,Bang Khan,2015,0.06289175,31469
59,SO,Nakhon Si Thammarat,51,Bang Khan,2016,0.067374938,31572
59,SO,Nakhon Si Thammarat,51,Bang Khan,2017,0.089673139,31666
59,SO,Nakhon Si Thammarat,51,Bang Khan,2018,0.09203006,32879
59,SO,Nakhon Si Thammarat,51,Bang Khan,2019,0.0796072,32969
59,SO,Nakhon Si Thammarat,51,Bang Khan,2020,0.084562593,33051
59,SO,Nakhon Si Thammarat,51,Bang Khan,2021,0.091517456,32737
14,BKK&VIC,Bangkok,52,Bang Khen,2014,19.52228876,415228
14,BKK&VIC,Bangkok,52,Bang Khen,2015,21.57707027,416011
14,BKK&VIC,Bangkok,52,Bang Khen,2016,23.75904114,417339
14,BKK&VIC,Bangkok,52,Bang Khen,2017,24.89638336,418086
14,BKK&VIC,Bangkok,52,Bang Khen,2018,25.7975327,429783
14,BKK&VIC,Bangkok,52,Bang Khen,2019,26.69108823,430064
14,BKK&VIC,Bangkok,52,Bang Khen,2020,26.61537784,430620
14,BKK&VIC,Bangkok,52,Bang Khen,2021,27.07128269,433759
4,EA,Chachoengsao,53,Bang Khla,2014,1.069937529,59211
4,EA,Chachoengsao,53,Bang Khla,2015,1.231849967,59409
4,EA,Chachoengsao,53,Bang Khla,2016,1.332746644,59577
4,EA,Chachoengsao,53,Bang Khla,2017,1.439986842,59730
4,EA,Chachoengsao,53,Bang Khla,2018,1.488995681,66061
4,EA,Chachoengsao,53,Bang Khla,2019,1.619523714,66242
4,EA,Chachoengsao,53,Bang Khla,2020,1.82828051,66404
4,EA,Chachoengsao,53,Bang Khla,2021,1.998736411,66884
14,BKK&VIC,Bangkok,54,Bang Kho Laem,2014,29.38007222,202582
14,BKK&VIC,Bangkok,54,Bang Kho Laem,2015,32.34350451,203280
14,BKK&VIC,Bangkok,54,Bang Kho Laem,2016,36.02671361,203952
14,BKK&VIC,Bangkok,54,Bang Kho Laem,2017,34.85312338,204590
14,BKK&VIC,Bangkok,54,Bang Kho Laem,2018,34.82040779,211382
14,BKK&VIC,Bangkok,54,Bang Kho Laem,2019,34.2788627,211962
14,BKK&VIC,Bangkok,54,Bang Kho Laem,2020,33.51332057,212494
14,BKK&VIC,Bangkok,54,Bang Kho Laem,2021,31.86292158,214045
50,WE,Samut Songkhram,55,Bang Khon Ti,2014,1.832967037,30058
50,WE,Samut Songkhram,55,Bang Khon Ti,2015,2.028679717,30161
50,WE,Samut Songkhram,55,Bang Khon Ti,2016,1.97152941,30262
50,WE,Samut Songkhram,55,Bang Khon Ti,2017,2.472260881,30355
50,WE,Samut Songkhram,55,Bang Khon Ti,2018,2.79539847,30407
50,WE,Samut Songkhram,55,Bang Khon Ti,2019,3.098585313,30493
50,WE,Samut Songkhram,55,Bang Khon Ti,2020,3.320576888,30699
50,WE,Samut Songkhram,55,Bang Khon Ti,2021,3.791265464,30923
43,SO,Songkhla,57,Bang Klam,2014,1.439398936,24109
43,SO,Songkhla,57,Bang Klam,2015,1.520872426,24176
43,SO,Songkhla,57,Bang Klam,2016,1.758011506,24256
43,SO,Songkhla,57,Bang Klam,2017,1.934993355,24327
43,SO,Songkhla,57,Bang Klam,2018,2.12939293,24771
43,SO,Songkhla,57,Bang Klam,2019,2.185225026,24836
43,SO,Songkhla,57,Bang Klam,2020,2.270734847,24896
43,SO,Songkhla,57,Bang Klam,2021,2.535240013,25071
21,NO,Phitsanulok,58,Bang Krathum,2014,0.281182514,60366
21,NO,Phitsanulok,58,Bang Krathum,2015,0.353792988,60526
21,NO,Phitsanulok,58,Bang Krathum,2016,0.315384199,60721
21,NO,Phitsanulok,58,Bang Krathum,2017,0.454230607,60906
21,NO,Phitsanulok,58,Bang Krathum,2018,0.574812781,58109
21,NO,Phitsanulok,58,Bang Krathum,2019,0.641879985,58234
21,NO,Phitsanulok,58,Bang Krathum,2020,0.69042374,58362
21,NO,Phitsanulok,58,Bang Krathum,2021,0.899493551,58669
38,BKK&VIC,Nonthaburi,59,Bang Kruai,2014,15.1432604,113275
38,BKK&VIC,Nonthaburi,59,Bang Kruai,2015,15.79424598,113670
38,BKK&VIC,Nonthaburi,59,Bang Kruai,2016,17.06470589,114045
38,BKK&VIC,Nonthaburi,59,Bang Kruai,2017,17.91504834,114398
38,BKK&VIC,Nonthaburi,59,Bang Kruai,2018,18.19925638,132935
38,BKK&VIC,Nonthaburi,59,Bang Kruai,2019,18.9349195,133183
38,BKK&VIC,Nonthaburi,59,Bang Kruai,2020,19.67527642,133459
38,BKK&VIC,Nonthaburi,59,Bang Kruai,2021,21.07955792,134432
64,EA,Chon Buri,60,Bang Lamung,2014,8.288387295,251866
64,EA,Chon Buri,60,Bang Lamung,2015,8.529902032,252506
64,EA,Chon Buri,60,Bang Lamung,2016,8.986673322,253346
64,EA,Chon Buri,60,Bang Lamung,2017,9.496295113,254197
64,EA,Chon Buri,60,Bang Lamung,2018,9.903478762,270859
64,EA,Chon Buri,60,Bang Lamung,2019,10.77330397,270977
64,EA,Chon Buri,60,Bang Lamung,2020,11.28524405,271396
64,EA,Chon Buri,60,Bang Lamung,2021,12.57172142,273378
27,BKK&VIC,Nakhon Pathom,61,Bang Len,2014,1.211114318,105500
27,BKK&VIC,Nakhon Pathom,61,Bang Len,2015,1.413729394,105871
27,BKK&VIC,Nakhon Pathom,61,Bang Len,2016,1.495489722,106211
27,BKK&VIC,Nakhon Pathom,61,Bang Len,2017,1.739366762,106542
27,BKK&VIC,Nakhon Pathom,61,Bang Len,2018,1.82332137,122012
27,BKK&VIC,Nakhon Pathom,61,Bang Len,2019,1.967214814,122354
27,BKK&VIC,Nakhon Pathom,61,Bang Len,2020,2.030564932,122587
27,BKK&VIC,Nakhon Pathom,61,Bang Len,2021,2.172333126,123477
54,NO,Phichit,62,Bang Mun Nak,2014,0.328650131,41986
54,NO,Phichit,62,Bang Mun Nak,2015,0.380693834,42133
54,NO,Phichit,62,Bang Mun Nak,2016,0.332963012,42273
54,NO,Phichit,62,Bang Mun Nak,2017,0.449529009,41742
54,NO,Phichit,62,Bang Mun Nak,2018,0.432063113,40751
54,NO,Phichit,62,Bang Mun Nak,2019,0.44224845,40870
54,NO,Phichit,62,Bang Mun Nak,2020,0.477549874,40967
54,NO,Phichit,62,Bang Mun Nak,2021,0.586606175,41270
14,BKK&VIC,Bangkok,63,Bang Na,2014,28.7861289,207634
14,BKK&VIC,Bangkok,63,Bang Na,2015,30.87379814,208346
14,BKK&VIC,Bangkok,63,Bang Na,2016,31.91586696,209030
14,BKK&VIC,Bangkok,63,Bang Na,2017,33.27340589,209678
14,BKK&VIC,Bangkok,63,Bang Na,2018,34.19036167,220048
14,BKK&VIC,Bangkok,63,Bang Na,2019,34.98448876,220653
14,BKK&VIC,Bangkok,63,Bang Na,2020,35.43558819,221208
14,BKK&VIC,Bangkok,63,Bang Na,2021,38.91968056,222821
4,EA,Chachoengsao,64,Bang Nam Prieo,2014,0.595205096,89947
4,EA,Chachoengsao,64,Bang Nam Prieo,2015,0.683869541,94586
4,EA,Chachoengsao,64,Bang Nam Prieo,2016,0.717202759,94896
4,EA,Chachoengsao,64,Bang Nam Prieo,2017,0.912030332,95614
4,EA,Chachoengsao,64,Bang Nam Prieo,2018,1.017227456,105329
4,EA,Chachoengsao,64,Bang Nam Prieo,2019,1.04454221,105596
4,EA,Chachoengsao,64,Bang Nam Prieo,2020,1.223373226,105226
4,EA,Chachoengsao,64,Bang Nam Prieo,2021,1.469074035,105999
53,CE,Phra Nakhon Sri Ayuthaya,66,Bang Pahan,2014,2.599111288,47974
53,CE,Phra Nakhon Sri Ayuthaya,66,Bang Pahan,2015,2.825792311,47812
53,CE,Phra Nakhon Sri Ayuthaya,66,Bang Pahan,2016,3.134248565,47969
53,CE,Phra Nakhon Sri Ayuthaya,66,Bang Pahan,2017,3.409759551,48051
53,CE,Phra Nakhon Sri Ayuthaya,66,Bang Pahan,2018,3.442045396,46066
53,CE,Phra Nakhon Sri Ayuthaya,66,Bang Pahan,2019,3.714368336,46194
53,CE,Phra Nakhon Sri Ayuthaya,66,Bang Pahan,2020,3.767194804,46216
53,CE,Phra Nakhon Sri Ayuthaya,66,Bang Pahan,2021,3.922975811,46552
53,CE,Phra Nakhon Sri Ayuthaya,65,Bang Pa-In,2014,7.4042666,93593
53,CE,Phra Nakhon Sri Ayuthaya,65,Bang Pa-In,2015,7.684922196,93836
53,CE,Phra Nakhon Sri Ayuthaya,65,Bang Pa-In,2016,7.820252646,94145
53,CE,Phra Nakhon Sri Ayuthaya,65,Bang Pa-In,2017,8.413404639,94452
53,CE,Phra Nakhon Sri Ayuthaya,65,Bang Pa-In,2018,8.621136769,91441
53,CE,Phra Nakhon Sri Ayuthaya,65,Bang Pa-In,2019,8.961352015,91699
53,CE,Phra Nakhon Sri Ayuthaya,65,Bang Pa-In,2020,8.871756632,91873
53,CE,Phra Nakhon Sri Ayuthaya,65,Bang Pa-In,2021,9.09722845,92540
4,EA,Chachoengsao,67,Bang Pakong,2014,7.662593755,92655
4,EA,Chachoengsao,67,Bang Pakong,2015,7.811047486,93331
4,EA,Chachoengsao,67,Bang Pakong,2016,7.904057013,93637
4,EA,Chachoengsao,67,Bang Pakong,2017,8.576545728,93954
4,EA,Chachoengsao,67,Bang Pakong,2018,8.239557883,104112
4,EA,Chachoengsao,67,Bang Pakong,2019,8.659913916,104396
4,EA,Chachoengsao,67,Bang Pakong,2020,8.924610441,104646
4,EA,Chachoengsao,67,Bang Pakong,2021,10.59638209,105413
30,WE,Ratchaburi,68,Bang Phae,2014,1.542479473,43279
30,WE,Ratchaburi,68,Bang Phae,2015,1.662844155,43431
30,WE,Ratchaburi,68,Bang Phae,2016,1.816601104,43568
30,WE,Ratchaburi,68,Bang Phae,2017,1.926574805,43706
30,WE,Ratchaburi,68,Bang Phae,2018,2.025590261,42959
30,WE,Ratchaburi,68,Bang Phae,2019,1.998826725,43061
30,WE,Ratchaburi,68,Bang Phae,2020,2.200223966,43282
30,WE,Ratchaburi,68,Bang Phae,2021,2.598140161,43600
48,WE,Suphan Buri,71,Bang Pla Ma,2014,0.768824969,89880
48,WE,Suphan Buri,71,Bang Pla Ma,2015,0.940557372,90174
48,WE,Suphan Buri,71,Bang Pla Ma,2016,1.075865557,90470
48,WE,Suphan Buri,71,Bang Pla Ma,2017,1.212709511,90758
48,WE,Suphan Buri,71,Bang Pla Ma,2018,1.246190383,89664
48,WE,Suphan Buri,71,Bang Pla Ma,2019,1.227169317,89908
48,WE,Suphan Buri,71,Bang Pla Ma,2020,1.303544627,90144
48,WE,Suphan Buri,71,Bang Pla Ma,2021,1.42826278,90803
14,BKK&VIC,Bangkok,69,Bang Plad,2014,28.15019563,126450
14,BKK&VIC,Bangkok,69,Bang Plad,2015,27.66247451,126890
14,BKK&VIC,Bangkok,69,Bang Plad,2016,29.40674808,127308
14,BKK&VIC,Bangkok,69,Bang Plad,2017,30.68650275,127708
14,BKK&VIC,Bangkok,69,Bang Plad,2018,30.66211945,135903
14,BKK&VIC,Bangkok,69,Bang Plad,2019,31.54907645,136208
14,BKK&VIC,Bangkok,69,Bang Plad,2020,31.81300622,136513
14,BKK&VIC,Bangkok,69,Bang Plad,2021,32.68711773,137508
69,BKK&VIC,Samut Prakan,70,Bang Plee,2014,19.56878964,334009
69,BKK&VIC,Samut Prakan,70,Bang Plee,2015,19.76382903,335259
69,BKK&VIC,Samut Prakan,70,Bang Plee,2016,19.25716893,337508
69,BKK&VIC,Samut Prakan,70,Bang Plee,2017,20.07160308,340470
69,BKK&VIC,Samut Prakan,70,Bang Plee,2018,21.0027566,387732
69,BKK&VIC,Samut Prakan,70,Bang Plee,2019,22.39139703,388801
69,BKK&VIC,Samut Prakan,70,Bang Plee,2020,23.42132694,389886
69,BKK&VIC,Samut Prakan,70,Bang Plee,2021,25.16054338,392722
49,CE,Singburi,72,Bang Rachan,2014,0.808049547,35816
49,CE,Singburi,72,Bang Rachan,2015,0.954828344,35937
49,CE,Singburi,72,Bang Rachan,2016,0.988141468,36057
49,CE,Singburi,72,Bang Rachan,2017,1.093800421,36171
49,CE,Singburi,72,Bang Rachan,2018,1.171507645,36248
49,CE,Singburi,72,Bang Rachan,2019,1.252987946,36351
49,CE,Singburi,72,Bang Rachan,2020,1.367475491,36441
49,CE,Singburi,72,Bang Rachan,2021,1.529781102,36703
14,BKK&VIC,Bangkok,73,Bang Rak,2014,52.05705613,127609
14,BKK&VIC,Bangkok,73,Bang Rak,2015,55.22663292,128052
14,BKK&VIC,Bangkok,73,Bang Rak,2016,58.47133279,128475
14,BKK&VIC,Bangkok,73,Bang Rak,2017,57.97205018,128877
14,BKK&VIC,Bangkok,73,Bang Rak,2018,68.44131034,133295
14,BKK&VIC,Bangkok,73,Bang Rak,2019,66.72314576,133662
14,BKK&VIC,Bangkok,73,Bang Rak,2020,59.64923393,133998
14,BKK&VIC,Bangkok,73,Bang Rak,2021,59.62552732,134974
21,NO,Phitsanulok,74,Bang Rakam,2014,0.385235601,106514
21,NO,Phitsanulok,74,Bang Rakam,2015,0.623318264,106857
21,NO,Phitsanulok,74,Bang Rakam,2016,0.515325325,107128
21,NO,Phitsanulok,74,Bang Rakam,2017,0.910266186,107376
21,NO,Phitsanulok,74,Bang Rakam,2018,0.900221349,102479
21,NO,Phitsanulok,74,Bang Rakam,2019,1.12733508,102740
21,NO,Phitsanulok,74,Bang Rakam,2020,1.304554942,102987
21,NO,Phitsanulok,74,Bang Rakam,2021,1.291401611,103756
53,CE,Phra Nakhon Sri Ayuthaya,75,Bang Sai,2014,1.544987043,60558
53,CE,Phra Nakhon Sri Ayuthaya,75,Bang Sai,2015,1.769083578,60944
53,CE,Phra Nakhon Sri Ayuthaya,75,Bang Sai,2016,1.817409737,61153
53,CE,Phra Nakhon Sri Ayuthaya,75,Bang Sai,2017,2.003745026,61320
53,CE,Phra Nakhon Sri Ayuthaya,75,Bang Sai,2018,2.024060233,58686
53,CE,Phra Nakhon Sri Ayuthaya,75,Bang Sai,2019,2.125509143,58863
53,CE,Phra Nakhon Sri Ayuthaya,75,Bang Sai,2020,2.143605506,59015
53,CE,Phra Nakhon Sri Ayuthaya,75,Bang Sai,2021,2.261961212,59441
42,WE,Phachuap Khiri Khan,78,Bang Saphan,2014,0.661665852,67010
42,WE,Phachuap Khiri Khan,78,Bang Saphan,2015,0.712266677,66916
42,WE,Phachuap Khiri Khan,78,Bang Saphan,2016,0.65703896,67132
42,WE,Phachuap Khiri Khan,78,Bang Saphan,2017,0.770525932,67343
42,WE,Phachuap Khiri Khan,78,Bang Saphan,2018,0.862640034,65106
42,WE,Phachuap Khiri Khan,78,Bang Saphan,2019,0.917012493,64357
42,WE,Phachuap Khiri Khan,78,Bang Saphan,2020,0.956678722,64156
42,WE,Phachuap Khiri Khan,78,Bang Saphan,2021,0.979779482,64629
42,WE,Phachuap Khiri Khan,79,Bang Saphan Noi,2014,0.264278681,33186
42,WE,Phachuap Khiri Khan,79,Bang Saphan Noi,2015,0.310508464,33263
42,WE,Phachuap Khiri Khan,79,Bang Saphan Noi,2016,0.279670995,33376
42,WE,Phachuap Khiri Khan,79,Bang Saphan Noi,2017,0.36294155,33471
42,WE,Phachuap Khiri Khan,79,Bang Saphan Noi,2018,0.487044898,31842
42,WE,Phachuap Khiri Khan,79,Bang Saphan Noi,2019,0.595806737,31795
42,WE,Phachuap Khiri Khan,79,Bang Saphan Noi,2020,0.649755382,31807
42,WE,Phachuap Khiri Khan,79,Bang Saphan Noi,2021,0.676965678,32036
14,BKK&VIC,Bangkok,80,Bang Su,2014,26.70968689,182193
14,BKK&VIC,Bangkok,80,Bang Su,2015,26.55090305,182823
14,BKK&VIC,Bangkok,80,Bang Su,2016,29.07946237,183426
14,BKK&VIC,Bangkok,80,Bang Su,2017,31.46104556,183996
14,BKK&VIC,Bangkok,80,Bang Su,2018,31.53903511,195176
14,BKK&VIC,Bangkok,80,Bang Su,2019,30.29726659,195688
14,BKK&VIC,Bangkok,80,Bang Su,2020,30.56493239,196166
14,BKK&VIC,Bangkok,80,Bang Su,2021,31.82613366,197596
38,BKK&VIC,Nonthaburi,81,Bang Yai,2014,7.756259053,102181
38,BKK&VIC,Nonthaburi,81,Bang Yai,2015,8.188451106,102503
38,BKK&VIC,Nonthaburi,81,Bang Yai,2016,8.50333205,102842
38,BKK&VIC,Nonthaburi,81,Bang Yai,2017,9.007857065,103141
38,BKK&VIC,Nonthaburi,81,Bang Yai,2018,9.421986457,120266
38,BKK&VIC,Nonthaburi,81,Bang Yai,2019,9.747670598,120597
38,BKK&VIC,Nonthaburi,81,Bang Yai,2020,10.44502754,122565
38,BKK&VIC,Nonthaburi,81,Bang Yai,2021,11.25682518,123458
14,BKK&VIC,Bangkok,56,Bangkhuntien,2014,9.342038443,144358
14,BKK&VIC,Bangkok,56,Bangkhuntien,2015,10.24634457,144835
14,BKK&VIC,Bangkok,56,Bangkhuntien,2016,10.38634799,145316
14,BKK&VIC,Bangkok,56,Bangkhuntien,2017,10.76418922,145768
14,BKK&VIC,Bangkok,56,Bangkhuntien,2018,11.35512487,151374
14,BKK&VIC,Bangkok,56,Bangkhuntien,2019,11.43920643,152563
14,BKK&VIC,Bangkok,56,Bangkhuntien,2020,11.85630455,153138
14,BKK&VIC,Bangkok,56,Bangkhuntien,2021,12.88772156,154271
14,BKK&VIC,Bangkok,82,Bangkok Noi,2014,24.08120656,245644
14,BKK&VIC,Bangkok,82,Bangkok Noi,2015,26.76453448,246498
14,BKK&VIC,Bangkok,82,Bangkok Noi,2016,28.87959511,247312
14,BKK&VIC,Bangkok,82,Bangkok Noi,2017,27.75299393,248088
14,BKK&VIC,Bangkok,82,Bangkok Noi,2018,27.53273988,256419
14,BKK&VIC,Bangkok,82,Bangkok Noi,2019,28.75383782,257122
14,BKK&VIC,Bangkok,82,Bangkok Noi,2020,28.97911592,257768
14,BKK&VIC,Bangkok,82,Bangkok Noi,2021,29.45212055,259648
14,BKK&VIC,Bangkok,83,Bangkok Yai,2014,25.98698989,136339
14,BKK&VIC,Bangkok,83,Bangkok Yai,2015,26.92450766,136802
14,BKK&VIC,Bangkok,83,Bangkok Yai,2016,28.3484037,137253
14,BKK&VIC,Bangkok,83,Bangkok Yai,2017,26.85861873,137683
14,BKK&VIC,Bangkok,83,Bangkok Yai,2018,29.28584645,142186
14,BKK&VIC,Bangkok,83,Bangkok Yai,2019,31.46454503,142577
14,BKK&VIC,Bangkok,83,Bangkok Yai,2020,31.29257399,142935
14,BKK&VIC,Bangkok,83,Bangkok Yai,2021,31.5056782,143978
33,SO,Yala,84,Bannang Star,2014,0.212694552,47349
33,SO,Yala,84,Bannang Star,2015,0.22973048,47491
33,SO,Yala,84,Bannang Star,2016,0.240138016,47645
33,SO,Yala,84,Bannang Star,2017,0.308640124,47793
33,SO,Yala,84,Bannang Star,2018,0.333696424,48165
33,SO,Yala,84,Bannang Star,2019,0.287254136,48298
33,SO,Yala,84,Bannang Star,2020,0.362953186,48551
33,SO,Yala,84,Bannang Star,2021,0.570220051,48906
2,NO,Nakhon Sawan,85,Banphot Phisai,2014,0.188451567,86498
2,NO,Nakhon Sawan,85,Banphot Phisai,2015,0.239067028,86801
2,NO,Nakhon Sawan,85,Banphot Phisai,2016,0.22756547,87093
2,NO,Nakhon Sawan,85,Banphot Phisai,2017,0.293197634,87379
2,NO,Nakhon Sawan,85,Banphot Phisai,2018,0.31206878,83745
2,NO,Nakhon Sawan,85,Banphot Phisai,2019,0.32801185,83978
2,NO,Nakhon Sawan,85,Banphot Phisai,2020,0.369313238,84199
2,NO,Nakhon Sawan,85,Banphot Phisai,2021,0.523304469,84810
33,SO,Yala,87,Batong,2014,0.206261136,54223
33,SO,Yala,87,Batong,2015,0.19290368,54387
33,SO,Yala,87,Batong,2016,0.22433659,54577
33,SO,Yala,87,Batong,2017,0.240548149,54730
33,SO,Yala,87,Batong,2018,0.277890094,55121
33,SO,Yala,87,Batong,2019,0.257030415,55271
33,SO,Yala,87,Batong,2020,0.298826113,55407
33,SO,Yala,87,Batong,2021,0.379771541,55808
12,NE,Si Sa Ket,86,Benchalak,2014,0.087448032,37837
12,NE,Si Sa Ket,86,Benchalak,2015,0.098975955,37922
12,NE,Si Sa Ket,86,Benchalak,2016,0.091046942,38032
12,NE,Si Sa Ket,86,Benchalak,2017,0.145616958,38154
12,NE,Si Sa Ket,86,Benchalak,2018,0.16596688,33098
12,NE,Si Sa Ket,86,Benchalak,2019,0.185490032,33173
12,NE,Si Sa Ket,86,Benchalak,2020,0.451568599,33251
12,NE,Si Sa Ket,86,Benchalak,2021,0.535370756,33485
70,NO,Nan,88,Bo Klue,2014,0.01183516,12382
70,NO,Nan,88,Bo Klue,2015,0.01144408,12588
70,NO,Nan,88,Bo Klue,2016,0.010041786,12560
70,NO,Nan,88,Bo Klue,2017,0.018518711,12531
70,NO,Nan,88,Bo Klue,2018,0.026803561,11921
70,NO,Nan,88,Bo Klue,2019,0.043482295,11956
70,NO,Nan,88,Bo Klue,2020,0.052693682,12032
70,NO,Nan,88,Bo Klue,2021,0.064621167,12119
73,WE,Kanchanaburi,89,Bo Phloi,2014,0.219954107,56902
73,WE,Kanchanaburi,89,Bo Phloi,2015,0.233438651,57096
73,WE,Kanchanaburi,89,Bo Phloi,2016,0.233616709,57262
73,WE,Kanchanaburi,89,Bo Phloi,2017,0.291177653,57425
73,WE,Kanchanaburi,89,Bo Phloi,2018,0.281695965,55272
73,WE,Kanchanaburi,89,Bo Phloi,2019,0.27482634,55423
73,WE,Kanchanaburi,89,Bo Phloi,2020,0.278476966,55558
73,WE,Kanchanaburi,89,Bo Phloi,2021,0.331232339,55965
29,EA,Trat,90,Bo Rai,2014,0.059971875,44762
29,EA,Trat,90,Bo Rai,2015,0.077566941,44917
29,EA,Trat,90,Bo Rai,2016,0.086310253,45056
29,EA,Trat,90,Bo Rai,2017,0.106835458,45198
29,EA,Trat,90,Bo Rai,2018,0.110063816,49876
29,EA,Trat,90,Bo Rai,2019,0.127782627,50284
29,EA,Trat,90,Bo Rai,2020,0.135617894,50645
29,EA,Trat,90,Bo Rai,2021,0.166338906,51034
64,EA,Chon Buri,91,Bo Thong,2014,0.195661289,67622
64,EA,Chon Buri,91,Bo Thong,2015,0.223794495,67827
64,EA,Chon Buri,91,Bo Thong,2016,0.257761101,68051
64,EA,Chon Buri,91,Bo Thong,2017,0.342904344,68202
64,EA,Chon Buri,91,Bo Thong,2018,0.389054173,72326
64,EA,Chon Buri,91,Bo Thong,2019,0.396294662,72528
64,EA,Chon Buri,91,Bo Thong,2020,0.472263725,72730
64,EA,Chon Buri,91,Bo Thong,2021,0.627113407,73255
46,NE,Maha Sarakham,92,Borabu,2014,0.323551733,92969
46,NE,Maha Sarakham,92,Borabu,2015,0.407255106,93309
46,NE,Maha Sarakham,92,Borabu,2016,0.424682806,93695
46,NE,Maha Sarakham,92,Borabu,2017,0.614256816,94122
46,NE,Maha Sarakham,92,Borabu,2018,0.592726804,92757
46,NE,Maha Sarakham,92,Borabu,2019,0.64160605,93723
46,NE,Maha Sarakham,92,Borabu,2020,0.723843116,94484
46,NE,Maha Sarakham,92,Borabu,2021,0.784371293,95191
5,NE,Surin,95,Bua Chet,2014,0.049494062,31303
5,NE,Surin,95,Bua Chet,2015,0.049624158,31411
5,NE,Surin,95,Bua Chet,2016,0.055132144,31513
5,NE,Surin,95,Bua Chet,2017,0.10427767,31606
5,NE,Surin,95,Bua Chet,2018,0.114661153,30223
5,NE,Surin,95,Bua Chet,2019,0.136195194,30309
5,NE,Surin,95,Bua Chet,2020,0.149358555,30384
5,NE,Surin,95,Bua Chet,2021,0.187358996,30605
6,NE,Nakhon Ratchasima,94,Bua Yai,2014,0.297917169,85203
6,NE,Nakhon Ratchasima,94,Bua Yai,2015,0.345808198,84389
6,NE,Nakhon Ratchasima,94,Bua Yai,2016,0.344998589,84241
6,NE,Nakhon Ratchasima,94,Bua Yai,2017,0.426910021,83703
6,NE,Nakhon Ratchasima,94,Bua Yai,2018,0.471573182,82557
6,NE,Nakhon Ratchasima,94,Bua Yai,2019,0.576991331,82777
6,NE,Nakhon Ratchasima,94,Bua Yai,2020,0.677894964,82979
6,NE,Nakhon Ratchasima,94,Bua Yai,2021,0.816200031,83605
10,NO,Phetchabun,100,Buang Sam Phan,2014,0.243027683,68047
10,NO,Phetchabun,100,Buang Sam Phan,2015,0.278778265,68191
10,NO,Phetchabun,100,Buang Sam Phan,2016,0.342736152,68429
10,NO,Phetchabun,100,Buang Sam Phan,2017,0.540917506,68586
10,NO,Phetchabun,100,Buang Sam Phan,2018,0.523091897,64363
10,NO,Phetchabun,100,Buang Sam Phan,2019,0.581991751,64535
10,NO,Phetchabun,100,Buang Sam Phan,2020,0.601743806,64547
10,NO,Phetchabun,100,Buang Sam Phan,2021,0.760394229,65016
12,NE,Si Sa Ket,96,Bung Bun,2014,0.157618986,8347
12,NE,Si Sa Ket,96,Bung Bun,2015,0.18824924,8374
12,NE,Si Sa Ket,96,Bung Bun,2016,0.194039348,8402
12,NE,Si Sa Ket,96,Bung Bun,2017,0.308818174,8425
12,NE,Si Sa Ket,96,Bung Bun,2018,0.37572298,7983
12,NE,Si Sa Ket,96,Bung Bun,2019,0.396167278,8005
12,NE,Si Sa Ket,96,Bung Bun,2020,0.474035776,8026
12,NE,Si Sa Ket,96,Bung Bun,2021,0.481498691,8084
39,NE,Bueng Kan,391,Muang Bueng Kan,2014,0.262450862,73309
39,NE,Bueng Kan,391,Muang Bueng Kan,2015,0.319967993,74128
39,NE,Bueng Kan,391,Muang Bueng Kan,2016,0.318416926,74387
39,NE,Bueng Kan,391,Muang Bueng Kan,2017,0.468426019,74835
39,NE,Bueng Kan,391,Muang Bueng Kan,2018,0.519491766,70807
39,NE,Bueng Kan,391,Muang Bueng Kan,2019,0.523891628,70971
39,NE,Bueng Kan,391,Muang Bueng Kan,2020,0.560540086,70494
39,NE,Bueng Kan,391,Muang Bueng Kan,2021,0.667874787,71050
39,NE,Bueng Kan,97,Bung Khong Long,2014,0.155480672,31460
39,NE,Bueng Kan,97,Bung Khong Long,2015,0.181860973,31849
39,NE,Bueng Kan,97,Bung Khong Long,2016,0.194884505,31949
39,NE,Bueng Kan,97,Bung Khong Long,2017,0.33082176,32049
39,NE,Bueng Kan,97,Bung Khong Long,2018,0.342131648,30264
39,NE,Bueng Kan,97,Bung Khong Long,2019,0.347521232,30361
39,NE,Bueng Kan,97,Bung Khong Long,2020,0.414914713,30436
39,NE,Bueng Kan,97,Bung Khong Long,2021,0.4842645,30654
14,BKK&VIC,Bangkok,98,Bung Kum,2014,24.7628278,208613
14,BKK&VIC,Bangkok,98,Bung Kum,2015,25.37649276,208666
14,BKK&VIC,Bangkok,98,Bung Kum,2016,26.65146183,209354
14,BKK&VIC,Bangkok,98,Bung Kum,2017,26.64745052,210009
14,BKK&VIC,Bangkok,98,Bung Kum,2018,27.95783874,215500
14,BKK&VIC,Bangkok,98,Bung Kum,2019,29.94016053,216537
14,BKK&VIC,Bangkok,98,Bung Kum,2020,29.57407161,216888
14,BKK&VIC,Bangkok,98,Bung Kum,2021,30.70672582,218472
41,NE,Ubon Ratchathani,103,Buntharik,2014,0.054240054,86764
41,NE,Ubon Ratchathani,103,Buntharik,2015,0.064957966,87060
41,NE,Ubon Ratchathani,103,Buntharik,2016,0.053678449,87348
41,NE,Ubon Ratchathani,103,Buntharik,2017,0.083322714,87207
41,NE,Ubon Ratchathani,103,Buntharik,2018,0.081119023,82261
41,NE,Ubon Ratchathani,103,Buntharik,2019,0.083786394,82737
41,NE,Ubon Ratchathani,103,Buntharik,2020,0.102260758,83075
41,NE,Ubon Ratchathani,103,Buntharik,2021,0.110646305,83705
8,WE,Phetchaburi,104,Cha-Am,2014,1.94294665,71731
8,WE,Phetchaburi,104,Cha-Am,2015,2.230721398,71517
8,WE,Phetchaburi,104,Cha-Am,2016,2.334877162,71702
8,WE,Phetchaburi,104,Cha-Am,2017,2.503149138,70932
8,WE,Phetchaburi,104,Cha-Am,2018,2.690189205,69478
8,WE,Phetchaburi,104,Cha-Am,2019,2.741523528,69656
8,WE,Phetchaburi,104,Cha-Am,2020,2.764785593,69838
8,WE,Phetchaburi,104,Cha-Am,2021,2.877749011,70349
37,NO,Lampang,106,Chae Hom,2014,0.104904343,42071
37,NO,Lampang,106,Chae Hom,2015,0.118332599,42162
37,NO,Lampang,106,Chae Hom,2016,0.111422915,42260
37,NO,Lampang,106,Chae Hom,2017,0.163259965,42358
37,NO,Lampang,106,Chae Hom,2018,0.169738737,40792
37,NO,Lampang,106,Chae Hom,2019,0.184222287,40909
37,NO,Lampang,106,Chae Hom,2020,0.194497643,41013
37,NO,Lampang,106,Chae Hom,2021,0.194241859,41312
62,CE,Lop Buri,107,Chai Badan,2014,0.321559111,83428
62,CE,Lop Buri,107,Chai Badan,2015,0.372057939,83712
62,CE,Lop Buri,107,Chai Badan,2016,0.422197196,83843
62,CE,Lop Buri,107,Chai Badan,2017,0.539980702,83947
62,CE,Lop Buri,107,Chai Badan,2018,0.554450945,82320
62,CE,Lop Buri,107,Chai Badan,2019,0.558562119,82513
62,CE,Lop Buri,107,Chai Badan,2020,0.583366087,82708
62,CE,Lop Buri,107,Chai Badan,2021,0.665846601,83311
65,NO,Chiang Mai,109,Chai Prakarn,2014,0.178794796,50928
65,NO,Chiang Mai,109,Chai Prakarn,2015,0.19133463,50898
65,NO,Chiang Mai,109,Chai Prakarn,2016,0.185033002,51063
65,NO,Chiang Mai,109,Chai Prakarn,2017,0.236176657,51203
65,NO,Chiang Mai,109,Chai Prakarn,2018,0.239201455,48863
65,NO,Chiang Mai,109,Chai Prakarn,2019,0.261922244,49141
65,NO,Chiang Mai,109,Chai Prakarn,2020,0.268145903,49265
65,NO,Chiang Mai,109,Chai Prakarn,2021,0.29631241,49624
23,NE,Udon Thani,110,Chai Wan,2014,0.070074014,32801
23,NE,Udon Thani,110,Chai Wan,2015,0.083444839,32909
23,NE,Udon Thani,110,Chai Wan,2016,0.081149228,33009
23,NE,Udon Thani,110,Chai Wan,2017,0.140488635,33097
23,NE,Udon Thani,110,Chai Wan,2018,0.17602,31064
23,NE,Udon Thani,110,Chai Wan,2019,0.157719027,31144
23,NE,Udon Thani,110,Chai Wan,2020,0.201262379,31220
23,NE,Udon Thani,110,Chai Wan,2021,0.216756392,31455
11,SO,Surat Thani,108,Chaiburi,2014,0.053724481,21820
11,SO,Surat Thani,108,Chaiburi,2015,0.065566754,21879
11,SO,Surat Thani,108,Chaiburi,2016,0.087022947,21948
11,SO,Surat Thani,108,Chaiburi,2017,0.128775392,22016
11,SO,Surat Thani,108,Chaiburi,2018,0.119770484,22486
11,SO,Surat Thani,108,Chaiburi,2019,0.12121849,22542
11,SO,Surat Thani,108,Chaiburi,2020,0.136469901,22596
11,SO,Surat Thani,108,Chaiburi,2021,0.14038224,22748
11,SO,Surat Thani,111,Chaiya,2014,0.183480356,53992
11,SO,Surat Thani,111,Chaiya,2015,0.168829883,54184
11,SO,Surat Thani,111,Chaiya,2016,0.156248079,54362
11,SO,Surat Thani,111,Chaiya,2017,0.200086214,54530
11,SO,Surat Thani,111,Chaiya,2018,0.215565539,55663
11,SO,Surat Thani,111,Chaiya,2019,0.222233546,55544
11,SO,Surat Thani,111,Chaiya,2020,0.238066926,55680
11,SO,Surat Thani,111,Chaiya,2021,0.237791631,55611
45,CE,Ang Thong,112,Chaiyo,2014,1.591687102,21291
45,CE,Ang Thong,112,Chaiyo,2015,1.93013985,21346
45,CE,Ang Thong,112,Chaiyo,2016,2.37562824,21414
45,CE,Ang Thong,112,Chaiyo,2017,2.822648448,21475
45,CE,Ang Thong,112,Chaiyo,2018,2.995601844,21343
45,CE,Ang Thong,112,Chaiyo,2019,3.190940328,21401
45,CE,Ang Thong,112,Chaiyo,2020,3.356796626,21034
45,CE,Ang Thong,112,Chaiyo,2021,3.996606078,21190
6,NE,Nakhon Ratchasima,113,Chakkarat,2014,0.122384106,70033
6,NE,Nakhon Ratchasima,113,Chakkarat,2015,0.160183643,70034
6,NE,Nakhon Ratchasima,113,Chakkarat,2016,0.181074019,70105
6,NE,Nakhon Ratchasima,113,Chakkarat,2017,0.246248937,74725
6,NE,Nakhon Ratchasima,113,Chakkarat,2018,0.256080432,69657
6,NE,Nakhon Ratchasima,113,Chakkarat,2019,0.30171279,69847
6,NE,Nakhon Ratchasima,113,Chakkarat,2020,0.337249646,70035
6,NE,Nakhon Ratchasima,113,Chakkarat,2021,0.414917459,70589
17,CE,Saraburi,114,Chalermphrakiet,2014,2.842953636,36284
17,CE,Saraburi,114,Chalermphrakiet,2015,2.928993724,36403
17,CE,Saraburi,114,Chalermphrakiet,2016,3.026910196,36525
17,CE,Saraburi,114,Chalermphrakiet,2017,3.290807148,36635
17,CE,Saraburi,114,Chalermphrakiet,2018,3.109776057,35014
17,CE,Saraburi,114,Chalermphrakiet,2019,3.445255816,35105
17,CE,Saraburi,114,Chalermphrakiet,2020,3.64624485,35192
17,CE,Saraburi,114,Chalermphrakiet,2021,3.979326392,35443
35,NE,Buri Ram,114,Chalermphrakiet,2014,0.158310994,36284
35,NE,Buri Ram,114,Chalermphrakiet,2015,0.209536661,36403
35,NE,Buri Ram,114,Chalermphrakiet,2016,0.348687797,36525
35,NE,Buri Ram,114,Chalermphrakiet,2017,0.450783177,36635
35,NE,Buri Ram,114,Chalermphrakiet,2018,0.526727457,35014
35,NE,Buri Ram,114,Chalermphrakiet,2019,0.532960554,35105
35,NE,Buri Ram,114,Chalermphrakiet,2020,0.58575352,35192
35,NE,Buri Ram,114,Chalermphrakiet,2021,0.632560714,35443
6,NE,Nakhon Ratchasima,114,Chalermphrakiet,2014,0.374772356,36284
6,NE,Nakhon Ratchasima,114,Chalermphrakiet,2015,0.457327975,36403
6,NE,Nakhon Ratchasima,114,Chalermphrakiet,2016,0.556437311,36525
6,NE,Nakhon Ratchasima,114,Chalermphrakiet,2017,0.747866417,36635
6,NE,Nakhon Ratchasima,114,Chalermphrakiet,2018,0.805688467,35014
6,NE,Nakhon Ratchasima,114,Chalermphrakiet,2019,0.808541543,35105
6,NE,Nakhon Ratchasima,114,Chalermphrakiet,2020,0.898786054,35192
6,NE,Nakhon Ratchasima,114,Chalermphrakiet,2021,1.028306887,35443
70,NO,Nan,114,Chalermphrakiet,2014,0.00802753,36284
70,NO,Nan,114,Chalermphrakiet,2015,0.010372141,36403
70,NO,Nan,114,Chalermphrakiet,2016,0.007965938,36525
70,NO,Nan,114,Chalermphrakiet,2017,0.016296286,36635
70,NO,Nan,114,Chalermphrakiet,2018,0.013926997,35014
70,NO,Nan,114,Chalermphrakiet,2019,0.033405704,35105
70,NO,Nan,114,Chalermphrakiet,2020,0.040831165,35192
70,NO,Nan,114,Chalermphrakiet,2021,0.035867524,35443
59,SO,Nakhon Si Thammarat,114,Chalermphrakiet,2014,0.303221072,36284
59,SO,Nakhon Si Thammarat,114,Chalermphrakiet,2015,0.324698182,36403
59,SO,Nakhon Si Thammarat,114,Chalermphrakiet,2016,0.325396715,36525
59,SO,Nakhon Si Thammarat,114,Chalermphrakiet,2017,0.367122515,36635
59,SO,Nakhon Si Thammarat,114,Chalermphrakiet,2018,0.356562463,35014
59,SO,Nakhon Si Thammarat,114,Chalermphrakiet,2019,0.365046688,35105
59,SO,Nakhon Si Thammarat,114,Chalermphrakiet,2020,0.403337589,35192
59,SO,Nakhon Si Thammarat,114,Chalermphrakiet,2021,0.478693636,35443
35,NE,Buri Ram,119,Cham Ni,2014,0.032958531,28318
35,NE,Buri Ram,119,Cham Ni,2015,0.056636211,28253
35,NE,Buri Ram,119,Cham Ni,2016,0.067185316,28338
35,NE,Buri Ram,119,Cham Ni,2017,0.125252603,28313
35,NE,Buri Ram,119,Cham Ni,2018,0.153198511,26778
35,NE,Buri Ram,119,Cham Ni,2019,0.156112745,26852
35,NE,Buri Ram,119,Cham Ni,2020,0.187602234,26919
35,NE,Buri Ram,119,Cham Ni,2021,0.244652223,27118
43,SO,Songkhla,120,Chana,2014,0.809800202,119187
43,SO,Songkhla,120,Chana,2015,0.94784545,119348
43,SO,Songkhla,120,Chana,2016,0.963111053,119741
43,SO,Songkhla,120,Chana,2017,1.054389111,120080
43,SO,Songkhla,120,Chana,2018,1.139296349,122435
43,SO,Songkhla,120,Chana,2019,1.171016159,122786
43,SO,Songkhla,120,Chana,2020,1.340088259,123073
43,SO,Songkhla,120,Chana,2021,1.435088538,123132
0,NE,Roi Et,123,Changhan,2014,0.347333531,43544
0,NE,Roi Et,123,Changhan,2015,0.429424723,43698
0,NE,Roi Et,123,Changhan,2016,0.430428773,43839
0,NE,Roi Et,123,Changhan,2017,0.670285423,43970
0,NE,Roi Et,123,Changhan,2018,0.66523413,41513
0,NE,Roi Et,123,Changhan,2019,0.707404804,41615
0,NE,Roi Et,123,Changhan,2020,0.983664949,41713
0,NE,Roi Et,123,Changhan,2021,1.173052758,42014
67,NE,Amnat Chareon,124,Chanuman,2014,0.073141845,27824
67,NE,Amnat Chareon,124,Chanuman,2015,0.080200321,27916
67,NE,Amnat Chareon,124,Chanuman,2016,0.070681616,28010
67,NE,Amnat Chareon,124,Chanuman,2017,0.12432518,28094
67,NE,Amnat Chareon,124,Chanuman,2018,0.15419651,26652
67,NE,Amnat Chareon,124,Chanuman,2019,0.166245828,26548
67,NE,Amnat Chareon,124,Chanuman,2020,0.192802845,26486
67,NE,Amnat Chareon,124,Chanuman,2021,0.242346933,26677
24,NE,Sakon Nakhon,125,Chareon Silp,2014,0.075843709,37769
24,NE,Sakon Nakhon,125,Chareon Silp,2015,0.095967424,37887
24,NE,Sakon Nakhon,125,Chareon Silp,2016,0.092035888,38009
24,NE,Sakon Nakhon,125,Chareon Silp,2017,0.17237461,38103
24,NE,Sakon Nakhon,125,Chareon Silp,2018,0.180097121,35751
24,NE,Sakon Nakhon,125,Chareon Silp,2019,0.177136154,35849
24,NE,Sakon Nakhon,125,Chareon Silp,2020,0.218025704,35938
24,NE,Sakon Nakhon,125,Chareon Silp,2021,0.345804054,36205
21,NO,Phitsanulok,126,Chat Trakan,2014,0.021747044,39153
21,NO,Phitsanulok,126,Chat Trakan,2015,0.02936405,39300
21,NO,Phitsanulok,126,Chat Trakan,2016,0.027421647,39454
21,NO,Phitsanulok,126,Chat Trakan,2017,0.0490251,39625
21,NO,Phitsanulok,126,Chat Trakan,2018,0.054730789,37828
21,NO,Phitsanulok,126,Chat Trakan,2019,0.066959664,37933
21,NO,Phitsanulok,126,Chat Trakan,2020,0.066162794,38028
21,NO,Phitsanulok,126,Chat Trakan,2021,0.081391238,38312
9,NE,Chaiyaphum,127,Chatturat,2014,0.364508741,63491
9,NE,Chaiyaphum,127,Chatturat,2015,0.411819143,63681
9,NE,Chaiyaphum,127,Chatturat,2016,0.414382399,63905
9,NE,Chaiyaphum,127,Chatturat,2017,0.474150135,64068
9,NE,Chaiyaphum,127,Chatturat,2018,0.508145008,61577
9,NE,Chaiyaphum,127,Chatturat,2019,0.523617831,61740
9,NE,Chaiyaphum,127,Chatturat,2020,0.560262133,61889
9,NE,Chaiyaphum,127,Chatturat,2021,0.616788289,62348
14,BKK&VIC,Bangkok,128,Chatuchak,2014,33.65382402,364645
14,BKK&VIC,Bangkok,128,Chatuchak,2015,34.06887172,365916
14,BKK&VIC,Bangkok,128,Chatuchak,2016,35.6351914,367120
14,BKK&VIC,Bangkok,128,Chatuchak,2017,37.42491857,368266
14,BKK&VIC,Bangkok,128,Chatuchak,2018,38.2831162,379651
14,BKK&VIC,Bangkok,128,Chatuchak,2019,37.68521376,380679
14,BKK&VIC,Bangkok,128,Chatuchak,2020,37.57028976,381623
14,BKK&VIC,Bangkok,128,Chatuchak,2021,40.58399707,384407
0,NE,Roi Et,129,Chaturaphak Phim,2014,0.129018983,68646
0,NE,Roi Et,129,Chaturaphak Phim,2015,0.160694284,68895
0,NE,Roi Et,129,Chaturaphak Phim,2016,0.15388059,69119
0,NE,Roi Et,129,Chaturaphak Phim,2017,0.312288087,69325
0,NE,Roi Et,129,Chaturaphak Phim,2018,0.361607024,66117
0,NE,Roi Et,129,Chaturaphak Phim,2019,0.371004816,65809
0,NE,Roi Et,129,Chaturaphak Phim,2020,0.417135959,65796
0,NE,Roi Et,129,Chaturaphak Phim,2021,0.476564337,66274
59,SO,Nakhon Si Thammarat,105,Cha-uat,2014,0.12215364,81064
59,SO,Nakhon Si Thammarat,105,Cha-uat,2015,0.128251372,81554
59,SO,Nakhon Si Thammarat,105,Cha-uat,2016,0.141931001,81828
59,SO,Nakhon Si Thammarat,105,Cha-uat,2017,0.156879336,82193
59,SO,Nakhon Si Thammarat,105,Cha-uat,2018,0.171785876,85188
59,SO,Nakhon Si Thammarat,105,Cha-uat,2019,0.186924799,85683
59,SO,Nakhon Si Thammarat,105,Cha-uat,2020,0.184715535,85894
59,SO,Nakhon Si Thammarat,105,Cha-uat,2021,0.237530835,86954
59,SO,Nakhon Si Thammarat,130,Chawang,2014,0.20650021,70603
59,SO,Nakhon Si Thammarat,130,Chawang,2015,0.204479889,70850
59,SO,Nakhon Si Thammarat,130,Chawang,2016,0.235303455,71077
59,SO,Nakhon Si Thammarat,130,Chawang,2017,0.298327645,71591
59,SO,Nakhon Si Thammarat,130,Chawang,2018,0.298370293,74653
59,SO,Nakhon Si Thammarat,130,Chawang,2019,0.316821801,74873
59,SO,Nakhon Si Thammarat,130,Chawang,2020,0.353760721,75062
59,SO,Nakhon Si Thammarat,130,Chawang,2021,0.42225361,75619
59,SO,Nakhon Si Thammarat,131,Chian Yai,2014,0.217841358,35786
59,SO,Nakhon Si Thammarat,131,Chian Yai,2015,0.233982699,35923
59,SO,Nakhon Si Thammarat,131,Chian Yai,2016,0.260237392,36045
59,SO,Nakhon Si Thammarat,131,Chian Yai,2017,0.363874231,36013
59,SO,Nakhon Si Thammarat,131,Chian Yai,2018,0.342522119,38995
59,SO,Nakhon Si Thammarat,131,Chian Yai,2019,0.336480202,39101
59,SO,Nakhon Si Thammarat,131,Chian Yai,2020,0.3600521,39200
59,SO,Nakhon Si Thammarat,131,Chian Yai,2021,0.470078892,38870
65,NO,Chiang Mai,132,Chiang Dao,2014,0.056059047,81674
65,NO,Chiang Mai,132,Chiang Dao,2015,0.069126456,82268
65,NO,Chiang Mai,132,Chiang Dao,2016,0.058488908,82776
65,NO,Chiang Mai,132,Chiang Dao,2017,0.08318536,83315
65,NO,Chiang Mai,132,Chiang Dao,2018,0.091395689,79593
65,NO,Chiang Mai,132,Chiang Dao,2019,0.102455969,79823
65,NO,Chiang Mai,132,Chiang Dao,2020,0.106423802,80066
65,NO,Chiang Mai,132,Chiang Dao,2021,0.109929443,80637
1,NO,Phayao,133,Chiang Kham,2014,0.153484577,72324
1,NO,Phayao,133,Chiang Kham,2015,0.173648856,71516
1,NO,Phayao,133,Chiang Kham,2016,0.161273321,72148
1,NO,Phayao,133,Chiang Kham,2017,0.234044991,72823
1,NO,Phayao,133,Chiang Kham,2018,0.255341633,70009
1,NO,Phayao,133,Chiang Kham,2019,0.341844909,70881
1,NO,Phayao,133,Chiang Kham,2020,0.399921777,71063
1,NO,Phayao,133,Chiang Kham,2021,0.407859789,71595
16,NE,Loei,134,Chiang Khan,2014,0.109908651,53132
16,NE,Loei,134,Chiang Khan,2015,0.13875096,53734
16,NE,Loei,134,Chiang Khan,2016,0.139571351,53911
16,NE,Loei,134,Chiang Khan,2017,0.211120246,53933
16,NE,Loei,134,Chiang Khan,2018,0.250320984,52002
16,NE,Loei,134,Chiang Khan,2019,0.26264408,52140
16,NE,Loei,134,Chiang Khan,2020,0.291966744,52452
16,NE,Loei,134,Chiang Khan,2021,0.374868776,52833
25,NO,Chiang Rai,135,Chiang Khong,2014,0.363557283,64075
25,NO,Chiang Rai,135,Chiang Khong,2015,0.397769964,64631
25,NO,Chiang Rai,135,Chiang Khong,2016,0.377697209,64865
25,NO,Chiang Rai,135,Chiang Khong,2017,0.416896114,65217
25,NO,Chiang Rai,135,Chiang Khong,2018,0.447339667,61926
25,NO,Chiang Rai,135,Chiang Khong,2019,0.445896707,62094
25,NO,Chiang Rai,135,Chiang Khong,2020,0.488289358,61826
25,NO,Chiang Rai,135,Chiang Khong,2021,0.54415175,62463
70,NO,Nan,137,Chiang Klang,2014,0.181379411,27682
70,NO,Nan,137,Chiang Klang,2015,0.203676441,27769
70,NO,Nan,137,Chiang Klang,2016,0.181914652,27860
70,NO,Nan,137,Chiang Klang,2017,0.227298906,27945
70,NO,Nan,137,Chiang Klang,2018,0.240811222,26543
70,NO,Nan,137,Chiang Klang,2019,0.2780441,26616
70,NO,Nan,137,Chiang Klang,2020,0.332949715,26683
70,NO,Nan,137,Chiang Klang,2021,0.343282095,26878
1,NO,Phayao,138,Chiang Muan,2014,0.052975399,16665
1,NO,Phayao,138,Chiang Muan,2015,0.062069725,16711
1,NO,Phayao,138,Chiang Muan,2016,0.051783788,16761
1,NO,Phayao,138,Chiang Muan,2017,0.079043653,16796
1,NO,Phayao,138,Chiang Muan,2018,0.085609796,16432
1,NO,Phayao,138,Chiang Muan,2019,0.080525481,16478
1,NO,Phayao,138,Chiang Muan,2020,0.094540127,16516
1,NO,Phayao,138,Chiang Muan,2021,0.113338838,16636
25,NO,Chiang Rai,139,Chiang Saen,2014,0.490342519,50807
25,NO,Chiang Rai,139,Chiang Saen,2015,0.616249726,50667
25,NO,Chiang Rai,139,Chiang Saen,2016,0.546672089,50883
25,NO,Chiang Rai,139,Chiang Saen,2017,0.696937381,51092
25,NO,Chiang Rai,139,Chiang Saen,2018,0.675154714,48762
25,NO,Chiang Rai,139,Chiang Saen,2019,0.773365672,49018
25,NO,Chiang Rai,139,Chiang Saen,2020,0.774538535,48750
25,NO,Chiang Rai,139,Chiang Saen,2021,0.976102482,49180
46,NE,Maha Sarakham,140,Chiang Yun,2014,0.367787567,58669
46,NE,Maha Sarakham,140,Chiang Yun,2015,0.449520987,58985
46,NE,Maha Sarakham,140,Chiang Yun,2016,0.485875772,59184
46,NE,Maha Sarakham,140,Chiang Yun,2017,0.640930914,59377
46,NE,Maha Sarakham,140,Chiang Yun,2018,0.730721034,57519
46,NE,Maha Sarakham,140,Chiang Yun,2019,0.74935025,55502
46,NE,Maha Sarakham,140,Chiang Yun,2020,0.780617631,52649
46,NE,Maha Sarakham,140,Chiang Yun,2021,0.85242514,53012
40,SO,Narathiwat,141,Cho-I-rong,2014,0.466290648,27866
40,SO,Narathiwat,141,Cho-I-rong,2015,0.490858532,28567
40,SO,Narathiwat,141,Cho-I-rong,2016,0.491631173,28668
40,SO,Narathiwat,141,Cho-I-rong,2017,0.574357677,28747
40,SO,Narathiwat,141,Cho-I-rong,2018,0.638824378,28927
40,SO,Narathiwat,141,Cho-I-rong,2019,0.605150948,29015
40,SO,Narathiwat,141,Cho-I-rong,2020,0.720379894,29077
40,SO,Narathiwat,141,Cho-I-rong,2021,0.788267665,29372
6,NE,Nakhon Ratchasima,142,Chok Chai,2014,0.721316149,73773
6,NE,Nakhon Ratchasima,142,Chok Chai,2015,0.809755308,73986
6,NE,Nakhon Ratchasima,142,Chok Chai,2016,0.852094949,74221
6,NE,Nakhon Ratchasima,142,Chok Chai,2017,1.033796151,75036
6,NE,Nakhon Ratchasima,142,Chok Chai,2018,1.046372899,71370
6,NE,Nakhon Ratchasima,142,Chok Chai,2019,1.113234961,71567
6,NE,Nakhon Ratchasima,142,Chok Chai,2020,1.176530519,71748
6,NE,Nakhon Ratchasima,142,Chok Chai,2021,1.251065674,72267
30,WE,Ratchaburi,143,Chom Bung,2014,0.239829115,58685
30,WE,Ratchaburi,143,Chom Bung,2015,0.27850996,58894
30,WE,Ratchaburi,143,Chom Bung,2016,0.275682046,59085
30,WE,Ratchaburi,143,Chom Bung,2017,0.363679739,59267
30,WE,Ratchaburi,143,Chom Bung,2018,0.394089737,57809
30,WE,Ratchaburi,143,Chom Bung,2019,0.447085033,57961
30,WE,Ratchaburi,143,Chom Bung,2020,0.492740686,58102
30,WE,Ratchaburi,143,Chom Bung,2021,0.629608003,58526
5,NE,Surin,144,Chom Phra,2014,0.134490175,51383
5,NE,Surin,144,Chom Phra,2015,0.177325439,51559
5,NE,Surin,144,Chom Phra,2016,0.187180482,51729
5,NE,Surin,144,Chom Phra,2017,0.301604391,51887
5,NE,Surin,144,Chom Phra,2018,0.309096637,49580
5,NE,Surin,144,Chom Phra,2019,0.31956643,49716
5,NE,Surin,144,Chom Phra,2020,0.345305675,49841
5,NE,Surin,144,Chom Phra,2021,0.5508208,50201
14,BKK&VIC,Bangkok,145,Chom Thong,2014,20.14086802,281140
14,BKK&VIC,Bangkok,145,Chom Thong,2015,21.3888786,282275
14,BKK&VIC,Bangkok,145,Chom Thong,2016,22.71710872,283212
14,BKK&VIC,Bangkok,145,Chom Thong,2017,21.98092547,284095
14,BKK&VIC,Bangkok,145,Chom Thong,2018,23.04915939,293261
14,BKK&VIC,Bangkok,145,Chom Thong,2019,24.05538208,292522
14,BKK&VIC,Bangkok,145,Chom Thong,2020,24.25960655,292811
14,BKK&VIC,Bangkok,145,Chom Thong,2021,25.01959021,294946
65,NO,Chiang Mai,145,Chom Thong,2014,0.38210553,281140
65,NO,Chiang Mai,145,Chom Thong,2015,0.396476173,282275
65,NO,Chiang Mai,145,Chom Thong,2016,0.397941947,283212
65,NO,Chiang Mai,145,Chom Thong,2017,0.430345499,284095
65,NO,Chiang Mai,145,Chom Thong,2018,0.454335779,293261
65,NO,Chiang Mai,145,Chom Thong,2019,0.410122701,292522
65,NO,Chiang Mai,145,Chom Thong,2020,0.425776129,292811
65,NO,Chiang Mai,145,Chom Thong,2021,0.424866578,294946
10,NO,Phetchabun,147,Chon Daen,2014,0.101087453,88000
10,NO,Phetchabun,147,Chon Daen,2015,0.123233835,88270
10,NO,Phetchabun,147,Chon Daen,2016,0.117225988,88529
10,NO,Phetchabun,147,Chon Daen,2017,0.143879618,89091
10,NO,Phetchabun,147,Chon Daen,2018,0.15116139,83696
10,NO,Phetchabun,147,Chon Daen,2019,0.159331817,83930
10,NO,Phetchabun,147,Chon Daen,2020,0.160068313,84102
10,NO,Phetchabun,147,Chon Daen,2021,0.201073882,84708
15,NE,Khon Kaen,148,Chonnabot,2014,0.199286038,51557
15,NE,Khon Kaen,148,Chonnabot,2015,0.23542718,51714
15,NE,Khon Kaen,148,Chonnabot,2016,0.230471577,51885
15,NE,Khon Kaen,148,Chonnabot,2017,0.309426611,52049
15,NE,Khon Kaen,148,Chonnabot,2018,0.353609069,50084
15,NE,Khon Kaen,148,Chonnabot,2019,0.327467894,50222
15,NE,Khon Kaen,148,Chonnabot,2020,0.389218136,50348
15,NE,Khon Kaen,148,Chonnabot,2021,0.521990408,50718
59,SO,Nakhon Si Thammarat,150,Chulaphon,2014,0.196905013,36637
59,SO,Nakhon Si Thammarat,150,Chulaphon,2015,0.19981238,29887
59,SO,Nakhon Si Thammarat,150,Chulaphon,2016,0.203271422,29990
59,SO,Nakhon Si Thammarat,150,Chulaphon,2017,0.254219401,31774
59,SO,Nakhon Si Thammarat,150,Chulaphon,2018,0.26615425,33018
59,SO,Nakhon Si Thammarat,150,Chulaphon,2019,0.302049168,35197
59,SO,Nakhon Si Thammarat,150,Chulaphon,2020,0.278679979,35289
59,SO,Nakhon Si Thammarat,150,Chulaphon,2021,0.357029094,39016
15,NE,Khon Kaen,151,Chum Phae,2014,0.755307115,128003
15,NE,Khon Kaen,151,Chum Phae,2015,0.834182088,128398
15,NE,Khon Kaen,151,Chum Phae,2016,0.841041001,128821
15,NE,Khon Kaen,151,Chum Phae,2017,0.981454893,129229
15,NE,Khon Kaen,151,Chum Phae,2018,1.066610627,124733
15,NE,Khon Kaen,151,Chum Phae,2019,1.086511122,125070
15,NE,Khon Kaen,151,Chum Phae,2020,1.081254313,125386
15,NE,Khon Kaen,151,Chum Phae,2021,1.234938554,126302
6,NE,Nakhon Ratchasima,152,Chum Phuang,2014,0.120830592,93914
6,NE,Nakhon Ratchasima,152,Chum Phuang,2015,0.156815833,94138
6,NE,Nakhon Ratchasima,152,Chum Phuang,2016,0.142974654,94433
6,NE,Nakhon Ratchasima,152,Chum Phuang,2017,0.24046935,96539
6,NE,Nakhon Ratchasima,152,Chum Phuang,2018,0.242937065,91917
6,NE,Nakhon Ratchasima,152,Chum Phuang,2019,0.270624052,92122
6,NE,Nakhon Ratchasima,152,Chum Phuang,2020,0.291237255,92369
6,NE,Nakhon Ratchasima,152,Chum Phuang,2021,0.361118248,93028
5,NE,Surin,155,Chumphon Buri,2014,0.139058172,57467
5,NE,Surin,155,Chumphon Buri,2015,0.184021303,57663
5,NE,Surin,155,Chumphon Buri,2016,0.186819364,57854
5,NE,Surin,155,Chumphon Buri,2017,0.260085743,58026
5,NE,Surin,155,Chumphon Buri,2018,0.297867848,55422
5,NE,Surin,155,Chumphon Buri,2019,0.297272362,55456
5,NE,Surin,155,Chumphon Buri,2020,0.326014245,55537
5,NE,Surin,155,Chumphon Buri,2021,0.364027521,55935
2,NO,Nakhon Sawan,153,Chumsaeng,2014,0.202557002,68399
2,NO,Nakhon Sawan,153,Chumsaeng,2015,0.268741174,68621
2,NO,Nakhon Sawan,153,Chumsaeng,2016,0.276934037,68845
2,NO,Nakhon Sawan,153,Chumsaeng,2017,0.384563692,69032
2,NO,Nakhon Sawan,153,Chumsaeng,2018,0.422431785,66178
2,NO,Nakhon Sawan,153,Chumsaeng,2019,0.453315718,66360
2,NO,Nakhon Sawan,153,Chumsaeng,2020,0.515520757,66462
2,NO,Nakhon Sawan,153,Chumsaeng,2021,0.630476385,66943
1,NO,Phayao,156,Chun,2014,0.105574152,44802
1,NO,Phayao,156,Chun,2015,0.145893306,44940
1,NO,Phayao,156,Chun,2016,0.122042382,45103
1,NO,Phayao,156,Chun,2017,0.211150025,45239
1,NO,Phayao,156,Chun,2018,0.198748383,43478
1,NO,Phayao,156,Chun,2019,0.268411754,43584
1,NO,Phayao,156,Chun,2020,0.2926531,43694
1,NO,Phayao,156,Chun,2021,0.301061623,44012
30,WE,Ratchaburi,157,Damnoen Saduak,2014,2.587378376,110533
30,WE,Ratchaburi,157,Damnoen Saduak,2015,2.866270798,110915
30,WE,Ratchaburi,157,Damnoen Saduak,2016,2.784890964,111285
30,WE,Ratchaburi,157,Damnoen Saduak,2017,2.940459369,111634
30,WE,Ratchaburi,157,Damnoen Saduak,2018,3.065987156,109360
30,WE,Ratchaburi,157,Damnoen Saduak,2019,3.148126432,109645
30,WE,Ratchaburi,157,Damnoen Saduak,2020,3.311356281,109469
30,WE,Ratchaburi,157,Damnoen Saduak,2021,3.805764982,110271
48,WE,Suphan Buri,158,Dan Chang,2014,0.155373567,59433
48,WE,Suphan Buri,158,Dan Chang,2015,0.174324897,60181
48,WE,Suphan Buri,158,Dan Chang,2016,0.198650614,60409
48,WE,Suphan Buri,158,Dan Chang,2017,0.288097678,60663
48,WE,Suphan Buri,158,Dan Chang,2018,0.27842941,59919
48,WE,Suphan Buri,158,Dan Chang,2019,0.287621343,60086
48,WE,Suphan Buri,158,Dan Chang,2020,0.299661454,60368
48,WE,Suphan Buri,158,Dan Chang,2021,0.390588614,60817
6,NE,Nakhon Ratchasima,159,Dan Khun Thot,2014,0.151895581,120727
6,NE,Nakhon Ratchasima,159,Dan Khun Thot,2015,0.180131859,121606
6,NE,Nakhon Ratchasima,159,Dan Khun Thot,2016,0.180257205,121260
6,NE,Nakhon Ratchasima,159,Dan Khun Thot,2017,0.304197886,120901
6,NE,Nakhon Ratchasima,159,Dan Khun Thot,2018,0.319323364,117158
6,NE,Nakhon Ratchasima,159,Dan Khun Thot,2019,0.319614433,117469
6,NE,Nakhon Ratchasima,159,Dan Khun Thot,2020,0.318533246,117771
6,NE,Nakhon Ratchasima,159,Dan Khun Thot,2021,0.377807879,118617
73,WE,Kanchanaburi,160,Dan Makham Tia,2014,0.131557419,34798
73,WE,Kanchanaburi,160,Dan Makham Tia,2015,0.173421502,34900
73,WE,Kanchanaburi,160,Dan Makham Tia,2016,0.188408681,34974
73,WE,Kanchanaburi,160,Dan Makham Tia,2017,0.26508543,35039
73,WE,Kanchanaburi,160,Dan Makham Tia,2018,0.262296765,33135
73,WE,Kanchanaburi,160,Dan Makham Tia,2019,0.246625714,33228
73,WE,Kanchanaburi,160,Dan Makham Tia,2020,0.301955928,33310
73,WE,Kanchanaburi,160,Dan Makham Tia,2021,0.382767247,33555
16,NE,Loei,161,Dan Sai,2014,0.081701137,45609
16,NE,Loei,161,Dan Sai,2015,0.084863353,45676
16,NE,Loei,161,Dan Sai,2016,0.08787483,45814
16,NE,Loei,161,Dan Sai,2017,0.123735939,45947
16,NE,Loei,161,Dan Sai,2018,0.147336997,44200
16,NE,Loei,161,Dan Sai,2019,0.149082233,44321
16,NE,Loei,161,Dan Sai,2020,0.154176018,44456
16,NE,Loei,161,Dan Sai,2021,0.15360913,44752
32,NO,Phrae,162,Den Chai,2014,0.324978637,30358
32,NO,Phrae,162,Den Chai,2015,0.380818877,30604
32,NO,Phrae,162,Den Chai,2016,0.391393139,30760
32,NO,Phrae,162,Den Chai,2017,0.45713494,30924
32,NO,Phrae,162,Den Chai,2018,0.456705322,30105
32,NO,Phrae,162,Den Chai,2019,0.480166965,30189
32,NO,Phrae,162,Den Chai,2020,0.560588755,30264
32,NO,Phrae,162,Den Chai,2021,0.545750907,30486
41,NE,Ubon Ratchathani,163,Det Udom,2014,0.174692025,170717
41,NE,Ubon Ratchathani,163,Det Udom,2015,0.196886291,171303
41,NE,Ubon Ratchathani,163,Det Udom,2016,0.176485309,171873
41,NE,Ubon Ratchathani,163,Det Udom,2017,0.289299382,172721
41,NE,Ubon Ratchathani,163,Det Udom,2018,0.282812107,162750
41,NE,Ubon Ratchathani,163,Det Udom,2019,0.285990305,163151
41,NE,Ubon Ratchathani,163,Det Udom,2020,0.330658454,163522
41,NE,Ubon Ratchathani,163,Det Udom,2021,0.453355697,164721
14,BKK&VIC,Bangkok,164,Din Dang,2014,32.79436164,173097
14,BKK&VIC,Bangkok,164,Din Dang,2015,35.25300967,173696
14,BKK&VIC,Bangkok,164,Din Dang,2016,38.65268661,174271
14,BKK&VIC,Bangkok,164,Din Dang,2017,38.36716728,174814
14,BKK&VIC,Bangkok,164,Din Dang,2018,39.74017988,180257
14,BKK&VIC,Bangkok,164,Din Dang,2019,42.73219582,180752
14,BKK&VIC,Bangkok,164,Din Dang,2020,43.33913776,181207
14,BKK&VIC,Bangkok,164,Din Dang,2021,47.31249827,182529
48,WE,Suphan Buri,165,Doembang Nangbua,2014,0.533240924,83017
48,WE,Suphan Buri,165,Doembang Nangbua,2015,0.609567989,82971
48,WE,Suphan Buri,165,Doembang Nangbua,2016,0.577445866,83210
48,WE,Suphan Buri,165,Doembang Nangbua,2017,0.721202826,83440
48,WE,Suphan Buri,165,Doembang Nangbua,2018,0.709360963,82507
48,WE,Suphan Buri,165,Doembang Nangbua,2019,0.774092276,82750
48,WE,Suphan Buri,165,Doembang Nangbua,2020,0.830315037,82899
48,WE,Suphan Buri,165,Doembang Nangbua,2021,1.028316129,83487
65,NO,Chiang Mai,168,Doi Saket,2014,0.570245069,79667
65,NO,Chiang Mai,168,Doi Saket,2015,0.649521435,80046
65,NO,Chiang Mai,168,Doi Saket,2016,0.630253236,80323
65,NO,Chiang Mai,168,Doi Saket,2017,0.767585213,80412
65,NO,Chiang Mai,168,Doi Saket,2018,0.814389592,76648
65,NO,Chiang Mai,168,Doi Saket,2019,0.864552138,76261
65,NO,Chiang Mai,168,Doi Saket,2020,0.957044131,76444
65,NO,Chiang Mai,168,Doi Saket,2021,1.044346779,76998
65,NO,Chiang Mai,169,Doi Tao,2014,0.056551984,30391
65,NO,Chiang Mai,169,Doi Tao,2015,0.064653487,30437
65,NO,Chiang Mai,169,Doi Tao,2016,0.049159743,30498
65,NO,Chiang Mai,169,Doi Tao,2017,0.078005068,30531
65,NO,Chiang Mai,169,Doi Tao,2018,0.079271511,29124
65,NO,Chiang Mai,169,Doi Tao,2019,0.079054925,29206
65,NO,Chiang Mai,169,Doi Tao,2020,0.089224683,29280
65,NO,Chiang Mai,169,Doi Tao,2021,0.087295451,29493
1,NO,Phayao,170,Dok Kham Tai,2014,0.162671903,67276
1,NO,Phayao,170,Dok Kham Tai,2015,0.191713315,67223
1,NO,Phayao,170,Dok Kham Tai,2016,0.173331886,67381
1,NO,Phayao,170,Dok Kham Tai,2017,0.270068724,67310
1,NO,Phayao,170,Dok Kham Tai,2018,0.27711556,64701
1,NO,Phayao,170,Dok Kham Tai,2019,0.323225458,64863
1,NO,Phayao,170,Dok Kham Tai,2020,0.393373725,65019
1,NO,Phayao,170,Dok Kham Tai,2021,0.456707534,65493
48,WE,Suphan Buri,172,Don Chedi,2014,0.519425152,52386
48,WE,Suphan Buri,172,Don Chedi,2015,0.607224049,52556
48,WE,Suphan Buri,172,Don Chedi,2016,0.660289339,52714
48,WE,Suphan Buri,172,Don Chedi,2017,0.774129393,52868
48,WE,Suphan Buri,172,Don Chedi,2018,0.756802023,52499
48,WE,Suphan Buri,172,Don Chedi,2019,0.851815423,52636
48,WE,Suphan Buri,172,Don Chedi,2020,0.943438893,52750
48,WE,Suphan Buri,172,Don Chedi,2021,1.157960011,53133
14,BKK&VIC,Bangkok,174,Don Muang,2014,31.63378696,116429
14,BKK&VIC,Bangkok,174,Don Muang,2015,31.54346698,116284
14,BKK&VIC,Bangkok,174,Don Muang,2016,32.74672804,116600
14,BKK&VIC,Bangkok,174,Don Muang,2017,33.86149483,116844
14,BKK&VIC,Bangkok,174,Don Muang,2018,34.65122194,125472
14,BKK&VIC,Bangkok,174,Don Muang,2019,34.79740288,125839
14,BKK&VIC,Bangkok,174,Don Muang,2020,33.80833897,126156
14,BKK&VIC,Bangkok,174,Don Muang,2021,35.54504072,127077
17,CE,Saraburi,175,Don Phut,2014,0.365639259,8187
17,CE,Saraburi,175,Don Phut,2015,0.350274506,8631
17,CE,Saraburi,175,Don Phut,2016,0.441337414,8658
17,CE,Saraburi,175,Don Phut,2017,0.592269794,8759
17,CE,Saraburi,175,Don Phut,2018,0.529714921,8399
17,CE,Saraburi,175,Don Phut,2019,0.624234695,8420
17,CE,Saraburi,175,Don Phut,2020,0.680473222,8412
17,CE,Saraburi,175,Don Phut,2021,0.709533619,8474
11,SO,Surat Thani,176,Don Sak,2014,0.327947652,37689
11,SO,Surat Thani,176,Don Sak,2015,0.326310968,37818
11,SO,Surat Thani,176,Don Sak,2016,0.336571307,37940
11,SO,Surat Thani,176,Don Sak,2017,0.438506422,38060
11,SO,Surat Thani,176,Don Sak,2018,0.492817957,38879
11,SO,Surat Thani,176,Don Sak,2019,0.511773306,38929
11,SO,Surat Thani,176,Don Sak,2020,0.578590738,39005
11,SO,Surat Thani,176,Don Sak,2021,0.577269188,39073
61,NE,Mukdahan,177,Don Tan,2014,0.080891443,47671
61,NE,Mukdahan,177,Don Tan,2015,0.102009427,47805
61,NE,Mukdahan,177,Don Tan,2016,0.083843115,47964
61,NE,Mukdahan,177,Don Tan,2017,0.157108684,48089
61,NE,Mukdahan,177,Don Tan,2018,0.16557678,44363
61,NE,Mukdahan,177,Don Tan,2019,0.16973133,44488
61,NE,Mukdahan,177,Don Tan,2020,0.23651892,44586
61,NE,Mukdahan,177,Don Tan,2021,0.252627918,44910
27,BKK&VIC,Nakhon Pathom,178,Don Tum,2014,2.170644461,54452
27,BKK&VIC,Nakhon Pathom,178,Don Tum,2015,2.48250617,54640
27,BKK&VIC,Nakhon Pathom,178,Don Tum,2016,2.570707222,54819
27,BKK&VIC,Nakhon Pathom,178,Don Tum,2017,2.696837738,54993
27,BKK&VIC,Nakhon Pathom,178,Don Tum,2018,3.001473736,63008
27,BKK&VIC,Nakhon Pathom,178,Don Tum,2019,3.133895761,63183
27,BKK&VIC,Nakhon Pathom,178,Don Tum,2020,3.161727186,63548
27,BKK&VIC,Nakhon Pathom,178,Don Tum,2021,3.604752655,64015
61,NE,Mukdahan,180,Dong Luang,2014,0.043737376,35771
61,NE,Mukdahan,180,Dong Luang,2015,0.052419837,35891
61,NE,Mukdahan,180,Dong Luang,2016,0.050778875,36019
61,NE,Mukdahan,180,Dong Luang,2017,0.079314811,36141
61,NE,Mukdahan,180,Dong Luang,2018,0.085353764,33511
61,NE,Mukdahan,180,Dong Luang,2019,0.091238905,33605
61,NE,Mukdahan,180,Dong Luang,2020,0.122338905,33685
61,NE,Mukdahan,180,Dong Luang,2021,0.141168156,33939
41,NE,Ubon Ratchathani,173,Donmotdaeng,2014,0.121374501,20248
41,NE,Ubon Ratchathani,173,Donmotdaeng,2015,0.197360882,19055
41,NE,Ubon Ratchathani,173,Donmotdaeng,2016,0.249470324,19114
41,NE,Ubon Ratchathani,173,Donmotdaeng,2017,0.409988426,19167
41,NE,Ubon Ratchathani,173,Donmotdaeng,2018,0.409102808,17999
41,NE,Ubon Ratchathani,173,Donmotdaeng,2019,0.387285429,18101
41,NE,Ubon Ratchathani,173,Donmotdaeng,2020,0.455005538,18110
41,NE,Ubon Ratchathani,173,Donmotdaeng,2021,0.561577612,18246
14,BKK&VIC,Bangkok,181,Dusit,2014,36.2446227,230050
14,BKK&VIC,Bangkok,181,Dusit,2015,38.64227132,230850
14,BKK&VIC,Bangkok,181,Dusit,2016,40.0210368,231610
14,BKK&VIC,Bangkok,181,Dusit,2017,40.55427746,232335
14,BKK&VIC,Bangkok,181,Dusit,2018,41.92684887,240009
14,BKK&VIC,Bangkok,181,Dusit,2019,43.07134976,240668
14,BKK&VIC,Bangkok,181,Dusit,2020,42.95773401,241273
14,BKK&VIC,Bangkok,181,Dusit,2021,46.59018541,243034
34,NO,Uttaradit,183,Fak Tha,2014,0.02245571,12350
34,NO,Uttaradit,183,Fak Tha,2015,0.029175045,12360
34,NO,Uttaradit,183,Fak Tha,2016,0.032183773,12427
34,NO,Uttaradit,183,Fak Tha,2017,0.0541414,12554
34,NO,Uttaradit,183,Fak Tha,2018,0.061112515,12198
34,NO,Uttaradit,183,Fak Tha,2019,0.067595021,12227
34,NO,Uttaradit,183,Fak Tha,2020,0.072500751,12258
34,NO,Uttaradit,183,Fak Tha,2021,0.087381756,12349
65,NO,Chiang Mai,184,Fang,2014,0.270690433,111695
65,NO,Chiang Mai,184,Fang,2015,0.314178794,111947
65,NO,Chiang Mai,184,Fang,2016,0.295595856,112317
65,NO,Chiang Mai,184,Fang,2017,0.383166049,112634
65,NO,Chiang Mai,184,Fang,2018,0.41774238,107499
65,NO,Chiang Mai,184,Fang,2019,0.423300879,107582
65,NO,Chiang Mai,184,Fang,2020,0.445521276,107854
65,NO,Chiang Mai,184,Fang,2021,0.466032633,108636
66,CE,Chai Nat,189,Han Kha,2014,0.314914146,52757
66,CE,Chai Nat,189,Han Kha,2015,0.35874181,52954
66,CE,Chai Nat,189,Han Kha,2016,0.387932853,53142
66,CE,Chai Nat,189,Han Kha,2017,0.520201623,52805
66,CE,Chai Nat,189,Han Kha,2018,0.510263235,53032
66,CE,Chai Nat,189,Han Kha,2019,0.541109749,53165
66,CE,Chai Nat,189,Han Kha,2020,0.569954794,53296
66,CE,Chai Nat,189,Han Kha,2021,0.735009444,53710
37,NO,Lampang,187,Hang Chat,2014,0.395707858,48725
37,NO,Lampang,187,Hang Chat,2015,0.474200381,49014
37,NO,Lampang,187,Hang Chat,2016,0.425686692,49222
37,NO,Lampang,187,Hang Chat,2017,0.589917616,49408
37,NO,Lampang,187,Hang Chat,2018,0.64626654,47629
37,NO,Lampang,187,Hang Chat,2019,0.703615959,47768
37,NO,Lampang,187,Hang Chat,2020,0.803135964,47887
37,NO,Lampang,187,Hang Chat,2021,0.823505138,49620
65,NO,Chiang Mai,188,Hang Dong,2014,1.62229845,77784
65,NO,Chiang Mai,188,Hang Dong,2015,1.860165565,78640
65,NO,Chiang Mai,188,Hang Dong,2016,1.841586945,78867
65,NO,Chiang Mai,188,Hang Dong,2017,2.09376293,79011
65,NO,Chiang Mai,188,Hang Dong,2018,2.309436319,75363
65,NO,Chiang Mai,188,Hang Dong,2019,2.432270525,75608
65,NO,Chiang Mai,188,Hang Dong,2020,2.50162232,76023
65,NO,Chiang Mai,188,Hang Dong,2021,2.483345813,76578
43,SO,Songkhla,191,Hat Yai,2014,3.40981056,413292
43,SO,Songkhla,191,Hat Yai,2015,3.612219262,414797
43,SO,Songkhla,191,Hat Yai,2016,3.561491813,416160
43,SO,Songkhla,191,Hat Yai,2017,3.897346178,417469
43,SO,Songkhla,191,Hat Yai,2018,4.125401623,425872
43,SO,Songkhla,191,Hat Yai,2019,4.125052267,427068
43,SO,Songkhla,191,Hat Yai,2020,4.202701888,428158
43,SO,Songkhla,191,Hat Yai,2021,4.39809001,429475
65,NO,Chiang Mai,192,Hot,2014,0.077256585,50508
65,NO,Chiang Mai,192,Hot,2015,0.077184553,50756
65,NO,Chiang Mai,192,Hot,2016,0.067044991,51104
65,NO,Chiang Mai,192,Hot,2017,0.083313715,51939
65,NO,Chiang Mai,192,Hot,2018,0.092361526,49582
65,NO,Chiang Mai,192,Hot,2019,0.086954041,49696
65,NO,Chiang Mai,192,Hot,2020,0.096433419,49816
65,NO,Chiang Mai,192,Hot,2021,0.100910483,50177
42,WE,Phachuap Khiri Khan,193,Hua Hin,2014,1.038538504,74600
42,WE,Phachuap Khiri Khan,193,Hua Hin,2015,1.107119334,75145
42,WE,Phachuap Khiri Khan,193,Hua Hin,2016,1.128952211,75515
42,WE,Phachuap Khiri Khan,193,Hua Hin,2017,1.184458117,76697
42,WE,Phachuap Khiri Khan,193,Hua Hin,2018,1.254205662,73802
42,WE,Phachuap Khiri Khan,193,Hua Hin,2019,1.294054409,73919
42,WE,Phachuap Khiri Khan,193,Hua Hin,2020,1.310218898,74033
42,WE,Phachuap Khiri Khan,193,Hua Hin,2021,1.402664464,74566
59,SO,Nakhon Si Thammarat,194,Hua Sai,2014,0.442906725,72778
59,SO,Nakhon Si Thammarat,194,Hua Sai,2015,0.467591453,73029
59,SO,Nakhon Si Thammarat,194,Hua Sai,2016,0.471347788,73272
59,SO,Nakhon Si Thammarat,194,Hua Sai,2017,0.626294171,73491
59,SO,Nakhon Si Thammarat,194,Hua Sai,2018,0.662144398,76014
59,SO,Nakhon Si Thammarat,194,Hua Sai,2019,0.672728605,75813
59,SO,Nakhon Si Thammarat,194,Hua Sai,2020,0.723842697,75804
59,SO,Nakhon Si Thammarat,194,Hua Sai,2021,1.090623506,76331
67,NE,Amnat Chareon,195,Hua Taphan,2014,0.181696673,39607
67,NE,Amnat Chareon,195,Hua Taphan,2015,0.227499698,39747
67,NE,Amnat Chareon,195,Hua Taphan,2016,0.213625635,39878
67,NE,Amnat Chareon,195,Hua Taphan,2017,0.349591662,40021
67,NE,Amnat Chareon,195,Hua Taphan,2018,0.33503127,37928
67,NE,Amnat Chareon,195,Hua Taphan,2019,0.319955271,38029
67,NE,Amnat Chareon,195,Hua Taphan,2020,0.429886733,38079
67,NE,Amnat Chareon,195,Hua Taphan,2021,0.441796661,38358
18,NO,Uthai Thani,196,Huai Khot,2014,0.110429919,14514
18,NO,Uthai Thani,196,Huai Khot,2015,0.139199749,14563
18,NO,Uthai Thani,196,Huai Khot,2016,0.117658005,14604
18,NO,Uthai Thani,196,Huai Khot,2017,0.175994186,14643
18,NO,Uthai Thani,196,Huai Khot,2018,0.167783094,14154
18,NO,Uthai Thani,196,Huai Khot,2019,0.16512774,14192
18,NO,Uthai Thani,196,Huai Khot,2020,0.200235592,14223
18,NO,Uthai Thani,196,Huai Khot,2021,0.378524843,14330
73,WE,Kanchanaburi,198,Huai Kra Chao,2014,0.285964168,32673
73,WE,Kanchanaburi,198,Huai Kra Chao,2015,0.355773236,33073
73,WE,Kanchanaburi,198,Huai Kra Chao,2016,0.315412979,33110
73,WE,Kanchanaburi,198,Huai Kra Chao,2017,0.437051521,33136
73,WE,Kanchanaburi,198,Huai Kra Chao,2018,0.410966167,30632
73,WE,Kanchanaburi,198,Huai Kra Chao,2019,0.516744096,30745
73,WE,Kanchanaburi,198,Huai Kra Chao,2020,0.53658013,30814
73,WE,Kanchanaburi,198,Huai Kra Chao,2021,0.62043489,31055
14,BKK&VIC,Bangkok,197,Huai Kwang,2014,38.94943379,200829
14,BKK&VIC,Bangkok,197,Huai Kwang,2015,40.50592492,201526
14,BKK&VIC,Bangkok,197,Huai Kwang,2016,41.45758849,202190
14,BKK&VIC,Bangkok,197,Huai Kwang,2017,42.93636625,202824
14,BKK&VIC,Bangkok,197,Huai Kwang,2018,46.03557317,210824
14,BKK&VIC,Bangkok,197,Huai Kwang,2019,48.95871514,211402
14,BKK&VIC,Bangkok,197,Huai Kwang,2020,45.78223081,211935
14,BKK&VIC,Bangkok,197,Huai Kwang,2021,45.9909913,213481
20,NE,Kalasin,199,Huai Mek,2014,0.311803711,41807
20,NE,Kalasin,199,Huai Mek,2015,0.301660321,41874
20,NE,Kalasin,199,Huai Mek,2016,0.305978966,42007
20,NE,Kalasin,199,Huai Mek,2017,0.399275672,42138
20,NE,Kalasin,199,Huai Mek,2018,0.507506219,40017
20,NE,Kalasin,199,Huai Mek,2019,0.525417829,40068
20,NE,Kalasin,199,Huai Mek,2020,0.541531026,40187
20,NE,Kalasin,199,Huai Mek,2021,0.657471509,40484
20,NE,Kalasin,200,Huai Phung,2014,0.208217386,24851
20,NE,Kalasin,200,Huai Phung,2015,0.214308157,24918
20,NE,Kalasin,200,Huai Phung,2016,0.216572449,24999
20,NE,Kalasin,200,Huai Phung,2017,0.303397203,25080
20,NE,Kalasin,200,Huai Phung,2018,0.268085376,23802
20,NE,Kalasin,200,Huai Phung,2019,0.259421455,23868
20,NE,Kalasin,200,Huai Phung,2020,0.278032852,23927
20,NE,Kalasin,200,Huai Phung,2021,0.328490279,24102
35,NE,Buri Ram,201,Huai Rat,2014,0.151732692,30610
35,NE,Buri Ram,201,Huai Rat,2015,0.190628245,29751
35,NE,Buri Ram,201,Huai Rat,2016,0.217016765,29778
35,NE,Buri Ram,201,Huai Rat,2017,0.298462657,27497
35,NE,Buri Ram,201,Huai Rat,2018,0.341108336,24142
35,NE,Buri Ram,201,Huai Rat,2019,0.403145412,24204
35,NE,Buri Ram,201,Huai Rat,2020,0.48051943,24266
35,NE,Buri Ram,201,Huai Rat,2021,0.611010508,24443
6,NE,Nakhon Ratchasima,202,Huai Thalang,2014,0.192141242,82281
6,NE,Nakhon Ratchasima,202,Huai Thalang,2015,0.225580771,82232
6,NE,Nakhon Ratchasima,202,Huai Thalang,2016,0.227822209,82477
6,NE,Nakhon Ratchasima,202,Huai Thalang,2017,0.317198406,80918
6,NE,Nakhon Ratchasima,202,Huai Thalang,2018,0.316018734,76821
6,NE,Nakhon Ratchasima,202,Huai Thalang,2019,0.369871757,77030
6,NE,Nakhon Ratchasima,202,Huai Thalang,2020,0.468949556,77220
6,NE,Nakhon Ratchasima,202,Huai Thalang,2021,0.673903865,77792
12,NE,Si Sa Ket,203,Huai Thap Than,2014,0.155093358,29925
12,NE,Si Sa Ket,203,Huai Thap Than,2015,0.167696418,30029
12,NE,Si Sa Ket,203,Huai Thap Than,2016,0.182176946,30129
12,NE,Si Sa Ket,203,Huai Thap Than,2017,0.255139362,30225
12,NE,Si Sa Ket,203,Huai Thap Than,2018,0.269717175,28612
12,NE,Si Sa Ket,203,Huai Thap Than,2019,0.312067099,28704
12,NE,Si Sa Ket,203,Huai Thap Than,2020,0.390520447,28768
12,NE,Si Sa Ket,203,Huai Thap Than,2021,0.561091552,28980
47,SO,Trang,204,Huai Yot,2014,0.363653436,95262
47,SO,Trang,204,Huai Yot,2015,0.388941623,95592
47,SO,Trang,204,Huai Yot,2016,0.420788586,95908
47,SO,Trang,204,Huai Yot,2017,0.561774931,96207
47,SO,Trang,204,Huai Yot,2018,0.635814608,99115
47,SO,Trang,204,Huai Yot,2019,0.575823985,99418
47,SO,Trang,204,Huai Yot,2020,0.621254019,99667
47,SO,Trang,204,Huai Yot,2021,0.732755918,100731
49,CE,Singburi,205,In Buri,2014,0.91060075,55299
49,CE,Singburi,205,In Buri,2015,1.074733265,55491
49,CE,Singburi,205,In Buri,2016,1.160505415,55671
49,CE,Singburi,205,In Buri,2017,1.38786703,55845
49,CE,Singburi,205,In Buri,2018,1.448450094,55986
49,CE,Singburi,205,In Buri,2019,1.555987709,56139
49,CE,Singburi,205,In Buri,2020,1.664104178,56277
49,CE,Singburi,205,In Buri,2021,2.039294959,56692
40,SO,Narathiwat,121,Ja-Nae,2014,0.098046784,25975
40,SO,Narathiwat,121,Ja-Nae,2015,0.101589491,26065
40,SO,Narathiwat,121,Ja-Nae,2016,0.097958226,26149
40,SO,Narathiwat,121,Ja-Nae,2017,0.1066833,26221
40,SO,Narathiwat,121,Ja-Nae,2018,0.127835382,26388
40,SO,Narathiwat,121,Ja-Nae,2019,0.129030719,26457
40,SO,Narathiwat,121,Ja-Nae,2020,0.156982805,26526
40,SO,Narathiwat,121,Ja-Nae,2021,0.158684118,27202
35,NE,Buri Ram,9,Ban Dan,2014,0.163872468,23822
35,NE,Buri Ram,9,Ban Dan,2015,0.224394049,20842
35,NE,Buri Ram,9,Ban Dan,2016,0.241689888,20859
35,NE,Buri Ram,9,Ban Dan,2017,0.403067727,20808
35,NE,Buri Ram,9,Ban Dan,2018,0.504173019,18265
35,NE,Buri Ram,9,Ban Dan,2019,0.644109697,18312
35,NE,Buri Ram,9,Ban Dan,2020,0.643794748,18363
35,NE,Buri Ram,9,Ban Dan,2021,0.763631134,18499
15,NE,Khon Kaen,13,Ban Haet,2014,0.348936511,28471
15,NE,Khon Kaen,13,Ban Haet,2015,0.385855299,28561
15,NE,Khon Kaen,13,Ban Haet,2016,0.343705297,28652
15,NE,Khon Kaen,13,Ban Haet,2017,0.514309634,28748
15,NE,Khon Kaen,13,Ban Haet,2018,0.610495016,25379
15,NE,Khon Kaen,13,Ban Haet,2019,0.8470307,25449
15,NE,Khon Kaen,13,Ban Haet,2020,1.06370466,25376
15,NE,Khon Kaen,13,Ban Haet,2021,1.051574638,25574
30,WE,Ratchaburi,15,Ban Kha,2014,0.041850861,19964
30,WE,Ratchaburi,15,Ban Kha,2015,0.045222057,20034
30,WE,Ratchaburi,15,Ban Kha,2016,0.056237772,20092
30,WE,Ratchaburi,15,Ban Kha,2017,0.08564305,20155
30,WE,Ratchaburi,15,Ban Kha,2018,0.07322163,14778
30,WE,Ratchaburi,15,Ban Kha,2019,0.081639356,14858
30,WE,Ratchaburi,15,Ban Kha,2020,0.096707871,14885
30,WE,Ratchaburi,15,Ban Kha,2021,0.127159058,14982
69,BKK&VIC,Samut Prakan,77,Bang Sao Thon,2014,12.98521213,79290
69,BKK&VIC,Samut Prakan,77,Bang Sao Thon,2015,13.28666696,79455
69,BKK&VIC,Samut Prakan,77,Bang Sao Thon,2016,13.26790424,79732
69,BKK&VIC,Samut Prakan,77,Bang Sao Thon,2017,14.24435808,79275
69,BKK&VIC,Samut Prakan,77,Bang Sao Thon,2018,14.08018359,89221
69,BKK&VIC,Samut Prakan,77,Bang Sao Thon,2019,14.61270726,89465
69,BKK&VIC,Samut Prakan,77,Bang Sao Thon,2020,15.17922427,89612
69,BKK&VIC,Samut Prakan,77,Bang Sao Thon,2021,15.87756389,90272
6,NE,Nakhon Ratchasima,93,Bua Lai,2014,0.147795674,16801
6,NE,Nakhon Ratchasima,93,Bua Lai,2015,0.195700607,16643
6,NE,Nakhon Ratchasima,93,Bua Lai,2016,0.21211101,16608
6,NE,Nakhon Ratchasima,93,Bua Lai,2017,0.379203591,15724
6,NE,Nakhon Ratchasima,93,Bua Lai,2018,0.434060334,13926
6,NE,Nakhon Ratchasima,93,Bua Lai,2019,0.533109791,13963
6,NE,Nakhon Ratchasima,93,Bua Lai,2020,0.579358375,13993
6,NE,Nakhon Ratchasima,93,Bua Lai,2021,0.944100012,14105
39,NE,Bueng Kan,102,Bung Khla,2014,0.070433448,13046
39,NE,Bueng Kan,102,Bung Khla,2015,0.137751631,13143
39,NE,Bueng Kan,102,Bung Khla,2016,0.200244313,13200
39,NE,Bueng Kan,102,Bung Khla,2017,0.271319872,13278
39,NE,Bueng Kan,102,Bung Khla,2018,0.257374199,12587
39,NE,Bueng Kan,102,Bung Khla,2019,0.232858151,12623
39,NE,Bueng Kan,102,Bung Khla,2020,0.30002617,12581
39,NE,Bueng Kan,102,Bung Khla,2021,0.330380002,12630
54,NO,Phichit,99,Bung Narang,2014,0.208476126,22293
54,NO,Phichit,99,Bung Narang,2015,0.242728277,22372
54,NO,Phichit,99,Bung Narang,2016,0.242319711,22409
54,NO,Phichit,99,Bung Narang,2017,0.346699542,22370
54,NO,Phichit,99,Bung Narang,2018,0.392066639,21871
54,NO,Phichit,99,Bung Narang,2019,0.396903004,21914
54,NO,Phichit,99,Bung Narang,2020,0.453098486,21974
54,NO,Phichit,99,Bung Narang,2021,0.658676354,22133
36,NO,Kam Phaeng Phet,101,Bung Samakki,2014,0.339374875,16456
36,NO,Kam Phaeng Phet,101,Bung Samakki,2015,0.398663871,16513
36,NO,Kam Phaeng Phet,101,Bung Samakki,2016,0.344978528,16895
36,NO,Kam Phaeng Phet,101,Bung Samakki,2017,0.398073716,17386
36,NO,Kam Phaeng Phet,101,Bung Samakki,2018,0.403386656,16367
36,NO,Kam Phaeng Phet,101,Bung Samakki,2019,0.413556011,16408
36,NO,Kam Phaeng Phet,101,Bung Samakki,2020,0.455570822,16652
36,NO,Kam Phaeng Phet,101,Bung Samakki,2021,0.733931877,16795
59,SO,Nakhon Si Thammarat,122,Chang Klang,2014,0.163627239,33503
59,SO,Nakhon Si Thammarat,122,Chang Klang,2015,0.164352932,33614
59,SO,Nakhon Si Thammarat,122,Chang Klang,2016,0.194898188,33723
59,SO,Nakhon Si Thammarat,122,Chang Klang,2017,0.216488929,33600
59,SO,Nakhon Si Thammarat,122,Chang Klang,2018,0.231764784,34790
59,SO,Nakhon Si Thammarat,122,Chang Klang,2019,0.253488799,34891
59,SO,Nakhon Si Thammarat,122,Chang Klang,2020,0.305231888,34977
59,SO,Nakhon Si Thammarat,122,Chang Klang,2021,0.455687366,35247
0,NE,Roi Et,136,Chiang Kwan,2014,0.244942922,26859
0,NE,Roi Et,136,Chiang Kwan,2015,0.371493094,26922
0,NE,Roi Et,136,Chiang Kwan,2016,0.354349545,26883
0,NE,Roi Et,136,Chiang Kwan,2017,0.602916947,26638
0,NE,Roi Et,136,Chiang Kwan,2018,0.646333616,25340
0,NE,Roi Et,136,Chiang Kwan,2019,0.620149536,25417
0,NE,Roi Et,136,Chiang Kwan,2020,0.782598187,25477
0,NE,Roi Et,136,Chiang Kwan,2021,0.925106899,25666
2,NO,Nakhon Sawan,154,Chum Ta Bong,2014,0.047292547,14639
2,NO,Nakhon Sawan,154,Chum Ta Bong,2015,0.095216307,14670
2,NO,Nakhon Sawan,154,Chum Ta Bong,2016,0.091360712,14361
2,NO,Nakhon Sawan,154,Chum Ta Bong,2017,0.1145051,14040
2,NO,Nakhon Sawan,154,Chum Ta Bong,2018,0.113655465,13441
2,NO,Nakhon Sawan,154,Chum Ta Bong,2019,0.124998543,13479
2,NO,Nakhon Sawan,154,Chum Ta Bong,2020,0.121887448,13521
2,NO,Nakhon Sawan,154,Chum Ta Bong,2021,0.196648334,13624
46,NE,Maha Sarakham,149,Chun Chom,2014,0.268621495,20138
46,NE,Maha Sarakham,149,Chun Chom,2015,0.296044942,20107
46,NE,Maha Sarakham,149,Chun Chom,2016,0.270008423,20170
46,NE,Maha Sarakham,149,Chun Chom,2017,0.386557079,20202
46,NE,Maha Sarakham,149,Chun Chom,2018,0.607395886,19566
46,NE,Maha Sarakham,149,Chun Chom,2019,0.695264972,22339
46,NE,Maha Sarakham,149,Chun Chom,2020,0.558851317,25500
46,NE,Maha Sarakham,149,Chun Chom,2021,0.615099529,25703
35,NE,Buri Ram,229,Khaen Dong,2014,0.168050961,28484
35,NE,Buri Ram,229,Khaen Dong,2015,0.171980503,28454
35,NE,Buri Ram,229,Khaen Dong,2016,0.217794171,28553
35,NE,Buri Ram,229,Khaen Dong,2017,0.338238802,28634
35,NE,Buri Ram,229,Khaen Dong,2018,0.339760362,27080
35,NE,Buri Ram,229,Khaen Dong,2019,0.316123086,27155
35,NE,Buri Ram,229,Khaen Dong,2020,0.394751569,27248
35,NE,Buri Ram,229,Khaen Dong,2021,0.608486249,27441
65,NO,Chiang Mai,166,Doi Lo,2014,0.662790897,31503
65,NO,Chiang Mai,166,Doi Lo,2015,0.781396733,32182
65,NO,Chiang Mai,166,Doi Lo,2016,0.777450033,32139
65,NO,Chiang Mai,166,Doi Lo,2017,0.875064358,31806
65,NO,Chiang Mai,166,Doi Lo,2018,1.031656496,29898
65,NO,Chiang Mai,166,Doi Lo,2019,1.062484768,29873
65,NO,Chiang Mai,166,Doi Lo,2020,1.13507095,29904
65,NO,Chiang Mai,166,Doi Lo,2021,1.098631689,30123
25,NO,Chiang Rai,167,Doi Luang,2014,0.072087537,11047
25,NO,Chiang Rai,167,Doi Luang,2015,0.139410015,12200
25,NO,Chiang Rai,167,Doi Luang,2016,0.127824499,12682
25,NO,Chiang Rai,167,Doi Luang,2017,0.189209874,13345
25,NO,Chiang Rai,167,Doi Luang,2018,0.174512767,12352
25,NO,Chiang Rai,167,Doi Luang,2019,0.242718803,13445
25,NO,Chiang Rai,167,Doi Luang,2020,0.350861822,13468
25,NO,Chiang Rai,167,Doi Luang,2021,0.401923255,13568
20,NE,Kalasin,171,Don Chan,2014,0.122330342,15724
20,NE,Kalasin,171,Don Chan,2015,0.145015885,15798
20,NE,Kalasin,171,Don Chan,2016,0.155075941,15853
20,NE,Kalasin,171,Don Chan,2017,0.245809686,15946
20,NE,Kalasin,171,Don Chan,2018,0.272215329,12270
20,NE,Kalasin,171,Don Chan,2019,0.286074049,12304
20,NE,Kalasin,171,Don Chan,2020,0.425829717,12356
20,NE,Kalasin,171,Don Chan,2021,0.418184651,12430
54,NO,Phichit,179,Dong Charoen,2014,0.155764376,27007
54,NO,Phichit,179,Dong Charoen,2015,0.197625109,26917
54,NO,Phichit,179,Dong Charoen,2016,0.180373267,26987
54,NO,Phichit,179,Dong Charoen,2017,0.240907171,27720
54,NO,Phichit,179,Dong Charoen,2018,0.248396689,26991
54,NO,Phichit,179,Dong Charoen,2019,0.259886636,27065
54,NO,Phichit,179,Dong Charoen,2020,0.315381516,27113
54,NO,Phichit,179,Dong Charoen,2021,0.356500433,27296
16,NE,Loei,182,Erawan,2014,0.179219641,21356
16,NE,Loei,182,Erawan,2015,0.214284001,21164
16,NE,Loei,182,Erawan,2016,0.175619285,21229
16,NE,Loei,182,Erawan,2017,0.318148965,21606
16,NE,Loei,182,Erawan,2018,0.303621309,22441
16,NE,Loei,182,Erawan,2019,0.299393011,22492
16,NE,Loei,182,Erawan,2020,0.335571475,22571
16,NE,Loei,182,Erawan,2021,0.499415941,22728
13,NE,Nong Khai,185,Fao Rai,2014,0.059005501,36403
13,NE,Nong Khai,185,Fao Rai,2015,0.081270609,35326
13,NE,Nong Khai,185,Fao Rai,2016,0.08506272,35365
13,NE,Nong Khai,185,Fao Rai,2017,0.153348397,35237
13,NE,Nong Khai,185,Fao Rai,2018,0.176955449,32932
13,NE,Nong Khai,185,Fao Rai,2019,0.167939972,33025
13,NE,Nong Khai,185,Fao Rai,2020,0.232592664,33084
13,NE,Nong Khai,185,Fao Rai,2021,0.298166246,33302
47,SO,Trang,190,Hat Samran,2014,0.191332067,11676
47,SO,Trang,190,Hat Samran,2015,0.20539868,11715
47,SO,Trang,190,Hat Samran,2016,0.15873405,11748
47,SO,Trang,190,Hat Samran,2017,0.199559551,11787
47,SO,Trang,190,Hat Samran,2018,0.263832672,11932
47,SO,Trang,190,Hat Samran,2019,0.290684897,11960
47,SO,Trang,190,Hat Samran,2020,0.333149454,11991
47,SO,Trang,190,Hat Samran,2021,0.359924927,12064
71,EA,Chanthaburi,243,Kao Kichakut,2014,0.093695985,25456
71,EA,Chanthaburi,243,Kao Kichakut,2015,0.095502663,25550
71,EA,Chanthaburi,243,Kao Kichakut,2016,0.118883826,25633
71,EA,Chanthaburi,243,Kao Kichakut,2017,0.157742731,25713
71,EA,Chanthaburi,243,Kao Kichakut,2018,0.190455946,28772
71,EA,Chanthaburi,243,Kao Kichakut,2019,0.235859852,28850
71,EA,Chanthaburi,243,Kao Kichakut,2020,0.253897125,28913
71,EA,Chanthaburi,243,Kao Kichakut,2021,0.256067186,29127
51,EA,Rayong,242,Khao Chamao,2014,0.191347192,31685
51,EA,Rayong,242,Khao Chamao,2015,0.28606901,31800
51,EA,Rayong,242,Khao Chamao,2016,0.338272334,31905
51,EA,Rayong,242,Khao Chamao,2017,0.474898079,32001
51,EA,Rayong,242,Khao Chamao,2018,0.486462645,34517
51,EA,Rayong,242,Khao Chamao,2019,0.507235429,34632
51,EA,Rayong,242,Khao Chamao,2020,0.586313494,34728
51,EA,Rayong,242,Khao Chamao,2021,0.648076268,34983
4,EA,Chachoengsao,257,Khlong Khuan,2014,0.388358105,14251
4,EA,Chachoengsao,257,Khlong Khuan,2015,0.391749918,14255
4,EA,Chachoengsao,257,Khlong Khuan,2016,0.463607542,14299
4,EA,Chachoengsao,257,Khlong Khuan,2017,0.641295586,14344
4,EA,Chachoengsao,257,Khlong Khuan,2018,0.618639112,15818
4,EA,Chachoengsao,257,Khlong Khuan,2019,0.738506673,15859
4,EA,Chachoengsao,257,Khlong Khuan,2020,0.981807693,15922
4,EA,Chachoengsao,257,Khlong Khuan,2021,1.048240205,16044
15,NE,Khon Kaen,269,Khok Pho Cha,2014,0.135225234,20147
15,NE,Khon Kaen,269,Khok Pho Cha,2015,0.140710985,20234
15,NE,Khon Kaen,269,Khok Pho Cha,2016,0.160212957,20321
15,NE,Khon Kaen,269,Khok Pho Cha,2017,0.264787692,20368
15,NE,Khon Kaen,269,Khok Pho Cha,2018,0.237480872,19624
15,NE,Khon Kaen,269,Khok Pho Cha,2019,0.221151463,19669
15,NE,Khon Kaen,269,Khok Pho Cha,2020,0.322571419,19713
15,NE,Khon Kaen,269,Khok Pho Cha,2021,0.548861366,19851
64,EA,Chon Buri,292,Ko Chan,2014,0.501796232,67064
64,EA,Chon Buri,292,Ko Chan,2015,0.573685886,67064
64,EA,Chon Buri,292,Ko Chan,2016,0.609118159,67277
64,EA,Chon Buri,292,Ko Chan,2017,0.779438744,66914
64,EA,Chon Buri,292,Ko Chan,2018,0.825419643,69142
64,EA,Chon Buri,292,Ko Chan,2019,0.886289337,69315
64,EA,Chon Buri,292,Ko Chan,2020,1.01883679,69476
64,EA,Chon Buri,292,Ko Chan,2021,1.313059353,69967
29,EA,Trat,293,Ko Chang,2014,0.180542892,2386
29,EA,Trat,293,Ko Chang,2015,0.200939958,2390
29,EA,Trat,293,Ko Chang,2016,0.188611674,2402
29,EA,Trat,293,Ko Chang,2017,0.23054703,2490
29,EA,Trat,293,Ko Chang,2018,0.207421252,2742
29,EA,Trat,293,Ko Chang,2019,0.25029045,10376
29,EA,Trat,293,Ko Chang,2020,0.2106665,14194
29,EA,Trat,293,Ko Chang,2021,0.177449881,14301
29,EA,Trat,295,Ko Kut,2014,0.045866183,1886
29,EA,Trat,295,Ko Kut,2015,0.0459626,1629
29,EA,Trat,295,Ko Kut,2016,0.057882794,1634
29,EA,Trat,295,Ko Kut,2017,0.155386086,1687
29,EA,Trat,295,Ko Kut,2018,0.172724996,1840
29,EA,Trat,295,Ko Kut,2019,0.163350076,1800
29,EA,Trat,295,Ko Kut,2020,0.172124099,1851
29,EA,Trat,295,Ko Kut,2021,0.189246861,1881
36,NO,Kam Phaeng Phet,303,Ko Sam Pi Nakhon,2014,0.341642325,31215
36,NO,Kam Phaeng Phet,303,Ko Sam Pi Nakhon,2015,0.4506158,28303
36,NO,Kam Phaeng Phet,303,Ko Sam Pi Nakhon,2016,0.406232924,28586
36,NO,Kam Phaeng Phet,303,Ko Sam Pi Nakhon,2017,0.523489329,28652
36,NO,Kam Phaeng Phet,303,Ko Sam Pi Nakhon,2018,0.534717087,24705
36,NO,Kam Phaeng Phet,303,Ko Sam Pi Nakhon,2019,0.557583397,24710
36,NO,Kam Phaeng Phet,303,Ko Sam Pi Nakhon,2020,0.555315549,24668
36,NO,Kam Phaeng Phet,303,Ko Sam Pi Nakhon,2021,0.605804097,24812
75,EA,Sa Kaew,272,Kok Sung,2014,0.078883459,13396
75,EA,Sa Kaew,272,Kok Sung,2015,0.123259496,13516
75,EA,Sa Kaew,272,Kok Sung,2016,0.149181442,13205
75,EA,Sa Kaew,272,Kok Sung,2017,0.301693668,12636
75,EA,Sa Kaew,272,Kok Sung,2018,0.334462758,14356
75,EA,Sa Kaew,272,Kok Sung,2019,0.358199914,14949
75,EA,Sa Kaew,272,Kok Sung,2020,0.370106281,15233
75,EA,Sa Kaew,272,Kok Sung,2021,0.529293987,15343
20,NE,Kalasin,277,Kong Chai,2014,0.217841166,20016
20,NE,Kalasin,277,Kong Chai,2015,0.317774718,20082
20,NE,Kalasin,277,Kong Chai,2016,0.353642386,20140
20,NE,Kalasin,277,Kong Chai,2017,0.557814865,20148
20,NE,Kalasin,277,Kong Chai,2018,0.563007282,16604
20,NE,Kalasin,277,Kong Chai,2019,0.490387887,16542
20,NE,Kalasin,277,Kong Chai,2020,0.604463403,16499
20,NE,Kalasin,277,Kong Chai,2021,0.737873592,16619
33,SO,Yala,311,Krong Pi Nung,2014,0.362834773,7290
33,SO,Yala,311,Krong Pi Nung,2015,0.362820904,11530
33,SO,Yala,311,Krong Pi Nung,2016,0.438879737,11567
33,SO,Yala,311,Krong Pi Nung,2017,0.622089529,10802
33,SO,Yala,311,Krong Pi Nung,2018,0.764845759,10728
33,SO,Yala,311,Krong Pi Nung,2019,0.627925837,10756
33,SO,Yala,311,Krong Pi Nung,2020,0.815081821,10774
33,SO,Yala,311,Krong Pi Nung,2021,1.416089309,10849
23,NE,Udon Thani,312,Ku Kaeo,2014,0.136953188,13919
23,NE,Udon Thani,312,Ku Kaeo,2015,0.158335543,13652
23,NE,Udon Thani,312,Ku Kaeo,2016,0.173100552,13568
23,NE,Udon Thani,312,Ku Kaeo,2017,0.361383365,13401
23,NE,Udon Thani,312,Ku Kaeo,2018,0.34570325,12572
23,NE,Udon Thani,312,Ku Kaeo,2019,0.327867529,12601
23,NE,Udon Thani,312,Ku Kaeo,2020,0.420230243,12632
23,NE,Udon Thani,312,Ku Kaeo,2021,0.41528018,12739
46,NE,Maha Sarakham,321,Kut Rang,2014,0.19948112,40294
46,NE,Maha Sarakham,321,Kut Rang,2015,0.258522229,40407
46,NE,Maha Sarakham,321,Kut Rang,2016,0.215067709,40457
46,NE,Maha Sarakham,321,Kut Rang,2017,0.30940933,40452
46,NE,Maha Sarakham,321,Kut Rang,2018,0.317187764,37548
46,NE,Maha Sarakham,321,Kut Rang,2019,0.335723565,36532
46,NE,Maha Sarakham,321,Kut Rang,2020,0.404676363,35879
46,NE,Maha Sarakham,321,Kut Rang,2021,0.654841488,36134
5,NE,Surin,290,Kwao Si Narin,2014,0.129011072,35140
5,NE,Surin,290,Kwao Si Narin,2015,0.164815363,35264
5,NE,Surin,290,Kwao Si Narin,2016,0.147211361,35385
5,NE,Surin,290,Kwao Si Narin,2017,0.263393463,35234
5,NE,Surin,290,Kwao Si Narin,2018,0.274728079,29265
5,NE,Surin,290,Kwao Si Narin,2019,0.337689024,29342
5,NE,Surin,290,Kwao Si Narin,2020,0.417795418,29417
5,NE,Surin,290,Kwao Si Narin,2021,0.432773572,29630
6,NE,Nakhon Ratchasima,331,Lam Tha Men Chai,2014,0.160135052,25667
6,NE,Nakhon Ratchasima,331,Lam Tha Men Chai,2015,0.173275498,25166
6,NE,Nakhon Ratchasima,331,Lam Tha Men Chai,2016,0.201762923,25243
6,NE,Nakhon Ratchasima,331,Lam Tha Men Chai,2017,0.257354892,24385
6,NE,Nakhon Ratchasima,331,Lam Tha Men Chai,2018,0.288158713,23090
6,NE,Nakhon Ratchasima,331,Lam Tha Men Chai,2019,0.301680642,23119
6,NE,Nakhon Ratchasima,331,Lam Tha Men Chai,2020,0.409129555,23216
6,NE,Nakhon Ratchasima,331,Lam Tha Men Chai,2021,0.566902881,23398
41,NE,Ubon Ratchathani,340,Lao Sua Kok,2014,0.09031194,24325
41,NE,Ubon Ratchathani,340,Lao Sua Kok,2015,0.129043746,20741
41,NE,Ubon Ratchathani,340,Lao Sua Kok,2016,0.164866676,20798
41,NE,Ubon Ratchathani,340,Lao Sua Kok,2017,0.205406398,20813
41,NE,Ubon Ratchathani,340,Lao Sua Kok,2018,0.216967424,19233
41,NE,Ubon Ratchathani,340,Lao Sua Kok,2019,0.209365739,19283
41,NE,Ubon Ratchathani,340,Lao Sua Kok,2020,0.273824667,19332
41,NE,Ubon Ratchathani,340,Lao Sua Kok,2021,0.335246002,19464
76,SO,Satun,381,Ma Nang,2014,0.296379605,8943
76,SO,Satun,381,Ma Nang,2015,0.350511006,8959
76,SO,Satun,381,Ma Nang,2016,0.327514008,9000
76,SO,Satun,381,Ma Nang,2017,0.344610235,8845
76,SO,Satun,381,Ma Nang,2018,0.411685901,8806
76,SO,Satun,381,Ma Nang,2019,0.414157127,8833
76,SO,Satun,381,Ma Nang,2020,0.519467662,8848
76,SO,Satun,381,Ma Nang,2021,0.792122639,8906
65,NO,Chiang Mai,363,Mae On,2014,0.048069241,10322
65,NO,Chiang Mai,363,Mae On,2015,0.052487108,11235
65,NO,Chiang Mai,363,Mae On,2016,0.049110383,11517
65,NO,Chiang Mai,363,Mae On,2017,0.082205813,12324
65,NO,Chiang Mai,363,Mae On,2018,0.082217366,11531
65,NO,Chiang Mai,363,Mae On,2019,0.092005736,11895
65,NO,Chiang Mai,363,Mae On,2020,0.110668199,12085
65,NO,Chiang Mai,363,Mae On,2021,0.136362297,12200
2,NO,Nakhon Sawan,365,Mae Poen,2014,0.055919915,10495
2,NO,Nakhon Sawan,365,Mae Poen,2015,0.082822726,10505
2,NO,Nakhon Sawan,365,Mae Poen,2016,0.088471334,12359
2,NO,Nakhon Sawan,365,Mae Poen,2017,0.12848282,14323
2,NO,Nakhon Sawan,365,Mae Poen,2018,0.121750329,13728
2,NO,Nakhon Sawan,365,Mae Poen,2019,0.124137468,13762
2,NO,Nakhon Sawan,365,Mae Poen,2020,0.114301859,13785
2,NO,Nakhon Sawan,365,Mae Poen,2021,0.129686525,13897
6,NE,Nakhon Ratchasima,466,Muang Yang,2014,0.039134694,30407
6,NE,Nakhon Ratchasima,466,Muang Yang,2015,0.075578186,31365
6,NE,Nakhon Ratchasima,466,Muang Yang,2016,0.089579363,31482
6,NE,Nakhon Ratchasima,466,Muang Yang,2017,0.145419888,30433
6,NE,Nakhon Ratchasima,466,Muang Yang,2018,0.154176055,28841
6,NE,Nakhon Ratchasima,466,Muang Yang,2019,0.189334706,29000
6,NE,Nakhon Ratchasima,466,Muang Yang,2020,0.314936259,29022
6,NE,Nakhon Ratchasima,466,Muang Yang,2021,0.364447966,29232
20,NE,Kalasin,476,Na Khu,2014,0.156794569,30207
20,NE,Kalasin,476,Na Khu,2015,0.168105773,30306
20,NE,Kalasin,476,Na Khu,2016,0.137683895,30398
20,NE,Kalasin,476,Na Khu,2017,0.285838379,30455
20,NE,Kalasin,476,Na Khu,2018,0.289529005,28915
20,NE,Kalasin,476,Na Khu,2019,0.277529613,28993
20,NE,Kalasin,476,Na Khu,2020,0.325750463,29054
20,NE,Kalasin,476,Na Khu,2021,0.36584504,29271
41,NE,Ubon Ratchathani,483,Na Tan,2014,0.083433076,29225
41,NE,Ubon Ratchathani,483,Na Tan,2015,0.112927148,29319
41,NE,Ubon Ratchathani,483,Na Tan,2016,0.11587225,29426
41,NE,Ubon Ratchathani,483,Na Tan,2017,0.208392615,29554
41,NE,Ubon Ratchathani,483,Na Tan,2018,0.205758844,26562
41,NE,Ubon Ratchathani,483,Na Tan,2019,0.173110222,33252
41,NE,Ubon Ratchathani,483,Na Tan,2020,0.239055694,36449
41,NE,Ubon Ratchathani,483,Na Tan,2021,0.356777994,36707
71,EA,Chanthaburi,488,Na Yai Am,2014,0.609140138,25072
71,EA,Chanthaburi,488,Na Yai Am,2015,0.700511302,25163
71,EA,Chanthaburi,488,Na Yai Am,2016,0.751204117,25245
71,EA,Chanthaburi,488,Na Yai Am,2017,0.82649734,25322
71,EA,Chanthaburi,488,Na Yai Am,2018,1.008174528,28042
71,EA,Chanthaburi,488,Na Yai Am,2019,1.047378395,28117
71,EA,Chanthaburi,488,Na Yai Am,2020,1.125921622,28164
71,EA,Chanthaburi,488,Na Yai Am,2021,1.146928137,28373
41,NE,Ubon Ratchathani,489,Na Yia,2014,0.327529262,22007
41,NE,Ubon Ratchathani,489,Na Yia,2015,0.396150749,22082
41,NE,Ubon Ratchathani,489,Na Yia,2016,0.486460261,22152
41,NE,Ubon Ratchathani,489,Na Yia,2017,0.598278105,22146
41,NE,Ubon Ratchathani,489,Na Yia,2018,0.558592703,20943
41,NE,Ubon Ratchathani,489,Na Yia,2019,0.528129086,21001
41,NE,Ubon Ratchathani,489,Na Yia,2020,0.495457347,21051
41,NE,Ubon Ratchathani,489,Na Yia,2021,0.615868608,21201
41,NE,Ubon Ratchathani,495,Nam Khun,2014,0.03652828,39998
41,NE,Ubon Ratchathani,495,Nam Khun,2015,0.055121275,40134
41,NE,Ubon Ratchathani,495,Nam Khun,2016,0.044887364,40259
41,NE,Ubon Ratchathani,495,Nam Khun,2017,0.096489624,40374
41,NE,Ubon Ratchathani,495,Nam Khun,2018,0.100236307,37933
41,NE,Ubon Ratchathani,495,Nam Khun,2019,0.098462205,37942
41,NE,Ubon Ratchathani,495,Nam Khun,2020,0.12856992,38022
41,NE,Ubon Ratchathani,495,Nam Khun,2021,0.175063482,38279
51,EA,Rayong,506,Nikhom Pattan,2014,4.935220649,53262
51,EA,Rayong,506,Nikhom Pattan,2015,5.349640782,53220
51,EA,Rayong,506,Nikhom Pattan,2016,5.624118885,53396
51,EA,Rayong,506,Nikhom Pattan,2017,5.767468979,54905
51,EA,Rayong,506,Nikhom Pattan,2018,6.096886572,58610
51,EA,Rayong,506,Nikhom Pattan,2019,6.388359058,58605
51,EA,Rayong,506,Nikhom Pattan,2020,7.383054787,58648
51,EA,Rayong,506,Nikhom Pattan,2021,8.861754565,59074
66,CE,Chai Nat,507,Noen Kham,2014,0.194587684,14227
66,CE,Chai Nat,507,Noen Kham,2015,0.237753207,14238
66,CE,Chai Nat,507,Noen Kham,2016,0.247234077,14262
66,CE,Chai Nat,507,Noen Kham,2017,0.385247611,14824
66,CE,Chai Nat,507,Noen Kham,2018,0.363173582,14790
66,CE,Chai Nat,507,Noen Kham,2019,0.377495145,14828
66,CE,Chai Nat,507,Noen Kham,2020,0.384169264,14863
66,CE,Chai Nat,507,Noen Kham,2021,0.477771503,14948
5,NE,Surin,513,Non Narai,2014,0.035572699,31172
5,NE,Surin,513,Non Narai,2015,0.048555537,31278
5,NE,Surin,513,Non Narai,2016,0.072210653,31375
5,NE,Surin,513,Non Narai,2017,0.114776582,31776
5,NE,Surin,513,Non Narai,2018,0.11840567,30467
5,NE,Surin,513,Non Narai,2019,0.155095524,30552
5,NE,Surin,513,Non Narai,2020,0.203890752,30631
5,NE,Surin,513,Non Narai,2021,0.266163751,30842
15,NE,Khon Kaen,516,Non Sila,2014,0.217756131,29557
15,NE,Khon Kaen,516,Non Sila,2015,0.290175836,29649
15,NE,Khon Kaen,516,Non Sila,2016,0.307402032,29747
15,NE,Khon Kaen,516,Non Sila,2017,0.479655889,29851
15,NE,Khon Kaen,516,Non Sila,2018,0.635956267,26621
15,NE,Khon Kaen,516,Non Sila,2019,0.839033322,26702
15,NE,Khon Kaen,516,Non Sila,2020,1.008383225,26753
15,NE,Khon Kaen,516,Non Sila,2021,0.991592805,26953
0,NE,Roi Et,529,Nong Hi,2014,0.120205502,18484
0,NE,Roi Et,529,Nong Hi,2015,0.165543148,18545
0,NE,Roi Et,529,Nong Hi,2016,0.135154723,18623
0,NE,Roi Et,529,Nong Hi,2017,0.232971262,18862
0,NE,Roi Et,529,Nong Hi,2018,0.235190823,17649
0,NE,Roi Et,529,Nong Hi,2019,0.234932437,17687
0,NE,Roi Et,529,Nong Hi,2020,0.337760456,17735
0,NE,Roi Et,529,Nong Hi,2021,0.455895336,17860
16,NE,Loei,530,Nong Hin,2014,0.297463971,19307
16,NE,Loei,530,Nong Hin,2015,0.190084628,19348
16,NE,Loei,530,Nong Hin,2016,0.168404789,19410
16,NE,Loei,530,Nong Hin,2017,0.25591004,19464
16,NE,Loei,530,Nong Hin,2018,0.252808089,16557
16,NE,Loei,530,Nong Hin,2019,0.309969679,16588
16,NE,Loei,530,Nong Hin,2020,0.310063356,16636
16,NE,Loei,530,Nong Hin,2021,0.354481089,16764
66,CE,Chai Nat,537,Nong Ma Mong,2014,0.092782954,19982
66,CE,Chai Nat,537,Nong Ma Mong,2015,0.11893484,20053
66,CE,Chai Nat,537,Nong Ma Mong,2016,0.105048035,20097
66,CE,Chai Nat,537,Nong Ma Mong,2017,0.176444217,20170
66,CE,Chai Nat,537,Nong Ma Mong,2018,0.223470255,20196
66,CE,Chai Nat,537,Nong Ma Mong,2019,0.23546555,20255
66,CE,Chai Nat,537,Nong Ma Mong,2020,0.256925665,20296
66,CE,Chai Nat,537,Nong Ma Mong,2021,0.368738864,20448
15,NE,Khon Kaen,540,Nong Na Kham,2014,0.085463405,31200
15,NE,Khon Kaen,540,Nong Na Kham,2015,0.12269122,31290
15,NE,Khon Kaen,540,Nong Na Kham,2016,0.08982479,31398
15,NE,Khon Kaen,540,Nong Na Kham,2017,0.189254908,31494
15,NE,Khon Kaen,540,Nong Na Kham,2018,0.192041801,30283
15,NE,Khon Kaen,540,Nong Na Kham,2019,0.207633687,30108
15,NE,Khon Kaen,540,Nong Na Kham,2020,0.273146343,30106
15,NE,Khon Kaen,540,Nong Na Kham,2021,0.369470694,30338
59,SO,Nakhon Si Thammarat,554,Nophi Tam,2014,0.041456993,20508
59,SO,Nakhon Si Thammarat,554,Nophi Tam,2015,0.038472855,20858
59,SO,Nakhon Si Thammarat,554,Nophi Tam,2016,0.039360504,20949
59,SO,Nakhon Si Thammarat,554,Nophi Tam,2017,0.052056404,20438
59,SO,Nakhon Si Thammarat,554,Nophi Tam,2018,0.062436916,21237
59,SO,Nakhon Si Thammarat,554,Nophi Tam,2019,0.059070241,21267
59,SO,Nakhon Si Thammarat,554,Nophi Tam,2020,0.088260596,21297
59,SO,Nakhon Si Thammarat,554,Nophi Tam,2021,0.119103833,26337
5,NE,Surin,595,Phanom Dong Rak,2014,0.082766303,34065
5,NE,Surin,595,Phanom Dong Rak,2015,0.105336374,36917
5,NE,Surin,595,Phanom Dong Rak,2016,0.11509399,37036
5,NE,Surin,595,Phanom Dong Rak,2017,0.162226946,35329
5,NE,Surin,595,Phanom Dong Rak,2018,0.151900226,37003
5,NE,Surin,595,Phanom Dong Rak,2019,0.160885144,37173
5,NE,Surin,595,Phanom Dong Rak,2020,0.189138388,37251
5,NE,Surin,595,Phanom Dong Rak,2021,0.223045935,37527
12,NE,Si Sa Ket,617,Pho Si Suwan,2014,0.092043857,15189
12,NE,Si Sa Ket,617,Pho Si Suwan,2015,0.12668685,15236
12,NE,Si Sa Ket,617,Pho Si Suwan,2016,0.136321496,15278
12,NE,Si Sa Ket,617,Pho Si Suwan,2017,0.285581125,15335
12,NE,Si Sa Ket,617,Pho Si Suwan,2018,0.332186246,13735
12,NE,Si Sa Ket,617,Pho Si Suwan,2019,0.335718229,13772
12,NE,Si Sa Ket,617,Pho Si Suwan,2020,0.388886807,13804
12,NE,Si Sa Ket,617,Pho Si Suwan,2021,0.431948474,13838
13,NE,Nong Khai,618,Pho Tak,2014,0.170048766,11598
13,NE,Nong Khai,618,Pho Tak,2015,0.201241814,11970
13,NE,Nong Khai,618,Pho Tak,2016,0.200690561,12136
13,NE,Nong Khai,618,Pho Tak,2017,0.386099205,12348
13,NE,Nong Khai,618,Pho Tak,2018,0.380001471,11529
13,NE,Nong Khai,618,Pho Tak,2019,0.363703565,11562
13,NE,Nong Khai,618,Pho Tak,2020,0.3949809,11590
13,NE,Nong Khai,618,Pho Tak,2021,0.42038642,11678
6,NE,Nakhon Ratchasima,637,Phra Thong Kham,2014,0.158248894,44157
6,NE,Nakhon Ratchasima,637,Phra Thong Kham,2015,0.182841481,44317
6,NE,Nakhon Ratchasima,637,Phra Thong Kham,2016,0.204000236,44424
6,NE,Nakhon Ratchasima,637,Phra Thong Kham,2017,0.251227871,44546
6,NE,Nakhon Ratchasima,637,Phra Thong Kham,2018,0.261412825,41773
6,NE,Nakhon Ratchasima,637,Phra Thong Kham,2019,0.273637485,41894
6,NE,Nakhon Ratchasima,637,Phra Thong Kham,2020,0.290350499,41993
6,NE,Nakhon Ratchasima,637,Phra Thong Kham,2021,0.305049979,42257
1,NO,Phayao,646,Phu Kam Yao,2014,0.094921775,24941
1,NO,Phayao,646,Phu Kam Yao,2015,0.128038361,23380
1,NO,Phayao,646,Phu Kam Yao,2016,0.107796607,23053
1,NO,Phayao,646,Phu Kam Yao,2017,0.17885111,22635
1,NO,Phayao,646,Phu Kam Yao,2018,0.208037975,21797
1,NO,Phayao,646,Phu Kam Yao,2019,0.236084627,21753
1,NO,Phayao,646,Phu Kam Yao,2020,0.282302381,21776
1,NO,Phayao,646,Phu Kam Yao,2021,0.325700658,21937
70,NO,Nan,652,Phu Pieng,2014,0.193747219,38583
70,NO,Nan,652,Phu Pieng,2015,0.234305415,39346
70,NO,Nan,652,Phu Pieng,2016,0.23624235,39436
70,NO,Nan,652,Phu Pieng,2017,0.314784744,39480
70,NO,Nan,652,Phu Pieng,2018,0.322793732,37090
70,NO,Nan,652,Phu Pieng,2019,0.342265372,36990
70,NO,Nan,652,Phu Pieng,2020,0.402220748,36982
70,NO,Nan,652,Phu Pieng,2021,0.412779376,37257
1,NO,Phayao,654,Phu Sang,2014,0.136334053,25632
1,NO,Phayao,654,Phu Sang,2015,0.203949715,26745
1,NO,Phayao,654,Phu Sang,2016,0.157604829,26420
1,NO,Phayao,654,Phu Sang,2017,0.239197875,26021
1,NO,Phayao,654,Phu Sang,2018,0.25250091,24859
1,NO,Phayao,654,Phu Sang,2019,0.327005663,24235
1,NO,Phayao,654,Phu Sang,2020,0.333295009,24301
1,NO,Phayao,654,Phu Sang,2021,0.468250492,24467
23,NE,Udon Thani,667,Prachak Silapakhom,2014,0.239928511,14653
23,NE,Udon Thani,667,Prachak Silapakhom,2015,0.341216562,14937
23,NE,Udon Thani,667,Prachak Silapakhom,2016,0.325510623,15104
23,NE,Udon Thani,667,Prachak Silapakhom,2017,0.457995936,15343
23,NE,Udon Thani,667,Prachak Silapakhom,2018,0.538867007,14371
23,NE,Udon Thani,667,Prachak Silapakhom,2019,0.543928129,14418
23,NE,Udon Thani,667,Prachak Silapakhom,2020,0.66131666,14446
23,NE,Udon Thani,667,Prachak Silapakhom,2021,0.72147307,14566
13,NE,Nong Khai,686,Rattana Wapi,2014,0.179737083,45828
13,NE,Nong Khai,686,Rattana Wapi,2015,0.251098277,43821
13,NE,Nong Khai,686,Rattana Wapi,2016,0.286385142,43881
13,NE,Nong Khai,686,Rattana Wapi,2017,0.73324562,43664
13,NE,Nong Khai,686,Rattana Wapi,2018,0.69729817,40773
13,NE,Nong Khai,686,Rattana Wapi,2019,0.647460458,40873
13,NE,Nong Khai,686,Rattana Wapi,2020,0.652697463,40942
13,NE,Nong Khai,686,Rattana Wapi,2021,0.726605306,41258
13,NE,Nong Khai,705,Sa Khrai,2014,0.129371862,30241
13,NE,Nong Khai,705,Sa Khrai,2015,0.175323228,30278
13,NE,Nong Khai,705,Sa Khrai,2016,0.177971857,30361
13,NE,Nong Khai,705,Sa Khrai,2017,0.25739591,30420
13,NE,Nong Khai,705,Sa Khrai,2018,0.262056038,28351
13,NE,Nong Khai,705,Sa Khrai,2019,0.24450484,28428
13,NE,Nong Khai,705,Sa Khrai,2020,0.342092012,28505
13,NE,Nong Khai,705,Sa Khrai,2021,0.463664442,28719
54,NO,Phichit,704,Sak Lek,2014,0.234672724,25868
54,NO,Phichit,704,Sak Lek,2015,0.284757447,25904
54,NO,Phichit,704,Sak Lek,2016,0.291107401,27159
54,NO,Phichit,704,Sak Lek,2017,0.442323535,28724
54,NO,Phichit,704,Sak Lek,2018,0.450136682,25803
54,NO,Phichit,704,Sak Lek,2019,0.466833097,25874
54,NO,Phichit,704,Sak Lek,2020,0.511326764,25935
54,NO,Phichit,704,Sak Lek,2021,0.81259439,26131
20,NE,Kalasin,706,Sam Chai,2014,0.144307995,23202
20,NE,Kalasin,706,Sam Chai,2015,0.146856062,23521
20,NE,Kalasin,706,Sam Chai,2016,0.142035138,23721
20,NE,Kalasin,706,Sam Chai,2017,0.208870177,24044
20,NE,Kalasin,706,Sam Chai,2018,0.186759411,23016
20,NE,Kalasin,706,Sam Chai,2019,0.179035784,23072
20,NE,Kalasin,706,Sam Chai,2020,0.224086778,23132
20,NE,Kalasin,706,Sam Chai,2021,0.247046537,23308
42,WE,Phachuap Khiri Khan,712,Sam Roi Yot,2014,0.268552845,69011
42,WE,Phachuap Khiri Khan,712,Sam Roi Yot,2015,0.317413523,65907
42,WE,Phachuap Khiri Khan,712,Sam Roi Yot,2016,0.307802762,66019
42,WE,Phachuap Khiri Khan,712,Sam Roi Yot,2017,0.380320119,63394
42,WE,Phachuap Khiri Khan,712,Sam Roi Yot,2018,0.395726528,60027
42,WE,Phachuap Khiri Khan,712,Sam Roi Yot,2019,0.390996407,60206
42,WE,Phachuap Khiri Khan,712,Sam Roi Yot,2020,0.43888407,60370
42,WE,Phachuap Khiri Khan,712,Sam Roi Yot,2021,0.473721508,60814
15,NE,Khon Kaen,713,Sam Sung,2014,0.17845833,19154
15,NE,Khon Kaen,713,Sam Sung,2015,0.21437291,19220
15,NE,Khon Kaen,713,Sam Sung,2016,0.190257515,19284
15,NE,Khon Kaen,713,Sam Sung,2017,0.298104462,19325
15,NE,Khon Kaen,713,Sam Sung,2018,0.345790283,18574
15,NE,Khon Kaen,713,Sam Sung,2019,0.437955224,18690
15,NE,Khon Kaen,713,Sam Sung,2020,0.354387983,18804
15,NE,Khon Kaen,713,Sam Sung,2021,0.390304324,18925
9,NE,Chaiyaphum,731,Sap Yai,2014,0.085842105,14152
9,NE,Chaiyaphum,731,Sap Yai,2015,0.13893397,13925
9,NE,Chaiyaphum,731,Sap Yai,2016,0.199515651,13957
9,NE,Chaiyaphum,731,Sap Yai,2017,0.278299035,14009
9,NE,Chaiyaphum,731,Sap Yai,2018,0.272729882,13495
9,NE,Chaiyaphum,731,Sap Yai,2019,0.246305817,13535
9,NE,Chaiyaphum,731,Sap Yai,2020,0.305791579,13573
9,NE,Chaiyaphum,731,Sap Yai,2021,0.27891832,13668
41,NE,Ubon Ratchathani,742,Sawang Wirawong,2014,0.274790154,23893
41,NE,Ubon Ratchathani,742,Sawang Wirawong,2015,0.317738602,23831
41,NE,Ubon Ratchathani,742,Sawang Wirawong,2016,0.299780924,23821
41,NE,Ubon Ratchathani,742,Sawang Wirawong,2017,0.377095752,23802
41,NE,Ubon Ratchathani,742,Sawang Wirawong,2018,0.366692597,20943
41,NE,Ubon Ratchathani,742,Sawang Wirawong,2019,0.413150946,20971
41,NE,Ubon Ratchathani,742,Sawang Wirawong,2020,0.511749687,20975
41,NE,Ubon Ratchathani,742,Sawang Wirawong,2021,0.589697616,21112
6,NE,Nakhon Ratchasima,771,Sida,2014,0.33426304,34114
6,NE,Nakhon Ratchasima,771,Sida,2015,0.365143069,35593
6,NE,Nakhon Ratchasima,771,Sida,2016,0.45189884,36176
6,NE,Nakhon Ratchasima,771,Sida,2017,0.6235374,37609
6,NE,Nakhon Ratchasima,771,Sida,2018,0.67772842,34120
6,NE,Nakhon Ratchasima,771,Sida,2019,0.673370681,34224
6,NE,Nakhon Ratchasima,771,Sida,2020,0.751981656,34322
6,NE,Nakhon Ratchasima,771,Sida,2021,1.166260129,34550
12,NE,Si Sa Ket,775,Sila Lat,2014,0.052613269,12726
12,NE,Si Sa Ket,775,Sila Lat,2015,0.102107584,13234
12,NE,Si Sa Ket,775,Sila Lat,2016,0.101535647,13274
12,NE,Si Sa Ket,775,Sila Lat,2017,0.21232751,13306
12,NE,Si Sa Ket,775,Sila Lat,2018,0.258027215,11862
12,NE,Si Sa Ket,775,Sila Lat,2019,0.25100507,11879
12,NE,Si Sa Ket,775,Sila Lat,2020,0.294163267,11913
12,NE,Si Sa Ket,775,Sila Lat,2021,0.393789044,12005
55,SO,Phatthalung,789,Sri Nakarin,2014,0.188887814,17396
55,SO,Phatthalung,789,Sri Nakarin,2015,0.27971186,17450
55,SO,Phatthalung,789,Sri Nakarin,2016,0.329412378,17522
55,SO,Phatthalung,789,Sri Nakarin,2017,0.388191893,17562
55,SO,Phatthalung,789,Sri Nakarin,2018,0.633593129,15711
55,SO,Phatthalung,789,Sri Nakarin,2019,0.604922592,15769
55,SO,Phatthalung,789,Sri Nakarin,2020,0.637562363,15810
55,SO,Phatthalung,789,Sri Nakarin,2021,0.727711701,15921
5,NE,Surin,757,Sri Narong,2014,0.051886298,25432
5,NE,Surin,757,Sri Narong,2015,0.067037078,25536
5,NE,Surin,757,Sri Narong,2016,0.052648338,25610
5,NE,Surin,757,Sri Narong,2017,0.099869901,25326
5,NE,Surin,757,Sri Narong,2018,0.129099715,23715
5,NE,Surin,757,Sri Narong,2019,0.140859967,23767
5,NE,Surin,757,Sri Narong,2020,0.160906311,23850
5,NE,Surin,757,Sri Narong,2021,0.233835128,23995
22,SO,Ranong,794,Suk Samran,2014,0.120672734,10069
22,SO,Ranong,794,Suk Samran,2015,0.130742253,10385
22,SO,Ranong,794,Suk Samran,2016,0.13297241,10419
22,SO,Ranong,794,Suk Samran,2017,0.167678439,9859
22,SO,Ranong,794,Suk Samran,2018,0.175263908,9924
22,SO,Ranong,794,Suk Samran,2019,0.157385022,9923
22,SO,Ranong,794,Suk Samran,2020,0.176754872,9932
22,SO,Ranong,794,Suk Samran,2021,0.219746001,10221
6,NE,Nakhon Ratchasima,849,The Pha Rak,2014,0.037129923,21273
6,NE,Nakhon Ratchasima,849,The Pha Rak,2015,0.058224111,21330
6,NE,Nakhon Ratchasima,849,The Pha Rak,2016,0.046115879,22332
6,NE,Nakhon Ratchasima,849,The Pha Rak,2017,0.089044609,23349
6,NE,Nakhon Ratchasima,849,The Pha Rak,2018,0.119066714,20875
6,NE,Nakhon Ratchasima,849,The Pha Rak,2019,0.12931534,20951
6,NE,Nakhon Ratchasima,849,The Pha Rak,2020,0.161423025,20997
6,NE,Nakhon Ratchasima,849,The Pha Rak,2021,0.21420098,21162
0,NE,Roi Et,858,Thung Kao Lua,2014,0.206407369,18665
0,NE,Roi Et,858,Thung Kao Lua,2015,0.265611381,18712
0,NE,Roi Et,858,Thung Kao Lua,2016,0.223988576,19442
0,NE,Roi Et,858,Thung Kao Lua,2017,0.44434848,20280
0,NE,Roi Et,858,Thung Kao Lua,2018,0.46256542,19369
0,NE,Roi Et,858,Thung Kao Lua,2019,0.397061724,19426
0,NE,Roi Et,858,Thung Kao Lua,2020,0.524801098,19472
0,NE,Roi Et,858,Thung Kao Lua,2021,0.692425191,19610
26,NO,Tak,882,Wang Chao,2014,0.10647823,13229
26,NO,Tak,882,Wang Chao,2015,0.129573172,13192
26,NO,Tak,882,Wang Chao,2016,0.126192117,13372
26,NO,Tak,882,Wang Chao,2017,0.196206911,15170
26,NO,Tak,882,Wang Chao,2018,0.195125319,14162
26,NO,Tak,882,Wang Chao,2019,0.215162533,16856
26,NO,Tak,882,Wang Chao,2020,0.204288471,17700
26,NO,Tak,882,Wang Chao,2021,0.238750978,17832
75,EA,Sa Kaew,894,Wang Sombun,2014,0.12026357,42341
75,EA,Sa Kaew,894,Wang Sombun,2015,0.137465217,41064
75,EA,Sa Kaew,894,Wang Sombun,2016,0.134975379,41152
75,EA,Sa Kaew,894,Wang Sombun,2017,0.176260676,41243
75,EA,Sa Kaew,894,Wang Sombun,2018,0.182300979,45245
75,EA,Sa Kaew,894,Wang Sombun,2019,0.301345793,45141
75,EA,Sa Kaew,894,Wang Sombun,2020,0.402144211,46113
75,EA,Sa Kaew,894,Wang Sombun,2021,0.464500509,46459
72,NE,Nakhon Phanom,898,Wang Yang,2014,0.013414122,12692
72,NE,Nakhon Phanom,898,Wang Yang,2015,0.024709439,12738
72,NE,Nakhon Phanom,898,Wang Yang,2016,0.018614914,12841
72,NE,Nakhon Phanom,898,Wang Yang,2017,0.102883332,13067
72,NE,Nakhon Phanom,898,Wang Yang,2018,0.125268047,11716
72,NE,Nakhon Phanom,898,Wang Yang,2019,0.093580108,11750
72,NE,Nakhon Phanom,898,Wang Yang,2020,0.156002552,11773
72,NE,Nakhon Phanom,898,Wang Yang,2021,0.315722532,11854
28,NO,Lamphun,912,Wiang Nong Long,2014,1.291567283,21738
28,NO,Lamphun,912,Wiang Nong Long,2015,1.633467689,23847
28,NO,Lamphun,912,Wiang Nong Long,2016,1.776424024,23917
28,NO,Lamphun,912,Wiang Nong Long,2017,1.961766008,23965
28,NO,Lamphun,912,Wiang Nong Long,2018,2.066649432,23006
28,NO,Lamphun,912,Wiang Nong Long,2019,2.095015607,23032
28,NO,Lamphun,912,Wiang Nong Long,2020,2.200003332,23077
28,NO,Lamphun,912,Wiang Nong Long,2021,2.176844685,23248
25,NO,Chiang Rai,908,Wiang Chiang Rung,2014,0.047733428,31720
25,NO,Chiang Rai,908,Wiang Chiang Rung,2015,0.062909101,31180
25,NO,Chiang Rai,908,Wiang Chiang Rung,2016,0.073228622,31729
25,NO,Chiang Rai,908,Wiang Chiang Rung,2017,0.107142379,29933
25,NO,Chiang Rai,908,Wiang Chiang Rung,2018,0.110347008,28213
25,NO,Chiang Rai,908,Wiang Chiang Rung,2019,0.13540227,28298
25,NO,Chiang Rai,908,Wiang Chiang Rung,2020,0.341417234,28366
25,NO,Chiang Rai,908,Wiang Chiang Rung,2021,0.370965685,28577
11,SO,Surat Thani,875,Wipawadi,2014,0.002986735,8929
11,SO,Surat Thani,875,Wipawadi,2015,0.003570603,8955
11,SO,Surat Thani,875,Wipawadi,2016,0.003849107,8972
11,SO,Surat Thani,875,Wipawadi,2017,0.006952328,8990
11,SO,Surat Thani,875,Wipawadi,2018,0.006964988,8657
11,SO,Surat Thani,875,Wipawadi,2019,0.020603434,8678
11,SO,Surat Thani,875,Wipawadi,2020,0.031980832,8703
11,SO,Surat Thani,875,Wipawadi,2021,0.028049137,9847
33,SO,Yala,206,Ka Bang,2014,0.104093986,17828
33,SO,Yala,206,Ka Bang,2015,0.12028496,17539
33,SO,Yala,206,Ka Bang,2016,0.198349789,17591
33,SO,Yala,206,Ka Bang,2017,0.23000711,18006
33,SO,Yala,206,Ka Bang,2018,0.26927634,18160
33,SO,Yala,206,Ka Bang,2019,0.215310352,18203
33,SO,Yala,206,Ka Bang,2020,0.264222949,18282
33,SO,Yala,206,Ka Bang,2021,0.314244387,18395
57,SO,Pattani,223,Ka Pho,2014,0.254483007,15005
57,SO,Pattani,223,Ka Pho,2015,0.368915765,15060
57,SO,Pattani,223,Ka Pho,2016,0.402520578,15109
57,SO,Pattani,223,Ka Pho,2017,0.618898895,15157
57,SO,Pattani,223,Ka Pho,2018,0.610580321,15377
57,SO,Pattani,223,Ka Pho,2019,0.528871715,15419
57,SO,Pattani,223,Ka Pho,2020,0.550681935,15458
57,SO,Pattani,223,Ka Pho,2021,0.736765224,15547
52,EA,Prachin Buri,207,Kabin Buri,2014,0.752206675,173217
52,EA,Prachin Buri,207,Kabin Buri,2015,0.847846429,173815
52,EA,Prachin Buri,207,Kabin Buri,2016,0.937078757,174375
52,EA,Prachin Buri,207,Kabin Buri,2017,1.083173827,174817
52,EA,Prachin Buri,207,Kabin Buri,2018,1.104254232,193885
52,EA,Prachin Buri,207,Kabin Buri,2019,1.133099799,194350
52,EA,Prachin Buri,207,Kabin Buri,2020,1.22040497,194805
52,EA,Prachin Buri,207,Kabin Buri,2021,1.270681841,196233
46,NE,Maha Sarakham,208,Kae Dam,2014,0.162172227,26516
46,NE,Maha Sarakham,208,Kae Dam,2015,0.181952076,26605
46,NE,Maha Sarakham,208,Kae Dam,2016,0.17137381,26691
46,NE,Maha Sarakham,208,Kae Dam,2017,0.293736383,26761
46,NE,Maha Sarakham,208,Kae Dam,2018,0.309706244,25745
46,NE,Maha Sarakham,208,Kae Dam,2019,0.326436705,26142
46,NE,Maha Sarakham,208,Kae Dam,2020,0.404056574,26312
46,NE,Maha Sarakham,208,Kae Dam,2021,0.552635894,26500
9,NE,Chaiyaphum,211,Kaeng Khlo,2014,0.242385775,78351
9,NE,Chaiyaphum,211,Kaeng Khlo,2015,0.299075962,78613
9,NE,Chaiyaphum,211,Kaeng Khlo,2016,0.2981923,78862
9,NE,Chaiyaphum,211,Kaeng Khlo,2017,0.36795823,79105
9,NE,Chaiyaphum,211,Kaeng Khlo,2018,0.400373362,76104
9,NE,Chaiyaphum,211,Kaeng Khlo,2019,0.369389292,76309
9,NE,Chaiyaphum,211,Kaeng Khlo,2020,0.408895622,76502
9,NE,Chaiyaphum,211,Kaeng Khlo,2021,0.466385982,77052
17,CE,Saraburi,210,Kaeng Khoi,2014,1.71495102,108818
17,CE,Saraburi,210,Kaeng Khoi,2015,1.863930861,109164
17,CE,Saraburi,210,Kaeng Khoi,2016,1.979355743,109525
17,CE,Saraburi,210,Kaeng Khoi,2017,2.163788212,109872
17,CE,Saraburi,210,Kaeng Khoi,2018,2.044960244,105618
17,CE,Saraburi,210,Kaeng Khoi,2019,2.261987163,105998
17,CE,Saraburi,210,Kaeng Khoi,2020,2.388041363,106273
17,CE,Saraburi,210,Kaeng Khoi,2021,2.575019847,107044
8,WE,Phetchaburi,212,Kaeng Krachan,2014,0.051978423,29455
8,WE,Phetchaburi,212,Kaeng Krachan,2015,0.063672997,29410
8,WE,Phetchaburi,212,Kaeng Krachan,2016,0.063349155,29505
8,WE,Phetchaburi,212,Kaeng Krachan,2017,0.088258051,29573
8,WE,Phetchaburi,212,Kaeng Krachan,2018,0.088690069,28950
8,WE,Phetchaburi,212,Kaeng Krachan,2019,0.105639036,29086
8,WE,Phetchaburi,212,Kaeng Krachan,2020,0.122100835,29159
8,WE,Phetchaburi,212,Kaeng Krachan,2021,0.138240141,29368
6,NE,Nakhon Ratchasima,213,Kaeng Sanam Nang,2014,0.276964769,40624
6,NE,Nakhon Ratchasima,213,Kaeng Sanam Nang,2015,0.279418887,40651
6,NE,Nakhon Ratchasima,213,Kaeng Sanam Nang,2016,0.287485822,40777
6,NE,Nakhon Ratchasima,213,Kaeng Sanam Nang,2017,0.351251488,40818
6,NE,Nakhon Ratchasima,213,Kaeng Sanam Nang,2018,0.453402259,38757
6,NE,Nakhon Ratchasima,213,Kaeng Sanam Nang,2019,0.413068841,38860
6,NE,Nakhon Ratchasima,213,Kaeng Sanam Nang,2020,0.37996578,38958
6,NE,Nakhon Ratchasima,213,Kaeng Sanam Nang,2021,0.400700653,39246
20,NE,Kalasin,214,Kamalasai,2014,0.424621536,58711
20,NE,Kalasin,214,Kamalasai,2015,0.544489739,58914
20,NE,Kalasin,214,Kamalasai,2016,0.591895794,59119
20,NE,Kalasin,214,Kamalasai,2017,0.792047131,59372
20,NE,Kalasin,214,Kamalasai,2018,0.836914608,59611
20,NE,Kalasin,214,Kamalasai,2019,0.764976258,59779
20,NE,Kalasin,214,Kamalasai,2020,1.037673398,59930
20,NE,Kalasin,214,Kamalasai,2021,1.289797963,60365
27,BKK&VIC,Nakhon Pathom,215,Kamphaeng Saen,2014,1.988337679,156827
27,BKK&VIC,Nakhon Pathom,215,Kamphaeng Saen,2015,2.166131681,157365
27,BKK&VIC,Nakhon Pathom,215,Kamphaeng Saen,2016,2.147692091,157893
27,BKK&VIC,Nakhon Pathom,215,Kamphaeng Saen,2017,2.480229007,158376
27,BKK&VIC,Nakhon Pathom,215,Kamphaeng Saen,2018,2.660183429,180478
27,BKK&VIC,Nakhon Pathom,215,Kamphaeng Saen,2019,2.793551933,180967
27,BKK&VIC,Nakhon Pathom,215,Kamphaeng Saen,2020,2.820775733,181409
27,BKK&VIC,Nakhon Pathom,215,Kamphaeng Saen,2021,3.04549647,182730
11,SO,Surat Thani,216,Kanchanadit,2014,0.398761569,109926
11,SO,Surat Thani,216,Kanchanadit,2015,0.385259176,110307
11,SO,Surat Thani,216,Kanchanadit,2016,0.424204736,110672
11,SO,Surat Thani,216,Kanchanadit,2017,0.554594793,110882
11,SO,Surat Thani,216,Kanchanadit,2018,0.605894503,113294
11,SO,Surat Thani,216,Kanchanadit,2019,0.551593479,113680
11,SO,Surat Thani,216,Kanchanadit,2020,0.600676292,113963
11,SO,Surat Thani,216,Kanchanadit,2021,0.631700578,116199
71,EA,Chanthaburi,209,Kang Hang Maeo,2014,0.039775297,43465
71,EA,Chanthaburi,209,Kang Hang Maeo,2015,0.047194898,43603
71,EA,Chanthaburi,209,Kang Hang Maeo,2016,0.060001486,43746
71,EA,Chanthaburi,209,Kang Hang Maeo,2017,0.076204408,43880
71,EA,Chanthaburi,209,Kang Hang Maeo,2018,0.092991976,48829
71,EA,Chanthaburi,209,Kang Hang Maeo,2019,0.107247956,48977
71,EA,Chanthaburi,209,Kang Hang Maeo,2020,0.137643446,49098
71,EA,Chanthaburi,209,Kang Hang Maeo,2021,0.170151368,49456
12,NE,Si Sa Ket,218,Kantharalak,2014,0.154938312,136368
12,NE,Si Sa Ket,218,Kantharalak,2015,0.17317028,136885
12,NE,Si Sa Ket,218,Kantharalak,2016,0.157279403,137355
12,NE,Si Sa Ket,218,Kantharalak,2017,0.213139396,137826
12,NE,Si Sa Ket,218,Kantharalak,2018,0.250808257,133947
12,NE,Si Sa Ket,218,Kantharalak,2019,0.297790327,134332
12,NE,Si Sa Ket,218,Kantharalak,2020,0.335420804,134677
12,NE,Si Sa Ket,218,Kantharalak,2021,0.42474854,135668
12,NE,Si Sa Ket,219,Kanthararom,2014,0.165300524,75946
12,NE,Si Sa Ket,219,Kanthararom,2015,0.188863689,76208
12,NE,Si Sa Ket,219,Kanthararom,2016,0.181338014,76454
12,NE,Si Sa Ket,219,Kanthararom,2017,0.314876151,76661
12,NE,Si Sa Ket,219,Kanthararom,2018,0.323412639,72568
12,NE,Si Sa Ket,219,Kanthararom,2019,0.394459095,72769
12,NE,Si Sa Ket,219,Kanthararom,2020,0.465604748,72952
12,NE,Si Sa Ket,219,Kanthararom,2021,0.534670467,73483
46,NE,Maha Sarakham,220,Kantharawichai,2014,0.734345916,62237
46,NE,Maha Sarakham,220,Kantharawichai,2015,0.794420931,62454
46,NE,Maha Sarakham,220,Kantharawichai,2016,0.848435057,62655
46,NE,Maha Sarakham,220,Kantharawichai,2017,1.161992175,62842
46,NE,Maha Sarakham,220,Kantharawichai,2018,1.284699974,61096
46,NE,Maha Sarakham,220,Kantharawichai,2019,1.222684734,62410
46,NE,Maha Sarakham,220,Kantharawichai,2020,1.317604656,63430
46,NE,Maha Sarakham,220,Kantharawichai,2021,1.425004547,63888
47,SO,Trang,217,Kantrang,2014,0.490181739,82676
47,SO,Trang,217,Kantrang,2015,0.512280752,82964
47,SO,Trang,217,Kantrang,2016,0.573321398,83239
47,SO,Trang,217,Kantrang,2017,0.699165044,83512
47,SO,Trang,217,Kantrang,2018,0.741550956,86005
47,SO,Trang,217,Kantrang,2019,0.763673747,85901
47,SO,Trang,217,Kantrang,2020,0.83739702,86116
47,SO,Trang,217,Kantrang,2021,0.963138813,86748
75,EA,Sa Kaew,241,Kao Cha Kan,2014,0.113109443,38670
75,EA,Sa Kaew,241,Kao Cha Kan,2015,0.22303448,38744
75,EA,Sa Kaew,241,Kao Cha Kan,2016,0.272181878,38784
75,EA,Sa Kaew,241,Kao Cha Kan,2017,0.318091485,40277
75,EA,Sa Kaew,241,Kao Cha Kan,2018,0.363330782,43479
75,EA,Sa Kaew,241,Kao Cha Kan,2019,0.390426783,43047
75,EA,Sa Kaew,241,Kao Cha Kan,2020,0.417129974,43188
75,EA,Sa Kaew,241,Kao Cha Kan,2021,0.462492042,43493
2,NO,Nakhon Sawan,221,Kao Lieo,2014,0.315432541,28872
2,NO,Nakhon Sawan,221,Kao Lieo,2015,0.389377819,28972
2,NO,Nakhon Sawan,221,Kao Lieo,2016,0.389380693,29069
2,NO,Nakhon Sawan,221,Kao Lieo,2017,0.460913779,29158
2,NO,Nakhon Sawan,221,Kao Lieo,2018,0.493344462,27944
2,NO,Nakhon Sawan,221,Kao Lieo,2019,0.58319701,28021
2,NO,Nakhon Sawan,221,Kao Lieo,2020,0.673348832,28075
2,NO,Nakhon Sawan,221,Kao Lieo,2021,0.791622894,28281
5,NE,Surin,222,Kap Choeng,2014,0.081342398,53019
5,NE,Surin,222,Kap Choeng,2015,0.09535276,51686
5,NE,Surin,222,Kap Choeng,2016,0.106790949,51834
5,NE,Surin,222,Kap Choeng,2017,0.161671107,53325
5,NE,Surin,222,Kap Choeng,2018,0.186125753,47982
5,NE,Surin,222,Kap Choeng,2019,0.170625954,48162
5,NE,Surin,222,Kap Choeng,2020,0.231902293,48298
5,NE,Surin,222,Kap Choeng,2021,0.507015684,48655
22,SO,Ranong,224,Kapoe,2014,0.082769667,19664
22,SO,Ranong,224,Kapoe,2015,0.093262424,19374
22,SO,Ranong,224,Kapoe,2016,0.098878115,19437
22,SO,Ranong,224,Kapoe,2017,0.117059563,20047
22,SO,Ranong,224,Kapoe,2018,0.138353432,20187
22,SO,Ranong,224,Kapoe,2019,0.141283779,20219
22,SO,Ranong,224,Kapoe,2020,0.162664414,20267
22,SO,Ranong,224,Kapoe,2021,0.177212321,20143
56,SO,Phangnga,225,Kapong,2014,0.036117371,14450
56,SO,Phangnga,225,Kapong,2015,0.062344981,14463
56,SO,Phangnga,225,Kapong,2016,0.079315827,14508
56,SO,Phangnga,225,Kapong,2017,0.094032496,14527
56,SO,Phangnga,225,Kapong,2018,0.107285449,14970
56,SO,Phangnga,225,Kapong,2019,0.105757071,15007
56,SO,Phangnga,225,Kapong,2020,0.145150427,15040
56,SO,Phangnga,225,Kapong,2021,0.204350341,15147
9,NE,Chaiyaphum,226,Kaset Sombon,2014,0.137090803,96417
9,NE,Chaiyaphum,226,Kaset Sombon,2015,0.152283098,96998
9,NE,Chaiyaphum,226,Kaset Sombon,2016,0.143549514,97328
9,NE,Chaiyaphum,226,Kaset Sombon,2017,0.204874907,97617
9,NE,Chaiyaphum,226,Kaset Sombon,2018,0.206395412,93884
9,NE,Chaiyaphum,226,Kaset Sombon,2019,0.208124778,94136
9,NE,Chaiyaphum,226,Kaset Sombon,2020,0.233133099,94375
9,NE,Chaiyaphum,226,Kaset Sombon,2021,0.26272898,95073
0,NE,Roi Et,227,Kaset Wisai,2014,0.142701828,81351
0,NE,Roi Et,227,Kaset Wisai,2015,0.167875975,81629
0,NE,Roi Et,227,Kaset Wisai,2016,0.164457805,81922
0,NE,Roi Et,227,Kaset Wisai,2017,0.253136489,82214
0,NE,Roi Et,227,Kaset Wisai,2018,0.275944572,79108
0,NE,Roi Et,227,Kaset Wisai,2019,0.273609721,79356
0,NE,Roi Et,227,Kaset Wisai,2020,0.317695657,79561
0,NE,Roi Et,227,Kaset Wisai,2021,0.410990725,80146
44,SO,Phuket,228,Kathu,2014,9.928659827,75138
44,SO,Phuket,228,Kathu,2015,9.705771219,75376
44,SO,Phuket,228,Kathu,2016,10.03036485,75623
44,SO,Phuket,228,Kathu,2017,10.2472465,75844
44,SO,Phuket,228,Kathu,2018,10.06204104,75336
44,SO,Phuket,228,Kathu,2019,10.67539175,75234
44,SO,Phuket,228,Kathu,2020,10.59132801,75344
44,SO,Phuket,228,Kathu,2021,9.035580793,76138
49,CE,Singburi,230,Khai Bang Rachan,2014,0.925945192,24377
49,CE,Singburi,230,Khai Bang Rachan,2015,1.080163483,24463
49,CE,Singburi,230,Khai Bang Rachan,2016,1.059249082,24540
49,CE,Singburi,230,Khai Bang Rachan,2017,1.248993061,24618
49,CE,Singburi,230,Khai Bang Rachan,2018,1.399981195,24678
49,CE,Singburi,230,Khai Bang Rachan,2019,1.558874982,24745
49,CE,Singburi,230,Khai Bang Rachan,2020,1.667777338,24808
49,CE,Singburi,230,Khai Bang Rachan,2021,1.987321524,24990
31,NE,Yasothon,231,Kham Khuan Kaeo,2014,0.198288391,68005
31,NE,Yasothon,231,Kham Khuan Kaeo,2015,0.297882127,68239
31,NE,Yasothon,231,Kham Khuan Kaeo,2016,0.28577181,68463
31,NE,Yasothon,231,Kham Khuan Kaeo,2017,0.405940447,68658
31,NE,Yasothon,231,Kham Khuan Kaeo,2018,0.422291878,65924
31,NE,Yasothon,231,Kham Khuan Kaeo,2019,0.447928863,66104
31,NE,Yasothon,231,Kham Khuan Kaeo,2020,0.524588227,66269
31,NE,Yasothon,231,Kham Khuan Kaeo,2021,0.695195821,66756
20,NE,Kalasin,232,Kham Muang,2014,0.168101004,38018
20,NE,Kalasin,232,Kham Muang,2015,0.156963785,37896
20,NE,Kalasin,232,Kham Muang,2016,0.155282049,37898
20,NE,Kalasin,232,Kham Muang,2017,0.274286516,37776
20,NE,Kalasin,232,Kham Muang,2018,0.285854168,35449
20,NE,Kalasin,232,Kham Muang,2019,0.268499161,35552
20,NE,Kalasin,232,Kham Muang,2020,0.338103162,35641
20,NE,Kalasin,232,Kham Muang,2021,0.404290585,35891
6,NE,Nakhon Ratchasima,233,Kham Sakae Saeng,2014,0.099865372,43089
6,NE,Nakhon Ratchasima,233,Kham Sakae Saeng,2015,0.134759378,43241
6,NE,Nakhon Ratchasima,233,Kham Sakae Saeng,2016,0.171962556,43365
6,NE,Nakhon Ratchasima,233,Kham Sakae Saeng,2017,0.200745765,43388
6,NE,Nakhon Ratchasima,233,Kham Sakae Saeng,2018,0.214527601,41195
6,NE,Nakhon Ratchasima,233,Kham Sakae Saeng,2019,0.261650712,41311
6,NE,Nakhon Ratchasima,233,Kham Sakae Saeng,2020,0.258230753,41390
6,NE,Nakhon Ratchasima,233,Kham Sakae Saeng,2021,0.338497993,41690
24,NE,Sakon Nakhon,234,Kham Ta Kla,2014,0.114008981,31563
24,NE,Sakon Nakhon,234,Kham Ta Kla,2015,0.133696662,31724
24,NE,Sakon Nakhon,234,Kham Ta Kla,2016,0.14052418,31818
24,NE,Sakon Nakhon,234,Kham Ta Kla,2017,0.251084722,31902
24,NE,Sakon Nakhon,234,Kham Ta Kla,2018,0.226056669,29942
24,NE,Sakon Nakhon,234,Kham Ta Kla,2019,0.201963287,30022
24,NE,Sakon Nakhon,234,Kham Ta Kla,2020,0.259107012,30102
24,NE,Sakon Nakhon,234,Kham Ta Kla,2021,0.417993041,30313
6,NE,Nakhon Ratchasima,235,Kham Thala So,2014,0.471539569,28365
6,NE,Nakhon Ratchasima,235,Kham Thala So,2015,0.576191674,28686
6,NE,Nakhon Ratchasima,235,Kham Thala So,2016,0.585402112,28790
6,NE,Nakhon Ratchasima,235,Kham Thala So,2017,0.725720285,28893
6,NE,Nakhon Ratchasima,235,Kham Thala So,2018,0.752275301,27313
6,NE,Nakhon Ratchasima,235,Kham Thala So,2019,0.95003724,27388
6,NE,Nakhon Ratchasima,235,Kham Thala So,2020,1.376422912,27457
6,NE,Nakhon Ratchasima,235,Kham Thala So,2021,1.372918938,27653
61,NE,Mukdahan,236,Khamcha-i,2014,0.086895703,52859
61,NE,Mukdahan,236,Khamcha-i,2015,0.096102584,53037
61,NE,Mukdahan,236,Khamcha-i,2016,0.085426575,53209
61,NE,Mukdahan,236,Khamcha-i,2017,0.142784042,53376
61,NE,Mukdahan,236,Khamcha-i,2018,0.169860819,49468
61,NE,Mukdahan,236,Khamcha-i,2019,0.170361017,49606
61,NE,Mukdahan,236,Khamcha-i,2020,0.232749478,49729
61,NE,Mukdahan,236,Khamcha-i,2021,0.322892818,50090
14,BKK&VIC,Bangkok,237,Khan Na Yao,2014,27.23481275,108037
14,BKK&VIC,Bangkok,237,Khan Na Yao,2015,27.24298663,107749
14,BKK&VIC,Bangkok,237,Khan Na Yao,2016,28.91129207,108104
14,BKK&VIC,Bangkok,237,Khan Na Yao,2017,30.8055972,108431
14,BKK&VIC,Bangkok,237,Khan Na Yao,2018,32.03817944,113918
14,BKK&VIC,Bangkok,237,Khan Na Yao,2019,33.1475236,114720
14,BKK&VIC,Bangkok,237,Khan Na Yao,2020,33.67598309,115527
14,BKK&VIC,Bangkok,237,Khan Na Yao,2021,34.45606376,116333
59,SO,Nakhon Si Thammarat,238,Khanom,2014,0.956899388,25454
59,SO,Nakhon Si Thammarat,238,Khanom,2015,0.975414002,25543
59,SO,Nakhon Si Thammarat,238,Khanom,2016,1.072958992,25628
59,SO,Nakhon Si Thammarat,238,Khanom,2017,1.10890597,25708
59,SO,Nakhon Si Thammarat,238,Khanom,2018,1.135552979,26699
59,SO,Nakhon Si Thammarat,238,Khanom,2019,1.129431106,26708
59,SO,Nakhon Si Thammarat,238,Khanom,2020,1.122754147,26760
59,SO,Nakhon Si Thammarat,238,Khanom,2021,1.348560994,27285
36,NO,Kam Phaeng Phet,239,Khanu Woralaksaburi,2014,0.179128559,133722
36,NO,Kam Phaeng Phet,239,Khanu Woralaksaburi,2015,0.222516396,134185
36,NO,Kam Phaeng Phet,239,Khanu Woralaksaburi,2016,0.205755712,134293
36,NO,Kam Phaeng Phet,239,Khanu Woralaksaburi,2017,0.281811661,134206
36,NO,Kam Phaeng Phet,239,Khanu Woralaksaburi,2018,0.285756037,126699
36,NO,Kam Phaeng Phet,239,Khanu Woralaksaburi,2019,0.280670412,127023
36,NO,Kam Phaeng Phet,239,Khanu Woralaksaburi,2020,0.299919444,126767
36,NO,Kam Phaeng Phet,239,Khanu Woralaksaburi,2021,0.394617609,127648
55,SO,Phatthalung,240,Khao Chaison,2014,0.305220983,35422
55,SO,Phatthalung,240,Khao Chaison,2015,0.331867293,35545
55,SO,Phatthalung,240,Khao Chaison,2016,0.351473563,35659
55,SO,Phatthalung,240,Khao Chaison,2017,0.45623704,35767
55,SO,Phatthalung,240,Khao Chaison,2018,0.67020333,37480
55,SO,Phatthalung,240,Khao Chaison,2019,0.790819513,37583
55,SO,Phatthalung,240,Khao Chaison,2020,0.846056286,37671
55,SO,Phatthalung,240,Khao Chaison,2021,1.117159333,37946
10,NO,Phetchabun,244,Khao Kho,2014,0.162585049,27972
10,NO,Phetchabun,244,Khao Kho,2015,0.186277305,28092
10,NO,Phetchabun,244,Khao Kho,2016,0.215683352,28310
10,NO,Phetchabun,244,Khao Kho,2017,0.32614958,28543
10,NO,Phetchabun,244,Khao Kho,2018,0.350087288,26719
10,NO,Phetchabun,244,Khao Kho,2019,0.434317286,26829
10,NO,Phetchabun,244,Khao Kho,2020,0.463166764,26916
10,NO,Phetchabun,244,Khao Kho,2021,0.485245732,27121
63,SO,Krabi,245,Khao Phanom,2014,0.105074671,43246
63,SO,Krabi,245,Khao Phanom,2015,0.109118754,43406
63,SO,Krabi,245,Khao Phanom,2016,0.140135563,43546
63,SO,Krabi,245,Khao Phanom,2017,0.191551327,43665
63,SO,Krabi,245,Khao Phanom,2018,0.198060014,44387
63,SO,Krabi,245,Khao Phanom,2019,0.192776326,44714
63,SO,Krabi,245,Khao Phanom,2020,0.226999692,44817
63,SO,Krabi,245,Khao Phanom,2021,0.235820865,45150
29,EA,Trat,246,Khao Saming,2014,0.198866965,51495
29,EA,Trat,246,Khao Saming,2015,0.253790309,51667
29,EA,Trat,246,Khao Saming,2016,0.263159828,51840
29,EA,Trat,246,Khao Saming,2017,0.33143031,51998
29,EA,Trat,246,Khao Saming,2018,0.35140916,56956
29,EA,Trat,246,Khao Saming,2019,0.391967164,56835
29,EA,Trat,246,Khao Saming,2020,0.395746169,56747
29,EA,Trat,246,Khao Saming,2021,0.424240196,57152
15,NE,Khon Kaen,247,Khao Suan Kwang,2014,0.261903957,36837
15,NE,Khon Kaen,247,Khao Suan Kwang,2015,0.272772153,36961
15,NE,Khon Kaen,247,Khao Suan Kwang,2016,0.349305581,37084
15,NE,Khon Kaen,247,Khao Suan Kwang,2017,0.412855027,37196
15,NE,Khon Kaen,247,Khao Suan Kwang,2018,0.439009501,35727
15,NE,Khon Kaen,247,Khao Suan Kwang,2019,0.447342935,35826
15,NE,Khon Kaen,247,Khao Suan Kwang,2020,0.513785424,35911
15,NE,Khon Kaen,247,Khao Suan Kwang,2021,0.650347276,36181
20,NE,Kalasin,248,Khao Wong,2014,0.259047654,29315
20,NE,Kalasin,248,Khao Wong,2015,0.338381928,29425
20,NE,Kalasin,248,Khao Wong,2016,0.273728611,29511
20,NE,Kalasin,248,Khao Wong,2017,0.436025326,29561
20,NE,Kalasin,248,Khao Wong,2018,0.480850695,28036
20,NE,Kalasin,248,Khao Wong,2019,0.445867218,28111
20,NE,Kalasin,248,Khao Wong,2020,0.570515385,28201
20,NE,Kalasin,248,Khao Wong,2021,0.604630469,28398
8,WE,Phetchaburi,249,Khao Yoi,2014,1.347865948,38476
8,WE,Phetchaburi,249,Khao Yoi,2015,1.552170337,38601
8,WE,Phetchaburi,249,Khao Yoi,2016,1.739806939,38731
8,WE,Phetchaburi,249,Khao Yoi,2017,1.950259419,38870
8,WE,Phetchaburi,249,Khao Yoi,2018,1.97843782,38101
8,WE,Phetchaburi,249,Khao Yoi,2019,2.055407111,38207
8,WE,Phetchaburi,249,Khao Yoi,2020,2.237364248,38306
8,WE,Phetchaburi,249,Khao Yoi,2021,2.38732564,38579
41,NE,Ubon Ratchathani,250,Khemarat,2014,0.149672599,69028
41,NE,Ubon Ratchathani,250,Khemarat,2015,0.174947565,69270
41,NE,Ubon Ratchathani,250,Khemarat,2016,0.181107401,69507
41,NE,Ubon Ratchathani,250,Khemarat,2017,0.282707439,69709
41,NE,Ubon Ratchathani,250,Khemarat,2018,0.278876687,68494
41,NE,Ubon Ratchathani,250,Khemarat,2019,0.246514977,62323
41,NE,Ubon Ratchathani,250,Khemarat,2020,0.326132963,60008
41,NE,Ubon Ratchathani,250,Khemarat,2021,0.499045893,60461
11,SO,Surat Thani,251,Khian Sa,2014,0.068186931,40815
11,SO,Surat Thani,251,Khian Sa,2015,0.076341736,40960
11,SO,Surat Thani,251,Khian Sa,2016,0.11317546,41094
11,SO,Surat Thani,251,Khian Sa,2017,0.199058224,41222
11,SO,Surat Thani,251,Khian Sa,2018,0.195107342,42037
11,SO,Surat Thani,251,Khian Sa,2019,0.190965985,42314
11,SO,Surat Thani,251,Khian Sa,2020,0.229429297,42433
11,SO,Surat Thani,251,Khian Sa,2021,0.239061681,42862
7,NO,Sukhothai,252,Khiri Mat,2014,0.272553656,60794
7,NO,Sukhothai,252,Khiri Mat,2015,0.200505751,60713
7,NO,Sukhothai,252,Khiri Mat,2016,0.133549329,60913
7,NO,Sukhothai,252,Khiri Mat,2017,0.182604461,60844
7,NO,Sukhothai,252,Khiri Mat,2018,0.191165994,58217
7,NO,Sukhothai,252,Khiri Mat,2019,0.243887938,58362
7,NO,Sukhothai,252,Khiri Mat,2020,0.254367671,58493
7,NO,Sukhothai,252,Khiri Mat,2021,0.312540352,58912
11,SO,Surat Thani,253,Khiri Ratthanikhom,2014,0.081637849,48707
11,SO,Surat Thani,253,Khiri Ratthanikhom,2015,0.082576579,48877
11,SO,Surat Thani,253,Khiri Ratthanikhom,2016,0.103716121,49014
11,SO,Surat Thani,253,Khiri Ratthanikhom,2017,0.162280531,49143
11,SO,Surat Thani,253,Khiri Ratthanikhom,2018,0.200174058,50523
11,SO,Surat Thani,253,Khiri Ratthanikhom,2019,0.185371326,50738
11,SO,Surat Thani,253,Khiri Ratthanikhom,2020,0.22171431,50859
11,SO,Surat Thani,253,Khiri Ratthanikhom,2021,0.219147907,50283
75,EA,Sa Kaew,254,Khlong Hat,2014,0.07241853,36183
75,EA,Sa Kaew,254,Khlong Hat,2015,0.095246444,36327
75,EA,Sa Kaew,254,Khlong Hat,2016,0.141528213,36301
75,EA,Sa Kaew,254,Khlong Hat,2017,0.204552535,36687
75,EA,Sa Kaew,254,Khlong Hat,2018,0.197267787,40969
75,EA,Sa Kaew,254,Khlong Hat,2019,0.260351827,41103
75,EA,Sa Kaew,254,Khlong Hat,2020,0.288551947,41461
75,EA,Sa Kaew,254,Khlong Hat,2021,0.388501512,41781
43,SO,Songkhla,255,Khlong Hoi Kong,2014,0.495218851,18239
43,SO,Songkhla,255,Khlong Hoi Kong,2015,0.659257372,18231
43,SO,Songkhla,255,Khlong Hoi Kong,2016,0.735282869,18294
43,SO,Songkhla,255,Khlong Hoi Kong,2017,0.902812996,18340
43,SO,Songkhla,255,Khlong Hoi Kong,2018,1.014379055,18638
43,SO,Songkhla,255,Khlong Hoi Kong,2019,0.880239938,18674
43,SO,Songkhla,255,Khlong Hoi Kong,2020,0.929501543,18706
43,SO,Songkhla,255,Khlong Hoi Kong,2021,1.040511229,18786
58,BKK&VIC,Pathum Thani,259,Khlong Luang,2014,9.203667937,303417
58,BKK&VIC,Pathum Thani,259,Khlong Luang,2015,9.506946399,305288
58,BKK&VIC,Pathum Thani,259,Khlong Luang,2016,9.499829386,306315
58,BKK&VIC,Pathum Thani,259,Khlong Luang,2017,10.49463599,307312
58,BKK&VIC,Pathum Thani,259,Khlong Luang,2018,10.71815033,343013
58,BKK&VIC,Pathum Thani,259,Khlong Luang,2019,11.02158445,343943
58,BKK&VIC,Pathum Thani,259,Khlong Luang,2020,10.94379454,344499
58,BKK&VIC,Pathum Thani,259,Khlong Luang,2021,11.71884291,347011
14,BKK&VIC,Bangkok,260,Khlong Sam Wa,2014,10.45753543,145964
14,BKK&VIC,Bangkok,260,Khlong Sam Wa,2015,11.00324186,146676
14,BKK&VIC,Bangkok,260,Khlong Sam Wa,2016,11.49904285,147157
14,BKK&VIC,Bangkok,260,Khlong Sam Wa,2017,11.74132693,147809
14,BKK&VIC,Bangkok,260,Khlong Sam Wa,2018,12.05165544,152045
14,BKK&VIC,Bangkok,260,Khlong Sam Wa,2019,12.35754759,152851
14,BKK&VIC,Bangkok,260,Khlong Sam Wa,2020,13.36502701,153575
14,BKK&VIC,Bangkok,260,Khlong Sam Wa,2021,13.95729378,155470
14,BKK&VIC,Bangkok,261,Khlong San,2014,42.82811075,197903
14,BKK&VIC,Bangkok,261,Khlong San,2015,44.44426404,198590
14,BKK&VIC,Bangkok,261,Khlong San,2016,47.07418848,199245
14,BKK&VIC,Bangkok,261,Khlong San,2017,45.77111615,199868
14,BKK&VIC,Bangkok,261,Khlong San,2018,62.48181877,206896
14,BKK&VIC,Bangkok,261,Khlong San,2019,52.56695906,207464
14,BKK&VIC,Bangkok,261,Khlong San,2020,46.87639741,207986
14,BKK&VIC,Bangkok,261,Khlong San,2021,48.40604391,209504
63,SO,Krabi,262,Khlong Thom,2014,0.17226973,63376
63,SO,Krabi,262,Khlong Thom,2015,0.228506557,63602
63,SO,Krabi,262,Khlong Thom,2016,0.277074593,63817
63,SO,Krabi,262,Khlong Thom,2017,0.411637839,64016
63,SO,Krabi,262,Khlong Thom,2018,0.459405742,64903
63,SO,Krabi,262,Khlong Thom,2019,0.477890955,65064
63,SO,Krabi,262,Khlong Thom,2020,0.528209026,65209
63,SO,Krabi,262,Khlong Thom,2021,0.585328124,65698
14,BKK&VIC,Bangkok,263,Khlong Toey,2014,54.96390431,205149
14,BKK&VIC,Bangkok,263,Khlong Toey,2015,58.5304045,205860
14,BKK&VIC,Bangkok,263,Khlong Toey,2016,58.60478563,206540
14,BKK&VIC,Bangkok,263,Khlong Toey,2017,59.42165825,207184
14,BKK&VIC,Bangkok,263,Khlong Toey,2018,59.91891333,214147
14,BKK&VIC,Bangkok,263,Khlong Toey,2019,59.81263448,214735
14,BKK&VIC,Bangkok,263,Khlong Toey,2020,57.09020508,215274
14,BKK&VIC,Bangkok,263,Khlong Toey,2021,60.20863974,216845
29,EA,Trat,264,Khlong Yai,2014,0.792196088,24322
29,EA,Trat,264,Khlong Yai,2015,0.84016189,24264
29,EA,Trat,264,Khlong Yai,2016,0.76115819,24346
29,EA,Trat,264,Khlong Yai,2017,0.944961836,24409
29,EA,Trat,264,Khlong Yai,2018,1.315789661,27031
29,EA,Trat,264,Khlong Yai,2019,1.504161506,27051
29,EA,Trat,264,Khlong Yai,2020,2.011288278,27102
29,EA,Trat,264,Khlong Yai,2021,2.226839465,27259
71,EA,Chanthaburi,265,Khlung,2014,0.199055741,54852
71,EA,Chanthaburi,265,Khlung,2015,0.235841449,54964
71,EA,Chanthaburi,265,Khlung,2016,0.270752744,55133
71,EA,Chanthaburi,265,Khlung,2017,0.323631897,55283
71,EA,Chanthaburi,265,Khlung,2018,0.343329832,62377
71,EA,Chanthaburi,265,Khlung,2019,0.331090346,62529
71,EA,Chanthaburi,265,Khlung,2020,0.353417305,62675
71,EA,Chanthaburi,265,Khlung,2021,0.349475571,63137
31,NE,Yasothon,266,Kho Wang,2014,0.168372091,23537
31,NE,Yasothon,266,Kho Wang,2015,0.214866226,23579
31,NE,Yasothon,266,Kho Wang,2016,0.215856001,23655
31,NE,Yasothon,266,Kho Wang,2017,0.286460018,23720
31,NE,Yasothon,266,Kho Wang,2018,0.289366102,22811
31,NE,Yasothon,266,Kho Wang,2019,0.30162363,22872
31,NE,Yasothon,266,Kho Wang,2020,0.382573179,22933
31,NE,Yasothon,266,Kho Wang,2021,0.451944689,23098
62,CE,Lop Buri,267,Khok Charoen,2014,0.061004899,31548
62,CE,Lop Buri,267,Khok Charoen,2015,0.085176344,31676
62,CE,Lop Buri,267,Khok Charoen,2016,0.101028326,31746
62,CE,Lop Buri,267,Khok Charoen,2017,0.227086922,31724
62,CE,Lop Buri,267,Khok Charoen,2018,0.211306354,30690
62,CE,Lop Buri,267,Khok Charoen,2019,0.1717228,30775
62,CE,Lop Buri,267,Khok Charoen,2020,0.191702228,30654
62,CE,Lop Buri,267,Khok Charoen,2021,0.232489863,30863
57,SO,Pattani,268,Khok Pho,2014,0.851724862,62955
57,SO,Pattani,268,Khok Pho,2015,0.965228626,63172
57,SO,Pattani,268,Khok Pho,2016,1.046798516,63379
57,SO,Pattani,268,Khok Pho,2017,1.22451245,63569
57,SO,Pattani,268,Khok Pho,2018,1.292256195,64502
57,SO,Pattani,268,Khok Pho,2019,1.215496351,64676
57,SO,Pattani,268,Khok Pho,2020,1.304623774,64835
57,SO,Pattani,268,Khok Pho,2021,1.423432075,65231
62,CE,Lop Buri,270,Khok Samrong,2014,0.305643204,89719
62,CE,Lop Buri,270,Khok Samrong,2015,0.374797591,90038
62,CE,Lop Buri,270,Khok Samrong,2016,0.407668358,90348
62,CE,Lop Buri,270,Khok Samrong,2017,0.52129991,90644
62,CE,Lop Buri,270,Khok Samrong,2018,0.462858788,88342
62,CE,Lop Buri,270,Khok Samrong,2019,0.503721025,88580
62,CE,Lop Buri,270,Khok Samrong,2020,0.546047398,89089
62,CE,Lop Buri,270,Khok Samrong,2021,0.647947678,89735
24,NE,Sakon Nakhon,271,Khok Sri Supan,2014,0.116236612,30271
24,NE,Sakon Nakhon,271,Khok Sri Supan,2015,0.162296109,30369
24,NE,Sakon Nakhon,271,Khok Sri Supan,2016,0.181094126,30492
24,NE,Sakon Nakhon,271,Khok Sri Supan,2017,0.333766963,30655
24,NE,Sakon Nakhon,271,Khok Sri Supan,2018,0.377425114,28549
24,NE,Sakon Nakhon,271,Khok Sri Supan,2019,0.331494485,28626
24,NE,Sakon Nakhon,271,Khok Sri Supan,2020,0.403955043,28700
24,NE,Sakon Nakhon,271,Khok Sri Supan,2021,0.573406789,28908
6,NE,Nakhon Ratchasima,273,Khon Buri,2014,0.085922052,96678
6,NE,Nakhon Ratchasima,273,Khon Buri,2015,0.113444957,96985
6,NE,Nakhon Ratchasima,273,Khon Buri,2016,0.127068862,97300
6,NE,Nakhon Ratchasima,273,Khon Buri,2017,0.161382273,97560
6,NE,Nakhon Ratchasima,273,Khon Buri,2018,0.153329891,92741
6,NE,Nakhon Ratchasima,273,Khon Buri,2019,0.153147164,92983
6,NE,Nakhon Ratchasima,273,Khon Buri,2020,0.157869757,93211
6,NE,Nakhon Ratchasima,273,Khon Buri,2021,0.211623512,93886
9,NE,Chaiyaphum,274,Khon San,2014,0.110971834,54661
9,NE,Chaiyaphum,274,Khon San,2015,0.112383534,54830
9,NE,Chaiyaphum,274,Khon San,2016,0.103804033,55011
9,NE,Chaiyaphum,274,Khon San,2017,0.128627188,55180
9,NE,Chaiyaphum,274,Khon San,2018,0.133871798,53063
9,NE,Chaiyaphum,274,Khon San,2019,0.131202951,53213
9,NE,Chaiyaphum,274,Khon San,2020,0.137598832,53344
9,NE,Chaiyaphum,274,Khon San,2021,0.166068211,53733
9,NE,Chaiyaphum,275,Khon Sawan,2014,0.23686303,48032
9,NE,Chaiyaphum,275,Khon Sawan,2015,0.288092691,48108
9,NE,Chaiyaphum,275,Khon Sawan,2016,0.362740757,48274
9,NE,Chaiyaphum,275,Khon Sawan,2017,0.35177543,48437
9,NE,Chaiyaphum,275,Khon Sawan,2018,0.389351285,46574
9,NE,Chaiyaphum,275,Khon Sawan,2019,0.372315047,46710
9,NE,Chaiyaphum,275,Khon Sawan,2020,0.406111711,46825
9,NE,Chaiyaphum,275,Khon Sawan,2021,0.451574265,47168
6,NE,Nakhon Ratchasima,276,Khong,2014,0.148507524,82212
6,NE,Nakhon Ratchasima,276,Khong,2015,0.186300349,82325
6,NE,Nakhon Ratchasima,276,Khong,2016,0.224212253,82099
6,NE,Nakhon Ratchasima,276,Khong,2017,0.296897238,82324
6,NE,Nakhon Ratchasima,276,Khong,2018,0.31323358,78401
6,NE,Nakhon Ratchasima,276,Khong,2019,0.402461525,78618
6,NE,Nakhon Ratchasima,276,Khong,2020,0.452550314,78813
6,NE,Nakhon Ratchasima,276,Khong,2021,0.51174493,79386
41,NE,Ubon Ratchathani,278,Khong Chiam,2014,0.061033786,30486
41,NE,Ubon Ratchathani,278,Khong Chiam,2015,0.062837994,30593
41,NE,Ubon Ratchathani,278,Khong Chiam,2016,0.058744119,30556
41,NE,Ubon Ratchathani,278,Khong Chiam,2017,0.093337114,29738
41,NE,Ubon Ratchathani,278,Khong Chiam,2018,0.080657954,28007
41,NE,Ubon Ratchathani,278,Khong Chiam,2019,0.094760748,28401
41,NE,Ubon Ratchathani,278,Khong Chiam,2020,0.14251249,27709
41,NE,Ubon Ratchathani,278,Khong Chiam,2021,0.136357522,27917
35,NE,Buri Ram,279,Khu Muang,2014,0.183167161,56006
35,NE,Buri Ram,279,Khu Muang,2015,0.230277667,56095
35,NE,Buri Ram,279,Khu Muang,2016,0.243314406,56281
35,NE,Buri Ram,279,Khu Muang,2017,0.372074223,56394
35,NE,Buri Ram,279,Khu Muang,2018,0.454469542,53378
35,NE,Buri Ram,279,Khu Muang,2019,0.437683653,53521
35,NE,Buri Ram,279,Khu Muang,2020,0.472366879,53661
35,NE,Buri Ram,279,Khu Muang,2021,0.656587727,54056
76,SO,Satun,280,Khuan Don,2014,0.283575903,23845
76,SO,Satun,280,Khuan Don,2015,0.34937536,23926
76,SO,Satun,280,Khuan Don,2016,0.471336203,24007
76,SO,Satun,280,Khuan Don,2017,0.562055259,24051
76,SO,Satun,280,Khuan Don,2018,0.699910587,24118
76,SO,Satun,280,Khuan Don,2019,0.696825699,24170
76,SO,Satun,280,Khuan Don,2020,0.725600051,24260
76,SO,Satun,280,Khuan Don,2021,0.900867519,24437
76,SO,Satun,281,Khuan Ka Long,2014,0.192467648,34116
76,SO,Satun,281,Khuan Ka Long,2015,0.223437953,34253
76,SO,Satun,281,Khuan Ka Long,2016,0.271239229,34355
76,SO,Satun,281,Khuan Ka Long,2017,0.356303186,34698
76,SO,Satun,281,Khuan Ka Long,2018,0.444999437,34937
76,SO,Satun,281,Khuan Ka Long,2019,0.47806098,35029
76,SO,Satun,281,Khuan Ka Long,2020,0.553243607,35124
76,SO,Satun,281,Khuan Ka Long,2021,0.67625686,35387
55,SO,Phatthalung,282,Khuan Khanun,2014,0.365184624,92806
55,SO,Phatthalung,282,Khuan Khanun,2015,0.393995193,93153
55,SO,Phatthalung,282,Khuan Khanun,2016,0.423726164,93444
55,SO,Phatthalung,282,Khuan Khanun,2017,0.497598082,93731
55,SO,Phatthalung,282,Khuan Khanun,2018,0.546249242,98205
55,SO,Phatthalung,282,Khuan Khanun,2019,0.624018587,98397
55,SO,Phatthalung,282,Khuan Khanun,2020,0.680434862,98571
55,SO,Phatthalung,282,Khuan Khanun,2021,0.791986199,99303
43,SO,Songkhla,283,Khuan Niang,2014,0.258537113,42183
43,SO,Songkhla,283,Khuan Niang,2015,0.326905145,42318
43,SO,Songkhla,283,Khuan Niang,2016,0.450318932,42460
43,SO,Songkhla,283,Khuan Niang,2017,0.587472754,42591
43,SO,Songkhla,283,Khuan Niang,2018,0.613338006,43524
43,SO,Songkhla,283,Khuan Niang,2019,0.736352964,43645
43,SO,Songkhla,283,Khuan Niang,2020,0.755375629,43753
43,SO,Songkhla,283,Khuan Niang,2021,0.940272541,44073
41,NE,Ubon Ratchathani,284,Khuang Nai,2014,0.296493415,113490
41,NE,Ubon Ratchathani,284,Khuang Nai,2015,0.324599931,113870
41,NE,Ubon Ratchathani,284,Khuang Nai,2016,0.285387551,114257
41,NE,Ubon Ratchathani,284,Khuang Nai,2017,0.396245039,114629
41,NE,Ubon Ratchathani,284,Khuang Nai,2018,0.399793001,108161
41,NE,Ubon Ratchathani,284,Khuang Nai,2019,0.409958722,108453
41,NE,Ubon Ratchathani,284,Khuang Nai,2020,0.491723597,108727
41,NE,Ubon Ratchathani,284,Khuang Nai,2021,0.563350836,109512
12,NE,Si Sa Ket,285,Khukhan,2014,0.18181668,109477
12,NE,Si Sa Ket,285,Khukhan,2015,0.197758513,109848
12,NE,Si Sa Ket,285,Khukhan,2016,0.18992812,110204
12,NE,Si Sa Ket,285,Khukhan,2017,0.271466522,110548
12,NE,Si Sa Ket,285,Khukhan,2018,0.352367533,104898
12,NE,Si Sa Ket,285,Khukhan,2019,0.368004104,105188
12,NE,Si Sa Ket,285,Khukhan,2020,0.396083644,105456
12,NE,Si Sa Ket,285,Khukhan,2021,0.457105107,106223
12,NE,Si Sa Ket,286,Khun Han,2014,0.089163864,77170
12,NE,Si Sa Ket,286,Khun Han,2015,0.109420009,77432
12,NE,Si Sa Ket,286,Khun Han,2016,0.115726597,77685
12,NE,Si Sa Ket,286,Khun Han,2017,0.208847022,77930
12,NE,Si Sa Ket,286,Khun Han,2018,0.250168694,73698
12,NE,Si Sa Ket,286,Khun Han,2019,0.258608503,73901
12,NE,Si Sa Ket,286,Khun Han,2020,0.309418173,74086
12,NE,Si Sa Ket,286,Khun Han,2021,0.354483905,74628
25,NO,Chiang Rai,287,Khun Tan,2014,0.095974723,35883
25,NO,Chiang Rai,287,Khun Tan,2015,0.32564677,35775
25,NO,Chiang Rai,287,Khun Tan,2016,0.316238846,35900
25,NO,Chiang Rai,287,Khun Tan,2017,0.418234622,35916
25,NO,Chiang Rai,287,Khun Tan,2018,0.43235162,33924
25,NO,Chiang Rai,287,Khun Tan,2019,0.457030053,34008
25,NO,Chiang Rai,287,Khun Tan,2020,0.603332657,34096
25,NO,Chiang Rai,287,Khun Tan,2021,0.63295688,34344
74,NO,Mae Hong Son,288,Khun Yuam,2014,0.016100138,18142
74,NO,Mae Hong Son,288,Khun Yuam,2015,0.017089083,18204
74,NO,Mae Hong Son,288,Khun Yuam,2016,0.01544715,18264
74,NO,Mae Hong Son,288,Khun Yuam,2017,0.023518116,18316
74,NO,Mae Hong Son,288,Khun Yuam,2018,0.030445772,17978
74,NO,Mae Hong Son,288,Khun Yuam,2019,0.033056152,18031
74,NO,Mae Hong Son,288,Khun Yuam,2020,0.035696362,18077
74,NO,Mae Hong Son,288,Khun Yuam,2021,0.033957691,18205
56,SO,Phangnga,289,Khura Buri,2014,0.07353064,23263
56,SO,Phangnga,289,Khura Buri,2015,0.074881057,23357
56,SO,Phangnga,289,Khura Buri,2016,0.071302668,23432
56,SO,Phangnga,289,Khura Buri,2017,0.098024003,23725
56,SO,Phangnga,289,Khura Buri,2018,0.0858086,24511
56,SO,Phangnga,289,Khura Buri,2019,0.101719428,24585
56,SO,Phangnga,289,Khura Buri,2020,0.114110463,24650
56,SO,Phangnga,289,Khura Buri,2021,0.125804131,24749
51,EA,Rayong,291,Klaeng,2014,1.438122943,202243
51,EA,Rayong,291,Klaeng,2015,1.644938283,202937
51,EA,Rayong,291,Klaeng,2016,1.619547781,203610
51,EA,Rayong,291,Klaeng,2017,1.763451649,204241
51,EA,Rayong,291,Klaeng,2018,1.955133518,221853
51,EA,Rayong,291,Klaeng,2019,1.939913056,222387
51,EA,Rayong,291,Klaeng,2020,2.085448916,222901
51,EA,Rayong,291,Klaeng,2021,2.222057341,224526
36,NO,Kam Phaeng Phet,256,Klong Khlung,2014,0.348226871,83600
36,NO,Kam Phaeng Phet,256,Klong Khlung,2015,0.438714637,83475
36,NO,Kam Phaeng Phet,256,Klong Khlung,2016,0.457155344,83718
36,NO,Kam Phaeng Phet,256,Klong Khlung,2017,0.632674232,82252
36,NO,Kam Phaeng Phet,256,Klong Khlung,2018,0.689361589,77281
36,NO,Kam Phaeng Phet,256,Klong Khlung,2019,0.689573945,77571
36,NO,Kam Phaeng Phet,256,Klong Khlung,2020,0.736910734,77678
36,NO,Kam Phaeng Phet,256,Klong Khlung,2021,0.942651385,78253
36,NO,Kam Phaeng Phet,258,Klong Lan,2014,0.051274532,63204
36,NO,Kam Phaeng Phet,258,Klong Lan,2015,0.085216016,63178
36,NO,Kam Phaeng Phet,258,Klong Lan,2016,0.097679615,63350
36,NO,Kam Phaeng Phet,258,Klong Lan,2017,0.122219024,64208
36,NO,Kam Phaeng Phet,258,Klong Lan,2018,0.119737548,60406
36,NO,Kam Phaeng Phet,258,Klong Lan,2019,0.117192752,60542
36,NO,Kam Phaeng Phet,258,Klong Lan,2020,0.118247256,62156
36,NO,Kam Phaeng Phet,258,Klong Lan,2021,0.145055749,62809
37,NO,Lampang,294,Ko Kha,2014,0.371972798,61640
37,NO,Lampang,294,Ko Kha,2015,0.450180122,61878
37,NO,Lampang,294,Ko Kha,2016,0.431585502,62009
37,NO,Lampang,294,Ko Kha,2017,0.626223273,61756
37,NO,Lampang,294,Ko Kha,2018,0.690813219,59496
37,NO,Lampang,294,Ko Kha,2019,0.728304652,59658
37,NO,Lampang,294,Ko Kha,2020,0.751701825,59809
37,NO,Lampang,294,Ko Kha,2021,0.861907673,58880
63,SO,Krabi,296,Ko Lanta,2014,0.238396745,24583
63,SO,Krabi,296,Ko Lanta,2015,0.236592829,24665
63,SO,Krabi,296,Ko Lanta,2016,0.273673085,24745
63,SO,Krabi,296,Ko Lanta,2017,0.380457107,24821
63,SO,Krabi,296,Ko Lanta,2018,0.369997398,24981
63,SO,Krabi,296,Ko Lanta,2019,0.393800979,24781
63,SO,Krabi,296,Ko Lanta,2020,0.473360277,24749
63,SO,Krabi,296,Ko Lanta,2021,0.648473661,24930
11,SO,Surat Thani,297,Ko Phangan,2014,1.22141737,10045
11,SO,Surat Thani,297,Ko Phangan,2015,1.111664426,9988
11,SO,Surat Thani,297,Ko Phangan,2016,1.182979271,10020
11,SO,Surat Thani,297,Ko Phangan,2017,1.389880566,9994
11,SO,Surat Thani,297,Ko Phangan,2018,1.545030156,10161
11,SO,Surat Thani,297,Ko Phangan,2019,1.741136222,10935
11,SO,Surat Thani,297,Ko Phangan,2020,1.928325541,11142
11,SO,Surat Thani,297,Ko Phangan,2021,1.883503628,11222
11,SO,Surat Thani,298,Ko Samui,2014,2.727915505,35809
11,SO,Surat Thani,298,Ko Samui,2015,2.492361013,36405
11,SO,Surat Thani,298,Ko Samui,2016,2.601441104,36527
11,SO,Surat Thani,298,Ko Samui,2017,2.730951079,36714
11,SO,Surat Thani,298,Ko Samui,2018,2.931407051,37651
11,SO,Surat Thani,298,Ko Samui,2019,2.783507139,34841
11,SO,Surat Thani,298,Ko Samui,2020,3.00206811,34017
11,SO,Surat Thani,298,Ko Samui,2021,2.879414233,34263
64,EA,Chon Buri,299,Ko Sichang,2014,3.08112706,5222
64,EA,Chon Buri,299,Ko Sichang,2015,3.183415073,5240
64,EA,Chon Buri,299,Ko Sichang,2016,3.092997379,5258
64,EA,Chon Buri,299,Ko Sichang,2017,3.317122254,5274
64,EA,Chon Buri,299,Ko Sichang,2018,3.478930585,5610
64,EA,Chon Buri,299,Ko Sichang,2019,3.520209271,5571
64,EA,Chon Buri,299,Ko Sichang,2020,3.438530642,5571
64,EA,Chon Buri,299,Ko Sichang,2021,3.690101901,5613
56,SO,Phangnga,300,Ko Yao,2014,0.083824716,13320
56,SO,Phangnga,300,Ko Yao,2015,0.111214984,13364
56,SO,Phangnga,300,Ko Yao,2016,0.114715703,13410
56,SO,Phangnga,300,Ko Yao,2017,0.164269226,13452
56,SO,Phangnga,300,Ko Yao,2018,0.149402008,13854
56,SO,Phangnga,300,Ko Yao,2019,0.187679241,13834
56,SO,Phangnga,300,Ko Yao,2020,0.241650492,13775
56,SO,Phangnga,300,Ko Yao,2021,0.250428839,13877
7,NO,Sukhothai,301,Kong Krailat,2014,0.956014998,62420
7,NO,Sukhothai,301,Kong Krailat,2015,1.035489912,62594
7,NO,Sukhothai,301,Kong Krailat,2016,1.163442659,62846
7,NO,Sukhothai,301,Kong Krailat,2017,1.245308566,63063
7,NO,Sukhothai,301,Kong Krailat,2018,0.842385367,60370
7,NO,Sukhothai,301,Kong Krailat,2019,0.860384422,60529
7,NO,Sukhothai,301,Kong Krailat,2020,0.764182713,60679
7,NO,Sukhothai,301,Kong Krailat,2021,0.977776225,61118
55,SO,Phatthalung,302,Kong Ra,2014,0.113982568,33669
55,SO,Phatthalung,302,Kong Ra,2015,0.125314964,33785
55,SO,Phatthalung,302,Kong Ra,2016,0.134776377,33898
55,SO,Phatthalung,302,Kong Ra,2017,0.207710438,34000
55,SO,Phatthalung,302,Kong Ra,2018,0.234389853,35411
55,SO,Phatthalung,302,Kong Ra,2019,0.273781221,35506
55,SO,Phatthalung,302,Kong Ra,2020,0.352561974,35598
55,SO,Phatthalung,302,Kong Ra,2021,0.462612173,35856
46,NE,Maha Sarakham,304,Kosum Phisai,2014,0.312399837,108498
46,NE,Maha Sarakham,304,Kosum Phisai,2015,0.353162288,108901
46,NE,Maha Sarakham,304,Kosum Phisai,2016,0.360561915,109261
46,NE,Maha Sarakham,304,Kosum Phisai,2017,0.45942845,109498
46,NE,Maha Sarakham,304,Kosum Phisai,2018,0.525840824,105990
46,NE,Maha Sarakham,304,Kosum Phisai,2019,0.606433359,106927
46,NE,Maha Sarakham,304,Kosum Phisai,2020,0.677604294,107444
46,NE,Maha Sarakham,304,Kosum Phisai,2021,0.764777863,108194
22,SO,Ranong,305,Kra Buri,2014,0.064629679,71015
22,SO,Ranong,305,Kra Buri,2015,0.067368107,71302
22,SO,Ranong,305,Kra Buri,2016,0.070004555,71556
22,SO,Ranong,305,Kra Buri,2017,0.172475371,71561
22,SO,Ranong,305,Kra Buri,2018,0.209320999,72251
22,SO,Ranong,305,Kra Buri,2019,0.220546207,73193
22,SO,Ranong,305,Kra Buri,2020,0.305728149,73643
22,SO,Ranong,305,Kra Buri,2021,0.356339822,74116
15,NE,Khon Kaen,306,Kranuan,2014,0.364475474,81828
15,NE,Khon Kaen,306,Kranuan,2015,0.403311539,82097
15,NE,Khon Kaen,306,Kranuan,2016,0.365771328,82368
15,NE,Khon Kaen,306,Kranuan,2017,0.507183981,82639
15,NE,Khon Kaen,306,Kranuan,2018,0.634374639,79539
15,NE,Khon Kaen,306,Kranuan,2019,0.575823289,79729
15,NE,Khon Kaen,306,Kranuan,2020,0.567257287,79935
15,NE,Khon Kaen,306,Kranuan,2021,0.63420694,80523
43,SO,Songkhla,307,Krasae Sinthu,2014,0.132665032,21248
43,SO,Songkhla,307,Krasae Sinthu,2015,0.115222236,21320
43,SO,Songkhla,307,Krasae Sinthu,2016,0.131976087,21387
43,SO,Songkhla,307,Krasae Sinthu,2017,0.214754483,21455
43,SO,Songkhla,307,Krasae Sinthu,2018,0.263089448,21884
43,SO,Songkhla,307,Krasae Sinthu,2019,0.265797661,21824
43,SO,Songkhla,307,Krasae Sinthu,2020,0.389415779,21798
43,SO,Songkhla,307,Krasae Sinthu,2021,0.532378479,21960
35,NE,Buri Ram,308,Krasang,2014,0.159504466,89278
35,NE,Buri Ram,308,Krasang,2015,0.172201288,89261
35,NE,Buri Ram,308,Krasang,2016,0.183854679,89548
35,NE,Buri Ram,308,Krasang,2017,0.221082635,89631
35,NE,Buri Ram,308,Krasang,2018,0.2312676,84556
35,NE,Buri Ram,308,Krasang,2019,0.214417395,84784
35,NE,Buri Ram,308,Krasang,2020,0.282077753,84996
35,NE,Buri Ram,308,Krasang,2021,0.492045826,85612
68,BKK&VIC,Samut Sakhon,309,Krathum Baen,2014,8.282472613,246207
68,BKK&VIC,Samut Sakhon,309,Krathum Baen,2015,9.641974153,247061
68,BKK&VIC,Samut Sakhon,309,Krathum Baen,2016,9.865201202,247877
68,BKK&VIC,Samut Sakhon,309,Krathum Baen,2017,9.919167971,248654
68,BKK&VIC,Samut Sakhon,309,Krathum Baen,2018,10.03838417,268971
68,BKK&VIC,Samut Sakhon,309,Krathum Baen,2019,10.86861206,269708
68,BKK&VIC,Samut Sakhon,309,Krathum Baen,2020,10.99464712,270386
68,BKK&VIC,Samut Sakhon,309,Krathum Baen,2021,11.94005442,272361
2,NO,Nakhon Sawan,310,Krok Phra,2014,0.317134201,31418
2,NO,Nakhon Sawan,310,Krok Phra,2015,0.404905867,31525
2,NO,Nakhon Sawan,310,Krok Phra,2016,0.424427145,31632
2,NO,Nakhon Sawan,310,Krok Phra,2017,0.52057666,31730
2,NO,Nakhon Sawan,310,Krok Phra,2018,0.526412147,30400
2,NO,Nakhon Sawan,310,Krok Phra,2019,0.723185912,30492
2,NO,Nakhon Sawan,310,Krok Phra,2020,0.733379278,30493
2,NO,Nakhon Sawan,310,Krok Phra,2021,0.868147159,30721
20,NE,Kalasin,313,Kuchinarai,2014,0.315665142,92696
20,NE,Kalasin,313,Kuchinarai,2015,0.333744806,93006
20,NE,Kalasin,313,Kuchinarai,2016,0.331384507,93331
20,NE,Kalasin,313,Kuchinarai,2017,0.495032082,93702
20,NE,Kalasin,313,Kuchinarai,2018,0.487898323,89000
20,NE,Kalasin,313,Kuchinarai,2019,0.511595918,89241
20,NE,Kalasin,313,Kuchinarai,2020,0.704575073,89465
20,NE,Kalasin,313,Kuchinarai,2021,0.755328239,90120
42,WE,Phachuap Khiri Khan,314,Kui Buri,2014,0.209584601,41243
42,WE,Phachuap Khiri Khan,314,Kui Buri,2015,0.26961203,40853
42,WE,Phachuap Khiri Khan,314,Kui Buri,2016,0.317881602,40990
42,WE,Phachuap Khiri Khan,314,Kui Buri,2017,0.422930941,40964
42,WE,Phachuap Khiri Khan,314,Kui Buri,2018,0.47786659,40361
42,WE,Phachuap Khiri Khan,314,Kui Buri,2019,0.532866069,40403
42,WE,Phachuap Khiri Khan,314,Kui Buri,2020,0.585725625,40464
42,WE,Phachuap Khiri Khan,314,Kui Buri,2021,0.706997656,40755
23,NE,Udon Thani,315,Kumphawapi,2014,0.405836278,120321
23,NE,Udon Thani,315,Kumphawapi,2015,0.447879029,120503
23,NE,Udon Thani,315,Kumphawapi,2016,0.470902087,120787
23,NE,Udon Thani,315,Kumphawapi,2017,0.639976671,120959
23,NE,Udon Thani,315,Kumphawapi,2018,0.719421603,113505
23,NE,Udon Thani,315,Kumphawapi,2019,0.772622817,113817
23,NE,Udon Thani,315,Kumphawapi,2020,0.803428512,114111
23,NE,Udon Thani,315,Kumphawapi,2021,0.926271687,114929
24,NE,Sakon Nakhon,316,Kusuman,2014,0.096260876,38097
24,NE,Sakon Nakhon,316,Kusuman,2015,0.115605516,38219
24,NE,Sakon Nakhon,316,Kusuman,2016,0.097906707,38341
24,NE,Sakon Nakhon,316,Kusuman,2017,0.200660344,38447
24,NE,Sakon Nakhon,316,Kusuman,2018,0.203598541,36054
24,NE,Sakon Nakhon,316,Kusuman,2019,0.235965755,36151
24,NE,Sakon Nakhon,316,Kusuman,2020,0.518461585,36242
24,NE,Sakon Nakhon,316,Kusuman,2021,0.738751242,36510
24,NE,Sakon Nakhon,317,Kut Bak,2014,0.032786458,28990
24,NE,Sakon Nakhon,317,Kut Bak,2015,0.044745399,29074
24,NE,Sakon Nakhon,317,Kut Bak,2016,0.034673602,28811
24,NE,Sakon Nakhon,317,Kut Bak,2017,0.079126827,28594
24,NE,Sakon Nakhon,317,Kut Bak,2018,0.084938091,26830
24,NE,Sakon Nakhon,317,Kut Bak,2019,0.082107482,26898
24,NE,Sakon Nakhon,317,Kut Bak,2020,0.106520361,26960
24,NE,Sakon Nakhon,317,Kut Bak,2021,0.155295869,27156
23,NE,Udon Thani,318,Kut Chap,2014,0.190215655,52909
23,NE,Udon Thani,318,Kut Chap,2015,0.236248129,54217
23,NE,Udon Thani,318,Kut Chap,2016,0.216655102,54384
23,NE,Udon Thani,318,Kut Chap,2017,0.303781907,54578
23,NE,Udon Thani,318,Kut Chap,2018,0.323790144,51180
23,NE,Udon Thani,318,Kut Chap,2019,0.295509814,51326
23,NE,Udon Thani,318,Kut Chap,2020,0.369573112,51455
23,NE,Udon Thani,318,Kut Chap,2021,0.432332052,51834
31,NE,Yasothon,319,Kut Chum,2014,0.122091324,59816
31,NE,Yasothon,319,Kut Chum,2015,0.141851317,60028
31,NE,Yasothon,319,Kut Chum,2016,0.123676657,60221
31,NE,Yasothon,319,Kut Chum,2017,0.22138142,60402
31,NE,Yasothon,319,Kut Chum,2018,0.23112981,58113
31,NE,Yasothon,319,Kut Chum,2019,0.224391727,58271
31,NE,Yasothon,319,Kut Chum,2020,0.267536339,58419
31,NE,Yasothon,319,Kut Chum,2021,0.331829252,58846
41,NE,Ubon Ratchathani,320,Kut Khao Pun,2014,0.071584315,36451
41,NE,Ubon Ratchathani,320,Kut Khao Pun,2015,0.087784029,36575
41,NE,Ubon Ratchathani,320,Kut Khao Pun,2016,0.119351044,36683
41,NE,Ubon Ratchathani,320,Kut Khao Pun,2017,0.171445103,36805
41,NE,Ubon Ratchathani,320,Kut Khao Pun,2018,0.178833538,34441
41,NE,Ubon Ratchathani,320,Kut Khao Pun,2019,0.157521927,33819
41,NE,Ubon Ratchathani,320,Kut Khao Pun,2020,0.209991775,34267
41,NE,Ubon Ratchathani,320,Kut Khao Pun,2021,0.301267442,34505
29,EA,Trat,324,Laem Ngop,2014,0.402815329,20969
29,EA,Trat,324,Laem Ngop,2015,0.482765957,21046
29,EA,Trat,324,Laem Ngop,2016,0.523368458,21115
29,EA,Trat,324,Laem Ngop,2017,0.660125884,21108
29,EA,Trat,324,Laem Ngop,2018,0.659559818,23302
29,EA,Trat,324,Laem Ngop,2019,0.613910354,13723
29,EA,Trat,324,Laem Ngop,2020,0.612516399,9658
29,EA,Trat,324,Laem Ngop,2021,0.701536977,9720
71,EA,Chanthaburi,325,Laem Sing,2014,1.428934428,31493
71,EA,Chanthaburi,325,Laem Sing,2015,1.576332886,31603
71,EA,Chanthaburi,325,Laem Sing,2016,1.504739183,31604
71,EA,Chanthaburi,325,Laem Sing,2017,1.809232208,31543
71,EA,Chanthaburi,325,Laem Sing,2018,1.884318197,34673
71,EA,Chanthaburi,325,Laem Sing,2019,1.742182768,34768
71,EA,Chanthaburi,325,Laem Sing,2020,1.680304681,34852
71,EA,Chanthaburi,325,Laem Sing,2021,1.771324225,35105
35,NE,Buri Ram,326,Lahan Sai,2014,0.071397517,47206
35,NE,Buri Ram,326,Lahan Sai,2015,0.091060868,46452
35,NE,Buri Ram,326,Lahan Sai,2016,0.098797147,46605
35,NE,Buri Ram,326,Lahan Sai,2017,0.135885725,46719
35,NE,Buri Ram,326,Lahan Sai,2018,0.142226576,44025
35,NE,Buri Ram,326,Lahan Sai,2019,0.153014607,44139
35,NE,Buri Ram,326,Lahan Sai,2020,0.17718198,44246
35,NE,Buri Ram,326,Lahan Sai,2021,0.250707501,44573
14,BKK&VIC,Bangkok,327,Lak Si,2014,27.65203449,154693
14,BKK&VIC,Bangkok,327,Lak Si,2015,27.77304817,155104
14,BKK&VIC,Bangkok,327,Lak Si,2016,29.33328856,155614
14,BKK&VIC,Bangkok,327,Lak Si,2017,29.05890634,156070
14,BKK&VIC,Bangkok,327,Lak Si,2018,29.43101958,165620
14,BKK&VIC,Bangkok,327,Lak Si,2019,30.26789786,166043
14,BKK&VIC,Bangkok,327,Lak Si,2020,30.02325308,166432
14,BKK&VIC,Bangkok,327,Lak Si,2021,30.68612192,167646
58,BKK&VIC,Pathum Thani,328,Lam Luk Ka,2014,6.695606663,305876
58,BKK&VIC,Pathum Thani,328,Lam Luk Ka,2015,7.061128386,307655
58,BKK&VIC,Pathum Thani,328,Lam Luk Ka,2016,7.348896179,308645
58,BKK&VIC,Pathum Thani,328,Lam Luk Ka,2017,8.001818384,309692
58,BKK&VIC,Pathum Thani,328,Lam Luk Ka,2018,8.362134439,347133
58,BKK&VIC,Pathum Thani,328,Lam Luk Ka,2019,9.078009076,348288
58,BKK&VIC,Pathum Thani,328,Lam Luk Ka,2020,9.25988968,349684
58,BKK&VIC,Pathum Thani,328,Lam Luk Ka,2021,10.19057643,352232
35,NE,Buri Ram,329,Lam Plai Mat,2014,0.199003669,114294
35,NE,Buri Ram,329,Lam Plai Mat,2015,0.278307222,114928
35,NE,Buri Ram,329,Lam Plai Mat,2016,0.311873939,115306
35,NE,Buri Ram,329,Lam Plai Mat,2017,0.377530407,117689
35,NE,Buri Ram,329,Lam Plai Mat,2018,0.392451924,111466
35,NE,Buri Ram,329,Lam Plai Mat,2019,0.409147647,111772
35,NE,Buri Ram,329,Lam Plai Mat,2020,0.454474601,112049
35,NE,Buri Ram,329,Lam Plai Mat,2021,0.508267913,112861
62,CE,Lop Buri,330,Lam Son Thi,2014,0.074703908,32414
62,CE,Lop Buri,330,Lam Son Thi,2015,0.095268682,32465
62,CE,Lop Buri,330,Lam Son Thi,2016,0.114518876,32479
62,CE,Lop Buri,330,Lam Son Thi,2017,0.339036315,32500
62,CE,Lop Buri,330,Lam Son Thi,2018,0.19317378,31165
62,CE,Lop Buri,330,Lam Son Thi,2019,0.227556224,31261
62,CE,Lop Buri,330,Lam Son Thi,2020,0.236680794,31318
62,CE,Lop Buri,330,Lam Son Thi,2021,0.291905877,31554
63,SO,Krabi,332,Lam Thap,2014,0.16898107,17503
63,SO,Krabi,332,Lam Thap,2015,0.207873544,17561
63,SO,Krabi,332,Lam Thap,2016,0.280211825,17619
63,SO,Krabi,332,Lam Thap,2017,0.321133591,17659
63,SO,Krabi,332,Lam Thap,2018,0.331431696,17866
63,SO,Krabi,332,Lam Thap,2019,0.330457811,17914
63,SO,Krabi,332,Lam Thap,2020,0.372379754,17961
63,SO,Krabi,332,Lam Thap,2021,0.448006096,18093
19,SO,Chumphon,333,Lamae,2014,0.191064422,26749
19,SO,Chumphon,333,Lamae,2015,0.2040742,26841
19,SO,Chumphon,333,Lamae,2016,0.205970551,26929
19,SO,Chumphon,333,Lamae,2017,0.266794287,27014
19,SO,Chumphon,333,Lamae,2018,0.321237095,27808
19,SO,Chumphon,333,Lamae,2019,0.340886998,27882
19,SO,Chumphon,333,Lamae,2020,0.424360653,27950
19,SO,Chumphon,333,Lamae,2021,0.496047613,27586
5,NE,Surin,334,Lamduan,2014,0.083578678,24979
5,NE,Surin,334,Lamduan,2015,0.113190773,25060
5,NE,Surin,334,Lamduan,2016,0.114348482,25146
5,NE,Surin,334,Lamduan,2017,0.174865287,25262
5,NE,Surin,334,Lamduan,2018,0.188994936,24086
5,NE,Surin,334,Lamduan,2019,0.184643056,24152
5,NE,Surin,334,Lamduan,2020,0.228816427,24218
5,NE,Surin,334,Lamduan,2021,0.318489973,24392
36,NO,Kam Phaeng Phet,335,Lan Krabu,2014,1.084437591,43233
36,NO,Kam Phaeng Phet,335,Lan Krabu,2015,1.069862281,43395
36,NO,Kam Phaeng Phet,335,Lan Krabu,2016,1.057474333,43643
36,NO,Kam Phaeng Phet,335,Lan Krabu,2017,1.191888564,43843
36,NO,Kam Phaeng Phet,335,Lan Krabu,2018,1.077062826,41261
36,NO,Kam Phaeng Phet,335,Lan Krabu,2019,1.140175794,41372
36,NO,Kam Phaeng Phet,335,Lan Krabu,2020,1.301319301,41480
36,NO,Kam Phaeng Phet,335,Lan Krabu,2021,1.495287905,41720
18,NO,Uthai Thani,336,Lan Sak,2014,0.065092086,48620
18,NO,Uthai Thani,336,Lan Sak,2015,0.08258873,48799
18,NO,Uthai Thani,336,Lan Sak,2016,0.07086551,48965
18,NO,Uthai Thani,336,Lan Sak,2017,0.109376841,49111
18,NO,Uthai Thani,336,Lan Sak,2018,0.107440796,47466
18,NO,Uthai Thani,336,Lan Sak,2019,0.103903086,47603
18,NO,Uthai Thani,336,Lan Sak,2020,0.113450521,47727
18,NO,Uthai Thani,336,Lan Sak,2021,0.239283778,48070
59,SO,Nakhon Si Thammarat,337,Lan Saka,2014,0.134929788,37685
59,SO,Nakhon Si Thammarat,337,Lan Saka,2015,0.13468486,37815
59,SO,Nakhon Si Thammarat,337,Lan Saka,2016,0.16431069,37941
59,SO,Nakhon Si Thammarat,337,Lan Saka,2017,0.20674531,38058
59,SO,Nakhon Si Thammarat,337,Lan Saka,2018,0.237669599,39518
59,SO,Nakhon Si Thammarat,337,Lan Saka,2019,0.286943366,39625
59,SO,Nakhon Si Thammarat,337,Lan Saka,2020,0.339346902,39725
59,SO,Nakhon Si Thammarat,337,Lan Saka,2021,0.405352524,39211
19,SO,Chumphon,338,Lang Suan,2014,0.457831627,72298
19,SO,Chumphon,338,Lang Suan,2015,0.439848733,72548
19,SO,Chumphon,338,Lang Suan,2016,0.460802119,72783
19,SO,Chumphon,338,Lang Suan,2017,0.532222297,73010
19,SO,Chumphon,338,Lang Suan,2018,0.544166957,75174
19,SO,Chumphon,338,Lang Suan,2019,0.571119999,75364
19,SO,Chumphon,338,Lang Suan,2020,0.60065985,75548
19,SO,Chumphon,338,Lang Suan,2021,0.626034437,76362
76,SO,Satun,322,Langu,2014,0.900200793,63962
76,SO,Satun,322,Langu,2015,0.989319202,64178
76,SO,Satun,322,Langu,2016,1.00459411,64299
76,SO,Satun,322,Langu,2017,1.168197843,64383
76,SO,Satun,322,Langu,2018,1.365323284,64367
76,SO,Satun,322,Langu,2019,1.270724493,64542
76,SO,Satun,322,Langu,2020,1.415890136,64708
76,SO,Satun,322,Langu,2021,1.713000468,65177
73,WE,Kanchanaburi,339,Lao Khwan,2014,0.108052245,48366
73,WE,Kanchanaburi,339,Lao Khwan,2015,0.142064341,48443
73,WE,Kanchanaburi,339,Lao Khwan,2016,0.164157548,48818
73,WE,Kanchanaburi,339,Lao Khwan,2017,0.226638188,49108
73,WE,Kanchanaburi,339,Lao Khwan,2018,0.207781025,47342
73,WE,Kanchanaburi,339,Lao Khwan,2019,0.207728176,47466
73,WE,Kanchanaburi,339,Lao Khwan,2020,0.239044167,47568
73,WE,Kanchanaburi,339,Lao Khwan,2021,0.302443729,47905
34,NO,Uttaradit,341,Laplae,2014,0.358951939,52563
34,NO,Uttaradit,341,Laplae,2015,0.433148081,52700
34,NO,Uttaradit,341,Laplae,2016,0.421222538,52875
34,NO,Uttaradit,341,Laplae,2017,0.589194232,53001
34,NO,Uttaradit,341,Laplae,2018,0.569814057,51493
34,NO,Uttaradit,341,Laplae,2019,0.564668653,51637
34,NO,Uttaradit,341,Laplae,2020,0.591604755,51765
34,NO,Uttaradit,341,Laplae,2021,0.689150681,52140
53,CE,Phra Nakhon Sri Ayuthaya,342,Lat Bua Luang,2014,0.92731539,45337
53,CE,Phra Nakhon Sri Ayuthaya,342,Lat Bua Luang,2015,0.894616461,45482
53,CE,Phra Nakhon Sri Ayuthaya,342,Lat Bua Luang,2016,1.055511336,45638
53,CE,Phra Nakhon Sri Ayuthaya,342,Lat Bua Luang,2017,1.201824641,45783
53,CE,Phra Nakhon Sri Ayuthaya,342,Lat Bua Luang,2018,1.288606289,44059
53,CE,Phra Nakhon Sri Ayuthaya,342,Lat Bua Luang,2019,1.401006871,44178
53,CE,Phra Nakhon Sri Ayuthaya,342,Lat Bua Luang,2020,1.515332371,44270
53,CE,Phra Nakhon Sri Ayuthaya,342,Lat Bua Luang,2021,1.75955722,44597
14,BKK&VIC,Bangkok,343,Lat Krabang,2014,15.99501588,184374
14,BKK&VIC,Bangkok,343,Lat Krabang,2015,16.30347491,186587
14,BKK&VIC,Bangkok,343,Lat Krabang,2016,16.3368314,187196
14,BKK&VIC,Bangkok,343,Lat Krabang,2017,17.82499179,187698
14,BKK&VIC,Bangkok,343,Lat Krabang,2018,19.11237593,194520
14,BKK&VIC,Bangkok,343,Lat Krabang,2019,18.58634722,195041
14,BKK&VIC,Bangkok,343,Lat Krabang,2020,18.72449218,195496
14,BKK&VIC,Bangkok,343,Lat Krabang,2021,19.34665811,196865
58,BKK&VIC,Pathum Thani,344,Lat Lum Kaeo,2014,3.546223965,86511
58,BKK&VIC,Pathum Thani,344,Lat Lum Kaeo,2015,3.93560951,86709
58,BKK&VIC,Pathum Thani,344,Lat Lum Kaeo,2016,4.108447536,86992
58,BKK&VIC,Pathum Thani,344,Lat Lum Kaeo,2017,4.876997107,87254
58,BKK&VIC,Pathum Thani,344,Lat Lum Kaeo,2018,5.372640345,97776
58,BKK&VIC,Pathum Thani,344,Lat Lum Kaeo,2019,5.900557723,98043
58,BKK&VIC,Pathum Thani,344,Lat Lum Kaeo,2020,5.800618351,97194
58,BKK&VIC,Pathum Thani,344,Lat Lum Kaeo,2021,6.225113763,97905
14,BKK&VIC,Bangkok,345,Lat Phrao,2014,22.82173215,127042
14,BKK&VIC,Bangkok,345,Lat Phrao,2015,23.67215873,127818
14,BKK&VIC,Bangkok,345,Lat Phrao,2016,25.01776768,128240
14,BKK&VIC,Bangkok,345,Lat Phrao,2017,24.62953015,128605
14,BKK&VIC,Bangkok,345,Lat Phrao,2018,24.92779548,132430
14,BKK&VIC,Bangkok,345,Lat Phrao,2019,25.70303844,132737
14,BKK&VIC,Bangkok,345,Lat Phrao,2020,25.49836226,133038
14,BKK&VIC,Bangkok,345,Lat Phrao,2021,26.11716179,134009
2,NO,Nakhon Sawan,346,Lat Yao,2014,0.193820981,93046
2,NO,Nakhon Sawan,346,Lat Yao,2015,0.269649914,93364
2,NO,Nakhon Sawan,346,Lat Yao,2016,0.270376601,93410
2,NO,Nakhon Sawan,346,Lat Yao,2017,0.344078642,93458
2,NO,Nakhon Sawan,346,Lat Yao,2018,0.38279133,89562
2,NO,Nakhon Sawan,346,Lat Yao,2019,0.396876702,89799
2,NO,Nakhon Sawan,346,Lat Yao,2020,0.439017566,90030
2,NO,Nakhon Sawan,346,Lat Yao,2021,0.5257534,90692
22,SO,Ranong,323,La-Un,2014,0.098642821,16486
22,SO,Ranong,323,La-Un,2015,0.102548377,16538
22,SO,Ranong,323,La-Un,2016,0.102995264,16595
22,SO,Ranong,323,La-Un,2017,0.138287109,16679
22,SO,Ranong,323,La-Un,2018,0.167353755,16779
22,SO,Ranong,323,La-Un,2019,0.161531375,16805
22,SO,Ranong,323,La-Un,2020,0.198797701,16839
22,SO,Ranong,323,La-Un,2021,0.231794378,16159
28,NO,Lamphun,347,Li,2014,0.070828121,65221
28,NO,Lamphun,347,Li,2015,0.083992271,65564
28,NO,Lamphun,347,Li,2016,0.083718109,65712
28,NO,Lamphun,347,Li,2017,0.116318418,65893
28,NO,Lamphun,347,Li,2018,0.131445126,63400
28,NO,Lamphun,347,Li,2019,0.142974605,63574
28,NO,Lamphun,347,Li,2020,0.159313325,63735
28,NO,Lamphun,347,Li,2021,0.174325673,64201
31,NE,Yasothon,348,Loeng Nok Tha,2014,0.111011697,83650
31,NE,Yasothon,348,Loeng Nok Tha,2015,0.142143002,83924
31,NE,Yasothon,348,Loeng Nok Tha,2016,0.128048844,84187
31,NE,Yasothon,348,Loeng Nok Tha,2017,0.2282118,84429
31,NE,Yasothon,348,Loeng Nok Tha,2018,0.21787609,81187
31,NE,Yasothon,348,Loeng Nok Tha,2019,0.205962632,81411
31,NE,Yasothon,348,Loeng Nok Tha,2020,0.253920479,81616
31,NE,Yasothon,348,Loeng Nok Tha,2021,0.315550236,82207
10,NO,Phetchabun,349,Lom Kao,2014,0.153197993,59127
10,NO,Phetchabun,349,Lom Kao,2015,0.17466025,59224
10,NO,Phetchabun,349,Lom Kao,2016,0.172968822,59462
10,NO,Phetchabun,349,Lom Kao,2017,0.226907513,59381
10,NO,Phetchabun,349,Lom Kao,2018,0.258025906,55735
10,NO,Phetchabun,349,Lom Kao,2019,0.267905446,55889
10,NO,Phetchabun,349,Lom Kao,2020,0.294960886,56031
10,NO,Phetchabun,349,Lom Kao,2021,0.328190739,56459
10,NO,Phetchabun,350,Lom Sak,2014,0.286764257,149365
10,NO,Phetchabun,350,Lom Sak,2015,0.318439301,149973
10,NO,Phetchabun,350,Lom Sak,2016,0.329480265,150611
10,NO,Phetchabun,350,Lom Sak,2017,0.425450619,151615
10,NO,Phetchabun,350,Lom Sak,2018,0.491639742,142583
10,NO,Phetchabun,350,Lom Sak,2019,0.560980633,142971
10,NO,Phetchabun,350,Lom Sak,2020,0.563018767,143332
10,NO,Phetchabun,350,Lom Sak,2021,0.674857938,144372
32,NO,Phrae,351,Long,2014,0.061667135,53570
32,NO,Phrae,351,Long,2015,0.087086735,53700
32,NO,Phrae,351,Long,2016,0.088548644,53870
32,NO,Phrae,351,Long,2017,0.136071574,54029
32,NO,Phrae,351,Long,2018,0.136610408,52582
32,NO,Phrae,351,Long,2019,0.181590021,52727
32,NO,Phrae,351,Long,2020,0.219932778,52858
32,NO,Phrae,351,Long,2021,0.255361535,53243
67,NE,Amnat Chareon,352,Lu Amnat,2014,0.215176639,30119
67,NE,Amnat Chareon,352,Lu Amnat,2015,0.270154586,30223
67,NE,Amnat Chareon,352,Lu Amnat,2016,0.305574278,30330
67,NE,Amnat Chareon,352,Lu Amnat,2017,0.569936631,30436
67,NE,Amnat Chareon,352,Lu Amnat,2018,0.563748005,28804
67,NE,Amnat Chareon,352,Lu Amnat,2019,0.575041489,28938
67,NE,Amnat Chareon,352,Lu Amnat,2020,0.640899923,29041
67,NE,Amnat Chareon,352,Lu Amnat,2021,0.738834959,29254
65,NO,Chiang Mai,353,Mae Ai,2014,0.107313665,79421
65,NO,Chiang Mai,353,Mae Ai,2015,0.136204715,79308
65,NO,Chiang Mai,353,Mae Ai,2016,0.112680621,79572
65,NO,Chiang Mai,353,Mae Ai,2017,0.153248318,79780
65,NO,Chiang Mai,353,Mae Ai,2018,0.162662804,76134
65,NO,Chiang Mai,353,Mae Ai,2019,0.17713025,76335
65,NO,Chiang Mai,353,Mae Ai,2020,0.201060862,76527
65,NO,Chiang Mai,353,Mae Ai,2021,0.215887011,77089
65,NO,Chiang Mai,354,Mae Chaem,2014,0.016348601,63364
65,NO,Chiang Mai,354,Mae Chaem,2015,0.016905626,62304
65,NO,Chiang Mai,354,Mae Chaem,2016,0.018129079,62464
65,NO,Chiang Mai,354,Mae Chaem,2017,0.026063415,62496
65,NO,Chiang Mai,354,Mae Chaem,2018,0.031487199,59766
65,NO,Chiang Mai,354,Mae Chaem,2019,0.030933041,59940
65,NO,Chiang Mai,354,Mae Chaem,2020,0.036411715,60040
65,NO,Chiang Mai,354,Mae Chaem,2021,0.033541158,60480
1,NO,Phayao,355,Mae Chai,2014,0.218943181,35679
1,NO,Phayao,355,Mae Chai,2015,0.270601655,35715
1,NO,Phayao,355,Mae Chai,2016,0.230550685,35606
1,NO,Phayao,355,Mae Chai,2017,0.31651679,35515
1,NO,Phayao,355,Mae Chai,2018,0.306153311,34121
1,NO,Phayao,355,Mae Chai,2019,0.312379272,34208
1,NO,Phayao,355,Mae Chai,2020,0.357836146,34290
1,NO,Phayao,355,Mae Chai,2021,0.434549053,34541
25,NO,Chiang Rai,356,Mae Chan,2014,0.428284263,133849
25,NO,Chiang Rai,356,Mae Chan,2015,0.501898194,133986
25,NO,Chiang Rai,356,Mae Chan,2016,0.482641196,133942
25,NO,Chiang Rai,356,Mae Chan,2017,0.631074544,133662
25,NO,Chiang Rai,356,Mae Chan,2018,0.621376123,126138
25,NO,Chiang Rai,356,Mae Chan,2019,0.651741366,125513
25,NO,Chiang Rai,356,Mae Chan,2020,0.686366,125852
25,NO,Chiang Rai,356,Mae Chan,2021,0.761647142,126766
70,NO,Nan,357,Mae Charim,2014,0.011937229,16809
70,NO,Nan,357,Mae Charim,2015,0.013892572,16696
70,NO,Nan,357,Mae Charim,2016,0.015529965,16750
70,NO,Nan,357,Mae Charim,2017,0.02432664,16783
70,NO,Nan,357,Mae Charim,2018,0.020096729,15940
70,NO,Nan,357,Mae Charim,2019,0.02097048,15982
70,NO,Nan,357,Mae Charim,2020,0.029005552,16023
70,NO,Nan,357,Mae Charim,2021,0.035401466,16139
25,NO,Chiang Rai,358,Mae Fa Luang,2014,0.043575846,54519
25,NO,Chiang Rai,358,Mae Fa Luang,2015,0.053909189,54203
25,NO,Chiang Rai,358,Mae Fa Luang,2016,0.053001444,54443
25,NO,Chiang Rai,358,Mae Fa Luang,2017,0.081273961,54887
25,NO,Chiang Rai,358,Mae Fa Luang,2018,0.084566763,51850
25,NO,Chiang Rai,358,Mae Fa Luang,2019,0.094766097,52387
25,NO,Chiang Rai,358,Mae Fa Luang,2020,0.116947215,52533
25,NO,Chiang Rai,358,Mae Fa Luang,2021,0.11632139,52917
74,NO,Mae Hong Son,359,Mae La Noi,2014,0.0181375,27844
74,NO,Mae Hong Son,359,Mae La Noi,2015,0.019164155,27972
74,NO,Mae Hong Son,359,Mae La Noi,2016,0.020172977,28080
74,NO,Mae Hong Son,359,Mae La Noi,2017,0.024095837,28210
74,NO,Mae Hong Son,359,Mae La Noi,2018,0.029200201,27680
74,NO,Mae Hong Son,359,Mae La Noi,2019,0.022539913,27756
74,NO,Mae Hong Son,359,Mae La Noi,2020,0.026687771,27824
74,NO,Mae Hong Son,359,Mae La Noi,2021,0.028748508,28031
57,SO,Pattani,360,Mae Lan,2014,0.405492806,13932
57,SO,Pattani,360,Mae Lan,2015,0.568839506,13841
57,SO,Pattani,360,Mae Lan,2016,0.874794657,13885
57,SO,Pattani,360,Mae Lan,2017,0.939873926,13924
57,SO,Pattani,360,Mae Lan,2018,1.121850367,14128
57,SO,Pattani,360,Mae Lan,2019,1.081246008,14167
57,SO,Pattani,360,Mae Lan,2020,1.175116949,14202
57,SO,Pattani,360,Mae Lan,2021,1.525097353,14481
25,NO,Chiang Rai,361,Mae Lao,2014,0.436395602,35367
25,NO,Chiang Rai,361,Mae Lao,2015,0.510540884,39164
25,NO,Chiang Rai,361,Mae Lao,2016,0.442942436,39294
25,NO,Chiang Rai,361,Mae Lao,2017,0.593626577,39189
25,NO,Chiang Rai,361,Mae Lao,2018,0.580929783,34170
25,NO,Chiang Rai,361,Mae Lao,2019,0.633818992,35473
25,NO,Chiang Rai,361,Mae Lao,2020,0.738394192,35531
25,NO,Chiang Rai,361,Mae Lao,2021,0.757071631,35690
37,NO,Lampang,362,Mae Mo,2014,0.485982182,38428
37,NO,Lampang,362,Mae Mo,2015,0.495746617,38741
37,NO,Lampang,362,Mae Mo,2016,0.500056502,41428
37,NO,Lampang,362,Mae Mo,2017,0.568262355,43295
37,NO,Lampang,362,Mae Mo,2018,0.588652937,41627
37,NO,Lampang,362,Mae Mo,2019,0.632974413,41735
37,NO,Lampang,362,Mae Mo,2020,0.651578365,41841
37,NO,Lampang,362,Mae Mo,2021,0.7432499,42145
37,NO,Lampang,364,Mae Phrik,2014,0.078077967,15971
37,NO,Lampang,364,Mae Phrik,2015,0.101205333,15923
37,NO,Lampang,364,Mae Phrik,2016,0.080109149,16010
37,NO,Lampang,364,Mae Phrik,2017,0.109682983,16093
37,NO,Lampang,364,Mae Phrik,2018,0.113614724,15507
37,NO,Lampang,364,Mae Phrik,2019,0.125502332,15550
37,NO,Lampang,364,Mae Phrik,2020,0.14352806,15591
37,NO,Lampang,364,Mae Phrik,2021,0.149989983,15704
26,NO,Tak,366,Mae Ramat,2014,0.053395775,46152
26,NO,Tak,366,Mae Ramat,2015,0.058760778,44386
26,NO,Tak,366,Mae Ramat,2016,0.055535836,44535
26,NO,Tak,366,Mae Ramat,2017,0.072185389,38426
26,NO,Tak,366,Mae Ramat,2018,0.089183375,35471
26,NO,Tak,366,Mae Ramat,2019,0.089717976,38430
26,NO,Tak,366,Mae Ramat,2020,0.100162277,41381
26,NO,Tak,366,Mae Ramat,2021,0.124892593,40584
65,NO,Chiang Mai,367,Mae Rim,2014,1.296850104,64448
65,NO,Chiang Mai,367,Mae Rim,2015,1.53166477,66844
65,NO,Chiang Mai,367,Mae Rim,2016,1.559269332,67223
65,NO,Chiang Mai,367,Mae Rim,2017,1.754676644,67705
65,NO,Chiang Mai,367,Mae Rim,2018,1.787219104,64390
65,NO,Chiang Mai,367,Mae Rim,2019,1.802784736,65737
65,NO,Chiang Mai,367,Mae Rim,2020,1.901977104,65911
65,NO,Chiang Mai,367,Mae Rim,2021,1.935482936,66393
25,NO,Chiang Rai,368,Mae Sai,2014,1.300820239,114332
25,NO,Chiang Rai,368,Mae Sai,2015,1.475538219,114867
25,NO,Chiang Rai,368,Mae Sai,2016,1.278875006,115422
25,NO,Chiang Rai,368,Mae Sai,2017,1.65201966,113915
25,NO,Chiang Rai,368,Mae Sai,2018,1.659145386,109802
25,NO,Chiang Rai,368,Mae Sai,2019,1.718131517,109743
25,NO,Chiang Rai,368,Mae Sai,2020,1.65612768,110317
25,NO,Chiang Rai,368,Mae Sai,2021,1.805655514,112629
74,NO,Mae Hong Son,369,Mae Sariang,2014,0.020204099,43851
74,NO,Mae Hong Son,369,Mae Sariang,2015,0.028229587,43032
74,NO,Mae Hong Son,369,Mae Sariang,2016,0.027795792,43182
74,NO,Mae Hong Son,369,Mae Sariang,2017,0.03170198,43235
74,NO,Mae Hong Son,369,Mae Sariang,2018,0.035278082,42425
74,NO,Mae Hong Son,369,Mae Sariang,2019,0.036844568,42540
74,NO,Mae Hong Son,369,Mae Sariang,2020,0.042047688,42659
74,NO,Mae Hong Son,369,Mae Sariang,2021,0.045221007,42969
26,NO,Tak,370,Mae Sot,2014,0.349811264,121275
26,NO,Tak,370,Mae Sot,2015,0.413687468,120950
26,NO,Tak,370,Mae Sot,2016,0.437562703,121407
26,NO,Tak,370,Mae Sot,2017,0.555214934,121981
26,NO,Tak,370,Mae Sot,2018,0.69194886,114548
26,NO,Tak,370,Mae Sot,2019,0.780035973,112528
26,NO,Tak,370,Mae Sot,2020,0.954715005,112568
26,NO,Tak,370,Mae Sot,2021,1.011557096,115362
25,NO,Chiang Rai,371,Mae Suai,2014,0.059783711,76282
25,NO,Chiang Rai,371,Mae Suai,2015,0.06921333,76394
25,NO,Chiang Rai,371,Mae Suai,2016,0.065745924,76663
25,NO,Chiang Rai,371,Mae Suai,2017,0.095336662,77073
25,NO,Chiang Rai,371,Mae Suai,2018,0.094314184,72818
25,NO,Chiang Rai,371,Mae Suai,2019,0.105164037,73037
25,NO,Chiang Rai,371,Mae Suai,2020,0.121151598,73222
25,NO,Chiang Rai,371,Mae Suai,2021,0.120700453,73754
65,NO,Chiang Mai,372,Mae Taeng,2014,0.168393736,82731
65,NO,Chiang Mai,372,Mae Taeng,2015,0.207018194,83075
65,NO,Chiang Mai,372,Mae Taeng,2016,0.192109869,83281
65,NO,Chiang Mai,372,Mae Taeng,2017,0.253546784,83484
65,NO,Chiang Mai,372,Mae Taeng,2018,0.284699932,79682
65,NO,Chiang Mai,372,Mae Taeng,2019,0.300623465,79903
65,NO,Chiang Mai,372,Mae Taeng,2020,0.324646613,80112
65,NO,Chiang Mai,372,Mae Taeng,2021,0.328748226,80695
37,NO,Lampang,373,Mae Tha,2014,0.155654102,59268
37,NO,Lampang,373,Mae Tha,2015,0.20503264,59351
37,NO,Lampang,373,Mae Tha,2016,0.200148915,58405
37,NO,Lampang,373,Mae Tha,2017,0.292904115,58102
37,NO,Lampang,373,Mae Tha,2018,0.308368841,55947
37,NO,Lampang,373,Mae Tha,2019,0.332427398,56108
37,NO,Lampang,373,Mae Tha,2020,0.373969055,56249
37,NO,Lampang,373,Mae Tha,2021,0.404064743,56601
28,NO,Lamphun,373,Mae Tha,2014,0.153800012,59268
28,NO,Lamphun,373,Mae Tha,2015,0.181930718,59351
28,NO,Lamphun,373,Mae Tha,2016,0.188868031,58405
28,NO,Lamphun,373,Mae Tha,2017,0.256838504,58102
28,NO,Lamphun,373,Mae Tha,2018,0.288147257,55947
28,NO,Lamphun,373,Mae Tha,2019,0.307830084,56108
28,NO,Lamphun,373,Mae Tha,2020,0.312976095,56249
28,NO,Lamphun,373,Mae Tha,2021,0.330237213,56601
65,NO,Chiang Mai,375,Mae Wang,2014,0.18858258,31270
65,NO,Chiang Mai,375,Mae Wang,2015,0.189863378,32155
65,NO,Chiang Mai,375,Mae Wang,2016,0.174425435,32249
65,NO,Chiang Mai,375,Mae Wang,2017,0.208760797,32429
65,NO,Chiang Mai,375,Mae Wang,2018,0.239078146,30949
65,NO,Chiang Mai,375,Mae Wang,2019,0.239468364,31038
65,NO,Chiang Mai,375,Mae Wang,2020,0.264622451,31128
65,NO,Chiang Mai,375,Mae Wang,2021,0.33923987,31353
2,NO,Nakhon Sawan,376,Mae Wong,2014,0.037475436,45109
2,NO,Nakhon Sawan,376,Mae Wong,2015,0.068922381,45331
2,NO,Nakhon Sawan,376,Mae Wong,2016,0.062915166,44338
2,NO,Nakhon Sawan,376,Mae Wong,2017,0.092830957,43243
2,NO,Nakhon Sawan,376,Mae Wong,2018,0.087539316,41435
2,NO,Nakhon Sawan,376,Mae Wong,2019,0.081943738,41557
2,NO,Nakhon Sawan,376,Mae Wong,2020,0.096828195,41688
2,NO,Nakhon Sawan,376,Mae Wong,2021,0.099497641,41981
31,NE,Yasothon,377,Maha Chana Chai,2014,0.204437482,54583
31,NE,Yasothon,377,Maha Chana Chai,2015,0.263752582,54828
31,NE,Yasothon,377,Maha Chana Chai,2016,0.26503644,55006
31,NE,Yasothon,377,Maha Chana Chai,2017,0.386661095,55182
31,NE,Yasothon,377,Maha Chana Chai,2018,0.39531044,53040
31,NE,Yasothon,377,Maha Chana Chai,2019,0.394594085,53196
31,NE,Yasothon,377,Maha Chana Chai,2020,0.474544996,53332
31,NE,Yasothon,377,Maha Chana Chai,2021,0.626850483,53719
53,CE,Phra Nakhon Sri Ayuthaya,378,Maha Rat,2014,1.544106947,27168
53,CE,Phra Nakhon Sri Ayuthaya,378,Maha Rat,2015,1.878782272,27354
53,CE,Phra Nakhon Sri Ayuthaya,378,Maha Rat,2016,1.992048518,27446
53,CE,Phra Nakhon Sri Ayuthaya,378,Maha Rat,2017,2.027230008,27534
53,CE,Phra Nakhon Sri Ayuthaya,378,Maha Rat,2018,2.071542668,26419
53,CE,Phra Nakhon Sri Ayuthaya,378,Maha Rat,2019,2.281752964,26494
53,CE,Phra Nakhon Sri Ayuthaya,378,Maha Rat,2020,2.350777847,26674
53,CE,Phra Nakhon Sri Ayuthaya,378,Maha Rat,2021,2.724534545,26870
57,SO,Pattani,379,Mai Kaen,2014,0.482918622,12463
57,SO,Pattani,379,Mai Kaen,2015,0.4239413,12506
57,SO,Pattani,379,Mai Kaen,2016,0.496298348,12547
57,SO,Pattani,379,Mai Kaen,2017,0.746816749,12588
57,SO,Pattani,379,Mai Kaen,2018,0.888613045,12755
57,SO,Pattani,379,Mai Kaen,2019,0.738433306,12788
57,SO,Pattani,379,Mai Kaen,2020,0.984463703,12820
57,SO,Pattani,379,Mai Kaen,2021,1.143048166,12905
71,EA,Chanthaburi,380,Makham,2014,0.24314159,30697
71,EA,Chanthaburi,380,Makham,2015,0.327864992,30803
71,EA,Chanthaburi,380,Makham,2016,0.33856968,30904
71,EA,Chanthaburi,380,Makham,2017,0.421627225,31001
71,EA,Chanthaburi,380,Makham,2018,0.489174455,34153
71,EA,Chanthaburi,380,Makham,2019,0.497567804,34246
71,EA,Chanthaburi,380,Makham,2020,0.595652619,34332
71,EA,Chanthaburi,380,Makham,2021,0.718821384,34576
15,NE,Khon Kaen,382,Mancha Khiri,2014,0.142055933,81648
15,NE,Khon Kaen,382,Mancha Khiri,2015,0.161534695,81915
15,NE,Khon Kaen,382,Mancha Khiri,2016,0.155886834,82171
15,NE,Khon Kaen,382,Mancha Khiri,2017,0.21700115,82440
15,NE,Khon Kaen,382,Mancha Khiri,2018,0.246806728,79311
15,NE,Khon Kaen,382,Mancha Khiri,2019,0.24550764,79538
15,NE,Khon Kaen,382,Mancha Khiri,2020,0.297897285,79630
15,NE,Khon Kaen,382,Mancha Khiri,2021,0.404788744,80225
66,CE,Chai Nat,383,Manorom,2014,0.749373522,33569
66,CE,Chai Nat,383,Manorom,2015,0.897346209,33679
66,CE,Chai Nat,383,Manorom,2016,1.077769479,33791
66,CE,Chai Nat,383,Manorom,2017,1.424774301,33888
66,CE,Chai Nat,383,Manorom,2018,1.519878367,33910
66,CE,Chai Nat,383,Manorom,2019,1.789686448,34003
66,CE,Chai Nat,383,Manorom,2020,1.881350831,34022
66,CE,Chai Nat,383,Manorom,2021,2.234584964,34266
57,SO,Pattani,384,Mayo,2014,0.678376463,52197
57,SO,Pattani,384,Mayo,2015,0.744797315,52375
57,SO,Pattani,384,Mayo,2016,0.850177312,52546
57,SO,Pattani,384,Mayo,2017,1.072931739,52715
57,SO,Pattani,384,Mayo,2018,1.187336527,53473
57,SO,Pattani,384,Mayo,2019,1.095349038,53612
57,SO,Pattani,384,Mayo,2020,1.22331454,53754
57,SO,Pattani,384,Mayo,2021,1.252360452,52980
14,BKK&VIC,Bangkok,385,Min Buri,2014,16.11534472,135801
14,BKK&VIC,Bangkok,385,Min Buri,2015,16.80458866,134950
14,BKK&VIC,Bangkok,385,Min Buri,2016,16.96896842,135392
14,BKK&VIC,Bangkok,385,Min Buri,2017,16.98209501,135819
14,BKK&VIC,Bangkok,385,Min Buri,2018,17.32829005,140595
14,BKK&VIC,Bangkok,385,Min Buri,2019,17.79915785,140850
14,BKK&VIC,Bangkok,385,Min Buri,2020,18.35383841,141087
14,BKK&VIC,Bangkok,385,Min Buri,2021,18.77796549,141499
0,NE,Roi Et,386,Moei Wadi,2014,0.173372785,17994
0,NE,Roi Et,386,Moei Wadi,2015,0.200439205,18058
0,NE,Roi Et,386,Moei Wadi,2016,0.174733824,18119
0,NE,Roi Et,386,Moei Wadi,2017,0.296048279,18176
0,NE,Roi Et,386,Moei Wadi,2018,0.309094682,17298
0,NE,Roi Et,386,Moei Wadi,2019,0.415124994,17348
0,NE,Roi Et,386,Moei Wadi,2020,0.48581047,17393
0,NE,Roi Et,386,Moei Wadi,2021,0.540823448,17517
17,CE,Saraburi,387,Muak Lek,2014,0.418440472,54632
17,CE,Saraburi,387,Muak Lek,2015,0.461209461,54784
17,CE,Saraburi,387,Muak Lek,2016,0.501420509,54974
17,CE,Saraburi,387,Muak Lek,2017,0.596118921,55142
17,CE,Saraburi,387,Muak Lek,2018,0.621218535,53020
17,CE,Saraburi,387,Muak Lek,2019,0.672486504,53099
17,CE,Saraburi,387,Muak Lek,2020,0.733906154,53230
17,CE,Saraburi,387,Muak Lek,2021,0.824713309,53625
67,NE,Amnat Chareon,389,Muang Amnat Chareon,2014,0.387795053,100781
67,NE,Amnat Chareon,389,Muang Amnat Chareon,2015,0.464086333,101135
67,NE,Amnat Chareon,389,Muang Amnat Chareon,2016,0.481787094,101458
67,NE,Amnat Chareon,389,Muang Amnat Chareon,2017,0.634977559,101779
67,NE,Amnat Chareon,389,Muang Amnat Chareon,2018,0.673490113,97043
67,NE,Amnat Chareon,389,Muang Amnat Chareon,2019,0.719780495,97285
67,NE,Amnat Chareon,389,Muang Amnat Chareon,2020,0.862119018,97772
67,NE,Amnat Chareon,389,Muang Amnat Chareon,2021,0.985459852,98484
45,CE,Ang Thong,390,Muang Ang Thong,2014,4.260512115,48277
45,CE,Ang Thong,390,Muang Ang Thong,2015,4.685219503,48434
45,CE,Ang Thong,390,Muang Ang Thong,2016,4.682644408,48591
45,CE,Ang Thong,390,Muang Ang Thong,2017,5.14406752,48743
45,CE,Ang Thong,390,Muang Ang Thong,2018,5.24179904,48439
45,CE,Ang Thong,390,Muang Ang Thong,2019,5.65613423,48572
45,CE,Ang Thong,390,Muang Ang Thong,2020,5.683028218,49257
45,CE,Ang Thong,390,Muang Ang Thong,2021,6.387395033,49618
35,NE,Buri Ram,392,Muang Buri Ram,2014,0.831116293,177156
35,NE,Buri Ram,392,Muang Buri Ram,2015,0.917842066,181997
35,NE,Buri Ram,392,Muang Buri Ram,2016,0.992571529,182730
35,NE,Buri Ram,392,Muang Buri Ram,2017,1.217028891,186008
35,NE,Buri Ram,392,Muang Buri Ram,2018,1.360203187,179674
35,NE,Buri Ram,392,Muang Buri Ram,2019,1.430874231,180174
35,NE,Buri Ram,392,Muang Buri Ram,2020,1.546456441,180626
35,NE,Buri Ram,392,Muang Buri Ram,2021,1.656892117,181945
4,EA,Chachoengsao,393,Muang Chachoengsao,2014,2.991808803,168595
4,EA,Chachoengsao,393,Muang Chachoengsao,2015,3.242242237,168703
4,EA,Chachoengsao,393,Muang Chachoengsao,2016,3.424922321,169261
4,EA,Chachoengsao,393,Muang Chachoengsao,2017,3.678813256,169762
4,EA,Chachoengsao,393,Muang Chachoengsao,2018,3.619471723,188621
4,EA,Chachoengsao,393,Muang Chachoengsao,2019,3.932586486,189140
4,EA,Chachoengsao,393,Muang Chachoengsao,2020,4.154157135,189327
4,EA,Chachoengsao,393,Muang Chachoengsao,2021,4.609511661,190702
66,CE,Chai Nat,394,Muang Chai Nat,2014,1.399358643,65291
66,CE,Chai Nat,394,Muang Chai Nat,2015,1.615943424,65519
66,CE,Chai Nat,394,Muang Chai Nat,2016,1.678416714,65740
66,CE,Chai Nat,394,Muang Chai Nat,2017,2.025268353,65952
66,CE,Chai Nat,394,Muang Chai Nat,2018,2.3522871,66254
66,CE,Chai Nat,394,Muang Chai Nat,2019,2.587781491,66437
66,CE,Chai Nat,394,Muang Chai Nat,2020,2.564044544,67277
66,CE,Chai Nat,394,Muang Chai Nat,2021,3.132161383,67769
9,NE,Chaiyaphum,395,Muang Chaiyaphum,2014,0.473543596,171802
9,NE,Chaiyaphum,395,Muang Chaiyaphum,2015,0.56897153,172856
9,NE,Chaiyaphum,395,Muang Chaiyaphum,2016,0.660290824,173411
9,NE,Chaiyaphum,395,Muang Chaiyaphum,2017,0.756465311,174016
9,NE,Chaiyaphum,395,Muang Chaiyaphum,2018,0.806063074,167433
9,NE,Chaiyaphum,395,Muang Chaiyaphum,2019,0.781545803,167899
9,NE,Chaiyaphum,395,Muang Chaiyaphum,2020,0.838884334,168318
9,NE,Chaiyaphum,395,Muang Chaiyaphum,2021,0.904606663,169541
12,NE,Si Sa Ket,396,Muang Chan,2014,0.053918008,12965
12,NE,Si Sa Ket,396,Muang Chan,2015,0.072669087,13010
12,NE,Si Sa Ket,396,Muang Chan,2016,0.067792046,13050
12,NE,Si Sa Ket,396,Muang Chan,2017,0.249453203,13089
12,NE,Si Sa Ket,396,Muang Chan,2018,0.300585454,12409
12,NE,Si Sa Ket,396,Muang Chan,2019,0.327260787,12447
12,NE,Si Sa Ket,396,Muang Chan,2020,0.400790688,12514
12,NE,Si Sa Ket,396,Muang Chan,2021,0.61111464,12575
71,EA,Chanthaburi,397,Muang Chanthaburi,2014,2.678895284,128724
71,EA,Chanthaburi,397,Muang Chanthaburi,2015,2.789057272,129170
71,EA,Chanthaburi,397,Muang Chanthaburi,2016,2.860259498,129596
71,EA,Chanthaburi,397,Muang Chanthaburi,2017,3.087331032,129999
71,EA,Chanthaburi,397,Muang Chanthaburi,2018,3.2728916,147780
71,EA,Chanthaburi,397,Muang Chanthaburi,2019,3.491089291,148187
71,EA,Chanthaburi,397,Muang Chanthaburi,2020,3.546195639,148559
71,EA,Chanthaburi,397,Muang Chanthaburi,2021,3.757834557,149643
65,NO,Chiang Mai,398,Muang Chiang Mai,2014,13.20832058,301257
65,NO,Chiang Mai,398,Muang Chiang Mai,2015,14.12620264,299081
65,NO,Chiang Mai,398,Muang Chiang Mai,2016,13.18172331,299915
65,NO,Chiang Mai,398,Muang Chiang Mai,2017,13.87917022,298636
65,NO,Chiang Mai,398,Muang Chiang Mai,2018,14.27997253,285891
65,NO,Chiang Mai,398,Muang Chiang Mai,2019,15.25389679,286070
65,NO,Chiang Mai,398,Muang Chiang Mai,2020,14.63917304,286619
65,NO,Chiang Mai,398,Muang Chiang Mai,2021,14.45273694,288712
25,NO,Chiang Rai,399,Muang Chiang Rai,2014,0.718600927,201562
25,NO,Chiang Rai,399,Muang Chiang Rai,2015,0.790280645,199731
25,NO,Chiang Rai,399,Muang Chiang Rai,2016,0.803731573,200359
25,NO,Chiang Rai,399,Muang Chiang Rai,2017,0.969600837,201100
25,NO,Chiang Rai,399,Muang Chiang Rai,2018,1.043760749,193578
25,NO,Chiang Rai,399,Muang Chiang Rai,2019,1.257818907,192733
25,NO,Chiang Rai,399,Muang Chiang Rai,2020,1.392041829,193233
25,NO,Chiang Rai,399,Muang Chiang Rai,2021,1.416357407,194310
64,EA,Chon Buri,400,Muang Chon Buri,2014,13.51096283,364900
64,EA,Chon Buri,400,Muang Chon Buri,2015,13.46581775,366157
64,EA,Chon Buri,400,Muang Chon Buri,2016,14.13522591,367368
64,EA,Chon Buri,400,Muang Chon Buri,2017,15.00733782,368512
64,EA,Chon Buri,400,Muang Chon Buri,2018,15.28433599,391973
64,EA,Chon Buri,400,Muang Chon Buri,2019,15.60676123,392868
64,EA,Chon Buri,400,Muang Chon Buri,2020,16.00615027,393838
64,EA,Chon Buri,400,Muang Chon Buri,2021,17.62858781,396713
19,SO,Chumphon,401,Muang Chumphon,2014,1.125302336,148432
19,SO,Chumphon,401,Muang Chumphon,2015,1.142921329,149004
19,SO,Chumphon,401,Muang Chumphon,2016,1.24856351,149496
19,SO,Chumphon,401,Muang Chumphon,2017,1.51267685,150091
19,SO,Chumphon,401,Muang Chumphon,2018,1.625279706,154558
19,SO,Chumphon,401,Muang Chumphon,2019,1.669188298,154907
19,SO,Chumphon,401,Muang Chumphon,2020,1.761089193,155261
19,SO,Chumphon,401,Muang Chumphon,2021,1.963051846,155189
20,NE,Kalasin,402,Muang Kalasin,2014,0.76407462,133006
20,NE,Kalasin,402,Muang Kalasin,2015,0.89862942,133429
20,NE,Kalasin,402,Muang Kalasin,2016,0.951872877,133861
20,NE,Kalasin,402,Muang Kalasin,2017,1.246334436,134236
20,NE,Kalasin,402,Muang Kalasin,2018,1.184675417,130157
20,NE,Kalasin,402,Muang Kalasin,2019,1.161328999,130512
20,NE,Kalasin,402,Muang Kalasin,2020,1.351990765,130816
20,NE,Kalasin,402,Muang Kalasin,2021,1.584014301,131789
73,WE,Kanchanaburi,404,Muang Kanchanaburi,2014,0.640682947,166091
73,WE,Kanchanaburi,404,Muang Kanchanaburi,2015,0.802908693,166684
73,WE,Kanchanaburi,404,Muang Kanchanaburi,2016,0.832840977,167271
73,WE,Kanchanaburi,404,Muang Kanchanaburi,2017,0.947466413,167852
73,WE,Kanchanaburi,404,Muang Kanchanaburi,2018,1.001525159,160570
73,WE,Kanchanaburi,404,Muang Kanchanaburi,2019,1.10359043,160976
73,WE,Kanchanaburi,404,Muang Kanchanaburi,2020,1.098912656,161376
73,WE,Kanchanaburi,404,Muang Kanchanaburi,2021,1.224906638,162537
15,NE,Khon Kaen,405,Muang Khon Kaen,2014,2.62948682,372321
15,NE,Khon Kaen,405,Muang Khon Kaen,2015,2.762365779,373579
15,NE,Khon Kaen,405,Muang Khon Kaen,2016,2.841288501,374816
15,NE,Khon Kaen,405,Muang Khon Kaen,2017,3.03967212,376205
15,NE,Khon Kaen,405,Muang Khon Kaen,2018,3.173317106,362157
15,NE,Khon Kaen,405,Muang Khon Kaen,2019,3.32196272,362724
15,NE,Khon Kaen,405,Muang Khon Kaen,2020,3.433845625,363773
15,NE,Khon Kaen,405,Muang Khon Kaen,2021,3.954691819,366475
63,SO,Krabi,406,Muang Krabi,2014,0.998717441,87160
63,SO,Krabi,406,Muang Krabi,2015,1.03019474,87436
63,SO,Krabi,406,Muang Krabi,2016,1.064501364,87739
63,SO,Krabi,406,Muang Krabi,2017,1.303453074,88073
63,SO,Krabi,406,Muang Krabi,2018,1.255470376,94142
63,SO,Krabi,406,Muang Krabi,2019,1.401214981,93799
63,SO,Krabi,406,Muang Krabi,2020,1.563712445,94244
63,SO,Krabi,406,Muang Krabi,2021,1.547088601,101710
37,NO,Lampang,407,Muang Lampang,2014,0.843724297,234622
37,NO,Lampang,407,Muang Lampang,2015,0.991363209,235343
37,NO,Lampang,407,Muang Lampang,2016,0.952799763,234824
37,NO,Lampang,407,Muang Lampang,2017,1.143413529,234832
37,NO,Lampang,407,Muang Lampang,2018,1.234990502,226612
37,NO,Lampang,407,Muang Lampang,2019,1.344553882,227229
37,NO,Lampang,407,Muang Lampang,2020,1.464599987,227800
37,NO,Lampang,407,Muang Lampang,2021,1.619453703,229513
28,NO,Lamphun,408,Muang Lamphun,2014,1.882066049,145128
28,NO,Lamphun,408,Muang Lamphun,2015,2.109320917,145819
28,NO,Lamphun,408,Muang Lamphun,2016,2.071726589,146418
28,NO,Lamphun,408,Muang Lamphun,2017,2.297893266,147047
28,NO,Lamphun,408,Muang Lamphun,2018,2.441464025,141618
28,NO,Lamphun,408,Muang Lamphun,2019,2.637431478,141898
28,NO,Lamphun,408,Muang Lamphun,2020,2.832673447,142177
28,NO,Lamphun,408,Muang Lamphun,2021,2.937135807,143220
16,NE,Loei,409,Muang Loei,2014,0.301320211,99806
16,NE,Loei,409,Muang Loei,2015,0.326989259,99819
16,NE,Loei,409,Muang Loei,2016,0.328393574,100157
16,NE,Loei,409,Muang Loei,2017,0.386822287,100400
16,NE,Loei,409,Muang Loei,2018,0.435636233,96632
16,NE,Loei,409,Muang Loei,2019,0.477461871,96898
16,NE,Loei,409,Muang Loei,2020,0.521969413,97142
16,NE,Loei,409,Muang Loei,2021,0.636737773,97852
62,CE,Lop Buri,410,Muang Lop Buri,2014,1.397689563,262591
62,CE,Lop Buri,410,Muang Lop Buri,2015,1.524179734,263786
62,CE,Lop Buri,410,Muang Lop Buri,2016,1.621345603,264653
62,CE,Lop Buri,410,Muang Lop Buri,2017,1.817715874,266281
62,CE,Lop Buri,410,Muang Lop Buri,2018,1.758614975,259594
62,CE,Lop Buri,410,Muang Lop Buri,2019,1.869887554,260316
62,CE,Lop Buri,410,Muang Lop Buri,2020,1.915794135,260829
62,CE,Lop Buri,410,Muang Lop Buri,2021,2.080038974,262744
74,NO,Mae Hong Son,411,Muang Mae Hong Son,2014,0.061289259,38185
74,NO,Mae Hong Son,411,Muang Mae Hong Son,2015,0.068236813,38560
74,NO,Mae Hong Son,411,Muang Mae Hong Son,2016,0.066863315,38692
74,NO,Mae Hong Son,411,Muang Mae Hong Son,2017,0.087328441,38877
74,NO,Mae Hong Son,411,Muang Mae Hong Son,2018,0.088778299,38157
74,NO,Mae Hong Son,411,Muang Mae Hong Son,2019,0.092079307,38260
74,NO,Mae Hong Son,411,Muang Mae Hong Son,2020,0.104660276,38357
74,NO,Mae Hong Son,411,Muang Mae Hong Son,2021,0.1105469,38639
46,NE,Maha Sarakham,412,Muang Maha Sarakam,2014,1.180794533,139189
46,NE,Maha Sarakham,412,Muang Maha Sarakam,2015,1.280145198,139678
46,NE,Maha Sarakham,412,Muang Maha Sarakam,2016,1.352190581,140149
46,NE,Maha Sarakham,412,Muang Maha Sarakam,2017,1.533935311,140601
46,NE,Maha Sarakham,412,Muang Maha Sarakam,2018,1.661938305,136396
46,NE,Maha Sarakham,412,Muang Maha Sarakam,2019,1.904753748,135498
46,NE,Maha Sarakham,412,Muang Maha Sarakam,2020,1.925076008,135006
46,NE,Maha Sarakham,412,Muang Maha Sarakam,2021,2.062672656,136001
61,NE,Mukdahan,413,Muang Mukdahan,2014,0.423820317,140105
61,NE,Mukdahan,413,Muang Mukdahan,2015,0.465862607,141043
61,NE,Mukdahan,413,Muang Mukdahan,2016,0.473310667,141509
61,NE,Mukdahan,413,Muang Mukdahan,2017,0.591824296,141950
61,NE,Mukdahan,413,Muang Mukdahan,2018,0.685455342,132195
61,NE,Mukdahan,413,Muang Mukdahan,2019,0.734524985,132559
61,NE,Mukdahan,413,Muang Mukdahan,2020,0.82958303,132890
61,NE,Mukdahan,413,Muang Mukdahan,2021,0.876202057,133859
60,EA,Nakhon Nayok,414,Muang Nakhon Nayok,2014,0.625921157,95874
60,EA,Nakhon Nayok,414,Muang Nakhon Nayok,2015,0.708369217,96199
60,EA,Nakhon Nayok,414,Muang Nakhon Nayok,2016,0.787936434,96516
60,EA,Nakhon Nayok,414,Muang Nakhon Nayok,2017,1.015040209,96824
60,EA,Nakhon Nayok,414,Muang Nakhon Nayok,2018,1.016353898,109996
60,EA,Nakhon Nayok,414,Muang Nakhon Nayok,2019,1.105017846,110320
60,EA,Nakhon Nayok,414,Muang Nakhon Nayok,2020,1.148999759,112345
60,EA,Nakhon Nayok,414,Muang Nakhon Nayok,2021,1.286736664,113163
27,BKK&VIC,Nakhon Pathom,415,Muang Nakhon Pathom,2014,6.168949438,327125
27,BKK&VIC,Nakhon Pathom,415,Muang Nakhon Pathom,2015,6.330541762,328257
27,BKK&VIC,Nakhon Pathom,415,Muang Nakhon Pathom,2016,6.435796178,329344
27,BKK&VIC,Nakhon Pathom,415,Muang Nakhon Pathom,2017,6.845924374,330375
27,BKK&VIC,Nakhon Pathom,415,Muang Nakhon Pathom,2018,7.046930521,377749
27,BKK&VIC,Nakhon Pathom,415,Muang Nakhon Pathom,2019,7.048932518,378790
27,BKK&VIC,Nakhon Pathom,415,Muang Nakhon Pathom,2020,6.984702711,379712
27,BKK&VIC,Nakhon Pathom,415,Muang Nakhon Pathom,2021,7.42662935,382481
72,NE,Nakhon Phanom,416,Muang Nakhon Phanom,2014,0.805120037,139178
72,NE,Nakhon Phanom,416,Muang Nakhon Phanom,2015,0.964409347,139634
72,NE,Nakhon Phanom,416,Muang Nakhon Phanom,2016,0.960405957,139861
72,NE,Nakhon Phanom,416,Muang Nakhon Phanom,2017,1.209436538,140083
72,NE,Nakhon Phanom,416,Muang Nakhon Phanom,2018,1.302537584,130896
72,NE,Nakhon Phanom,416,Muang Nakhon Phanom,2019,1.236420845,131264
72,NE,Nakhon Phanom,416,Muang Nakhon Phanom,2020,1.512933246,131477
72,NE,Nakhon Phanom,416,Muang Nakhon Phanom,2021,1.929838731,132445
6,NE,Nakhon Ratchasima,417,Muang Nakhon Ratchasima,2014,3.623344102,441283
6,NE,Nakhon Ratchasima,417,Muang Nakhon Ratchasima,2015,3.883049351,442667
6,NE,Nakhon Ratchasima,417,Muang Nakhon Ratchasima,2016,4.259094993,444102
6,NE,Nakhon Ratchasima,417,Muang Nakhon Ratchasima,2017,4.761213313,445658
6,NE,Nakhon Ratchasima,417,Muang Nakhon Ratchasima,2018,5.023432975,424290
6,NE,Nakhon Ratchasima,417,Muang Nakhon Ratchasima,2019,5.34488667,425454
6,NE,Nakhon Ratchasima,417,Muang Nakhon Ratchasima,2020,5.400887326,426527
6,NE,Nakhon Ratchasima,417,Muang Nakhon Ratchasima,2021,6.074086636,429636
2,NO,Nakhon Sawan,418,Muang Nakhon Sawan,2014,1.554309338,212257
2,NO,Nakhon Sawan,418,Muang Nakhon Sawan,2015,1.74906906,212976
2,NO,Nakhon Sawan,418,Muang Nakhon Sawan,2016,2.032104692,213664
2,NO,Nakhon Sawan,418,Muang Nakhon Sawan,2017,2.288891076,214284
2,NO,Nakhon Sawan,418,Muang Nakhon Sawan,2018,2.283491232,205449
2,NO,Nakhon Sawan,418,Muang Nakhon Sawan,2019,2.489354698,206010
2,NO,Nakhon Sawan,418,Muang Nakhon Sawan,2020,2.487751005,206837
2,NO,Nakhon Sawan,418,Muang Nakhon Sawan,2021,2.773548328,208341
59,SO,Nakhon Si Thammarat,419,Muang Nakhon Si Thammarat,2014,1.986715276,250107
59,SO,Nakhon Si Thammarat,419,Muang Nakhon Si Thammarat,2015,2.121914569,251023
59,SO,Nakhon Si Thammarat,419,Muang Nakhon Si Thammarat,2016,2.207275852,251838
59,SO,Nakhon Si Thammarat,419,Muang Nakhon Si Thammarat,2017,2.351867876,253224
59,SO,Nakhon Si Thammarat,419,Muang Nakhon Si Thammarat,2018,2.520491743,269764
59,SO,Nakhon Si Thammarat,419,Muang Nakhon Si Thammarat,2019,2.596790656,273354
59,SO,Nakhon Si Thammarat,419,Muang Nakhon Si Thammarat,2020,2.6080303,274043
59,SO,Nakhon Si Thammarat,419,Muang Nakhon Si Thammarat,2021,2.621910784,285344
70,NO,Nan,420,Muang Nan,2014,0.304363429,72037
70,NO,Nan,420,Muang Nan,2015,0.359389611,71646
70,NO,Nan,420,Muang Nan,2016,0.380751949,71898
70,NO,Nan,420,Muang Nan,2017,0.468711033,72161
70,NO,Nan,420,Muang Nan,2018,0.452490133,68964
70,NO,Nan,420,Muang Nan,2019,0.47837648,69364
70,NO,Nan,420,Muang Nan,2020,0.537905522,69640
70,NO,Nan,420,Muang Nan,2021,0.574063366,70142
40,SO,Narathiwat,421,Muang Narathiwat,2014,1.92385208,113626
40,SO,Narathiwat,421,Muang Narathiwat,2015,2.077877988,114009
40,SO,Narathiwat,421,Muang Narathiwat,2016,2.309103271,114391
40,SO,Narathiwat,421,Muang Narathiwat,2017,2.663149138,114749
40,SO,Narathiwat,421,Muang Narathiwat,2018,2.830888228,115532
40,SO,Narathiwat,421,Muang Narathiwat,2019,2.805153316,115841
40,SO,Narathiwat,421,Muang Narathiwat,2020,2.801553323,116136
40,SO,Narathiwat,421,Muang Narathiwat,2021,3.385195227,116981
13,NE,Nong Khai,423,Muang Nong Khai,2014,1.07044242,118845
13,NE,Nong Khai,423,Muang Nong Khai,2015,1.288958514,119344
13,NE,Nong Khai,423,Muang Nong Khai,2016,1.447215527,119742
13,NE,Nong Khai,423,Muang Nong Khai,2017,1.764684814,119891
13,NE,Nong Khai,423,Muang Nong Khai,2018,2.088646416,112050
13,NE,Nong Khai,423,Muang Nong Khai,2019,2.098235309,112360
13,NE,Nong Khai,423,Muang Nong Khai,2020,2.250791761,112748
13,NE,Nong Khai,423,Muang Nong Khai,2021,2.654371861,113581
3,NE,Nongbua Lamphu,422,Muang Nongbua Lamphu,2014,0.525472647,131704
3,NE,Nongbua Lamphu,422,Muang Nongbua Lamphu,2015,0.535305386,132046
3,NE,Nongbua Lamphu,422,Muang Nongbua Lamphu,2016,0.578715774,132466
3,NE,Nongbua Lamphu,422,Muang Nongbua Lamphu,2017,0.63263977,132903
3,NE,Nongbua Lamphu,422,Muang Nongbua Lamphu,2018,0.651689436,125367
3,NE,Nongbua Lamphu,422,Muang Nongbua Lamphu,2019,0.713756719,125709
3,NE,Nongbua Lamphu,422,Muang Nongbua Lamphu,2020,0.831260956,126026
3,NE,Nongbua Lamphu,422,Muang Nongbua Lamphu,2021,1.010620778,126954
38,BKK&VIC,Nonthaburi,424,Muang Nonthaburi,2014,22.30139535,479781
38,BKK&VIC,Nonthaburi,424,Muang Nonthaburi,2015,24.39820489,481407
38,BKK&VIC,Nonthaburi,424,Muang Nonthaburi,2016,24.96107975,482999
38,BKK&VIC,Nonthaburi,424,Muang Nonthaburi,2017,24.77250039,484507
38,BKK&VIC,Nonthaburi,424,Muang Nonthaburi,2018,24.98260307,565150
38,BKK&VIC,Nonthaburi,424,Muang Nonthaburi,2019,25.38251707,566940
38,BKK&VIC,Nonthaburi,424,Muang Nonthaburi,2020,25.39135864,568499
38,BKK&VIC,Nonthaburi,424,Muang Nonthaburi,2021,26.47752303,572644
58,BKK&VIC,Pathum Thani,426,Muang Pathum Thani,2014,14.32347954,261584
58,BKK&VIC,Pathum Thani,426,Muang Pathum Thani,2015,14.95577691,262074
58,BKK&VIC,Pathum Thani,426,Muang Pathum Thani,2016,14.76304008,263025
58,BKK&VIC,Pathum Thani,426,Muang Pathum Thani,2017,14.60473534,263950
58,BKK&VIC,Pathum Thani,426,Muang Pathum Thani,2018,16.15656666,296869
58,BKK&VIC,Pathum Thani,426,Muang Pathum Thani,2019,18.33302683,297694
58,BKK&VIC,Pathum Thani,426,Muang Pathum Thani,2020,17.41398334,299254
58,BKK&VIC,Pathum Thani,426,Muang Pathum Thani,2021,17.50891429,301437
57,SO,Pattani,427,Muang Pattani,2014,6.634523462,111852
57,SO,Pattani,427,Muang Pattani,2015,7.296377258,112241
57,SO,Pattani,427,Muang Pattani,2016,7.947141291,112613
57,SO,Pattani,427,Muang Pattani,2017,7.975966453,112964
57,SO,Pattani,427,Muang Pattani,2018,9.078233513,114635
57,SO,Pattani,427,Muang Pattani,2019,9.216667536,114950
57,SO,Pattani,427,Muang Pattani,2020,9.446753789,115236
57,SO,Pattani,427,Muang Pattani,2021,10.33239255,116090
42,WE,Phachuap Khiri Khan,438,Muang Phachuap Khiri Khan,2014,0.417210912,81808
42,WE,Phachuap Khiri Khan,438,Muang Phachuap Khiri Khan,2015,0.476050047,82235
42,WE,Phachuap Khiri Khan,438,Muang Phachuap Khiri Khan,2016,0.494277221,82491
42,WE,Phachuap Khiri Khan,438,Muang Phachuap Khiri Khan,2017,0.605006067,82819
42,WE,Phachuap Khiri Khan,438,Muang Phachuap Khiri Khan,2018,0.669913054,79712
42,WE,Phachuap Khiri Khan,438,Muang Phachuap Khiri Khan,2019,0.645830784,79986
42,WE,Phachuap Khiri Khan,438,Muang Phachuap Khiri Khan,2020,0.762535834,80219
42,WE,Phachuap Khiri Khan,438,Muang Phachuap Khiri Khan,2021,0.873512539,80804
56,SO,Phangnga,428,Muang Phangnga,2014,0.502547388,41820
56,SO,Phangnga,428,Muang Phangnga,2015,0.538429175,41936
56,SO,Phangnga,428,Muang Phangnga,2016,0.564799379,41965
56,SO,Phangnga,428,Muang Phangnga,2017,0.660627514,42009
56,SO,Phangnga,428,Muang Phangnga,2018,0.707467473,43459
56,SO,Phangnga,428,Muang Phangnga,2019,0.709112975,43311
56,SO,Phangnga,428,Muang Phangnga,2020,0.807050357,43337
56,SO,Phangnga,428,Muang Phangnga,2021,0.871304431,43724
55,SO,Phatthalung,429,Muang Phatthalung,2014,1.526050476,128097
55,SO,Phatthalung,429,Muang Phatthalung,2015,1.719053944,128545
55,SO,Phatthalung,429,Muang Phatthalung,2016,1.749065508,128955
55,SO,Phatthalung,429,Muang Phatthalung,2017,1.911064166,129371
55,SO,Phatthalung,429,Muang Phatthalung,2018,2.103663885,138920
55,SO,Phatthalung,429,Muang Phatthalung,2019,2.224298469,139303
55,SO,Phatthalung,429,Muang Phatthalung,2020,2.28785433,139652
55,SO,Phatthalung,429,Muang Phatthalung,2021,2.624520006,140670
1,NO,Phayao,430,Muang Phayao,2014,0.538598988,95729
1,NO,Phayao,430,Muang Phayao,2015,0.624178241,98060
1,NO,Phayao,430,Muang Phayao,2016,0.588068184,99064
1,NO,Phayao,430,Muang Phayao,2017,0.75358748,100409
1,NO,Phayao,430,Muang Phayao,2018,0.81991685,96407
1,NO,Phayao,430,Muang Phayao,2019,0.866968626,96796
1,NO,Phayao,430,Muang Phayao,2020,0.953263826,97081
1,NO,Phayao,430,Muang Phayao,2021,1.055500796,97786
10,NO,Phetchabun,431,Muang Phetchabun,2014,0.304246518,213302
10,NO,Phetchabun,431,Muang Phetchabun,2015,0.310578224,214012
10,NO,Phetchabun,431,Muang Phetchabun,2016,0.321002014,214550
10,NO,Phetchabun,431,Muang Phetchabun,2017,0.409848245,214951
10,NO,Phetchabun,431,Muang Phetchabun,2018,0.455585416,201836
10,NO,Phetchabun,431,Muang Phetchabun,2019,0.476866794,202361
10,NO,Phetchabun,431,Muang Phetchabun,2020,0.501417622,202802
10,NO,Phetchabun,431,Muang Phetchabun,2021,0.582912155,204284
8,WE,Phetchaburi,432,Muang Phetchaburi,2014,4.468219877,129933
8,WE,Phetchaburi,432,Muang Phetchaburi,2015,4.986063647,130744
8,WE,Phetchaburi,432,Muang Phetchaburi,2016,5.105762745,131175
8,WE,Phetchaburi,432,Muang Phetchaburi,2017,5.335788861,131572
8,WE,Phetchaburi,432,Muang Phetchaburi,2018,5.549653314,129020
8,WE,Phetchaburi,432,Muang Phetchaburi,2019,5.841363399,130821
8,WE,Phetchaburi,432,Muang Phetchaburi,2020,5.980567587,131049
8,WE,Phetchaburi,432,Muang Phetchaburi,2021,6.151497624,132008
54,NO,Phichit,433,Muang Phichit,2014,0.831105228,106339
54,NO,Phichit,433,Muang Phichit,2015,0.996582737,106668
54,NO,Phichit,433,Muang Phichit,2016,0.956814358,105662
54,NO,Phichit,433,Muang Phichit,2017,1.237785444,104203
54,NO,Phichit,433,Muang Phichit,2018,1.337812301,104426
54,NO,Phichit,433,Muang Phichit,2019,1.428692105,104713
54,NO,Phichit,433,Muang Phichit,2020,1.472630044,104978
54,NO,Phichit,433,Muang Phichit,2021,1.735115771,105736
21,NO,Phitsanulok,434,Muang Phitsanulok,2014,2.437489793,286170
21,NO,Phitsanulok,434,Muang Phitsanulok,2015,2.80586036,287186
21,NO,Phitsanulok,434,Muang Phitsanulok,2016,2.797529637,288138
21,NO,Phitsanulok,434,Muang Phitsanulok,2017,3.088562793,289046
21,NO,Phitsanulok,434,Muang Phitsanulok,2018,3.108294154,275926
21,NO,Phitsanulok,434,Muang Phitsanulok,2019,3.337357863,276836
21,NO,Phitsanulok,434,Muang Phitsanulok,2020,3.321483223,277605
21,NO,Phitsanulok,434,Muang Phitsanulok,2021,3.785609026,280195
32,NO,Phrae,435,Muang Phrae,2014,0.647570169,114779
32,NO,Phrae,435,Muang Phrae,2015,0.72046742,115323
32,NO,Phrae,435,Muang Phrae,2016,0.728001251,115861
32,NO,Phrae,435,Muang Phrae,2017,0.906831483,115617
32,NO,Phrae,435,Muang Phrae,2018,0.927187519,112503
32,NO,Phrae,435,Muang Phrae,2019,1.024270604,112812
32,NO,Phrae,435,Muang Phrae,2020,1.042387453,113124
32,NO,Phrae,435,Muang Phrae,2021,1.164593866,113949
44,SO,Phuket,436,Muang Phuket,2014,9.614118153,321882
44,SO,Phuket,436,Muang Phuket,2015,9.749547151,321752
44,SO,Phuket,436,Muang Phuket,2016,10.28561653,322815
44,SO,Phuket,436,Muang Phuket,2017,11.13359792,323441
44,SO,Phuket,436,Muang Phuket,2018,11.27110265,321473
44,SO,Phuket,436,Muang Phuket,2019,12.02363166,322043
44,SO,Phuket,436,Muang Phuket,2020,11.74630192,322751
44,SO,Phuket,436,Muang Phuket,2021,11.41530795,325399
52,EA,Prachin Buri,437,Muang Prachin Buri,2014,1.133531852,147912
52,EA,Prachin Buri,437,Muang Prachin Buri,2015,1.328605728,148392
52,EA,Prachin Buri,437,Muang Prachin Buri,2016,1.388703005,148880
52,EA,Prachin Buri,437,Muang Prachin Buri,2017,1.568895245,149343
52,EA,Prachin Buri,437,Muang Prachin Buri,2018,1.611356292,166780
52,EA,Prachin Buri,437,Muang Prachin Buri,2019,1.722112191,167235
52,EA,Prachin Buri,437,Muang Prachin Buri,2020,2.011087898,167567
52,EA,Prachin Buri,437,Muang Prachin Buri,2021,2.377196507,168788
22,SO,Ranong,439,Muang Ranong,2014,0.792055164,136956
22,SO,Ranong,439,Muang Ranong,2015,0.822090191,137430
22,SO,Ranong,439,Muang Ranong,2016,0.836133414,137840
22,SO,Ranong,439,Muang Ranong,2017,0.945632678,138312
22,SO,Ranong,439,Muang Ranong,2018,0.973494266,139203
22,SO,Ranong,439,Muang Ranong,2019,1.002008298,139540
22,SO,Ranong,439,Muang Ranong,2020,1.056119807,139865
22,SO,Ranong,439,Muang Ranong,2021,1.137225045,141155
30,WE,Ratchaburi,440,Muang Ratchaburi,2014,3.587613672,190952
30,WE,Ratchaburi,440,Muang Ratchaburi,2015,3.759441158,191610
30,WE,Ratchaburi,440,Muang Ratchaburi,2016,3.663064759,192246
30,WE,Ratchaburi,440,Muang Ratchaburi,2017,3.875640896,192848
30,WE,Ratchaburi,440,Muang Ratchaburi,2018,3.949931544,188440
30,WE,Ratchaburi,440,Muang Ratchaburi,2019,4.084212931,188951
30,WE,Ratchaburi,440,Muang Ratchaburi,2020,4.248341415,189537
30,WE,Ratchaburi,440,Muang Ratchaburi,2021,4.655564956,190923
51,EA,Rayong,441,Muang Rayong,2014,11.42509307,300525
51,EA,Rayong,441,Muang Rayong,2015,11.32573947,301520
51,EA,Rayong,441,Muang Rayong,2016,12.12923569,302512
51,EA,Rayong,441,Muang Rayong,2017,13.13878882,303040
51,EA,Rayong,441,Muang Rayong,2018,12.45373861,325572
51,EA,Rayong,441,Muang Rayong,2019,13.31181213,325725
51,EA,Rayong,441,Muang Rayong,2020,13.57165759,326384
51,EA,Rayong,441,Muang Rayong,2021,19.13914991,328764
0,NE,Roi Et,442,Muang Roi Et,2014,1.412473456,131735
0,NE,Roi Et,442,Muang Roi Et,2015,1.468391234,132188
0,NE,Roi Et,442,Muang Roi Et,2016,1.53721045,132696
0,NE,Roi Et,442,Muang Roi Et,2017,1.939447132,133192
0,NE,Roi Et,442,Muang Roi Et,2018,2.016021905,127573
0,NE,Roi Et,442,Muang Roi Et,2019,2.057580781,127889
0,NE,Roi Et,442,Muang Roi Et,2020,2.296059982,128187
0,NE,Roi Et,442,Muang Roi Et,2021,2.77998967,129124
75,EA,Sa Kaew,443,Muang Sa Kaew,2014,0.2850903,135499
75,EA,Sa Kaew,443,Muang Sa Kaew,2015,0.359440472,135960
75,EA,Sa Kaew,443,Muang Sa Kaew,2016,0.385403811,135852
75,EA,Sa Kaew,443,Muang Sa Kaew,2017,0.464431164,134338
75,EA,Sa Kaew,443,Muang Sa Kaew,2018,0.504282044,151539
75,EA,Sa Kaew,443,Muang Sa Kaew,2019,0.545123557,151972
75,EA,Sa Kaew,443,Muang Sa Kaew,2020,0.550746924,152336
75,EA,Sa Kaew,443,Muang Sa Kaew,2021,0.604169309,153466
24,NE,Sakon Nakhon,444,Muang Sakon Nakhon,2014,0.866806903,156173
24,NE,Sakon Nakhon,444,Muang Sakon Nakhon,2015,0.969820814,156738
24,NE,Sakon Nakhon,444,Muang Sakon Nakhon,2016,0.949499686,158163
24,NE,Sakon Nakhon,444,Muang Sakon Nakhon,2017,1.209906288,159307
24,NE,Sakon Nakhon,444,Muang Sakon Nakhon,2018,1.269673701,150549
24,NE,Sakon Nakhon,444,Muang Sakon Nakhon,2019,1.283293257,150966
24,NE,Sakon Nakhon,444,Muang Sakon Nakhon,2020,1.45599161,151344
24,NE,Sakon Nakhon,444,Muang Sakon Nakhon,2021,1.704335071,152447
41,NE,Ubon Ratchathani,388,Muang Samsip,2014,0.175396366,81311
41,NE,Ubon Ratchathani,388,Muang Samsip,2015,0.192971846,81567
41,NE,Ubon Ratchathani,388,Muang Samsip,2016,0.200987257,81842
41,NE,Ubon Ratchathani,388,Muang Samsip,2017,0.375254452,82085
41,NE,Ubon Ratchathani,388,Muang Samsip,2018,0.365064522,77494
41,NE,Ubon Ratchathani,388,Muang Samsip,2019,0.3665451,77701
41,NE,Ubon Ratchathani,388,Muang Samsip,2020,0.442576852,77883
41,NE,Ubon Ratchathani,388,Muang Samsip,2021,0.542560601,78456
69,BKK&VIC,Samut Prakan,445,Muang Samut Prakan,2014,17.57023572,829862
69,BKK&VIC,Samut Prakan,445,Muang Samut Prakan,2015,18.82964173,832734
69,BKK&VIC,Samut Prakan,445,Muang Samut Prakan,2016,20.0930312,835261
69,BKK&VIC,Samut Prakan,445,Muang Samut Prakan,2017,20.82225993,837577
69,BKK&VIC,Samut Prakan,445,Muang Samut Prakan,2018,21.74393324,955581
69,BKK&VIC,Samut Prakan,445,Muang Samut Prakan,2019,23.38672989,958276
69,BKK&VIC,Samut Prakan,445,Muang Samut Prakan,2020,24.18378026,960671
69,BKK&VIC,Samut Prakan,445,Muang Samut Prakan,2021,25.27151448,967675
68,BKK&VIC,Samut Sakhon,446,Muang Samut Sakhon,2014,6.189354985,445946
68,BKK&VIC,Samut Sakhon,446,Muang Samut Sakhon,2015,6.846535936,447502
68,BKK&VIC,Samut Sakhon,446,Muang Samut Sakhon,2016,7.002240229,448980
68,BKK&VIC,Samut Sakhon,446,Muang Samut Sakhon,2017,7.616656377,450381
68,BKK&VIC,Samut Sakhon,446,Muang Samut Sakhon,2018,7.856275191,487070
68,BKK&VIC,Samut Sakhon,446,Muang Samut Sakhon,2019,8.219090662,488434
68,BKK&VIC,Samut Sakhon,446,Muang Samut Sakhon,2020,8.508724888,489665
68,BKK&VIC,Samut Sakhon,446,Muang Samut Sakhon,2021,9.25681389,493255
50,WE,Samut Songkhram,447,Muang Samut Songkhram,2014,3.687518961,104178
50,WE,Samut Songkhram,447,Muang Samut Songkhram,2015,3.967874553,104557
50,WE,Samut Songkhram,447,Muang Samut Songkhram,2016,4.074342802,104901
50,WE,Samut Songkhram,447,Muang Samut Songkhram,2017,5.038335721,105231
50,WE,Samut Songkhram,447,Muang Samut Songkhram,2018,5.69297568,105566
50,WE,Samut Songkhram,447,Muang Samut Songkhram,2019,5.702181109,105932
50,WE,Samut Songkhram,447,Muang Samut Songkhram,2020,5.669724463,106206
50,WE,Samut Songkhram,447,Muang Samut Songkhram,2021,6.167007071,106982
17,CE,Saraburi,448,Muang Saraburi,2014,5.1579943,136557
17,CE,Saraburi,448,Muang Saraburi,2015,5.297118917,137045
17,CE,Saraburi,448,Muang Saraburi,2016,5.529214246,137490
17,CE,Saraburi,448,Muang Saraburi,2017,5.985235264,137923
17,CE,Saraburi,448,Muang Saraburi,2018,5.816109823,132955
17,CE,Saraburi,448,Muang Saraburi,2019,6.84026637,133325
17,CE,Saraburi,448,Muang Saraburi,2020,7.00134332,133658
17,CE,Saraburi,448,Muang Saraburi,2021,6.980138342,134639
76,SO,Satun,449,Muang Satun,2014,0.653055922,104591
76,SO,Satun,449,Muang Satun,2015,0.656621665,104927
76,SO,Satun,449,Muang Satun,2016,0.70910708,105224
76,SO,Satun,449,Muang Satun,2017,0.809613433,105537
76,SO,Satun,449,Muang Satun,2018,0.818654531,106422
76,SO,Satun,449,Muang Satun,2019,0.845499709,106285
76,SO,Satun,449,Muang Satun,2020,0.866859804,106419
76,SO,Satun,449,Muang Satun,2021,0.931732161,107193
12,NE,Si Sa Ket,450,Muang Si Sa Ket,2014,0.849694644,96474
12,NE,Si Sa Ket,450,Muang Si Sa Ket,2015,0.923292245,96941
12,NE,Si Sa Ket,450,Muang Si Sa Ket,2016,0.992223181,97257
12,NE,Si Sa Ket,450,Muang Si Sa Ket,2017,1.223172334,96979
12,NE,Si Sa Ket,450,Muang Si Sa Ket,2018,1.25440515,102077
12,NE,Si Sa Ket,450,Muang Si Sa Ket,2019,1.323683951,102359
12,NE,Si Sa Ket,450,Muang Si Sa Ket,2020,1.581761683,102619
12,NE,Si Sa Ket,450,Muang Si Sa Ket,2021,1.883270855,103380
49,CE,Singburi,451,Muang Singburi,2014,2.908719158,54238
49,CE,Singburi,451,Muang Singburi,2015,3.316450286,54425
49,CE,Singburi,451,Muang Singburi,2016,3.71211338,54607
49,CE,Singburi,451,Muang Singburi,2017,4.184734097,54777
49,CE,Singburi,451,Muang Singburi,2018,4.422209935,54906
49,CE,Singburi,451,Muang Singburi,2019,4.258261558,55057
49,CE,Singburi,451,Muang Singburi,2020,4.178208386,55195
49,CE,Singburi,451,Muang Singburi,2021,4.358929841,55600
43,SO,Songkhla,452,Muang Songkhla,2014,4.274793185,194245
43,SO,Songkhla,452,Muang Songkhla,2015,4.629953681,194910
43,SO,Songkhla,452,Muang Songkhla,2016,4.853620794,195550
43,SO,Songkhla,452,Muang Songkhla,2017,5.122979968,196258
43,SO,Songkhla,452,Muang Songkhla,2018,5.630481248,200097
43,SO,Songkhla,452,Muang Songkhla,2019,6.100263435,200641
43,SO,Songkhla,452,Muang Songkhla,2020,6.248591612,201153
43,SO,Songkhla,452,Muang Songkhla,2021,6.272589452,204829
0,NE,Roi Et,453,Muang Suang,2014,0.153663411,19876
0,NE,Roi Et,453,Muang Suang,2015,0.203385559,19945
0,NE,Roi Et,453,Muang Suang,2016,0.183842672,20007
0,NE,Roi Et,453,Muang Suang,2017,0.308985615,20073
0,NE,Roi Et,453,Muang Suang,2018,0.364362976,19164
0,NE,Roi Et,453,Muang Suang,2019,0.374372451,19215
0,NE,Roi Et,453,Muang Suang,2020,0.413524299,19262
0,NE,Roi Et,453,Muang Suang,2021,0.535497541,19402
7,NO,Sukhothai,454,Muang Sukhothai,2014,0.995287106,115804
7,NO,Sukhothai,454,Muang Sukhothai,2015,1.071380696,116584
7,NO,Sukhothai,454,Muang Sukhothai,2016,1.108732109,116937
7,NO,Sukhothai,454,Muang Sukhothai,2017,1.375769222,117640
7,NO,Sukhothai,454,Muang Sukhothai,2018,1.349234706,112635
7,NO,Sukhothai,454,Muang Sukhothai,2019,1.428054546,112973
7,NO,Sukhothai,454,Muang Sukhothai,2020,1.524572105,113271
7,NO,Sukhothai,454,Muang Sukhothai,2021,1.753378716,114101
48,WE,Suphan Buri,455,Muang Suphanburi,2014,3.041396266,156066
48,WE,Suphan Buri,455,Muang Suphanburi,2015,3.385589919,156599
48,WE,Suphan Buri,455,Muang Suphanburi,2016,3.493596479,157119
48,WE,Suphan Buri,455,Muang Suphanburi,2017,3.70208835,157609
48,WE,Suphan Buri,455,Muang Suphanburi,2018,3.826781077,155787
48,WE,Suphan Buri,455,Muang Suphanburi,2019,3.77064448,156226
48,WE,Suphan Buri,455,Muang Suphanburi,2020,3.795549893,156555
48,WE,Suphan Buri,455,Muang Suphanburi,2021,4.463818052,157699
11,SO,Surat Thani,456,Muang Surat Thani,2014,3.023924643,174862
11,SO,Surat Thani,456,Muang Surat Thani,2015,3.014356943,175471
11,SO,Surat Thani,456,Muang Surat Thani,2016,3.273119728,176048
11,SO,Surat Thani,456,Muang Surat Thani,2017,3.808482163,176970
11,SO,Surat Thani,456,Muang Surat Thani,2018,4.129520332,180608
11,SO,Surat Thani,456,Muang Surat Thani,2019,4.28685004,181175
11,SO,Surat Thani,456,Muang Surat Thani,2020,4.657986312,181633
11,SO,Surat Thani,456,Muang Surat Thani,2021,5.129158822,182217
5,NE,Surin,457,Muang Surin,2014,0.605768339,206755
5,NE,Surin,457,Muang Surin,2015,0.717881688,207383
5,NE,Surin,457,Muang Surin,2016,0.808629104,208057
5,NE,Surin,457,Muang Surin,2017,1.008325554,208891
5,NE,Surin,457,Muang Surin,2018,1.107410005,204545
5,NE,Surin,457,Muang Surin,2019,1.205786211,205114
5,NE,Surin,457,Muang Surin,2020,1.26242746,205621
5,NE,Surin,457,Muang Surin,2021,1.371900948,207126
26,NO,Tak,458,Muang Tak,2014,0.320727252,124761
26,NO,Tak,458,Muang Tak,2015,0.367729463,126001
26,NO,Tak,458,Muang Tak,2016,0.371635108,126274
26,NO,Tak,458,Muang Tak,2017,0.460136194,124774
26,NO,Tak,458,Muang Tak,2018,0.466195483,116676
26,NO,Tak,458,Muang Tak,2019,0.497534659,114219
26,NO,Tak,458,Muang Tak,2020,0.478821208,113562
26,NO,Tak,458,Muang Tak,2021,0.529654678,114396
47,SO,Trang,459,Muang Trang,2014,1.847063858,152839
47,SO,Trang,459,Muang Trang,2015,2.024496825,153369
47,SO,Trang,459,Muang Trang,2016,2.180585553,153876
47,SO,Trang,459,Muang Trang,2017,2.416927484,154353
47,SO,Trang,459,Muang Trang,2018,2.651810825,158973
47,SO,Trang,459,Muang Trang,2019,2.701504827,158911
47,SO,Trang,459,Muang Trang,2020,2.843704424,159309
47,SO,Trang,459,Muang Trang,2021,3.006026831,160585
29,EA,Trat,460,Muang Trat,2014,0.301578565,103964
29,EA,Trat,460,Muang Trat,2015,0.32772352,104325
29,EA,Trat,460,Muang Trat,2016,0.328649741,104669
29,EA,Trat,460,Muang Trat,2017,0.428968605,104995
29,EA,Trat,460,Muang Trat,2018,0.479882335,116164
29,EA,Trat,460,Muang Trat,2019,0.561804658,116237
29,EA,Trat,460,Muang Trat,2020,0.631031502,116453
29,EA,Trat,460,Muang Trat,2021,0.643793787,117224
41,NE,Ubon Ratchathani,461,Muang Ubon Ratchatani,2014,1.851148295,238878
41,NE,Ubon Ratchathani,461,Muang Ubon Ratchatani,2015,1.95915123,244994
41,NE,Ubon Ratchathani,461,Muang Ubon Ratchatani,2016,2.008092763,245980
41,NE,Ubon Ratchathani,461,Muang Ubon Ratchatani,2017,2.401140185,246971
41,NE,Ubon Ratchathani,461,Muang Ubon Ratchatani,2018,2.599895547,233560
41,NE,Ubon Ratchathani,461,Muang Ubon Ratchatani,2019,2.788210011,234129
41,NE,Ubon Ratchathani,461,Muang Ubon Ratchatani,2020,2.922121948,234694
41,NE,Ubon Ratchathani,461,Muang Ubon Ratchatani,2021,3.459448935,236410
23,NE,Udon Thani,462,Muang Udon Thani,2014,1.552673527,342308
23,NE,Udon Thani,462,Muang Udon Thani,2015,1.678721338,343295
23,NE,Udon Thani,462,Muang Udon Thani,2016,1.730203884,344432
23,NE,Udon Thani,462,Muang Udon Thani,2017,1.992632848,345489
23,NE,Udon Thani,462,Muang Udon Thani,2018,2.0602686,324212
23,NE,Udon Thani,462,Muang Udon Thani,2019,2.047599818,325099
23,NE,Udon Thani,462,Muang Udon Thani,2020,2.249510729,325918
23,NE,Udon Thani,462,Muang Udon Thani,2021,2.533110092,328297
18,NO,Uthai Thani,463,Muang Uthai Thani,2014,1.410270563,49539
18,NO,Uthai Thani,463,Muang Uthai Thani,2015,1.626083856,49712
18,NO,Uthai Thani,463,Muang Uthai Thani,2016,1.740597524,49876
18,NO,Uthai Thani,463,Muang Uthai Thani,2017,2.106098742,50027
18,NO,Uthai Thani,463,Muang Uthai Thani,2018,2.403735397,48360
18,NO,Uthai Thani,463,Muang Uthai Thani,2019,2.584529579,48492
18,NO,Uthai Thani,463,Muang Uthai Thani,2020,2.688340621,49112
18,NO,Uthai Thani,463,Muang Uthai Thani,2021,3.054184517,49473
34,NO,Uttaradit,464,Muang Uttaradit,2014,0.969369294,147549
34,NO,Uttaradit,464,Muang Uttaradit,2015,1.115050141,148038
34,NO,Uttaradit,464,Muang Uttaradit,2016,1.101763422,148498
34,NO,Uttaradit,464,Muang Uttaradit,2017,1.295928486,149061
34,NO,Uttaradit,464,Muang Uttaradit,2018,1.287712875,144862
34,NO,Uttaradit,464,Muang Uttaradit,2019,1.396058995,145258
34,NO,Uttaradit,464,Muang Uttaradit,2020,1.525388457,145621
34,NO,Uttaradit,464,Muang Uttaradit,2021,1.931066805,146684
33,SO,Yala,465,Muang Yala,2014,2.456835997,180827
33,SO,Yala,465,Muang Yala,2015,2.831652797,177346
33,SO,Yala,465,Muang Yala,2016,2.870094521,177934
33,SO,Yala,465,Muang Yala,2017,3.132965012,179399
33,SO,Yala,465,Muang Yala,2018,3.430641545,180966
33,SO,Yala,465,Muang Yala,2019,3.452403586,181468
33,SO,Yala,465,Muang Yala,2020,3.384666858,181927
33,SO,Yala,465,Muang Yala,2021,3.888859908,183844
36,NO,Kam Phaeng Phet,403,Muang Kam Phaeng Phet,2014,0.584798285,248761
36,NO,Kam Phaeng Phet,403,Muang Kam Phaeng Phet,2015,0.718723712,253504
36,NO,Kam Phaeng Phet,403,Muang Kam Phaeng Phet,2016,0.796628179,254343
36,NO,Kam Phaeng Phet,403,Muang Kam Phaeng Phet,2017,1.005866986,255576
36,NO,Kam Phaeng Phet,403,Muang Kam Phaeng Phet,2018,1.059354586,243912
36,NO,Kam Phaeng Phet,403,Muang Kam Phaeng Phet,2019,1.120421811,244614
36,NO,Kam Phaeng Phet,403,Muang Kam Phaeng Phet,2020,1.20405575,244570
36,NO,Kam Phaeng Phet,403,Muang Kam Phaeng Phet,2021,1.426415407,246240
37,NO,Lampang,425,Muang Pan,2014,0.051437964,32756
37,NO,Lampang,425,Muang Pan,2015,0.061741517,32832
37,NO,Lampang,425,Muang Pan,2016,0.070457909,32944
37,NO,Lampang,425,Muang Pan,2017,0.102375207,33048
37,NO,Lampang,425,Muang Pan,2018,0.122134113,31856
37,NO,Lampang,425,Muang Pan,2019,0.131913617,31942
37,NO,Lampang,425,Muang Pan,2020,0.1544784,32022
37,NO,Lampang,425,Muang Pan,2021,0.143504408,32255
59,SO,Nakhon Si Thammarat,468,Na Bon,2014,0.256212469,25751
59,SO,Nakhon Si Thammarat,468,Na Bon,2015,0.266481842,25843
59,SO,Nakhon Si Thammarat,468,Na Bon,2016,0.332235957,25926
59,SO,Nakhon Si Thammarat,468,Na Bon,2017,0.375392868,26016
59,SO,Nakhon Si Thammarat,468,Na Bon,2018,0.377089763,26991
59,SO,Nakhon Si Thammarat,468,Na Bon,2019,0.344517703,27065
59,SO,Nakhon Si Thammarat,468,Na Bon,2020,0.395555828,27129
59,SO,Nakhon Si Thammarat,468,Na Bon,2021,0.475267981,27328
41,NE,Ubon Ratchathani,469,Na Chaluai,2014,0.044942418,54656
41,NE,Ubon Ratchathani,469,Na Chaluai,2015,0.057245189,54848
41,NE,Ubon Ratchathani,469,Na Chaluai,2016,0.047941418,55027
41,NE,Ubon Ratchathani,469,Na Chaluai,2017,0.087613092,55566
41,NE,Ubon Ratchathani,469,Na Chaluai,2018,0.098502895,52364
41,NE,Ubon Ratchathani,469,Na Chaluai,2019,0.107722424,52276
41,NE,Ubon Ratchathani,469,Na Chaluai,2020,0.126601982,52306
41,NE,Ubon Ratchathani,469,Na Chaluai,2021,0.180118449,52685
46,NE,Maha Sarakham,470,Na Chuak,2014,0.134080914,54261
46,NE,Maha Sarakham,470,Na Chuak,2015,0.180841858,54454
46,NE,Maha Sarakham,470,Na Chuak,2016,0.170855048,54701
46,NE,Maha Sarakham,470,Na Chuak,2017,0.266487472,54939
46,NE,Maha Sarakham,470,Na Chuak,2018,0.280672185,53191
46,NE,Maha Sarakham,470,Na Chuak,2019,0.276774976,53675
46,NE,Maha Sarakham,470,Na Chuak,2020,0.32027555,54020
46,NE,Maha Sarakham,470,Na Chuak,2021,0.376168419,54413
52,EA,Prachin Buri,471,Na Di,2014,0.180778015,55757
52,EA,Prachin Buri,471,Na Di,2015,0.199114518,55943
52,EA,Prachin Buri,471,Na Di,2016,0.219801643,56127
52,EA,Prachin Buri,471,Na Di,2017,0.255228176,56313
52,EA,Prachin Buri,471,Na Di,2018,0.26624212,62490
52,EA,Prachin Buri,471,Na Di,2019,0.330035209,62682
52,EA,Prachin Buri,471,Na Di,2020,0.349605355,62838
52,EA,Prachin Buri,471,Na Di,2021,0.346084513,63288
16,NE,Loei,472,Na Duang,2014,0.045209586,21932
16,NE,Loei,472,Na Duang,2015,0.06333898,22011
16,NE,Loei,472,Na Duang,2016,0.064663724,22084
16,NE,Loei,472,Na Duang,2017,0.088647999,22152
16,NE,Loei,472,Na Duang,2018,0.077815847,21323
16,NE,Loei,472,Na Duang,2019,0.07521506,21380
16,NE,Loei,472,Na Duang,2020,0.092063706,21432
16,NE,Loei,472,Na Duang,2021,0.120084181,21583
46,NE,Maha Sarakham,473,Na Dun,2014,0.14189298,34696
46,NE,Maha Sarakham,473,Na Dun,2015,0.236634899,34818
46,NE,Maha Sarakham,473,Na Dun,2016,0.262166472,34931
46,NE,Maha Sarakham,473,Na Dun,2017,0.409827776,35028
46,NE,Maha Sarakham,473,Na Dun,2018,0.447490252,33856
46,NE,Maha Sarakham,473,Na Dun,2019,0.455567743,33916
46,NE,Maha Sarakham,473,Na Dun,2020,0.504269155,33576
46,NE,Maha Sarakham,473,Na Dun,2021,0.56818413,33817
16,NE,Loei,474,Na Haeo,2014,0.017492685,9920
16,NE,Loei,474,Na Haeo,2015,0.020337175,10056
16,NE,Loei,474,Na Haeo,2016,0.033278213,10094
16,NE,Loei,474,Na Haeo,2017,0.058058577,10334
16,NE,Loei,474,Na Haeo,2018,0.058346413,9969
16,NE,Loei,474,Na Haeo,2019,0.05195906,10003
16,NE,Loei,474,Na Haeo,2020,0.058845495,10070
16,NE,Loei,474,Na Haeo,2021,0.082706881,10133
72,NE,Nakhon Phanom,475,Na Kae,2014,0.247557727,64078
72,NE,Nakhon Phanom,475,Na Kae,2015,0.2736118,64299
72,NE,Nakhon Phanom,475,Na Kae,2016,0.272876987,64438
72,NE,Nakhon Phanom,475,Na Kae,2017,0.364935133,64413
72,NE,Nakhon Phanom,475,Na Kae,2018,0.371443326,60691
72,NE,Nakhon Phanom,475,Na Kae,2019,0.321517568,60855
72,NE,Nakhon Phanom,475,Na Kae,2020,0.403834614,61014
72,NE,Nakhon Phanom,475,Na Kae,2021,0.485875932,61467
3,NE,Nongbua Lamphu,477,Na Klang,2014,0.304292236,90610
3,NE,Nongbua Lamphu,477,Na Klang,2015,0.335011477,90460
3,NE,Nongbua Lamphu,477,Na Klang,2016,0.277944799,90757
3,NE,Nongbua Lamphu,477,Na Klang,2017,0.428460696,91050
3,NE,Nongbua Lamphu,477,Na Klang,2018,0.469293387,85504
3,NE,Nongbua Lamphu,477,Na Klang,2019,0.493703595,85729
3,NE,Nongbua Lamphu,477,Na Klang,2020,0.575082119,85952
3,NE,Nongbua Lamphu,477,Na Klang,2021,0.612386692,86593
43,SO,Songkhla,478,Na Mom,2014,0.654992256,24176
43,SO,Songkhla,478,Na Mom,2015,0.782570579,24258
43,SO,Songkhla,478,Na Mom,2016,0.798273316,24339
43,SO,Songkhla,478,Na Mom,2017,1.032915409,24417
43,SO,Songkhla,478,Na Mom,2018,1.078209273,24897
43,SO,Songkhla,478,Na Mom,2019,1.231330284,24963
43,SO,Songkhla,478,Na Mom,2020,1.39116562,25026
43,SO,Songkhla,478,Na Mom,2021,1.590273651,25706
20,NE,Kalasin,479,Na Mon,2014,0.262046509,32388
20,NE,Kalasin,479,Na Mon,2015,0.285196646,32405
20,NE,Kalasin,479,Na Mon,2016,0.30017955,32513
20,NE,Kalasin,479,Na Mon,2017,0.40520329,32614
20,NE,Kalasin,479,Na Mon,2018,0.424250236,30929
20,NE,Kalasin,479,Na Mon,2019,0.417819854,31015
20,NE,Kalasin,479,Na Mon,2020,0.495690764,31092
20,NE,Kalasin,479,Na Mon,2021,0.583151556,31321
70,NO,Nan,480,Na Mun,2014,0.013356243,15232
70,NO,Nan,480,Na Mun,2015,0.018296291,15225
70,NO,Nan,480,Na Mun,2016,0.014917457,15275
70,NO,Nan,480,Na Mun,2017,0.022743634,15297
70,NO,Nan,480,Na Mun,2018,0.021299016,14536
70,NO,Nan,480,Na Mun,2019,0.027329363,14577
70,NO,Nan,480,Na Mun,2020,0.045553032,14613
70,NO,Nan,480,Na Mun,2021,0.045324015,14718
70,NO,Nan,481,Na Noi,2014,0.034421992,31279
70,NO,Nan,481,Na Noi,2015,0.039971902,31461
70,NO,Nan,481,Na Noi,2016,0.037604903,31564
70,NO,Nan,481,Na Noi,2017,0.066451769,31692
70,NO,Nan,481,Na Noi,2018,0.066782271,30093
70,NO,Nan,481,Na Noi,2019,0.081706185,30186
70,NO,Nan,481,Na Noi,2020,0.093538727,30265
70,NO,Nan,481,Na Noi,2021,0.115096814,30488
35,NE,Buri Ram,482,Na Pho,2014,0.180565762,28579
35,NE,Buri Ram,482,Na Pho,2015,0.219870398,28677
35,NE,Buri Ram,482,Na Pho,2016,0.242590925,28768
35,NE,Buri Ram,482,Na Pho,2017,0.364175154,28853
35,NE,Buri Ram,482,Na Pho,2018,0.408367421,27314
35,NE,Buri Ram,482,Na Pho,2019,0.409805669,27339
35,NE,Buri Ram,482,Na Pho,2020,0.573518501,27376
35,NE,Buri Ram,482,Na Pho,2021,0.658390646,27577
43,SO,Songkhla,484,Na Thawi,2014,0.270045269,63041
43,SO,Songkhla,484,Na Thawi,2015,0.279702449,63300
43,SO,Songkhla,484,Na Thawi,2016,0.341706854,63507
43,SO,Songkhla,484,Na Thawi,2017,0.447385599,63699
43,SO,Songkhla,484,Na Thawi,2018,0.48401333,64976
43,SO,Songkhla,484,Na Thawi,2019,0.512457245,65119
43,SO,Songkhla,484,Na Thawi,2020,0.59016977,65282
43,SO,Songkhla,484,Na Thawi,2021,0.610548857,65746
72,NE,Nakhon Phanom,485,Na Thom,2014,0.025641496,19287
72,NE,Nakhon Phanom,485,Na Thom,2015,0.030842393,19221
72,NE,Nakhon Phanom,485,Na Thom,2016,0.019544611,19280
72,NE,Nakhon Phanom,485,Na Thom,2017,0.073647087,19337
72,NE,Nakhon Phanom,485,Na Thom,2018,0.063609341,18025
72,NE,Nakhon Phanom,485,Na Thom,2019,0.057835566,18073
72,NE,Nakhon Phanom,485,Na Thom,2020,0.149381718,18126
72,NE,Nakhon Phanom,485,Na Thom,2021,0.249431341,18253
72,NE,Nakhon Phanom,486,Na Wa,2014,0.152212065,39994
72,NE,Nakhon Phanom,486,Na Wa,2015,0.197154298,40110
72,NE,Nakhon Phanom,486,Na Wa,2016,0.158310615,40231
72,NE,Nakhon Phanom,486,Na Wa,2017,0.260861994,40347
72,NE,Nakhon Phanom,486,Na Wa,2018,0.270195889,37561
72,NE,Nakhon Phanom,486,Na Wa,2019,0.254244545,37665
72,NE,Nakhon Phanom,486,Na Wa,2020,0.331571129,37759
72,NE,Nakhon Phanom,486,Na Wa,2021,0.414327361,38026
3,NE,Nongbua Lamphu,487,Na Wang,2014,0.156203242,39306
3,NE,Nongbua Lamphu,487,Na Wang,2015,0.183693174,40245
3,NE,Nongbua Lamphu,487,Na Wang,2016,0.165205962,40379
3,NE,Nongbua Lamphu,487,Na Wang,2017,0.245143061,40488
3,NE,Nongbua Lamphu,487,Na Wang,2018,0.289708835,38069
3,NE,Nongbua Lamphu,487,Na Wang,2019,0.256763455,38176
3,NE,Nongbua Lamphu,487,Na Wang,2020,0.258412002,38270
3,NE,Nongbua Lamphu,487,Na Wang,2021,0.313017897,38541
47,SO,Trang,490,Na Yong,2014,0.472099036,44083
47,SO,Trang,490,Na Yong,2015,0.530246224,44238
47,SO,Trang,490,Na Yong,2016,0.53008637,44383
47,SO,Trang,490,Na Yong,2017,0.670495299,44521
47,SO,Trang,490,Na Yong,2018,0.741373858,45849
47,SO,Trang,490,Na Yong,2019,0.755934242,46006
47,SO,Trang,490,Na Yong,2020,0.834997292,46121
47,SO,Trang,490,Na Yong,2021,0.990843962,46458
23,NE,Udon Thani,491,Na Yung,2014,0.06149828,20292
23,NE,Udon Thani,491,Na Yung,2015,0.101616072,21169
23,NE,Udon Thani,491,Na Yung,2016,0.073787285,21440
23,NE,Udon Thani,491,Na Yung,2017,0.133229351,21607
23,NE,Udon Thani,491,Na Yung,2018,0.150692217,20268
23,NE,Udon Thani,491,Na Yung,2019,0.134526899,20320
23,NE,Udon Thani,491,Na Yung,2020,0.18835984,20371
23,NE,Udon Thani,491,Na Yung,2021,0.220750893,20521
27,BKK&VIC,Nakhon Pathom,492,Nakhon Chaisi,2014,3.417161719,117704
27,BKK&VIC,Nakhon Pathom,492,Nakhon Chaisi,2015,3.767289616,118110
27,BKK&VIC,Nakhon Pathom,492,Nakhon Chaisi,2016,4.035520534,118503
27,BKK&VIC,Nakhon Pathom,492,Nakhon Chaisi,2017,4.129504709,118875
27,BKK&VIC,Nakhon Pathom,492,Nakhon Chaisi,2018,4.338644394,136252
27,BKK&VIC,Nakhon Pathom,492,Nakhon Chaisi,2019,4.563581049,136628
27,BKK&VIC,Nakhon Pathom,492,Nakhon Chaisi,2020,4.617033455,136958
27,BKK&VIC,Nakhon Pathom,492,Nakhon Chaisi,2021,4.737910945,137956
53,CE,Phra Nakhon Sri Ayuthaya,493,Nakhon Luang,2014,2.854758332,38430
53,CE,Phra Nakhon Sri Ayuthaya,493,Nakhon Luang,2015,3.016901371,39496
53,CE,Phra Nakhon Sri Ayuthaya,493,Nakhon Luang,2016,3.317294717,39625
53,CE,Phra Nakhon Sri Ayuthaya,493,Nakhon Luang,2017,3.39908877,39920
53,CE,Phra Nakhon Sri Ayuthaya,493,Nakhon Luang,2018,3.321309078,38958
53,CE,Phra Nakhon Sri Ayuthaya,493,Nakhon Luang,2019,3.992094969,39057
53,CE,Phra Nakhon Sri Ayuthaya,493,Nakhon Luang,2020,4.21911403,39123
53,CE,Phra Nakhon Sri Ayuthaya,493,Nakhon Luang,2021,4.451076373,39405
21,NO,Phitsanulok,494,Nakhon Thai,2014,0.034502506,92443
21,NO,Phitsanulok,494,Nakhon Thai,2015,0.048774913,92799
21,NO,Phitsanulok,494,Nakhon Thai,2016,0.050985659,92976
21,NO,Phitsanulok,494,Nakhon Thai,2017,0.077809709,93093
21,NO,Phitsanulok,494,Nakhon Thai,2018,0.078883725,88845
21,NO,Phitsanulok,494,Nakhon Thai,2019,0.091444901,89087
21,NO,Phitsanulok,494,Nakhon Thai,2020,0.104814115,89312
21,NO,Phitsanulok,494,Nakhon Thai,2021,0.107263885,89957
12,NE,Si Sa Ket,496,Nam Kliang,2014,0.077408065,28958
12,NE,Si Sa Ket,496,Nam Kliang,2015,0.088359489,29042
12,NE,Si Sa Ket,496,Nam Kliang,2016,0.07352147,29136
12,NE,Si Sa Ket,496,Nam Kliang,2017,0.132320521,29567
12,NE,Si Sa Ket,496,Nam Kliang,2018,0.140515209,27615
12,NE,Si Sa Ket,496,Nam Kliang,2019,0.133689806,27694
12,NE,Si Sa Ket,496,Nam Kliang,2020,0.178887669,27762
12,NE,Si Sa Ket,496,Nam Kliang,2021,0.221685087,27963
10,NO,Phetchabun,497,Nam Nao,2014,0.057880208,14682
10,NO,Phetchabun,497,Nam Nao,2015,0.060825292,14731
10,NO,Phetchabun,497,Nam Nao,2016,0.063102675,14782
10,NO,Phetchabun,497,Nam Nao,2017,0.072622439,14831
10,NO,Phetchabun,497,Nam Nao,2018,0.06890222,13920
10,NO,Phetchabun,497,Nam Nao,2019,0.074208643,13963
10,NO,Phetchabun,497,Nam Nao,2020,0.085418684,14001
10,NO,Phetchabun,497,Nam Nao,2021,0.080506734,14101
34,NO,Uttaradit,498,Nam Pat,2014,0.032419735,30865
34,NO,Uttaradit,498,Nam Pat,2015,0.035755725,31009
34,NO,Uttaradit,498,Nam Pat,2016,0.035752767,30959
34,NO,Uttaradit,498,Nam Pat,2017,0.071815248,30921
34,NO,Uttaradit,498,Nam Pat,2018,0.078920493,30041
34,NO,Uttaradit,498,Nam Pat,2019,0.086428612,30127
34,NO,Uttaradit,498,Nam Pat,2020,0.086449624,30207
34,NO,Uttaradit,498,Nam Pat,2021,0.097038818,30427
15,NE,Khon Kaen,499,Nam Phong,2014,0.726512075,116478
15,NE,Khon Kaen,499,Nam Phong,2015,0.768035944,116893
15,NE,Khon Kaen,499,Nam Phong,2016,0.762738682,117280
15,NE,Khon Kaen,499,Nam Phong,2017,0.940331806,117605
15,NE,Khon Kaen,499,Nam Phong,2018,1.044098146,113551
15,NE,Khon Kaen,499,Nam Phong,2019,1.040218277,113863
15,NE,Khon Kaen,499,Nam Phong,2020,1.1262281,114151
15,NE,Khon Kaen,499,Nam Phong,2021,1.157655999,114972
23,NE,Udon Thani,500,Nam Som,2014,0.11863683,48704
23,NE,Udon Thani,500,Nam Som,2015,0.158525293,49078
23,NE,Udon Thani,500,Nam Som,2016,0.145253016,49216
23,NE,Udon Thani,500,Nam Som,2017,0.201693609,49367
23,NE,Udon Thani,500,Nam Som,2018,0.195220087,46306
23,NE,Udon Thani,500,Nam Som,2019,0.161838693,46435
23,NE,Udon Thani,500,Nam Som,2020,0.192350532,46553
23,NE,Udon Thani,500,Nam Som,2021,0.235503762,46893
41,NE,Ubon Ratchathani,501,Nam Yun,2014,0.071134568,59404
41,NE,Ubon Ratchathani,501,Nam Yun,2015,0.093659709,59611
41,NE,Ubon Ratchathani,501,Nam Yun,2016,0.08416958,59816
41,NE,Ubon Ratchathani,501,Nam Yun,2017,0.139998485,59976
41,NE,Ubon Ratchathani,501,Nam Yun,2018,0.139575019,56570
41,NE,Ubon Ratchathani,501,Nam Yun,2019,0.13917714,56859
41,NE,Ubon Ratchathani,501,Nam Yun,2020,0.149592458,57027
41,NE,Ubon Ratchathani,501,Nam Yun,2021,0.17051082,57467
35,NE,Buri Ram,502,Nang Rong,2014,0.222979232,101207
35,NE,Buri Ram,502,Nang Rong,2015,0.268086748,103199
35,NE,Buri Ram,502,Nang Rong,2016,0.32298904,103515
35,NE,Buri Ram,502,Nang Rong,2017,0.404064705,104083
35,NE,Buri Ram,502,Nang Rong,2018,0.46580988,98570
35,NE,Buri Ram,502,Nang Rong,2019,0.495978544,98841
35,NE,Buri Ram,502,Nang Rong,2020,0.549156725,99086
35,NE,Buri Ram,502,Nang Rong,2021,0.629782489,99815
37,NO,Lampang,503,Ngao,2014,0.05090558,57498
37,NO,Lampang,503,Ngao,2015,0.06184509,57750
37,NO,Lampang,503,Ngao,2016,0.070579647,57887
37,NO,Lampang,503,Ngao,2017,0.125037424,58018
37,NO,Lampang,503,Ngao,2018,0.171251715,55885
37,NO,Lampang,503,Ngao,2019,0.166608615,56037
37,NO,Lampang,503,Ngao,2020,0.19505603,56178
37,NO,Lampang,503,Ngao,2021,0.21115546,56590
61,NE,Mukdahan,504,Nikhom Kham Soi,2014,0.108142398,46435
61,NE,Mukdahan,504,Nikhom Kham Soi,2015,0.136592216,46198
61,NE,Mukdahan,504,Nikhom Kham Soi,2016,0.16422518,46348
61,NE,Mukdahan,504,Nikhom Kham Soi,2017,0.250216458,46495
61,NE,Mukdahan,504,Nikhom Kham Soi,2018,0.288571621,42993
61,NE,Mukdahan,504,Nikhom Kham Soi,2019,0.301974345,43115
61,NE,Mukdahan,504,Nikhom Kham Soi,2020,0.381473388,43222
61,NE,Mukdahan,504,Nikhom Kham Soi,2021,0.448555487,43539
24,NE,Sakon Nakhon,505,Nikhom Nam Un,2014,0.042195052,13503
24,NE,Sakon Nakhon,505,Nikhom Nam Un,2015,0.04996212,13550
24,NE,Sakon Nakhon,505,Nikhom Nam Un,2016,0.045901345,13590
24,NE,Sakon Nakhon,505,Nikhom Nam Un,2017,0.100690877,13625
24,NE,Sakon Nakhon,505,Nikhom Nam Un,2018,0.106427898,12779
24,NE,Sakon Nakhon,505,Nikhom Nam Un,2019,0.091448482,12813
24,NE,Sakon Nakhon,505,Nikhom Nam Un,2020,0.127977754,12845
24,NE,Sakon Nakhon,505,Nikhom Nam Un,2021,0.173932256,12941
21,NO,Phitsanulok,508,Noen Maprang,2014,0.052633215,67621
21,NO,Phitsanulok,508,Noen Maprang,2015,0.066766845,67865
21,NO,Phitsanulok,508,Noen Maprang,2016,0.071288986,68268
21,NO,Phitsanulok,508,Noen Maprang,2017,0.103885899,68594
21,NO,Phitsanulok,508,Noen Maprang,2018,0.109097781,65383
21,NO,Phitsanulok,508,Noen Maprang,2019,0.116593411,65554
21,NO,Phitsanulok,508,Noen Maprang,2020,0.115594839,65725
21,NO,Phitsanulok,508,Noen Maprang,2021,0.137223145,66205
9,NE,Chaiyaphum,509,Noen Sa-Nga,2014,0.091066494,22025
9,NE,Chaiyaphum,509,Noen Sa-Nga,2015,0.114164007,21710
9,NE,Chaiyaphum,509,Noen Sa-Nga,2016,0.123827254,21769
9,NE,Chaiyaphum,509,Noen Sa-Nga,2017,0.179205421,21841
9,NE,Chaiyaphum,509,Noen Sa-Nga,2018,0.187072932,21003
9,NE,Chaiyaphum,509,Noen Sa-Nga,2019,0.201723056,21062
9,NE,Chaiyaphum,509,Noen Sa-Nga,2020,0.276253583,21114
9,NE,Chaiyaphum,509,Noen Sa-Nga,2021,0.348671602,21269
6,NE,Nakhon Ratchasima,510,Non Daeng,2014,0.268772177,25356
6,NE,Nakhon Ratchasima,510,Non Daeng,2015,0.336502774,25784
6,NE,Nakhon Ratchasima,510,Non Daeng,2016,0.340765973,26518
6,NE,Nakhon Ratchasima,510,Non Daeng,2017,0.461323538,26928
6,NE,Nakhon Ratchasima,510,Non Daeng,2018,0.487036394,25747
6,NE,Nakhon Ratchasima,510,Non Daeng,2019,0.498440371,25812
6,NE,Nakhon Ratchasima,510,Non Daeng,2020,0.550182098,25878
6,NE,Nakhon Ratchasima,510,Non Daeng,2021,0.692240509,26067
35,NE,Buri Ram,511,Non Din Daeng,2014,0.06526996,19563
35,NE,Buri Ram,511,Non Din Daeng,2015,0.076855223,19629
35,NE,Buri Ram,511,Non Din Daeng,2016,0.086947424,19692
35,NE,Buri Ram,511,Non Din Daeng,2017,0.121463808,19737
35,NE,Buri Ram,511,Non Din Daeng,2018,0.115947116,19221
35,NE,Buri Ram,511,Non Din Daeng,2019,0.109110041,19277
35,NE,Buri Ram,511,Non Din Daeng,2020,0.109431434,19317
35,NE,Buri Ram,511,Non Din Daeng,2021,0.112295241,19457
12,NE,Si Sa Ket,512,Non Khun,2014,0.064655145,27951
12,NE,Si Sa Ket,512,Non Khun,2015,0.080149616,28035
12,NE,Si Sa Ket,512,Non Khun,2016,0.083887389,28127
12,NE,Si Sa Ket,512,Non Khun,2017,0.154329566,28152
12,NE,Si Sa Ket,512,Non Khun,2018,0.177339331,26676
12,NE,Si Sa Ket,512,Non Khun,2019,0.185242992,26746
12,NE,Si Sa Ket,512,Non Khun,2020,0.254261028,26813
12,NE,Si Sa Ket,512,Non Khun,2021,0.42213107,27010
23,NE,Udon Thani,514,Non Sa-at,2014,0.237573461,42529
23,NE,Udon Thani,514,Non Sa-at,2015,0.383163937,42672
23,NE,Udon Thani,514,Non Sa-at,2016,0.235049711,42811
23,NE,Udon Thani,514,Non Sa-at,2017,0.317576372,42966
23,NE,Udon Thani,514,Non Sa-at,2018,0.349345894,40336
23,NE,Udon Thani,514,Non Sa-at,2019,0.34754298,40445
23,NE,Udon Thani,514,Non Sa-at,2020,0.410195228,40549
23,NE,Udon Thani,514,Non Sa-at,2021,0.425010461,40844
3,NE,Nongbua Lamphu,515,Non Sang,2014,0.077867884,64493
3,NE,Nongbua Lamphu,515,Non Sang,2015,0.115762678,64708
3,NE,Nongbua Lamphu,515,Non Sang,2016,0.116739908,64921
3,NE,Nongbua Lamphu,515,Non Sang,2017,0.182394303,65121
3,NE,Nongbua Lamphu,515,Non Sang,2018,0.188193552,61209
3,NE,Nongbua Lamphu,515,Non Sang,2019,0.17795884,61374
3,NE,Nongbua Lamphu,515,Non Sang,2020,0.227560715,61528
3,NE,Nongbua Lamphu,515,Non Sang,2021,0.291505064,61983
6,NE,Nakhon Ratchasima,517,Non Sung,2014,0.358718956,131212
6,NE,Nakhon Ratchasima,517,Non Sung,2015,0.423703205,131721
6,NE,Nakhon Ratchasima,517,Non Sung,2016,0.452772525,132114
6,NE,Nakhon Ratchasima,517,Non Sung,2017,0.533005313,132173
6,NE,Nakhon Ratchasima,517,Non Sung,2018,0.575010908,125485
6,NE,Nakhon Ratchasima,517,Non Sung,2019,0.781284332,125824
6,NE,Nakhon Ratchasima,517,Non Sung,2020,0.966529805,126140
6,NE,Nakhon Ratchasima,517,Non Sung,2021,1.061540843,127067
35,NE,Buri Ram,518,Non Suwan,2014,0.061107168,17823
35,NE,Buri Ram,518,Non Suwan,2015,0.078368457,18920
35,NE,Buri Ram,518,Non Suwan,2016,0.097033235,18938
35,NE,Buri Ram,518,Non Suwan,2017,0.189412442,18973
35,NE,Buri Ram,518,Non Suwan,2018,0.252248044,17952
35,NE,Buri Ram,518,Non Suwan,2019,0.272729202,18008
35,NE,Buri Ram,518,Non Suwan,2020,0.369699898,18061
35,NE,Buri Ram,518,Non Suwan,2021,0.447826138,18184
6,NE,Nakhon Ratchasima,519,Non Thai,2014,0.266230923,80202
6,NE,Nakhon Ratchasima,519,Non Thai,2015,0.314380624,80453
6,NE,Nakhon Ratchasima,519,Non Thai,2016,0.33040097,80747
6,NE,Nakhon Ratchasima,519,Non Thai,2017,0.401770033,80989
6,NE,Nakhon Ratchasima,519,Non Thai,2018,0.433538784,77573
6,NE,Nakhon Ratchasima,519,Non Thai,2019,0.470457981,77778
6,NE,Nakhon Ratchasima,519,Non Thai,2020,0.557448607,78006
6,NE,Nakhon Ratchasima,519,Non Thai,2021,0.562716936,78619
2,NO,Nakhon Sawan,520,Nong Bua,2014,0.186817429,66348
2,NO,Nakhon Sawan,520,Nong Bua,2015,0.224066565,67012
2,NO,Nakhon Sawan,520,Nong Bua,2016,0.219512302,67258
2,NO,Nakhon Sawan,520,Nong Bua,2017,0.309652248,67472
2,NO,Nakhon Sawan,520,Nong Bua,2018,0.359830975,64024
2,NO,Nakhon Sawan,520,Nong Bua,2019,0.386208256,64193
2,NO,Nakhon Sawan,520,Nong Bua,2020,0.417096326,64429
2,NO,Nakhon Sawan,520,Nong Bua,2021,0.490894841,64916
9,NE,Chaiyaphum,521,Nong Bua Daeng,2014,0.080489753,81478
9,NE,Chaiyaphum,521,Nong Bua Daeng,2015,0.066029842,81836
9,NE,Chaiyaphum,521,Nong Bua Daeng,2016,0.080306968,82107
9,NE,Chaiyaphum,521,Nong Bua Daeng,2017,0.112495633,82380
9,NE,Chaiyaphum,521,Nong Bua Daeng,2018,0.113161275,79246
9,NE,Chaiyaphum,521,Nong Bua Daeng,2019,0.117205152,79467
9,NE,Chaiyaphum,521,Nong Bua Daeng,2020,0.112845862,79672
9,NE,Chaiyaphum,521,Nong Bua Daeng,2021,0.136778631,80250
9,NE,Chaiyaphum,522,Nong Bua Rawae,2014,0.096516941,27977
9,NE,Chaiyaphum,522,Nong Bua Rawae,2015,0.102299336,28075
9,NE,Chaiyaphum,522,Nong Bua Rawae,2016,0.097581445,28172
9,NE,Chaiyaphum,522,Nong Bua Rawae,2017,0.139988488,28289
9,NE,Chaiyaphum,522,Nong Bua Rawae,2018,0.147341572,27207
9,NE,Chaiyaphum,522,Nong Bua Rawae,2019,0.140257645,27288
9,NE,Chaiyaphum,522,Nong Bua Rawae,2020,0.159876472,27360
9,NE,Chaiyaphum,522,Nong Bua Rawae,2021,0.185462751,27557
6,NE,Nakhon Ratchasima,523,Nong Bun Mak,2014,0.218693536,60056
6,NE,Nakhon Ratchasima,523,Nong Bun Mak,2015,0.248572446,60151
6,NE,Nakhon Ratchasima,523,Nong Bun Mak,2016,0.282341099,60328
6,NE,Nakhon Ratchasima,523,Nong Bun Mak,2017,0.373782043,60303
6,NE,Nakhon Ratchasima,523,Nong Bun Mak,2018,0.388539982,57233
6,NE,Nakhon Ratchasima,523,Nong Bun Mak,2019,0.386327529,57394
6,NE,Nakhon Ratchasima,523,Nong Bun Mak,2020,0.389427387,57531
6,NE,Nakhon Ratchasima,523,Nong Bun Mak,2021,0.430740843,57948
18,NO,Uthai Thani,524,Nong Chang,2014,0.431795918,41079
18,NO,Uthai Thani,524,Nong Chang,2015,0.527264995,41218
18,NO,Uthai Thani,524,Nong Chang,2016,0.497939153,41387
18,NO,Uthai Thani,524,Nong Chang,2017,0.649955294,41537
18,NO,Uthai Thani,524,Nong Chang,2018,0.608743637,40152
18,NO,Uthai Thani,524,Nong Chang,2019,0.616264684,40260
18,NO,Uthai Thani,524,Nong Chang,2020,0.654508436,40361
18,NO,Uthai Thani,524,Nong Chang,2021,0.923123693,40652
57,SO,Pattani,525,Nong Chik,2014,1.52021932,74508
57,SO,Pattani,525,Nong Chik,2015,1.74510288,74592
57,SO,Pattani,525,Nong Chik,2016,1.946841083,74839
57,SO,Pattani,525,Nong Chik,2017,2.225040673,75074
57,SO,Pattani,525,Nong Chik,2018,2.48432821,76158
57,SO,Pattani,525,Nong Chik,2019,2.309259296,76367
57,SO,Pattani,525,Nong Chik,2020,2.419063118,76558
57,SO,Pattani,525,Nong Chik,2021,2.570786356,77450
14,BKK&VIC,Bangkok,526,Nong Chok,2014,3.974282429,145730
14,BKK&VIC,Bangkok,526,Nong Chok,2015,4.039806963,142966
14,BKK&VIC,Bangkok,526,Nong Chok,2016,4.294915497,143445
14,BKK&VIC,Bangkok,526,Nong Chok,2017,4.498697061,143554
14,BKK&VIC,Bangkok,526,Nong Chok,2018,4.488131411,149119
14,BKK&VIC,Bangkok,526,Nong Chok,2019,4.473140665,149494
14,BKK&VIC,Bangkok,526,Nong Chok,2020,4.751059154,150635
14,BKK&VIC,Bangkok,526,Nong Chok,2021,4.993214101,151669
17,CE,Saraburi,527,Nong Don,2014,1.065499741,15514
17,CE,Saraburi,527,Nong Don,2015,1.531157958,16208
17,CE,Saraburi,527,Nong Don,2016,1.48385294,16258
17,CE,Saraburi,527,Nong Don,2017,1.529699444,16211
17,CE,Saraburi,527,Nong Don,2018,1.36805813,15585
17,CE,Saraburi,527,Nong Don,2019,1.610357133,15626
17,CE,Saraburi,527,Nong Don,2020,1.608340721,15667
17,CE,Saraburi,527,Nong Don,2021,1.512276127,15780
23,NE,Udon Thani,528,Nong Han,2014,0.313753666,105148
23,NE,Udon Thani,528,Nong Han,2015,0.363233586,105881
23,NE,Udon Thani,528,Nong Han,2016,0.418450796,106384
23,NE,Udon Thani,528,Nong Han,2017,0.576527338,106988
23,NE,Udon Thani,528,Nong Han,2018,0.588211216,100374
23,NE,Udon Thani,528,Nong Han,2019,0.576594534,100656
23,NE,Udon Thani,528,Nong Han,2020,0.66951841,100913
23,NE,Udon Thani,528,Nong Han,2021,0.773869889,101638
35,NE,Buri Ram,531,Nong Hong,2014,0.072394421,39667
35,NE,Buri Ram,531,Nong Hong,2015,0.090379973,39791
35,NE,Buri Ram,531,Nong Hong,2016,0.110249178,39902
35,NE,Buri Ram,531,Nong Hong,2017,0.155982217,39924
35,NE,Buri Ram,531,Nong Hong,2018,0.171690018,37776
35,NE,Buri Ram,531,Nong Hong,2019,0.194495838,37878
35,NE,Buri Ram,531,Nong Hong,2020,0.273457134,37974
35,NE,Buri Ram,531,Nong Hong,2021,0.557172185,38255
17,CE,Saraburi,532,Nong Khae,2014,6.403793264,115728
17,CE,Saraburi,532,Nong Khae,2015,6.395415945,116124
17,CE,Saraburi,532,Nong Khae,2016,6.449726224,116504
17,CE,Saraburi,532,Nong Khae,2017,6.427823467,116871
17,CE,Saraburi,532,Nong Khae,2018,6.261893606,112428
17,CE,Saraburi,532,Nong Khae,2019,7.068971551,112737
17,CE,Saraburi,532,Nong Khae,2020,7.150989393,113060
17,CE,Saraburi,532,Nong Khae,2021,7.447846665,113887
18,NO,Uthai Thani,534,Nong Khayang,2014,0.42174787,17192
18,NO,Uthai Thani,534,Nong Khayang,2015,0.442921825,17255
18,NO,Uthai Thani,534,Nong Khayang,2016,0.424524,17293
18,NO,Uthai Thani,534,Nong Khayang,2017,0.498666816,17337
18,NO,Uthai Thani,534,Nong Khayang,2018,0.517241015,16760
18,NO,Uthai Thani,534,Nong Khayang,2019,0.57075661,16805
18,NO,Uthai Thani,534,Nong Khayang,2020,0.613597903,16620
18,NO,Uthai Thani,534,Nong Khayang,2021,0.933049032,16744
35,NE,Buri Ram,535,Nong Ki,2014,0.260660353,58769
35,NE,Buri Ram,535,Nong Ki,2015,0.286383212,58925
35,NE,Buri Ram,535,Nong Ki,2016,0.330075173,59202
35,NE,Buri Ram,535,Nong Ki,2017,0.36549013,59434
35,NE,Buri Ram,535,Nong Ki,2018,0.411651151,56257
35,NE,Buri Ram,535,Nong Ki,2019,0.465341616,56403
35,NE,Buri Ram,535,Nong Ki,2020,0.537051049,56544
35,NE,Buri Ram,535,Nong Ki,2021,0.601803794,56955
20,NE,Kalasin,536,Nong Kung Si,2014,0.202066117,54029
20,NE,Kalasin,536,Nong Kung Si,2015,0.313844355,53873
20,NE,Kalasin,536,Nong Kung Si,2016,0.202610067,54050
20,NE,Kalasin,536,Nong Kung Si,2017,0.343689105,54196
20,NE,Kalasin,536,Nong Kung Si,2018,0.360763002,51438
20,NE,Kalasin,536,Nong Kung Si,2019,0.352711153,51575
20,NE,Kalasin,536,Nong Kung Si,2020,0.378992453,51706
20,NE,Kalasin,536,Nong Kung Si,2021,0.400872914,52095
62,CE,Lop Buri,538,Nong Muang,2014,0.140881665,35290
62,CE,Lop Buri,538,Nong Muang,2015,0.178744204,35410
62,CE,Lop Buri,538,Nong Muang,2016,0.210629733,35530
62,CE,Lop Buri,538,Nong Muang,2017,0.387709161,35673
62,CE,Lop Buri,538,Nong Muang,2018,0.279240008,34915
62,CE,Lop Buri,538,Nong Muang,2019,0.317903302,35014
62,CE,Lop Buri,538,Nong Muang,2020,0.314367176,35093
62,CE,Lop Buri,538,Nong Muang,2021,0.406075616,35340
32,NO,Phrae,539,Nong Muang Kai,2014,0.237151346,13947
32,NO,Phrae,539,Nong Muang Kai,2015,0.315609343,13694
32,NO,Phrae,539,Nong Muang Kai,2016,0.342831772,13701
32,NO,Phrae,539,Nong Muang Kai,2017,0.471831765,14912
32,NO,Phrae,539,Nong Muang Kai,2018,0.533587628,14703
32,NO,Phrae,539,Nong Muang Kai,2019,0.562909409,14741
32,NO,Phrae,539,Nong Muang Kai,2020,0.656721653,14772
32,NO,Phrae,539,Nong Muang Kai,2021,0.654693849,14878
10,NO,Phetchabun,541,Nong Phai,2014,0.149261963,110506
10,NO,Phetchabun,541,Nong Phai,2015,0.158002722,110980
10,NO,Phetchabun,541,Nong Phai,2016,0.159036868,111361
10,NO,Phetchabun,541,Nong Phai,2017,0.230461684,111836
10,NO,Phetchabun,541,Nong Phai,2018,0.23531675,105038
10,NO,Phetchabun,541,Nong Phai,2019,0.244388167,105319
10,NO,Phetchabun,541,Nong Phai,2020,0.265998969,105977
10,NO,Phetchabun,541,Nong Phai,2021,0.32301775,106754
0,NE,Roi Et,542,Nong Phok,2014,0.169900156,53710
0,NE,Roi Et,542,Nong Phok,2015,0.196691803,53899
0,NE,Roi Et,542,Nong Phok,2016,0.186022565,54095
0,NE,Roi Et,542,Nong Phok,2017,0.295442747,54299
0,NE,Roi Et,542,Nong Phok,2018,0.328543106,51850
0,NE,Roi Et,542,Nong Phok,2019,0.297321724,51991
0,NE,Roi Et,542,Nong Phok,2020,0.3441959,52124
0,NE,Roi Et,542,Nong Phok,2021,0.406337035,52502
73,WE,Kanchanaburi,543,Nong Prue,2014,0.096136975,31806
73,WE,Kanchanaburi,543,Nong Prue,2015,0.119747634,31807
73,WE,Kanchanaburi,543,Nong Prue,2016,0.118293927,31810
73,WE,Kanchanaburi,543,Nong Prue,2017,0.143131396,31817
73,WE,Kanchanaburi,543,Nong Prue,2018,0.144870262,30677
73,WE,Kanchanaburi,543,Nong Prue,2019,0.159715285,30768
73,WE,Kanchanaburi,543,Nong Prue,2020,0.211153599,30819
73,WE,Kanchanaburi,543,Nong Prue,2021,0.223063217,31046
15,NE,Khon Kaen,544,Nong Rua,2014,0.6369741,93531
15,NE,Khon Kaen,544,Nong Rua,2015,0.646386928,93854
15,NE,Khon Kaen,544,Nong Rua,2016,0.77598263,94167
15,NE,Khon Kaen,544,Nong Rua,2017,0.837300855,94462
15,NE,Khon Kaen,544,Nong Rua,2018,0.911330908,90888
15,NE,Khon Kaen,544,Nong Rua,2019,0.909868239,91133
15,NE,Khon Kaen,544,Nong Rua,2020,0.913047617,91364
15,NE,Khon Kaen,544,Nong Rua,2021,1.018931296,92031
17,CE,Saraburi,545,Nong Saeng,2014,1.870307301,20172
17,CE,Saraburi,545,Nong Saeng,2015,2.262579975,20231
17,CE,Saraburi,545,Nong Saeng,2016,2.304986978,20299
17,CE,Saraburi,545,Nong Saeng,2017,2.232748627,20364
17,CE,Saraburi,545,Nong Saeng,2018,1.883159804,19581
17,CE,Saraburi,545,Nong Saeng,2019,2.127937897,19637
17,CE,Saraburi,545,Nong Saeng,2020,2.248758048,19686
17,CE,Saraburi,545,Nong Saeng,2021,2.527656995,19828
23,NE,Udon Thani,545,Nong Saeng,2014,0.164261771,20172
23,NE,Udon Thani,545,Nong Saeng,2015,0.191669286,20231
23,NE,Udon Thani,545,Nong Saeng,2016,0.168771296,20299
23,NE,Udon Thani,545,Nong Saeng,2017,0.260414601,20364
23,NE,Udon Thani,545,Nong Saeng,2018,0.284425767,19581
23,NE,Udon Thani,545,Nong Saeng,2019,0.307220198,19637
23,NE,Udon Thani,545,Nong Saeng,2020,0.347969933,19686
23,NE,Udon Thani,545,Nong Saeng,2021,0.432058569,19828
15,NE,Khon Kaen,547,Nong Song Hong,2014,0.118991198,79475
15,NE,Khon Kaen,547,Nong Song Hong,2015,0.138752497,79751
15,NE,Khon Kaen,547,Nong Song Hong,2016,0.128276269,80027
15,NE,Khon Kaen,547,Nong Song Hong,2017,0.246024587,80288
15,NE,Khon Kaen,547,Nong Song Hong,2018,0.289897287,77255
15,NE,Khon Kaen,547,Nong Song Hong,2019,0.30805076,77464
15,NE,Khon Kaen,547,Nong Song Hong,2020,0.394861433,77657
15,NE,Khon Kaen,547,Nong Song Hong,2021,0.447479175,78224
58,BKK&VIC,Pathum Thani,548,Nong Sua,2014,0.91316768,92706
58,BKK&VIC,Pathum Thani,548,Nong Sua,2015,0.984311026,92926
58,BKK&VIC,Pathum Thani,548,Nong Sua,2016,1.105908407,93263
58,BKK&VIC,Pathum Thani,548,Nong Sua,2017,1.34883613,93604
58,BKK&VIC,Pathum Thani,548,Nong Sua,2018,1.375051686,104714
58,BKK&VIC,Pathum Thani,548,Nong Sua,2019,1.441717062,104998
58,BKK&VIC,Pathum Thani,548,Nong Sua,2020,1.640498876,103882
58,BKK&VIC,Pathum Thani,548,Nong Sua,2021,1.913392283,104634
61,NE,Mukdahan,549,Nong Sung,2014,0.077463417,22773
61,NE,Mukdahan,549,Nong Sung,2015,0.097997785,22850
61,NE,Mukdahan,549,Nong Sung,2016,0.107721854,22927
61,NE,Mukdahan,549,Nong Sung,2017,0.177893692,22995
61,NE,Mukdahan,549,Nong Sung,2018,0.207012873,21327
61,NE,Mukdahan,549,Nong Sung,2019,0.224132798,21385
61,NE,Mukdahan,549,Nong Sung,2020,0.2836153,21439
61,NE,Mukdahan,549,Nong Sung,2021,0.375203895,21595
23,NE,Udon Thani,550,Nong Wua So,2014,0.148468482,56958
23,NE,Udon Thani,550,Nong Wua So,2015,0.182984316,57026
23,NE,Udon Thani,550,Nong Wua So,2016,0.164776671,57224
23,NE,Udon Thani,550,Nong Wua So,2017,0.240184374,57382
23,NE,Udon Thani,550,Nong Wua So,2018,0.247153759,53662
23,NE,Udon Thani,550,Nong Wua So,2019,0.249072984,53810
23,NE,Udon Thani,550,Nong Wua So,2020,0.297965438,53943
23,NE,Udon Thani,550,Nong Wua So,2021,0.345218958,54333
8,WE,Phetchaburi,551,Nong Ya Plong,2014,0.082412078,14590
8,WE,Phetchaburi,551,Nong Ya Plong,2015,0.095075371,14647
8,WE,Phetchaburi,551,Nong Ya Plong,2016,0.105124868,14694
8,WE,Phetchaburi,551,Nong Ya Plong,2017,0.132859189,14733
8,WE,Phetchaburi,551,Nong Ya Plong,2018,0.150579275,14441
8,WE,Phetchaburi,551,Nong Ya Plong,2019,0.147382616,14478
8,WE,Phetchaburi,551,Nong Ya Plong,2020,0.167444857,14513
8,WE,Phetchaburi,551,Nong Ya Plong,2021,0.185433829,14622
48,WE,Suphan Buri,552,Nong Ya Sai,2014,0.211339344,47855
48,WE,Suphan Buri,552,Nong Ya Sai,2015,0.292828202,48078
48,WE,Suphan Buri,552,Nong Ya Sai,2016,0.231119981,48217
48,WE,Suphan Buri,552,Nong Ya Sai,2017,0.355917563,48336
48,WE,Suphan Buri,552,Nong Ya Sai,2018,0.377552374,47737
48,WE,Suphan Buri,552,Nong Ya Sai,2019,0.39887788,47873
48,WE,Suphan Buri,552,Nong Ya Sai,2020,0.510503077,48004
48,WE,Suphan Buri,552,Nong Ya Sai,2021,0.718073061,48362
64,EA,Chon Buri,553,Nong Yai,2014,0.468635643,36555
64,EA,Chon Buri,553,Nong Yai,2015,0.499502852,36666
64,EA,Chon Buri,553,Nong Yai,2016,0.569338317,36786
64,EA,Chon Buri,553,Nong Yai,2017,0.744260062,36560
64,EA,Chon Buri,553,Nong Yai,2018,0.82473803,38876
64,EA,Chon Buri,553,Nong Yai,2019,1.042380527,38970
64,EA,Chon Buri,553,Nong Yai,2020,1.300799471,39056
64,EA,Chon Buri,553,Nong Yai,2021,1.508399085,39344
14,BKK&VIC,Bangkok,533,Nongkheam,2014,14.02309975,121819
14,BKK&VIC,Bangkok,533,Nongkheam,2015,15.58186606,122241
14,BKK&VIC,Bangkok,533,Nongkheam,2016,15.88412537,122644
14,BKK&VIC,Bangkok,533,Nongkheam,2017,15.46007944,123026
14,BKK&VIC,Bangkok,533,Nongkheam,2018,15.72076605,129153
14,BKK&VIC,Bangkok,533,Nongkheam,2019,16.53381209,129508
14,BKK&VIC,Bangkok,533,Nongkheam,2020,16.97335915,129835
14,BKK&VIC,Bangkok,533,Nongkheam,2021,18.07221106,130781
63,SO,Krabi,555,Nua Khlong,2014,0.821197814,50570
63,SO,Krabi,555,Nua Khlong,2015,0.784550878,50658
63,SO,Krabi,555,Nua Khlong,2016,0.773330665,50816
63,SO,Krabi,555,Nua Khlong,2017,0.927085253,50907
63,SO,Krabi,555,Nua Khlong,2018,0.990198185,47011
63,SO,Krabi,555,Nua Khlong,2019,1.08014059,46983
63,SO,Krabi,555,Nua Khlong,2020,1.155634234,46595
63,SO,Krabi,555,Nua Khlong,2021,1.271252592,40233
65,NO,Chiang Mai,556,Omkoi,2014,0.009052066,52222
65,NO,Chiang Mai,556,Omkoi,2015,0.009202561,52351
65,NO,Chiang Mai,556,Omkoi,2016,0.00972664,52524
65,NO,Chiang Mai,556,Omkoi,2017,0.014147347,52671
65,NO,Chiang Mai,556,Omkoi,2018,0.015577045,50282
65,NO,Chiang Mai,556,Omkoi,2019,0.015229993,50418
65,NO,Chiang Mai,556,Omkoi,2020,0.016858872,50519
65,NO,Chiang Mai,556,Omkoi,2021,0.016504473,50880
60,EA,Nakhon Nayok,557,Ongkharak,2014,0.56744678,32008
60,EA,Nakhon Nayok,557,Ongkharak,2015,0.714404871,31969
60,EA,Nakhon Nayok,557,Ongkharak,2016,0.735959095,32065
60,EA,Nakhon Nayok,557,Ongkharak,2017,0.926328354,32152
60,EA,Nakhon Nayok,557,Ongkharak,2018,1.014702811,36167
60,EA,Nakhon Nayok,557,Ongkharak,2019,1.09064503,36266
60,EA,Nakhon Nayok,557,Ongkharak,2020,1.401324984,37057
60,EA,Nakhon Nayok,557,Ongkharak,2021,1.599129113,37328
55,SO,Phatthalung,558,Pa Bon,2014,0.187247088,41631
55,SO,Phatthalung,558,Pa Bon,2015,0.221925336,41778
55,SO,Phatthalung,558,Pa Bon,2016,0.218930602,41915
55,SO,Phatthalung,558,Pa Bon,2017,0.327977809,42046
55,SO,Phatthalung,558,Pa Bon,2018,0.35550596,44113
55,SO,Phatthalung,558,Pa Bon,2019,0.380261364,44234
55,SO,Phatthalung,558,Pa Bon,2020,0.432899161,44349
55,SO,Phatthalung,558,Pa Bon,2021,0.443071904,44670
25,NO,Chiang Rai,559,Pa Daet,2014,0.254724506,25795
25,NO,Chiang Rai,559,Pa Daet,2015,0.319947152,25872
25,NO,Chiang Rai,559,Pa Daet,2016,0.340066984,25978
25,NO,Chiang Rai,559,Pa Daet,2017,0.471501706,26094
25,NO,Chiang Rai,559,Pa Daet,2018,0.4894756,24678
25,NO,Chiang Rai,559,Pa Daet,2019,0.467386243,24733
25,NO,Chiang Rai,559,Pa Daet,2020,0.50631198,24793
25,NO,Chiang Rai,559,Pa Daet,2021,0.526261709,24977
35,NE,Buri Ram,574,Pa Kham,2014,0.107007174,38939
35,NE,Buri Ram,574,Pa Kham,2015,0.161341277,38838
35,NE,Buri Ram,574,Pa Kham,2016,0.169710414,38965
35,NE,Buri Ram,574,Pa Kham,2017,0.239346799,39065
35,NE,Buri Ram,574,Pa Kham,2018,0.250948514,36677
35,NE,Buri Ram,574,Pa Kham,2019,0.21844323,36781
35,NE,Buri Ram,574,Pa Kham,2020,0.213155073,36888
35,NE,Buri Ram,574,Pa Kham,2021,0.293276833,37157
45,CE,Ang Thong,560,Pa Mok,2014,2.085877184,28757
45,CE,Ang Thong,560,Pa Mok,2015,2.364803941,28858
45,CE,Ang Thong,560,Pa Mok,2016,2.722128585,28953
45,CE,Ang Thong,560,Pa Mok,2017,3.227380112,29046
45,CE,Ang Thong,560,Pa Mok,2018,3.151346345,28857
45,CE,Ang Thong,560,Pa Mok,2019,3.256913214,28936
45,CE,Ang Thong,560,Pa Mok,2020,3.382550726,28803
45,CE,Ang Thong,560,Pa Mok,2021,3.666165423,29015
55,SO,Phatthalung,561,Pa Payom,2014,0.209901988,21478
55,SO,Phatthalung,561,Pa Payom,2015,0.240462894,21543
55,SO,Phatthalung,561,Pa Payom,2016,0.277947132,21620
55,SO,Phatthalung,561,Pa Payom,2017,0.332193807,21690
55,SO,Phatthalung,561,Pa Payom,2018,0.408466205,22764
55,SO,Phatthalung,561,Pa Payom,2019,0.542501973,22815
55,SO,Phatthalung,561,Pa Payom,2020,0.551420295,22887
55,SO,Phatthalung,561,Pa Payom,2021,0.639034284,23039
28,NO,Lamphun,562,Pa Sang,2014,0.635197018,69439
28,NO,Lamphun,562,Pa Sang,2015,0.777261056,68042
28,NO,Lamphun,562,Pa Sang,2016,0.774524921,68165
28,NO,Lamphun,562,Pa Sang,2017,0.966319703,68136
28,NO,Lamphun,562,Pa Sang,2018,1.010769813,65416
28,NO,Lamphun,562,Pa Sang,2019,1.025809224,65595
28,NO,Lamphun,562,Pa Sang,2020,1.062988433,65765
28,NO,Lamphun,562,Pa Sang,2021,1.07727436,66240
31,NE,Yasothon,563,Pa Tiu,2014,0.140634511,32294
31,NE,Yasothon,563,Pa Tiu,2015,0.145400982,32405
31,NE,Yasothon,563,Pa Tiu,2016,0.148219735,32508
31,NE,Yasothon,563,Pa Tiu,2017,0.248684519,32593
31,NE,Yasothon,563,Pa Tiu,2018,0.288852843,31174
31,NE,Yasothon,563,Pa Tiu,2019,0.342491327,31260
31,NE,Yasothon,563,Pa Tiu,2020,0.417499581,31335
31,NE,Yasothon,563,Pa Tiu,2021,0.586598672,31562
74,NO,Mae Hong Son,564,Pai,2014,0.03376266,24154
74,NO,Mae Hong Son,564,Pai,2015,0.037600522,23929
74,NO,Mae Hong Son,564,Pai,2016,0.035173596,24011
74,NO,Mae Hong Son,564,Pai,2017,0.047515148,24078
74,NO,Mae Hong Son,564,Pai,2018,0.047152642,23628
74,NO,Mae Hong Son,564,Pai,2019,0.047772885,23694
74,NO,Mae Hong Son,564,Pai,2020,0.049687731,23751
74,NO,Mae Hong Son,564,Pai,2021,0.043635275,23926
16,NE,Loei,565,Pak Chom,2014,0.05334884,44843
16,NE,Loei,565,Pak Chom,2015,0.059028291,44983
16,NE,Loei,565,Pak Chom,2016,0.053379752,45136
16,NE,Loei,565,Pak Chom,2017,0.084172715,45263
16,NE,Loei,565,Pak Chom,2018,0.098656034,43564
16,NE,Loei,565,Pak Chom,2019,0.092696148,43669
16,NE,Loei,565,Pak Chom,2020,0.109306034,44052
16,NE,Loei,565,Pak Chom,2021,0.134342022,44472
6,NE,Nakhon Ratchasima,566,Pak Chong,2014,0.740669714,187050
6,NE,Nakhon Ratchasima,566,Pak Chong,2015,0.792503312,187707
6,NE,Nakhon Ratchasima,566,Pak Chong,2016,0.824594491,188322
6,NE,Nakhon Ratchasima,566,Pak Chong,2017,0.962677425,188921
6,NE,Nakhon Ratchasima,566,Pak Chong,2018,1.012415526,179666
6,NE,Nakhon Ratchasima,566,Pak Chong,2019,1.104924429,179997
6,NE,Nakhon Ratchasima,566,Pak Chong,2020,1.169736607,180375
6,NE,Nakhon Ratchasima,566,Pak Chong,2021,1.227971464,181684
39,NE,Bueng Kan,567,Pak Khat,2014,0.145504734,32781
39,NE,Bueng Kan,567,Pak Khat,2015,0.190289074,32739
39,NE,Bueng Kan,567,Pak Khat,2016,0.20181355,32852
39,NE,Bueng Kan,567,Pak Khat,2017,0.292023679,32901
39,NE,Bueng Kan,567,Pak Khat,2018,0.283340353,31091
39,NE,Bueng Kan,567,Pak Khat,2019,0.292182926,31167
39,NE,Bueng Kan,567,Pak Khat,2020,0.340733226,31159
39,NE,Bueng Kan,567,Pak Khat,2021,0.389220098,31383
38,BKK&VIC,Nonthaburi,568,Pak Kret,2014,17.97947371,303116
38,BKK&VIC,Nonthaburi,568,Pak Kret,2015,19.41203515,304731
38,BKK&VIC,Nonthaburi,568,Pak Kret,2016,19.34911561,305727
38,BKK&VIC,Nonthaburi,568,Pak Kret,2017,19.35310888,306722
38,BKK&VIC,Nonthaburi,568,Pak Kret,2018,20.70777506,358535
38,BKK&VIC,Nonthaburi,568,Pak Kret,2019,21.91918264,359509
38,BKK&VIC,Nonthaburi,568,Pak Kret,2020,21.45779038,360335
38,BKK&VIC,Nonthaburi,568,Pak Kret,2021,21.9642988,362964
59,SO,Nakhon Si Thammarat,569,Pak Phanang,2014,0.481060608,111075
59,SO,Nakhon Si Thammarat,569,Pak Phanang,2015,0.518868898,111460
59,SO,Nakhon Si Thammarat,569,Pak Phanang,2016,0.56338913,111830
59,SO,Nakhon Si Thammarat,569,Pak Phanang,2017,0.77919936,112684
59,SO,Nakhon Si Thammarat,569,Pak Phanang,2018,0.754481704,116605
59,SO,Nakhon Si Thammarat,569,Pak Phanang,2019,0.839131137,116946
59,SO,Nakhon Si Thammarat,569,Pak Phanang,2020,0.849880525,117236
59,SO,Nakhon Si Thammarat,569,Pak Phanang,2021,0.892688355,119395
55,SO,Phatthalung,570,Pak Phayun,2014,0.20009309,52884
55,SO,Phatthalung,570,Pak Phayun,2015,0.215420087,53073
55,SO,Phatthalung,570,Pak Phayun,2016,0.217970324,53247
55,SO,Phatthalung,570,Pak Phayun,2017,0.34205303,53419
55,SO,Phatthalung,570,Pak Phayun,2018,0.398890491,56044
55,SO,Phatthalung,570,Pak Phayun,2019,0.50333579,56199
55,SO,Phatthalung,570,Pak Phayun,2020,0.625984378,56336
55,SO,Phatthalung,570,Pak Phayun,2021,0.796128138,56749
60,EA,Nakhon Nayok,571,Pak Phli,2014,0.205068979,56705
60,EA,Nakhon Nayok,571,Pak Phli,2015,0.272218965,56899
60,EA,Nakhon Nayok,571,Pak Phli,2016,0.265833523,57087
60,EA,Nakhon Nayok,571,Pak Phli,2017,0.34900785,57262
60,EA,Nakhon Nayok,571,Pak Phli,2018,0.348643779,63609
60,EA,Nakhon Nayok,571,Pak Phli,2019,0.373063603,63777
60,EA,Nakhon Nayok,571,Pak Phli,2020,0.404070511,62303
60,EA,Nakhon Nayok,571,Pak Phli,2021,0.445164563,62754
30,WE,Ratchaburi,572,Pak Tho,2014,0.467095726,64222
30,WE,Ratchaburi,572,Pak Tho,2015,0.522805321,64443
30,WE,Ratchaburi,572,Pak Tho,2016,0.588796339,64657
30,WE,Ratchaburi,572,Pak Tho,2017,0.692476755,64860
30,WE,Ratchaburi,572,Pak Tho,2018,0.795848179,63321
30,WE,Ratchaburi,572,Pak Tho,2019,0.881616582,63502
30,WE,Ratchaburi,572,Pak Tho,2020,0.950988212,63664
30,WE,Ratchaburi,572,Pak Tho,2021,1.038206886,64124
6,NE,Nakhon Ratchasima,573,Pak Thong Chai,2014,0.383784311,122152
6,NE,Nakhon Ratchasima,573,Pak Thong Chai,2015,0.440715459,122534
6,NE,Nakhon Ratchasima,573,Pak Thong Chai,2016,0.438951419,122942
6,NE,Nakhon Ratchasima,573,Pak Thong Chai,2017,0.542688482,122977
6,NE,Nakhon Ratchasima,573,Pak Thong Chai,2018,0.572684114,116723
6,NE,Nakhon Ratchasima,573,Pak Thong Chai,2019,0.586183222,117039
6,NE,Nakhon Ratchasima,573,Pak Thong Chai,2020,0.597409549,117333
6,NE,Nakhon Ratchasima,573,Pak Thong Chai,2021,0.667599466,118189
47,SO,Trang,575,Palian,2014,0.118184059,68536
47,SO,Trang,575,Palian,2015,0.141902659,68774
47,SO,Trang,575,Palian,2016,0.153332948,69010
47,SO,Trang,575,Palian,2017,0.205266635,69228
47,SO,Trang,575,Palian,2018,0.219991605,71636
47,SO,Trang,575,Palian,2019,0.222583472,71798
47,SO,Trang,575,Palian,2020,0.26280421,71977
47,SO,Trang,575,Palian,2021,0.314116281,72498
57,SO,Pattani,576,Panare,2014,0.567170805,43695
57,SO,Pattani,576,Panare,2015,0.601724501,43848
57,SO,Pattani,576,Panare,2016,0.736019809,43995
57,SO,Pattani,576,Panare,2017,0.874514704,44131
57,SO,Pattani,576,Panare,2018,0.956382351,44777
57,SO,Pattani,576,Panare,2019,1.150074528,44896
57,SO,Pattani,576,Panare,2020,1.522576463,45008
57,SO,Pattani,576,Panare,2021,1.582754428,44735
74,NO,Mae Hong Son,577,Pang Ma Pha,2014,0.009114698,14455
74,NO,Mae Hong Son,577,Pang Ma Pha,2015,0.010326293,14286
74,NO,Mae Hong Son,577,Pang Ma Pha,2016,0.009080452,14334
74,NO,Mae Hong Son,577,Pang Ma Pha,2017,0.021266726,14321
74,NO,Mae Hong Son,577,Pang Ma Pha,2018,0.019438732,14053
74,NO,Mae Hong Son,577,Pang Ma Pha,2019,0.024214879,14092
74,NO,Mae Hong Son,577,Pang Ma Pha,2020,0.037777082,14129
74,NO,Mae Hong Son,577,Pang Ma Pha,2021,0.040075495,14225
36,NO,Kam Phaeng Phet,578,Pang Sila Thong,2014,0.058411835,32659
36,NO,Kam Phaeng Phet,578,Pang Sila Thong,2015,0.101352817,32769
36,NO,Kam Phaeng Phet,578,Pang Sila Thong,2016,0.10572079,32853
36,NO,Kam Phaeng Phet,578,Pang Sila Thong,2017,0.144172698,33842
36,NO,Kam Phaeng Phet,578,Pang Sila Thong,2018,0.143117676,31953
36,NO,Kam Phaeng Phet,578,Pang Sila Thong,2019,0.142430561,32010
36,NO,Kam Phaeng Phet,578,Pang Sila Thong,2020,0.157549641,31798
36,NO,Kam Phaeng Phet,578,Pang Sila Thong,2021,0.179739944,31953
0,NE,Roi Et,596,Panom Phrai,2014,0.291249558,70361
0,NE,Roi Et,596,Panom Phrai,2015,0.329662033,70609
0,NE,Roi Et,596,Panom Phrai,2016,0.317970586,70826
0,NE,Roi Et,596,Panom Phrai,2017,0.419989293,70852
0,NE,Roi Et,596,Panom Phrai,2018,0.460908338,67963
0,NE,Roi Et,596,Panom Phrai,2019,0.454397505,68161
0,NE,Roi Et,596,Panom Phrai,2020,0.553970187,68327
0,NE,Roi Et,596,Panom Phrai,2021,0.660050321,68834
19,SO,Chumphon,579,Pathiu,2014,0.255407242,43662
19,SO,Chumphon,579,Pathiu,2015,0.282344476,43516
19,SO,Chumphon,579,Pathiu,2016,0.294102385,43658
19,SO,Chumphon,579,Pathiu,2017,0.396907628,43919
19,SO,Chumphon,579,Pathiu,2018,0.437489313,45131
19,SO,Chumphon,579,Pathiu,2019,0.464844617,45191
19,SO,Chumphon,579,Pathiu,2020,0.562585389,45281
19,SO,Chumphon,579,Pathiu,2021,0.652447131,45595
0,NE,Roi Et,580,Pathum Rat,2014,0.152549412,47642
0,NE,Roi Et,580,Pathum Rat,2015,0.232150956,47808
0,NE,Roi Et,580,Pathum Rat,2016,0.245462246,47946
0,NE,Roi Et,580,Pathum Rat,2017,0.330335304,48070
0,NE,Roi Et,580,Pathum Rat,2018,0.395001602,45482
0,NE,Roi Et,580,Pathum Rat,2019,0.405016549,45398
0,NE,Roi Et,580,Pathum Rat,2020,0.473983648,45403
0,NE,Roi Et,580,Pathum Rat,2021,0.526582539,45730
67,NE,Amnat Chareon,581,Pathum Ratwongsa,2014,0.082961675,35549
67,NE,Amnat Chareon,581,Pathum Ratwongsa,2015,0.098996266,35668
67,NE,Amnat Chareon,581,Pathum Ratwongsa,2016,0.073642302,35789
67,NE,Amnat Chareon,581,Pathum Ratwongsa,2017,0.155354245,35893
67,NE,Amnat Chareon,581,Pathum Ratwongsa,2018,0.19474825,33882
67,NE,Amnat Chareon,581,Pathum Ratwongsa,2019,0.194547994,33813
67,NE,Amnat Chareon,581,Pathum Ratwongsa,2020,0.255078803,33612
67,NE,Amnat Chareon,581,Pathum Ratwongsa,2021,0.281186391,33863
14,BKK&VIC,Bangkok,582,Pathum Wan,2014,53.79111243,249205
14,BKK&VIC,Bangkok,582,Pathum Wan,2015,59.54192692,250069
14,BKK&VIC,Bangkok,582,Pathum Wan,2016,61.80863646,250896
14,BKK&VIC,Bangkok,582,Pathum Wan,2017,61.6860505,251680
14,BKK&VIC,Bangkok,582,Pathum Wan,2018,64.75357657,260304
14,BKK&VIC,Bangkok,582,Pathum Wan,2019,71.08483856,261020
14,BKK&VIC,Bangkok,582,Pathum Wan,2020,63.67937856,261678
14,BKK&VIC,Bangkok,582,Pathum Wan,2021,63.16246954,263586
16,NE,Loei,583,Pha Khao,2014,0.141391638,37485
16,NE,Loei,583,Pha Khao,2015,0.172906489,37599
16,NE,Loei,583,Pha Khao,2016,0.189820484,37724
16,NE,Loei,583,Pha Khao,2017,0.272329459,37815
16,NE,Loei,583,Pha Khao,2018,0.271751079,36205
16,NE,Loei,583,Pha Khao,2019,0.27866807,36300
16,NE,Loei,583,Pha Khao,2020,0.296215248,36393
16,NE,Loei,583,Pha Khao,2021,0.328438114,36655
53,CE,Phra Nakhon Sri Ayuthaya,584,Phachi,2014,1.670315649,35554
53,CE,Phra Nakhon Sri Ayuthaya,584,Phachi,2015,2.068809486,35346
53,CE,Phra Nakhon Sri Ayuthaya,584,Phachi,2016,2.147687451,35463
53,CE,Phra Nakhon Sri Ayuthaya,584,Phachi,2017,2.374808581,35491
53,CE,Phra Nakhon Sri Ayuthaya,584,Phachi,2018,2.300729486,34035
53,CE,Phra Nakhon Sri Ayuthaya,584,Phachi,2019,2.418854936,34127
53,CE,Phra Nakhon Sri Ayuthaya,584,Phachi,2020,2.759240025,34224
53,CE,Phra Nakhon Sri Ayuthaya,584,Phachi,2021,3.915754061,34475
2,NO,Nakhon Sawan,585,Phaisali,2014,0.150229603,65986
2,NO,Nakhon Sawan,585,Phaisali,2015,0.201483764,66118
2,NO,Nakhon Sawan,585,Phaisali,2016,0.210919324,66647
2,NO,Nakhon Sawan,585,Phaisali,2017,0.299141745,67612
2,NO,Nakhon Sawan,585,Phaisali,2018,0.296311667,65546
2,NO,Nakhon Sawan,585,Phaisali,2019,0.331005752,65735
2,NO,Nakhon Sawan,585,Phaisali,2020,0.374058556,65839
2,NO,Nakhon Sawan,585,Phaisali,2021,0.411115609,66304
53,CE,Phra Nakhon Sri Ayuthaya,586,Phak Hai,2014,0.932452337,54466
53,CE,Phra Nakhon Sri Ayuthaya,586,Phak Hai,2015,0.99533811,54659
53,CE,Phra Nakhon Sri Ayuthaya,586,Phak Hai,2016,1.054184585,54843
53,CE,Phra Nakhon Sri Ayuthaya,586,Phak Hai,2017,1.146592814,55009
53,CE,Phra Nakhon Sri Ayuthaya,586,Phak Hai,2018,1.284843673,52783
53,CE,Phra Nakhon Sri Ayuthaya,586,Phak Hai,2019,1.228969974,52930
53,CE,Phra Nakhon Sri Ayuthaya,586,Phak Hai,2020,1.34236265,53181
53,CE,Phra Nakhon Sri Ayuthaya,586,Phak Hai,2021,1.518476218,53566
9,NE,Chaiyaphum,587,Phakdi Chumphol,2014,0.08733421,23864
9,NE,Chaiyaphum,587,Phakdi Chumphol,2015,0.079490313,23933
9,NE,Chaiyaphum,587,Phakdi Chumphol,2016,0.097477432,24006
9,NE,Chaiyaphum,587,Phakdi Chumphol,2017,0.1058456,24070
9,NE,Chaiyaphum,587,Phakdi Chumphol,2018,0.111870135,23144
9,NE,Chaiyaphum,587,Phakdi Chumphol,2019,0.12344013,23206
9,NE,Chaiyaphum,587,Phakdi Chumphol,2020,0.148763662,23254
9,NE,Chaiyaphum,587,Phakdi Chumphol,2021,0.169301274,23424
25,NO,Chiang Rai,588,Phan,2014,0.209180653,130090
25,NO,Chiang Rai,588,Phan,2015,0.240343591,130182
25,NO,Chiang Rai,588,Phan,2016,0.241776804,130593
25,NO,Chiang Rai,588,Phan,2017,0.323555238,130825
25,NO,Chiang Rai,588,Phan,2018,0.341641082,123217
25,NO,Chiang Rai,588,Phan,2019,0.364388394,123736
25,NO,Chiang Rai,588,Phan,2020,0.404157888,124038
25,NO,Chiang Rai,588,Phan,2021,0.419884318,124931
64,EA,Chon Buri,589,Phan Thong,2014,9.500346971,67593
64,EA,Chon Buri,589,Phan Thong,2015,9.76964184,67759
64,EA,Chon Buri,589,Phan Thong,2016,9.879282221,67983
64,EA,Chon Buri,589,Phan Thong,2017,10.08868142,68857
64,EA,Chon Buri,589,Phan Thong,2018,10.2766855,73234
64,EA,Chon Buri,589,Phan Thong,2019,10.79874508,73426
64,EA,Chon Buri,589,Phan Thong,2020,10.44874377,73586
64,EA,Chon Buri,589,Phan Thong,2021,11.04765802,74120
67,NE,Amnat Chareon,590,Phana,2014,0.10350162,23089
67,NE,Amnat Chareon,590,Phana,2015,0.126928382,23228
67,NE,Amnat Chareon,590,Phana,2016,0.121974774,23301
67,NE,Amnat Chareon,590,Phana,2017,0.239167061,23364
67,NE,Amnat Chareon,590,Phana,2018,0.263654026,22124
67,NE,Amnat Chareon,590,Phana,2019,0.324805343,22166
67,NE,Amnat Chareon,590,Phana,2020,0.433498138,22170
67,NE,Amnat Chareon,590,Phana,2021,0.514719829,22330
64,EA,Chon Buri,591,Phanat Nikhom,2014,1.457726013,155693
64,EA,Chon Buri,591,Phanat Nikhom,2015,1.672114512,156515
64,EA,Chon Buri,591,Phanat Nikhom,2016,1.792483414,157015
64,EA,Chon Buri,591,Phanat Nikhom,2017,2.020442008,157999
64,EA,Chon Buri,591,Phanat Nikhom,2018,2.169191379,170678
64,EA,Chon Buri,591,Phanat Nikhom,2019,2.383388354,171141
64,EA,Chon Buri,591,Phanat Nikhom,2020,2.912059633,171554
64,EA,Chon Buri,591,Phanat Nikhom,2021,3.302961978,172826
24,NE,Sakon Nakhon,592,Phang Khon,2014,0.469682755,47326
24,NE,Sakon Nakhon,592,Phang Khon,2015,0.510557247,47482
24,NE,Sakon Nakhon,592,Phang Khon,2016,0.826601018,47587
24,NE,Sakon Nakhon,592,Phang Khon,2017,1.152942942,47668
24,NE,Sakon Nakhon,592,Phang Khon,2018,1.008832766,44971
24,NE,Sakon Nakhon,592,Phang Khon,2019,1.001086949,45095
24,NE,Sakon Nakhon,592,Phang Khon,2020,1.215206082,45206
24,NE,Sakon Nakhon,592,Phang Khon,2021,1.388629821,45537
24,NE,Sakon Nakhon,593,Phanna Nikhom,2014,0.146716051,71094
24,NE,Sakon Nakhon,593,Phanna Nikhom,2015,0.166941644,71338
24,NE,Sakon Nakhon,593,Phanna Nikhom,2016,0.169522628,71563
24,NE,Sakon Nakhon,593,Phanna Nikhom,2017,0.292974022,71765
24,NE,Sakon Nakhon,593,Phanna Nikhom,2018,0.276779936,67014
24,NE,Sakon Nakhon,593,Phanna Nikhom,2019,0.291083989,67202
24,NE,Sakon Nakhon,593,Phanna Nikhom,2020,0.380410319,67372
24,NE,Sakon Nakhon,593,Phanna Nikhom,2021,0.464861549,67864
11,SO,Surat Thani,594,Phanom,2014,0.03163887,34890
11,SO,Surat Thani,594,Phanom,2015,0.036108845,34998
11,SO,Surat Thani,594,Phanom,2016,0.041689768,35110
11,SO,Surat Thani,594,Phanom,2017,0.058079217,35209
11,SO,Surat Thani,594,Phanom,2018,0.057356366,35893
11,SO,Surat Thani,594,Phanom,2019,0.059206194,36014
11,SO,Surat Thani,594,Phanom,2020,0.10274678,36107
11,SO,Surat Thani,594,Phanom,2021,0.097528078,36376
4,EA,Chachoengsao,597,Phanom Sarakham,2014,1.460272956,84565
4,EA,Chachoengsao,597,Phanom Sarakham,2015,1.629853506,84859
4,EA,Chachoengsao,597,Phanom Sarakham,2016,1.684328819,85123
4,EA,Chachoengsao,597,Phanom Sarakham,2017,1.884597143,85376
4,EA,Chachoengsao,597,Phanom Sarakham,2018,1.900246572,94930
4,EA,Chachoengsao,597,Phanom Sarakham,2019,1.835448473,95183
4,EA,Chachoengsao,597,Phanom Sarakham,2020,1.861346297,95416
4,EA,Chachoengsao,597,Phanom Sarakham,2021,2.172367099,96110
73,WE,Kanchanaburi,598,Phanom Thuan,2014,0.533646558,54901
73,WE,Kanchanaburi,598,Phanom Thuan,2015,0.627338518,54865
73,WE,Kanchanaburi,598,Phanom Thuan,2016,0.671134849,55060
73,WE,Kanchanaburi,598,Phanom Thuan,2017,0.812482241,55253
73,WE,Kanchanaburi,598,Phanom Thuan,2018,0.802084207,54835
73,WE,Kanchanaburi,598,Phanom Thuan,2019,0.853857168,54957
73,WE,Kanchanaburi,598,Phanom Thuan,2020,0.837288604,55103
73,WE,Kanchanaburi,598,Phanom Thuan,2021,1.052916389,55499
14,BKK&VIC,Bangkok,599,Phasi Charoen,2014,20.24613215,210833
14,BKK&VIC,Bangkok,599,Phasi Charoen,2015,20.40088117,211572
14,BKK&VIC,Bangkok,599,Phasi Charoen,2016,21.0655443,212272
14,BKK&VIC,Bangkok,599,Phasi Charoen,2017,19.73744416,212935
14,BKK&VIC,Bangkok,599,Phasi Charoen,2018,20.41507921,218671
14,BKK&VIC,Bangkok,599,Phasi Charoen,2019,21.11511153,219269
14,BKK&VIC,Bangkok,599,Phasi Charoen,2020,22.39259614,219817
14,BKK&VIC,Bangkok,599,Phasi Charoen,2021,23.61429997,221419
19,SO,Chumphon,600,Phato,2014,0.036231007,21400
19,SO,Chumphon,600,Phato,2015,0.035228511,21476
19,SO,Chumphon,600,Phato,2016,0.041579102,21547
19,SO,Chumphon,600,Phato,2017,0.052122466,21612
19,SO,Chumphon,600,Phato,2018,0.052675236,22244
19,SO,Chumphon,600,Phato,2019,0.047936429,22305
19,SO,Chumphon,600,Phato,2020,0.054649021,22362
19,SO,Chumphon,600,Phato,2021,0.055319151,22559
62,CE,Lop Buri,601,Phatthana Nikhom,2014,0.640466479,71219
62,CE,Lop Buri,601,Phatthana Nikhom,2015,0.687590258,71041
62,CE,Lop Buri,601,Phatthana Nikhom,2016,0.73562542,71271
62,CE,Lop Buri,601,Phatthana Nikhom,2017,0.874714839,71009
62,CE,Lop Buri,601,Phatthana Nikhom,2018,0.799805764,69012
62,CE,Lop Buri,601,Phatthana Nikhom,2019,0.786159491,69192
62,CE,Lop Buri,601,Phatthana Nikhom,2020,0.833848744,69260
62,CE,Lop Buri,601,Phatthana Nikhom,2021,0.885583336,69781
25,NO,Chiang Rai,602,Phaya Mengrai,2014,0.141466792,40660
25,NO,Chiang Rai,602,Phaya Mengrai,2015,0.166705914,41097
25,NO,Chiang Rai,602,Phaya Mengrai,2016,0.150993329,41212
25,NO,Chiang Rai,602,Phaya Mengrai,2017,0.212607145,41313
25,NO,Chiang Rai,602,Phaya Mengrai,2018,0.218499591,39039
25,NO,Chiang Rai,602,Phaya Mengrai,2019,0.220439627,39147
25,NO,Chiang Rai,602,Phaya Mengrai,2020,0.315122834,39241
25,NO,Chiang Rai,602,Phaya Mengrai,2021,0.457305359,39537
14,BKK&VIC,Bangkok,603,Phaya Thai,2014,35.38999537,145446
14,BKK&VIC,Bangkok,603,Phaya Thai,2015,35.80177224,145952
14,BKK&VIC,Bangkok,603,Phaya Thai,2016,37.15002046,146434
14,BKK&VIC,Bangkok,603,Phaya Thai,2017,38.20089615,146892
14,BKK&VIC,Bangkok,603,Phaya Thai,2018,40.08123379,151511
14,BKK&VIC,Bangkok,603,Phaya Thai,2019,41.92918526,151927
14,BKK&VIC,Bangkok,603,Phaya Thai,2020,41.64304426,152310
14,BKK&VIC,Bangkok,603,Phaya Thai,2021,44.03760177,153421
46,NE,Maha Sarakham,604,Phayakkhaphum Phisai,2014,0.248225203,80655
46,NE,Maha Sarakham,604,Phayakkhaphum Phisai,2015,0.297342179,80933
46,NE,Maha Sarakham,604,Phayakkhaphum Phisai,2016,0.332268605,81167
46,NE,Maha Sarakham,604,Phayakkhaphum Phisai,2017,0.501748539,81299
46,NE,Maha Sarakham,604,Phayakkhaphum Phisai,2018,0.596309597,79589
46,NE,Maha Sarakham,604,Phayakkhaphum Phisai,2019,0.603618413,84144
46,NE,Maha Sarakham,604,Phayakkhaphum Phisai,2020,0.644715514,86631
46,NE,Maha Sarakham,604,Phayakkhaphum Phisai,2021,0.665680959,87262
12,NE,Si Sa Ket,605,Phayu,2014,0.213513361,33845
12,NE,Si Sa Ket,605,Phayu,2015,0.251112511,33791
12,NE,Si Sa Ket,605,Phayu,2016,0.272819067,33912
12,NE,Si Sa Ket,605,Phayu,2017,0.424317343,34426
12,NE,Si Sa Ket,605,Phayu,2018,0.430201106,23950
12,NE,Si Sa Ket,605,Phayu,2019,0.415595621,24012
12,NE,Si Sa Ket,605,Phayu,2020,0.49367089,24072
12,NE,Si Sa Ket,605,Phayu,2021,0.593368324,24235
2,NO,Nakhon Sawan,606,Phayuha Khiri,2014,0.384278103,61870
2,NO,Nakhon Sawan,606,Phayuha Khiri,2015,0.451884972,62113
2,NO,Nakhon Sawan,606,Phayuha Khiri,2016,0.503217935,62311
2,NO,Nakhon Sawan,606,Phayuha Khiri,2017,0.629768304,62501
2,NO,Nakhon Sawan,606,Phayuha Khiri,2018,0.756613366,59946
2,NO,Nakhon Sawan,606,Phayuha Khiri,2019,0.848772171,60111
2,NO,Nakhon Sawan,606,Phayuha Khiri,2020,0.859844762,60113
2,NO,Nakhon Sawan,606,Phayuha Khiri,2021,0.993253226,60557
23,NE,Udon Thani,607,Phen,2014,0.116531952,96538
23,NE,Udon Thani,607,Phen,2015,0.14410968,96451
23,NE,Udon Thani,607,Phen,2016,0.14032258,96730
23,NE,Udon Thani,607,Phen,2017,0.224923033,96971
23,NE,Udon Thani,607,Phen,2018,0.247209064,90952
23,NE,Udon Thani,607,Phen,2019,0.244845956,91206
23,NE,Udon Thani,607,Phen,2020,0.304582748,91438
23,NE,Udon Thani,607,Phen,2021,0.37875772,92099
59,SO,Nakhon Si Thammarat,612,Phi Pun,2014,0.041215368,27767
59,SO,Nakhon Si Thammarat,612,Phi Pun,2015,0.042207113,27867
59,SO,Nakhon Si Thammarat,612,Phi Pun,2016,0.056288247,27959
59,SO,Nakhon Si Thammarat,612,Phi Pun,2017,0.073648468,28039
59,SO,Nakhon Si Thammarat,612,Phi Pun,2018,0.082015198,29129
59,SO,Nakhon Si Thammarat,612,Phi Pun,2019,0.073040957,29213
59,SO,Nakhon Si Thammarat,612,Phi Pun,2020,0.084454402,29287
59,SO,Nakhon Si Thammarat,612,Phi Pun,2021,0.100302777,29514
41,NE,Ubon Ratchathani,608,Phibun Mangsahan,2014,0.214823162,136160
41,NE,Ubon Ratchathani,608,Phibun Mangsahan,2015,0.252853216,136605
41,NE,Ubon Ratchathani,608,Phibun Mangsahan,2016,0.25180666,137044
41,NE,Ubon Ratchathani,608,Phibun Mangsahan,2017,0.318336908,137442
41,NE,Ubon Ratchathani,608,Phibun Mangsahan,2018,0.326992514,129256
41,NE,Ubon Ratchathani,608,Phibun Mangsahan,2019,0.310507201,129408
41,NE,Ubon Ratchathani,608,Phibun Mangsahan,2020,0.380858607,129053
41,NE,Ubon Ratchathani,608,Phibun Mangsahan,2021,0.486904975,129904
23,NE,Udon Thani,609,Phibun Rak,2014,0.197935847,21428
23,NE,Udon Thani,609,Phibun Rak,2015,0.228287233,21992
23,NE,Udon Thani,609,Phibun Rak,2016,0.201998557,22063
23,NE,Udon Thani,609,Phibun Rak,2017,0.294611654,22126
23,NE,Udon Thani,609,Phibun Rak,2018,0.29096199,20761
23,NE,Udon Thani,609,Phibun Rak,2019,0.288356613,20814
23,NE,Udon Thani,609,Phibun Rak,2020,0.408414032,20869
23,NE,Udon Thani,609,Phibun Rak,2021,0.465284525,21022
34,NO,Uttaradit,610,Phichai,2014,0.200929995,76432
34,NO,Uttaradit,610,Phichai,2015,0.294754689,76625
34,NO,Uttaradit,610,Phichai,2016,0.299973643,76890
34,NO,Uttaradit,610,Phichai,2017,0.467428033,76816
34,NO,Uttaradit,610,Phichai,2018,0.471690031,74510
34,NO,Uttaradit,610,Phichai,2019,0.521344855,74699
34,NO,Uttaradit,610,Phichai,2020,0.611860853,74889
34,NO,Uttaradit,610,Phichai,2021,0.706973173,75428
6,NE,Nakhon Ratchasima,611,Phimai,2014,0.267555882,132348
6,NE,Nakhon Ratchasima,611,Phimai,2015,0.32807377,133205
6,NE,Nakhon Ratchasima,611,Phimai,2016,0.339760713,133384
6,NE,Nakhon Ratchasima,611,Phimai,2017,0.445924858,134793
6,NE,Nakhon Ratchasima,611,Phimai,2018,0.48327039,128215
6,NE,Nakhon Ratchasima,611,Phimai,2019,0.493543159,128566
6,NE,Nakhon Ratchasima,611,Phimai,2020,0.598896504,128877
6,NE,Nakhon Ratchasima,611,Phimai,2021,0.734951047,129805
35,NE,Buri Ram,613,Phlapphlachai,2014,0.116139077,36057
35,NE,Buri Ram,613,Phlapphlachai,2015,0.134059407,36948
35,NE,Buri Ram,613,Phlapphlachai,2016,0.119032733,37064
35,NE,Buri Ram,613,Phlapphlachai,2017,0.197964943,37086
35,NE,Buri Ram,613,Phlapphlachai,2018,0.213733361,35001
35,NE,Buri Ram,613,Phlapphlachai,2019,0.205344792,35097
35,NE,Buri Ram,613,Phlapphlachai,2020,0.243051248,35183
35,NE,Buri Ram,613,Phlapphlachai,2021,0.283726472,35437
0,NE,Roi Et,614,Pho Chai,2014,0.192138135,47841
0,NE,Roi Et,614,Pho Chai,2015,0.226993458,48009
0,NE,Roi Et,614,Pho Chai,2016,0.20721315,48161
0,NE,Roi Et,614,Pho Chai,2017,0.377251868,48305
0,NE,Roi Et,614,Pho Chai,2018,0.390642073,45923
0,NE,Roi Et,614,Pho Chai,2019,0.389045716,46044
0,NE,Roi Et,614,Pho Chai,2020,0.535651675,46160
0,NE,Roi Et,614,Pho Chai,2021,0.581352961,46499
54,NO,Phichit,615,Pho Prathap Chan,2014,0.229506079,41171
54,NO,Phichit,615,Pho Prathap Chan,2015,0.275866615,41102
54,NO,Phichit,615,Pho Prathap Chan,2016,0.28057211,41236
54,NO,Phichit,615,Pho Prathap Chan,2017,0.395429346,41373
54,NO,Phichit,615,Pho Prathap Chan,2018,0.429439582,40348
54,NO,Phichit,615,Pho Prathap Chan,2019,0.44671404,40455
54,NO,Phichit,615,Pho Prathap Chan,2020,0.452456895,40562
54,NO,Phichit,615,Pho Prathap Chan,2021,0.511891133,40858
41,NE,Ubon Ratchathani,616,Pho Sai,2014,0.047996025,48390
41,NE,Ubon Ratchathani,616,Pho Sai,2015,0.058165883,48572
41,NE,Ubon Ratchathani,616,Pho Sai,2016,0.057076635,48730
41,NE,Ubon Ratchathani,616,Pho Sai,2017,0.104604146,48954
41,NE,Ubon Ratchathani,616,Pho Sai,2018,0.094694132,45169
41,NE,Ubon Ratchathani,616,Pho Sai,2019,0.092476204,46319
41,NE,Ubon Ratchathani,616,Pho Sai,2020,0.119725506,46620
41,NE,Ubon Ratchathani,616,Pho Sai,2021,0.157836033,46414
54,NO,Phichit,619,Pho Thale,2014,0.162209432,64013
54,NO,Phichit,619,Pho Thale,2015,0.24249656,64229
54,NO,Phichit,619,Pho Thale,2016,0.232252385,64450
54,NO,Phichit,619,Pho Thale,2017,0.333517697,64720
54,NO,Phichit,619,Pho Thale,2018,0.353076468,63107
54,NO,Phichit,619,Pho Thale,2019,0.377997231,63296
54,NO,Phichit,619,Pho Thale,2020,0.527695964,63451
54,NO,Phichit,619,Pho Thale,2021,0.773660617,63919
45,CE,Ang Thong,620,Pho Thong,2014,0.927962454,48046
45,CE,Ang Thong,620,Pho Thong,2015,1.088652243,48213
45,CE,Ang Thong,620,Pho Thong,2016,1.253741784,48373
45,CE,Ang Thong,620,Pho Thong,2017,1.533979831,48522
45,CE,Ang Thong,620,Pho Thong,2018,1.590779647,48233
45,CE,Ang Thong,620,Pho Thong,2019,1.634271455,48365
45,CE,Ang Thong,620,Pho Thong,2020,1.944035358,48336
45,CE,Ang Thong,620,Pho Thong,2021,2.456324004,48689
15,NE,Khon Kaen,621,Phon,2014,0.450669932,93051
15,NE,Khon Kaen,621,Phon,2015,0.485224634,93376
15,NE,Khon Kaen,621,Phon,2016,0.526731844,93678
15,NE,Khon Kaen,621,Phon,2017,0.633672773,93955
15,NE,Khon Kaen,621,Phon,2018,0.780385161,90414
15,NE,Khon Kaen,621,Phon,2019,0.926443118,90663
15,NE,Khon Kaen,621,Phon,2020,1.093111323,90891
15,NE,Khon Kaen,621,Phon,2021,1.110281871,91553
39,NE,Bueng Kan,622,Phon Charoen,2014,0.131374113,37623
39,NE,Bueng Kan,622,Phon Charoen,2015,0.149236139,37785
39,NE,Bueng Kan,622,Phon Charoen,2016,0.159892872,37911
39,NE,Bueng Kan,622,Phon Charoen,2017,0.25378793,38030
39,NE,Bueng Kan,622,Phon Charoen,2018,0.26653196,35924
39,NE,Bueng Kan,622,Phon Charoen,2019,0.253178447,36026
39,NE,Bueng Kan,622,Phon Charoen,2020,0.28417026,36090
39,NE,Bueng Kan,622,Phon Charoen,2021,0.341782275,36358
24,NE,Sakon Nakhon,623,Phon Na Kaeo,2014,0.047052649,31051
24,NE,Sakon Nakhon,623,Phon Na Kaeo,2015,0.078537277,31158
24,NE,Sakon Nakhon,623,Phon Na Kaeo,2016,0.071291545,31266
24,NE,Sakon Nakhon,623,Phon Na Kaeo,2017,0.145817327,31400
24,NE,Sakon Nakhon,623,Phon Na Kaeo,2018,0.152019914,29427
24,NE,Sakon Nakhon,623,Phon Na Kaeo,2019,0.164556339,29507
24,NE,Sakon Nakhon,623,Phon Na Kaeo,2020,0.243762284,29580
24,NE,Sakon Nakhon,623,Phon Na Kaeo,2021,0.345286449,29795
13,NE,Nong Khai,624,Phon Phisai,2014,0.110037944,87837
13,NE,Nong Khai,624,Phon Phisai,2015,0.156328122,91437
13,NE,Nong Khai,624,Phon Phisai,2016,0.155487295,91918
13,NE,Nong Khai,624,Phon Phisai,2017,0.292791666,92818
13,NE,Nong Khai,624,Phon Phisai,2018,0.318460365,86595
13,NE,Nong Khai,624,Phon Phisai,2019,0.306134084,86832
13,NE,Nong Khai,624,Phon Phisai,2020,0.403406813,87074
13,NE,Nong Khai,624,Phon Phisai,2021,0.452740978,87709
0,NE,Roi Et,625,Phon Sai,2014,0.08370889,21770
0,NE,Roi Et,625,Phon Sai,2015,0.104599131,21843
0,NE,Roi Et,625,Phon Sai,2016,0.085720085,21916
0,NE,Roi Et,625,Phon Sai,2017,0.175431349,21984
0,NE,Roi Et,625,Phon Sai,2018,0.180261859,20994
0,NE,Roi Et,625,Phon Sai,2019,0.159181191,21050
0,NE,Roi Et,625,Phon Sai,2020,0.235379574,21101
0,NE,Roi Et,625,Phon Sai,2021,0.401601464,21255
72,NE,Nakhon Phanom,626,Phon Sawan,2014,0.057315311,41325
72,NE,Nakhon Phanom,626,Phon Sawan,2015,0.084300691,41495
72,NE,Nakhon Phanom,626,Phon Sawan,2016,0.073723355,41651
72,NE,Nakhon Phanom,626,Phon Sawan,2017,0.146962071,41848
72,NE,Nakhon Phanom,626,Phon Sawan,2018,0.144795443,39044
72,NE,Nakhon Phanom,626,Phon Sawan,2019,0.128453323,39155
72,NE,Nakhon Phanom,626,Phon Sawan,2020,0.182558097,39256
72,NE,Nakhon Phanom,626,Phon Sawan,2021,0.250964581,39541
0,NE,Roi Et,627,Phon Thong,2014,0.265833734,88253
0,NE,Roi Et,627,Phon Thong,2015,0.318966034,88560
0,NE,Roi Et,627,Phon Thong,2016,0.304072371,88852
0,NE,Roi Et,627,Phon Thong,2017,0.465694764,89135
0,NE,Roi Et,627,Phon Thong,2018,0.44286841,85351
0,NE,Roi Et,627,Phon Thong,2019,0.424058158,85585
0,NE,Roi Et,627,Phon Thong,2020,0.525435165,85801
0,NE,Roi Et,627,Phon Thong,2021,0.640863822,86425
26,NO,Tak,628,Phop Phra,2014,0.095916147,64209
26,NO,Tak,628,Phop Phra,2015,0.111191363,64498
26,NO,Tak,628,Phop Phra,2016,0.111056309,64785
26,NO,Tak,628,Phop Phra,2017,0.141113522,63998
26,NO,Tak,628,Phop Phra,2018,0.159791195,60458
26,NO,Tak,628,Phop Phra,2019,0.158917136,62975
26,NO,Tak,628,Phop Phra,2020,0.178493667,63811
26,NO,Tak,628,Phop Phra,2021,0.211473026,63141
30,WE,Ratchaburi,629,Photharam,2014,1.771243282,133985
30,WE,Ratchaburi,629,Photharam,2015,1.934505415,134449
30,WE,Ratchaburi,629,Photharam,2016,2.041011681,134901
30,WE,Ratchaburi,629,Photharam,2017,2.184196014,135318
30,WE,Ratchaburi,629,Photharam,2018,2.244898178,132045
30,WE,Ratchaburi,629,Photharam,2019,2.33076591,132454
30,WE,Ratchaburi,629,Photharam,2020,2.458310306,132811
30,WE,Ratchaburi,629,Photharam,2021,2.807638012,133773
14,BKK&VIC,Bangkok,631,Phra Nakhon,2014,67.88084108,101033
14,BKK&VIC,Bangkok,631,Phra Nakhon,2015,77.71053596,101384
14,BKK&VIC,Bangkok,631,Phra Nakhon,2016,83.80452737,101718
14,BKK&VIC,Bangkok,631,Phra Nakhon,2017,107.2851145,102036
14,BKK&VIC,Bangkok,631,Phra Nakhon,2018,91.95951673,105343
14,BKK&VIC,Bangkok,631,Phra Nakhon,2019,103.9119751,105632
14,BKK&VIC,Bangkok,631,Phra Nakhon,2020,96.51314827,105898
14,BKK&VIC,Bangkok,631,Phra Nakhon,2021,102.8640076,106671
53,CE,Phra Nakhon Sri Ayuthaya,632,Phra Nakhon Sri Ayuthaya,2014,12.7592924,163012
53,CE,Phra Nakhon Sri Ayuthaya,632,Phra Nakhon Sri Ayuthaya,2015,12.68746703,163377
53,CE,Phra Nakhon Sri Ayuthaya,632,Phra Nakhon Sri Ayuthaya,2016,11.93891782,163916
53,CE,Phra Nakhon Sri Ayuthaya,632,Phra Nakhon Sri Ayuthaya,2017,11.69513275,164409
53,CE,Phra Nakhon Sri Ayuthaya,632,Phra Nakhon Sri Ayuthaya,2018,11.0987358,157052
53,CE,Phra Nakhon Sri Ayuthaya,632,Phra Nakhon Sri Ayuthaya,2019,11.3889661,157491
53,CE,Phra Nakhon Sri Ayuthaya,632,Phra Nakhon Sri Ayuthaya,2020,12.19582823,158886
53,CE,Phra Nakhon Sri Ayuthaya,632,Phra Nakhon Sri Ayuthaya,2021,13.61678612,160135
59,SO,Nakhon Si Thammarat,633,Phra Phrom,2014,0.856907308,58110
59,SO,Nakhon Si Thammarat,633,Phra Phrom,2015,1.006769512,58312
59,SO,Nakhon Si Thammarat,633,Phra Phrom,2016,1.073231948,58513
59,SO,Nakhon Si Thammarat,633,Phra Phrom,2017,1.20685688,57878
59,SO,Nakhon Si Thammarat,633,Phra Phrom,2018,1.473509615,54275
59,SO,Nakhon Si Thammarat,633,Phra Phrom,2019,1.374728427,54506
59,SO,Nakhon Si Thammarat,633,Phra Phrom,2020,1.565329846,54643
59,SO,Nakhon Si Thammarat,633,Phra Phrom,2021,1.840390713,45565
17,CE,Saraburi,634,Phra Phutthabat,2014,2.511125558,88183
17,CE,Saraburi,634,Phra Phutthabat,2015,2.662294613,88130
17,CE,Saraburi,634,Phra Phutthabat,2016,2.7234149,88423
17,CE,Saraburi,634,Phra Phutthabat,2017,2.948976099,88537
17,CE,Saraburi,634,Phra Phutthabat,2018,2.775775662,85267
17,CE,Saraburi,634,Phra Phutthabat,2019,3.000603502,85501
17,CE,Saraburi,634,Phra Phutthabat,2020,3.041686798,85717
17,CE,Saraburi,634,Phra Phutthabat,2021,3.223212783,86339
69,BKK&VIC,Samut Prakan,635,Phra Pra Daeng,2014,24.64958659,372191
69,BKK&VIC,Samut Prakan,635,Phra Pra Daeng,2015,25.3669644,373411
69,BKK&VIC,Samut Prakan,635,Phra Pra Daeng,2016,26.38400322,374641
69,BKK&VIC,Samut Prakan,635,Phra Pra Daeng,2017,25.64227482,375818
69,BKK&VIC,Samut Prakan,635,Phra Pra Daeng,2018,26.78381037,423425
69,BKK&VIC,Samut Prakan,635,Phra Pra Daeng,2019,28.20506362,424588
69,BKK&VIC,Samut Prakan,635,Phra Pra Daeng,2020,28.72748281,425655
69,BKK&VIC,Samut Prakan,635,Phra Pra Daeng,2021,29.50122456,428758
69,BKK&VIC,Samut Prakan,636,Phra Samut Jadee,2014,4.33499612,132632
69,BKK&VIC,Samut Prakan,636,Phra Samut Jadee,2015,4.770035486,133059
69,BKK&VIC,Samut Prakan,636,Phra Samut Jadee,2016,4.733896074,133677
69,BKK&VIC,Samut Prakan,636,Phra Samut Jadee,2017,5.047162609,134302
69,BKK&VIC,Samut Prakan,636,Phra Samut Jadee,2018,5.469544431,153078
69,BKK&VIC,Samut Prakan,636,Phra Samut Jadee,2019,5.999817992,154353
69,BKK&VIC,Samut Prakan,636,Phra Samut Jadee,2020,6.809158167,154955
69,BKK&VIC,Samut Prakan,636,Phra Samut Jadee,2021,7.125471716,156088
15,NE,Khon Kaen,638,Phra Yun,2014,0.339585445,35676
15,NE,Khon Kaen,638,Phra Yun,2015,0.405333052,35801
15,NE,Khon Kaen,638,Phra Yun,2016,0.392934333,35918
15,NE,Khon Kaen,638,Phra Yun,2017,0.477995718,36008
15,NE,Khon Kaen,638,Phra Yun,2018,0.517683768,34641
15,NE,Khon Kaen,638,Phra Yun,2019,0.571039378,34734
15,NE,Khon Kaen,638,Phra Yun,2020,0.681033494,35087
15,NE,Khon Kaen,638,Phra Yun,2021,0.830020714,35339
12,NE,Si Sa Ket,639,Phrai Bung,2014,0.266879745,36514
12,NE,Si Sa Ket,639,Phrai Bung,2015,0.284074461,36661
12,NE,Si Sa Ket,639,Phrai Bung,2016,0.276437093,36786
12,NE,Si Sa Ket,639,Phrai Bung,2017,0.340474207,36940
12,NE,Si Sa Ket,639,Phrai Bung,2018,0.367246311,34644
12,NE,Si Sa Ket,639,Phrai Bung,2019,0.378503648,34739
12,NE,Si Sa Ket,639,Phrai Bung,2020,0.458080511,34825
12,NE,Si Sa Ket,639,Phrai Bung,2021,0.53104634,35078
36,NO,Kam Phaeng Phet,640,Phran Kratai,2014,0.138472438,67239
36,NO,Kam Phaeng Phet,640,Phran Kratai,2015,0.179666007,67433
36,NO,Kam Phaeng Phet,640,Phran Kratai,2016,0.176273355,67588
36,NO,Kam Phaeng Phet,640,Phran Kratai,2017,0.24028502,67780
36,NO,Kam Phaeng Phet,640,Phran Kratai,2018,0.226729942,64471
36,NO,Kam Phaeng Phet,640,Phran Kratai,2019,0.265876975,64640
36,NO,Kam Phaeng Phet,640,Phran Kratai,2020,0.297043879,64802
36,NO,Kam Phaeng Phet,640,Phran Kratai,2021,0.350259935,65281
65,NO,Chiang Mai,641,Phrao,2014,0.056888912,60049
65,NO,Chiang Mai,641,Phrao,2015,0.078372458,60261
65,NO,Chiang Mai,641,Phrao,2016,0.057730603,60483
65,NO,Chiang Mai,641,Phrao,2017,0.078272299,60690
65,NO,Chiang Mai,641,Phrao,2018,0.084495897,57923
65,NO,Chiang Mai,641,Phrao,2019,0.089754713,58082
65,NO,Chiang Mai,641,Phrao,2020,0.098895944,58228
65,NO,Chiang Mai,641,Phrao,2021,0.106700516,58650
5,NE,Surin,672,Phrasat,2014,0.170151881,124858
5,NE,Surin,672,Phrasat,2015,0.187664595,125121
5,NE,Surin,672,Phrasat,2016,0.224583453,125533
5,NE,Surin,672,Phrasat,2017,0.394866526,125995
5,NE,Surin,672,Phrasat,2018,0.481848662,121205
5,NE,Surin,672,Phrasat,2019,0.533955571,121536
5,NE,Surin,672,Phrasat,2020,0.566423596,121841
5,NE,Surin,672,Phrasat,2021,0.605471102,122728
49,CE,Singburi,643,Phrom Buri,2014,2.420215839,24259
49,CE,Singburi,643,Phrom Buri,2015,2.725641894,24343
49,CE,Singburi,643,Phrom Buri,2016,3.065128811,24423
49,CE,Singburi,643,Phrom Buri,2017,3.318435999,24502
49,CE,Singburi,643,Phrom Buri,2018,3.44378983,24529
49,CE,Singburi,643,Phrom Buri,2019,3.637557339,24599
49,CE,Singburi,643,Phrom Buri,2020,3.712854953,24656
49,CE,Singburi,643,Phrom Buri,2021,4.212632367,24835
21,NO,Phitsanulok,645,Phrom Phiram,2014,0.204885113,100144
21,NO,Phitsanulok,645,Phrom Phiram,2015,0.263655231,100462
21,NO,Phitsanulok,645,Phrom Phiram,2016,0.286919141,100787
21,NO,Phitsanulok,645,Phrom Phiram,2017,0.39593507,101046
21,NO,Phitsanulok,645,Phrom Phiram,2018,0.398046239,96443
21,NO,Phitsanulok,645,Phrom Phiram,2019,0.399503799,96708
21,NO,Phitsanulok,645,Phrom Phiram,2020,0.447773714,96941
21,NO,Phitsanulok,645,Phrom Phiram,2021,0.548909939,97588
59,SO,Nakhon Si Thammarat,644,Phrommakhiri,2014,0.174628793,30289
59,SO,Nakhon Si Thammarat,644,Phrommakhiri,2015,0.201806896,30393
59,SO,Nakhon Si Thammarat,644,Phrommakhiri,2016,0.224696749,30493
59,SO,Nakhon Si Thammarat,644,Phrommakhiri,2017,0.232055625,30548
59,SO,Nakhon Si Thammarat,644,Phrommakhiri,2018,0.262709063,31675
59,SO,Nakhon Si Thammarat,644,Phrommakhiri,2019,0.380049436,31768
59,SO,Nakhon Si Thammarat,644,Phrommakhiri,2020,0.424085552,31846
59,SO,Nakhon Si Thammarat,644,Phrommakhiri,2021,0.418958954,32109
9,NE,Chaiyaphum,647,Phu Khieo,2014,0.422370729,109414
9,NE,Chaiyaphum,647,Phu Khieo,2015,0.459706121,109800
9,NE,Chaiyaphum,647,Phu Khieo,2016,0.483772448,110164
9,NE,Chaiyaphum,647,Phu Khieo,2017,0.60861887,110506
9,NE,Chaiyaphum,647,Phu Khieo,2018,0.628730393,106154
9,NE,Chaiyaphum,647,Phu Khieo,2019,0.712042902,106446
9,NE,Chaiyaphum,647,Phu Khieo,2020,0.789962533,106714
9,NE,Chaiyaphum,647,Phu Khieo,2021,0.801711576,107490
16,NE,Loei,648,Phu Kradung,2014,0.074523286,31371
16,NE,Loei,648,Phu Kradung,2015,0.069679264,31485
16,NE,Loei,648,Phu Kradung,2016,0.068285777,31585
16,NE,Loei,648,Phu Kradung,2017,0.093483249,31679
16,NE,Loei,648,Phu Kradung,2018,0.094831563,32900
16,NE,Loei,648,Phu Kradung,2019,0.090308134,33014
16,NE,Loei,648,Phu Kradung,2020,0.10269051,33086
16,NE,Loei,648,Phu Kradung,2021,0.116294604,33323
16,NE,Loei,649,Phu Luang,2014,0.046949058,20869
16,NE,Loei,649,Phu Luang,2015,0.053174705,20740
16,NE,Loei,649,Phu Luang,2016,0.044918511,20867
16,NE,Loei,649,Phu Luang,2017,0.06769993,20952
16,NE,Loei,649,Phu Luang,2018,0.070245312,20110
16,NE,Loei,649,Phu Luang,2019,0.067579936,20165
16,NE,Loei,649,Phu Luang,2020,0.078694721,20219
16,NE,Loei,649,Phu Luang,2021,0.093171046,20369
24,NE,Sakon Nakhon,651,Phu Phan,2014,0.061859438,34065
24,NE,Sakon Nakhon,651,Phu Phan,2015,0.098137236,34193
24,NE,Sakon Nakhon,651,Phu Phan,2016,0.088551186,33774
24,NE,Sakon Nakhon,651,Phu Phan,2017,0.12109676,33498
24,NE,Sakon Nakhon,651,Phu Phan,2018,0.13238946,31017
24,NE,Sakon Nakhon,651,Phu Phan,2019,0.123407038,31107
24,NE,Sakon Nakhon,651,Phu Phan,2020,0.145734742,31190
24,NE,Sakon Nakhon,651,Phu Phan,2021,0.158080558,31419
16,NE,Loei,653,Phu Rua,2014,0.095921961,17013
16,NE,Loei,653,Phu Rua,2015,0.103129716,17335
16,NE,Loei,653,Phu Rua,2016,0.12202509,17347
16,NE,Loei,653,Phu Rua,2017,0.161905034,17365
16,NE,Loei,653,Phu Rua,2018,0.190141305,16786
16,NE,Loei,653,Phu Rua,2019,0.184898863,16830
16,NE,Loei,653,Phu Rua,2020,0.187251408,16882
16,NE,Loei,653,Phu Rua,2021,0.226067305,17000
12,NE,Si Sa Ket,655,Phu Sing,2014,0.032705695,35670
12,NE,Si Sa Ket,655,Phu Sing,2015,0.044659754,35798
12,NE,Si Sa Ket,655,Phu Sing,2016,0.035999945,35925
12,NE,Si Sa Ket,655,Phu Sing,2017,0.102523874,36038
12,NE,Si Sa Ket,655,Phu Sing,2018,0.200044145,34394
12,NE,Si Sa Ket,655,Phu Sing,2019,0.197974326,34487
12,NE,Si Sa Ket,655,Phu Sing,2020,0.225497313,34570
12,NE,Si Sa Ket,655,Phu Sing,2021,0.256283504,34822
15,NE,Khon Kaen,656,Phu Wiang,2014,0.13800292,65709
15,NE,Khon Kaen,656,Phu Wiang,2015,0.191219663,65932
15,NE,Khon Kaen,656,Phu Wiang,2016,0.165733277,66131
15,NE,Khon Kaen,656,Phu Wiang,2017,0.220378967,66330
15,NE,Khon Kaen,656,Phu Wiang,2018,0.225090546,63838
15,NE,Khon Kaen,656,Phu Wiang,2019,0.221980871,64451
15,NE,Khon Kaen,656,Phu Wiang,2020,0.275281896,64751
15,NE,Khon Kaen,656,Phu Wiang,2021,0.319379708,65231
11,SO,Surat Thani,657,Phunphin,2014,0.58578258,111539
11,SO,Surat Thani,657,Phunphin,2015,0.621064881,111923
11,SO,Surat Thani,657,Phunphin,2016,0.693075595,112292
11,SO,Surat Thani,657,Phunphin,2017,0.860322261,112437
11,SO,Surat Thani,657,Phunphin,2018,0.902997219,114621
11,SO,Surat Thani,657,Phunphin,2019,0.964137691,113952
11,SO,Surat Thani,657,Phunphin,2020,0.965725942,114237
11,SO,Surat Thani,657,Phunphin,2021,0.941843147,114904
15,NE,Khon Kaen,650,Phupa Man,2014,0.10143113,20140
15,NE,Khon Kaen,650,Phupa Man,2015,0.124663885,20210
15,NE,Khon Kaen,650,Phupa Man,2016,0.122145703,20277
15,NE,Khon Kaen,650,Phupa Man,2017,0.155229613,20338
15,NE,Khon Kaen,650,Phupa Man,2018,0.164078345,19496
15,NE,Khon Kaen,650,Phupa Man,2019,0.225271631,19546
15,NE,Khon Kaen,650,Phupa Man,2020,0.174146105,19592
15,NE,Khon Kaen,650,Phupa Man,2021,0.211333463,19739
27,BKK&VIC,Nakhon Pathom,659,Phuttha Mon Thon,2014,8.116157869,23835
27,BKK&VIC,Nakhon Pathom,659,Phuttha Mon Thon,2015,8.287863198,23921
27,BKK&VIC,Nakhon Pathom,659,Phuttha Mon Thon,2016,8.76791338,23999
27,BKK&VIC,Nakhon Pathom,659,Phuttha Mon Thon,2017,9.400559278,24072
27,BKK&VIC,Nakhon Pathom,659,Phuttha Mon Thon,2018,9.403477817,27591
27,BKK&VIC,Nakhon Pathom,659,Phuttha Mon Thon,2019,9.501519289,27666
27,BKK&VIC,Nakhon Pathom,659,Phuttha Mon Thon,2020,9.364559317,27735
27,BKK&VIC,Nakhon Pathom,659,Phuttha Mon Thon,2021,9.716065489,27937
35,NE,Buri Ram,658,Phutthaisong,2014,0.312394625,40167
35,NE,Buri Ram,658,Phutthaisong,2015,0.35342636,40294
35,NE,Buri Ram,658,Phutthaisong,2016,0.400247248,40423
35,NE,Buri Ram,658,Phutthaisong,2017,0.523455979,40544
35,NE,Buri Ram,658,Phutthaisong,2018,0.606840064,38403
35,NE,Buri Ram,658,Phutthaisong,2019,0.793852739,38443
35,NE,Buri Ram,658,Phutthaisong,2020,0.942703032,38509
35,NE,Buri Ram,658,Phutthaisong,2021,0.977308732,38792
72,NE,Nakhon Phanom,660,Pla Pak,2014,0.123554335,39127
72,NE,Nakhon Phanom,660,Pla Pak,2015,0.143418124,39261
72,NE,Nakhon Phanom,660,Pla Pak,2016,0.130027878,39465
72,NE,Nakhon Phanom,660,Pla Pak,2017,0.242644973,39734
72,NE,Nakhon Phanom,660,Pla Pak,2018,0.233417113,37066
72,NE,Nakhon Phanom,660,Pla Pak,2019,0.223545304,37168
72,NE,Nakhon Phanom,660,Pla Pak,2020,0.317715315,37262
72,NE,Nakhon Phanom,660,Pla Pak,2021,0.442632065,37531
4,EA,Chachoengsao,661,Plaeng Yao,2014,2.139592723,42247
4,EA,Chachoengsao,661,Plaeng Yao,2015,2.20843974,42383
4,EA,Chachoengsao,661,Plaeng Yao,2016,2.538677036,42653
4,EA,Chachoengsao,661,Plaeng Yao,2017,2.760240948,42866
4,EA,Chachoengsao,661,Plaeng Yao,2018,2.712939073,47271
4,EA,Chachoengsao,661,Plaeng Yao,2019,2.590424593,47403
4,EA,Chachoengsao,661,Plaeng Yao,2020,2.630471534,47527
4,EA,Chachoengsao,661,Plaeng Yao,2021,2.708296722,47870
63,SO,Krabi,662,Plai Phraya,2014,0.079642618,36374
63,SO,Krabi,662,Plai Phraya,2015,0.092341348,36490
63,SO,Krabi,662,Plai Phraya,2016,0.098996377,36583
63,SO,Krabi,662,Plai Phraya,2017,0.185858889,36696
63,SO,Krabi,662,Plai Phraya,2018,0.200693689,37240
63,SO,Krabi,662,Plai Phraya,2019,0.204045417,37612
63,SO,Krabi,662,Plai Phraya,2020,0.353375774,37702
63,SO,Krabi,662,Plai Phraya,2021,0.467043633,37996
51,EA,Rayong,663,Pluak Daeng,2014,6.652056152,53886
51,EA,Rayong,663,Pluak Daeng,2015,6.720905947,54032
51,EA,Rayong,663,Pluak Daeng,2016,6.834453361,54209
51,EA,Rayong,663,Pluak Daeng,2017,7.290051426,54355
51,EA,Rayong,663,Pluak Daeng,2018,7.404633139,58673
51,EA,Rayong,663,Pluak Daeng,2019,7.836949388,58823
51,EA,Rayong,663,Pluak Daeng,2020,7.730718765,59071
51,EA,Rayong,663,Pluak Daeng,2021,8.124838081,59503
14,BKK&VIC,Bangkok,664,Pom Prap Sattru Phai,2014,68.55570938,62618
14,BKK&VIC,Bangkok,664,Pom Prap Sattru Phai,2015,70.97400922,62835
14,BKK&VIC,Bangkok,664,Pom Prap Sattru Phai,2016,70.94706066,63043
14,BKK&VIC,Bangkok,664,Pom Prap Sattru Phai,2017,78.88042876,63240
14,BKK&VIC,Bangkok,664,Pom Prap Sattru Phai,2018,84.29015148,65146
14,BKK&VIC,Bangkok,664,Pom Prap Sattru Phai,2019,86.1490846,65326
14,BKK&VIC,Bangkok,664,Pom Prap Sattru Phai,2020,84.79470758,65490
14,BKK&VIC,Bangkok,664,Pom Prap Sattru Phai,2021,90.53575502,65967
1,NO,Phayao,665,Pong,2014,0.02635948,44758
1,NO,Phayao,665,Pong,2015,0.030296483,44916
1,NO,Phayao,665,Pong,2016,0.03540916,45048
1,NO,Phayao,665,Pong,2017,0.066247011,45181
1,NO,Phayao,665,Pong,2018,0.080664133,43561
1,NO,Phayao,665,Pong,2019,0.108631632,43671
1,NO,Phayao,665,Pong,2020,0.134806526,43779
1,NO,Phayao,665,Pong,2021,0.140443246,44099
71,EA,Chanthaburi,666,Pong Nam Ron,2014,0.107606632,38547
71,EA,Chanthaburi,666,Pong Nam Ron,2015,0.146110829,38711
71,EA,Chanthaburi,666,Pong Nam Ron,2016,0.16830705,38301
71,EA,Chanthaburi,666,Pong Nam Ron,2017,0.300104386,38386
71,EA,Chanthaburi,666,Pong Nam Ron,2018,0.349307384,42808
71,EA,Chanthaburi,666,Pong Nam Ron,2019,0.452187819,43153
71,EA,Chanthaburi,666,Pong Nam Ron,2020,0.454081559,43279
71,EA,Chanthaburi,666,Pong Nam Ron,2021,0.43590104,43701
6,NE,Nakhon Ratchasima,673,Pra Thai,2014,0.146514579,78054
6,NE,Nakhon Ratchasima,673,Pra Thai,2015,0.175165773,78072
6,NE,Nakhon Ratchasima,673,Pra Thai,2016,0.188825544,78575
6,NE,Nakhon Ratchasima,673,Pra Thai,2017,0.25309889,79072
6,NE,Nakhon Ratchasima,673,Pra Thai,2018,0.296805612,75034
6,NE,Nakhon Ratchasima,673,Pra Thai,2019,0.310694953,75246
6,NE,Nakhon Ratchasima,673,Pra Thai,2020,0.382841389,75436
6,NE,Nakhon Ratchasima,673,Pra Thai,2021,0.477581779,75985
52,EA,Prachin Buri,668,Prachantakham,2014,0.134913248,64360
52,EA,Prachin Buri,668,Prachantakham,2015,0.161529388,64583
52,EA,Prachin Buri,668,Prachantakham,2016,0.174862744,64797
52,EA,Prachin Buri,668,Prachantakham,2017,0.205194081,64999
52,EA,Prachin Buri,668,Prachantakham,2018,0.207254608,72398
52,EA,Prachin Buri,668,Prachantakham,2019,0.235084506,72588
52,EA,Prachin Buri,668,Prachantakham,2020,0.267170172,72765
52,EA,Prachin Buri,668,Prachantakham,2021,0.300643186,73298
14,BKK&VIC,Bangkok,630,Prakanong,2014,31.13071036,176822
14,BKK&VIC,Bangkok,630,Prakanong,2015,32.33066791,177316
14,BKK&VIC,Bangkok,630,Prakanong,2016,33.67880477,177807
14,BKK&VIC,Bangkok,630,Prakanong,2017,34.20005021,178273
14,BKK&VIC,Bangkok,630,Prakanong,2018,34.85280353,183649
14,BKK&VIC,Bangkok,630,Prakanong,2019,35.62656868,184155
14,BKK&VIC,Bangkok,630,Prakanong,2020,36.92312458,184617
14,BKK&VIC,Bangkok,630,Prakanong,2021,41.22165131,185964
35,NE,Buri Ram,669,Prakhon Chai,2014,0.178955091,108541
35,NE,Buri Ram,669,Prakhon Chai,2015,0.211526516,108821
35,NE,Buri Ram,669,Prakhon Chai,2016,0.295558625,109206
35,NE,Buri Ram,669,Prakhon Chai,2017,0.385988254,109921
35,NE,Buri Ram,669,Prakhon Chai,2018,0.422840636,104246
35,NE,Buri Ram,669,Prakhon Chai,2019,0.410853691,104544
35,NE,Buri Ram,669,Prakhon Chai,2020,0.496089135,104812
35,NE,Buri Ram,669,Prakhon Chai,2021,0.572376307,105578
42,WE,Phachuap Khiri Khan,670,Pran Buri,2014,0.602900094,55430
42,WE,Phachuap Khiri Khan,670,Pran Buri,2015,0.659519671,58698
42,WE,Phachuap Khiri Khan,670,Pran Buri,2016,0.705639192,58931
42,WE,Phachuap Khiri Khan,670,Pran Buri,2017,0.813045159,61241
42,WE,Phachuap Khiri Khan,670,Pran Buri,2018,0.810569399,58581
42,WE,Phachuap Khiri Khan,670,Pran Buri,2019,0.872329228,58767
42,WE,Phachuap Khiri Khan,670,Pran Buri,2020,0.920255323,58922
42,WE,Phachuap Khiri Khan,670,Pran Buri,2021,0.97792678,59353
12,NE,Si Sa Ket,671,Prang Ku,2014,0.093854803,54846
12,NE,Si Sa Ket,671,Prang Ku,2015,0.09644346,55037
12,NE,Si Sa Ket,671,Prang Ku,2016,0.107206427,55218
12,NE,Si Sa Ket,671,Prang Ku,2017,0.170227645,55360
12,NE,Si Sa Ket,671,Prang Ku,2018,0.183344776,52374
12,NE,Si Sa Ket,671,Prang Ku,2019,0.187770063,52515
12,NE,Si Sa Ket,671,Prang Ku,2020,0.227272029,52645
12,NE,Si Sa Ket,671,Prang Ku,2021,0.295625553,53025
11,SO,Surat Thani,642,Prasaeng,2014,0.150015283,59767
11,SO,Surat Thani,642,Prasaeng,2015,0.166775993,59997
11,SO,Surat Thani,642,Prasaeng,2016,0.173625114,60229
11,SO,Surat Thani,642,Prasaeng,2017,0.222169648,60399
11,SO,Surat Thani,642,Prasaeng,2018,0.270023819,61673
11,SO,Surat Thani,642,Prasaeng,2019,0.296446378,61126
11,SO,Surat Thani,642,Prasaeng,2020,0.314016819,61279
11,SO,Surat Thani,642,Prasaeng,2021,0.317197874,61720
14,BKK&VIC,Bangkok,674,Prawet,2014,22.94877424,171345
14,BKK&VIC,Bangkok,674,Prawet,2015,24.98414513,172828
14,BKK&VIC,Bangkok,674,Prawet,2016,26.1252566,173026
14,BKK&VIC,Bangkok,674,Prawet,2017,25.8526834,173321
14,BKK&VIC,Bangkok,674,Prawet,2018,28.02980692,183015
14,BKK&VIC,Bangkok,674,Prawet,2019,27.76136321,183515
14,BKK&VIC,Bangkok,674,Prawet,2020,27.82668584,183974
14,BKK&VIC,Bangkok,674,Prawet,2021,28.83741281,185320
70,NO,Nan,675,Pua,2014,0.111765982,60008
70,NO,Nan,675,Pua,2015,0.132144702,60201
70,NO,Nan,675,Pua,2016,0.118608882,60400
70,NO,Nan,675,Pua,2017,0.167984003,60587
70,NO,Nan,675,Pua,2018,0.170397481,57541
70,NO,Nan,675,Pua,2019,0.18722071,57699
70,NO,Nan,675,Pua,2020,0.212988122,57850
70,NO,Nan,675,Pua,2021,0.223912896,58274
15,NE,Khon Kaen,676,Puai Noi,2014,0.135093854,20488
15,NE,Khon Kaen,676,Puai Noi,2015,0.165030754,20558
15,NE,Khon Kaen,676,Puai Noi,2016,0.17307319,20624
15,NE,Khon Kaen,676,Puai Noi,2017,0.281005828,20699
15,NE,Khon Kaen,676,Puai Noi,2018,0.288866769,19796
15,NE,Khon Kaen,676,Puai Noi,2019,0.267080125,19789
15,NE,Khon Kaen,676,Puai Noi,2020,0.339418305,19805
15,NE,Khon Kaen,676,Puai Noi,2021,0.399088691,19950
33,SO,Yala,678,Raman,2014,0.381882924,80083
33,SO,Yala,678,Raman,2015,0.440353849,80324
33,SO,Yala,678,Raman,2016,0.552838867,80589
33,SO,Yala,678,Raman,2017,0.690305864,80778
33,SO,Yala,678,Raman,2018,0.777891664,81407
33,SO,Yala,678,Raman,2019,0.732453075,81630
33,SO,Yala,678,Raman,2020,0.888360856,81832
33,SO,Yala,678,Raman,2021,1.031125812,81498
40,SO,Narathiwat,677,Rangae,2014,0.378691284,89335
40,SO,Narathiwat,677,Rangae,2015,0.429018727,89101
40,SO,Narathiwat,677,Rangae,2016,0.52064211,89389
40,SO,Narathiwat,677,Rangae,2017,0.650788,89672
40,SO,Narathiwat,677,Rangae,2018,0.747210033,90317
40,SO,Narathiwat,677,Rangae,2019,0.632435608,90559
40,SO,Narathiwat,677,Rangae,2020,0.735803136,90800
40,SO,Narathiwat,677,Rangae,2021,0.760781567,91062
43,SO,Songkhla,679,Ranot,2014,0.649582337,94168
43,SO,Songkhla,679,Ranot,2015,0.663651681,94485
43,SO,Songkhla,679,Ranot,2016,0.682833137,94807
43,SO,Songkhla,679,Ranot,2017,0.822924757,95109
43,SO,Songkhla,679,Ranot,2018,1.123235916,96961
43,SO,Songkhla,679,Ranot,2019,1.18952181,97450
43,SO,Songkhla,679,Ranot,2020,1.205748656,97957
43,SO,Songkhla,679,Ranot,2021,1.277041187,98665
47,SO,Trang,684,Rasada,2014,0.21520201,28455
47,SO,Trang,684,Rasada,2015,0.214747013,28554
47,SO,Trang,684,Rasada,2016,0.246873342,28651
47,SO,Trang,684,Rasada,2017,0.34378699,28531
47,SO,Trang,684,Rasada,2018,0.375469993,29363
47,SO,Trang,684,Rasada,2019,0.406080193,29422
47,SO,Trang,684,Rasada,2020,0.534748209,29489
47,SO,Trang,684,Rasada,2021,0.605615156,29785
12,NE,Si Sa Ket,680,Rasi Salai,2014,0.163064814,65173
12,NE,Si Sa Ket,680,Rasi Salai,2015,0.213826421,64887
12,NE,Si Sa Ket,680,Rasi Salai,2016,0.20633916,65102
12,NE,Si Sa Ket,680,Rasi Salai,2017,0.32466113,65310
12,NE,Si Sa Ket,680,Rasi Salai,2018,0.350892759,62533
12,NE,Si Sa Ket,680,Rasi Salai,2019,0.326483162,62716
12,NE,Si Sa Ket,680,Rasi Salai,2020,0.40094425,62869
12,NE,Si Sa Ket,680,Rasi Salai,2021,0.470745178,63329
14,BKK&VIC,Bangkok,681,Rat Burana,2014,21.89745785,147987
14,BKK&VIC,Bangkok,681,Rat Burana,2015,23.43802784,148301
14,BKK&VIC,Bangkok,681,Rat Burana,2016,25.63446059,148793
14,BKK&VIC,Bangkok,681,Rat Burana,2017,26.84266625,149254
14,BKK&VIC,Bangkok,681,Rat Burana,2018,26.82691449,153676
14,BKK&VIC,Bangkok,681,Rat Burana,2019,26.60838196,154183
14,BKK&VIC,Bangkok,681,Rat Burana,2020,27.02730876,154678
14,BKK&VIC,Bangkok,681,Rat Burana,2021,27.87551013,155805
4,EA,Chachoengsao,682,Ratchasan,2014,0.346450982,14664
4,EA,Chachoengsao,682,Ratchasan,2015,0.407073179,14711
4,EA,Chachoengsao,682,Ratchasan,2016,0.44771401,14764
4,EA,Chachoengsao,682,Ratchasan,2017,0.552936107,14808
4,EA,Chachoengsao,682,Ratchasan,2018,0.660678753,16398
4,EA,Chachoengsao,682,Ratchasan,2019,0.610631091,16441
4,EA,Chachoengsao,682,Ratchasan,2020,0.710700285,16483
4,EA,Chachoengsao,682,Ratchasan,2021,0.787852651,16601
14,BKK&VIC,Bangkok,683,Ratchathewi,2014,49.80993992,127351
14,BKK&VIC,Bangkok,683,Ratchathewi,2015,52.80714707,127793
14,BKK&VIC,Bangkok,683,Ratchathewi,2016,56.25424918,128214
14,BKK&VIC,Bangkok,683,Ratchathewi,2017,54.54907563,128617
14,BKK&VIC,Bangkok,683,Ratchathewi,2018,54.59125346,133333
14,BKK&VIC,Bangkok,683,Ratchathewi,2019,56.58658452,133699
14,BKK&VIC,Bangkok,683,Ratchathewi,2020,52.59931757,134035
14,BKK&VIC,Bangkok,683,Ratchathewi,2021,54.53549925,135013
5,NE,Surin,685,Rattana Buri,2014,0.182580483,75164
5,NE,Surin,685,Rattana Buri,2015,0.209776931,75425
5,NE,Surin,685,Rattana Buri,2016,0.198191731,75679
5,NE,Surin,685,Rattana Buri,2017,0.267364026,75635
5,NE,Surin,685,Rattana Buri,2018,0.271434094,72299
5,NE,Surin,685,Rattana Buri,2019,0.262733398,72493
5,NE,Surin,685,Rattana Buri,2020,0.315138307,72677
5,NE,Surin,685,Rattana Buri,2021,0.399533536,73215
43,SO,Songkhla,687,Rattaphum,2014,0.327881127,80743
43,SO,Songkhla,687,Rattaphum,2015,0.336571943,81052
43,SO,Songkhla,687,Rattaphum,2016,0.370336534,81319
43,SO,Songkhla,687,Rattaphum,2017,0.499743749,81571
43,SO,Songkhla,687,Rattaphum,2018,0.509754856,83202
43,SO,Songkhla,687,Rattaphum,2019,0.542011412,83429
43,SO,Songkhla,687,Rattaphum,2020,0.580837325,83640
43,SO,Songkhla,687,Rattaphum,2021,0.542903999,84249
72,NE,Nakhon Phanom,688,Renu Nakhon,2014,0.393018686,36988
72,NE,Nakhon Phanom,688,Renu Nakhon,2015,0.463521187,37114
72,NE,Nakhon Phanom,688,Renu Nakhon,2016,0.433413424,37424
72,NE,Nakhon Phanom,688,Renu Nakhon,2017,0.613613931,37657
72,NE,Nakhon Phanom,688,Renu Nakhon,2018,0.614879566,35081
72,NE,Nakhon Phanom,688,Renu Nakhon,2019,0.534238699,35180
72,NE,Nakhon Phanom,688,Renu Nakhon,2020,0.674151561,35266
72,NE,Nakhon Phanom,688,Renu Nakhon,2021,0.793190116,35522
59,SO,Nakhon Si Thammarat,689,Ron Phi Pun,2014,0.341288268,111815
59,SO,Nakhon Si Thammarat,689,Ron Phi Pun,2015,0.37760937,117415
59,SO,Nakhon Si Thammarat,689,Ron Phi Pun,2016,0.370197202,117804
59,SO,Nakhon Si Thammarat,689,Ron Phi Pun,2017,0.453374727,115741
59,SO,Nakhon Si Thammarat,689,Ron Phi Pun,2018,0.516660126,119848
59,SO,Nakhon Si Thammarat,689,Ron Phi Pun,2019,0.529588876,113963
59,SO,Nakhon Si Thammarat,689,Ron Phi Pun,2020,0.541249787,114249
59,SO,Nakhon Si Thammarat,689,Ron Phi Pun,2021,0.649104466,111142
20,NE,Kalasin,690,Rong Kham,2014,0.303045864,12348
20,NE,Kalasin,690,Rong Kham,2015,0.351799881,12392
20,NE,Kalasin,690,Rong Kham,2016,0.370053542,12435
20,NE,Kalasin,690,Rong Kham,2017,0.614916205,12468
20,NE,Kalasin,690,Rong Kham,2018,0.625095786,11741
20,NE,Kalasin,690,Rong Kham,2019,0.565469724,11774
20,NE,Kalasin,690,Rong Kham,2020,0.674472638,11803
20,NE,Kalasin,690,Rong Kham,2021,0.793770222,11889
32,NO,Phrae,691,Rong Kwang,2014,0.144280798,50798
32,NO,Phrae,691,Rong Kwang,2015,0.239495644,50873
32,NO,Phrae,691,Rong Kwang,2016,0.279695619,50897
32,NO,Phrae,691,Rong Kwang,2017,0.342649853,50216
32,NO,Phrae,691,Rong Kwang,2018,0.345780928,48654
32,NO,Phrae,691,Rong Kwang,2019,0.418565525,48784
32,NO,Phrae,691,Rong Kwang,2020,0.485688287,48901
32,NO,Phrae,691,Rong Kwang,2021,0.49505903,49258
40,SO,Narathiwat,692,Ruso,2014,0.312769428,64250
40,SO,Narathiwat,692,Ruso,2015,0.320389571,64465
40,SO,Narathiwat,692,Ruso,2016,0.367599344,64680
40,SO,Narathiwat,692,Ruso,2017,0.398398943,64879
40,SO,Narathiwat,692,Ruso,2018,0.404774309,65322
40,SO,Narathiwat,692,Ruso,2019,0.388976571,65498
40,SO,Narathiwat,692,Ruso,2020,0.448733315,65664
40,SO,Narathiwat,692,Ruso,2021,0.564316841,66376
43,SO,Songkhla,694,Saba Yoi,2014,0.131849829,68628
43,SO,Songkhla,694,Saba Yoi,2015,0.232571258,69152
43,SO,Songkhla,694,Saba Yoi,2016,0.264910682,69383
43,SO,Songkhla,694,Saba Yoi,2017,0.305185051,69159
43,SO,Songkhla,694,Saba Yoi,2018,0.313839057,70527
43,SO,Songkhla,694,Saba Yoi,2019,0.295463662,70724
43,SO,Songkhla,694,Saba Yoi,2020,0.374431431,70806
43,SO,Songkhla,694,Saba Yoi,2021,0.40186134,71324
43,SO,Songkhla,695,Sadao,2014,0.57493149,110362
43,SO,Songkhla,695,Sadao,2015,0.593661746,110905
43,SO,Songkhla,695,Sadao,2016,0.654618679,111269
43,SO,Songkhla,695,Sadao,2017,0.766189183,111784
43,SO,Songkhla,695,Sadao,2018,0.821971743,113971
43,SO,Songkhla,695,Sadao,2019,0.797685166,114284
43,SO,Songkhla,695,Sadao,2020,0.91817726,114522
43,SO,Songkhla,695,Sadao,2021,1.000437565,115320
20,NE,Kalasin,696,Sahatsakhan,2014,0.269122335,34249
20,NE,Kalasin,696,Sahatsakhan,2015,0.321159301,34402
20,NE,Kalasin,696,Sahatsakhan,2016,0.385011622,34522
20,NE,Kalasin,696,Sahatsakhan,2017,0.520625479,34643
20,NE,Kalasin,696,Sahatsakhan,2018,0.501278708,33508
20,NE,Kalasin,696,Sahatsakhan,2019,0.489783402,33602
20,NE,Kalasin,696,Sahatsakhan,2020,0.535239746,33684
20,NE,Kalasin,696,Sahatsakhan,2021,0.619331636,33932
57,SO,Pattani,697,Sai Buri,2014,0.708917563,59314
57,SO,Pattani,697,Sai Buri,2015,0.899528704,59515
57,SO,Pattani,697,Sai Buri,2016,0.945097416,59719
57,SO,Pattani,697,Sai Buri,2017,1.063287305,59899
57,SO,Pattani,697,Sai Buri,2018,1.166620837,60766
57,SO,Pattani,697,Sai Buri,2019,1.088120352,60936
57,SO,Pattani,697,Sai Buri,2020,1.295167829,61096
57,SO,Pattani,697,Sai Buri,2021,1.434551651,60380
14,BKK&VIC,Bangkok,698,Sai Mai,2014,19.07156694,84175
14,BKK&VIC,Bangkok,698,Sai Mai,2015,20.72800816,84806
14,BKK&VIC,Bangkok,698,Sai Mai,2016,23.22769253,85137
14,BKK&VIC,Bangkok,698,Sai Mai,2017,24.93849967,85797
14,BKK&VIC,Bangkok,698,Sai Mai,2018,25.69903931,89640
14,BKK&VIC,Bangkok,698,Sai Mai,2019,27.1128392,90208
14,BKK&VIC,Bangkok,698,Sai Mai,2020,26.89903408,90612
14,BKK&VIC,Bangkok,698,Sai Mai,2021,28.56430227,91273
36,NO,Kam Phaeng Phet,700,Sai Ngam,2014,0.091747048,55365
36,NO,Kam Phaeng Phet,700,Sai Ngam,2015,0.152314831,55381
36,NO,Kam Phaeng Phet,700,Sai Ngam,2016,0.119763487,55505
36,NO,Kam Phaeng Phet,700,Sai Ngam,2017,0.201462529,55593
36,NO,Kam Phaeng Phet,700,Sai Ngam,2018,0.228835445,52304
36,NO,Kam Phaeng Phet,700,Sai Ngam,2019,0.237658396,52450
36,NO,Kam Phaeng Phet,700,Sai Ngam,2020,0.267646172,52581
36,NO,Kam Phaeng Phet,700,Sai Ngam,2021,0.5650576,53129
38,BKK&VIC,Nonthaburi,701,Sai Noi,2014,2.922090249,64682
38,BKK&VIC,Nonthaburi,701,Sai Noi,2015,3.254413368,64904
38,BKK&VIC,Nonthaburi,701,Sai Noi,2016,3.37573742,65118
38,BKK&VIC,Nonthaburi,701,Sai Noi,2017,3.73037685,65343
38,BKK&VIC,Nonthaburi,701,Sai Noi,2018,3.968015564,76219
38,BKK&VIC,Nonthaburi,701,Sai Noi,2019,4.10717808,76427
38,BKK&VIC,Nonthaburi,701,Sai Noi,2020,4.377746953,76620
38,BKK&VIC,Nonthaburi,701,Sai Noi,2021,4.652787734,77177
36,NO,Kam Phaeng Phet,702,Sai Thong Watthana,2014,0.154383679,29309
36,NO,Kam Phaeng Phet,702,Sai Thong Watthana,2015,0.233625788,29412
36,NO,Kam Phaeng Phet,702,Sai Thong Watthana,2016,0.194268885,29548
36,NO,Kam Phaeng Phet,702,Sai Thong Watthana,2017,0.250487417,29643
36,NO,Kam Phaeng Phet,702,Sai Thong Watthana,2018,0.276287872,27971
36,NO,Kam Phaeng Phet,702,Sai Thong Watthana,2019,0.264708131,28043
36,NO,Kam Phaeng Phet,702,Sai Thong Watthana,2020,0.349712699,28107
36,NO,Kam Phaeng Phet,702,Sai Thong Watthana,2021,0.50278502,28276
73,WE,Kanchanaburi,703,Sai Yok,2014,0.042130506,20459
73,WE,Kanchanaburi,703,Sai Yok,2015,0.060679087,20533
73,WE,Kanchanaburi,703,Sai Yok,2016,0.069417344,20605
73,WE,Kanchanaburi,703,Sai Yok,2017,0.085141303,20668
73,WE,Kanchanaburi,703,Sai Yok,2018,0.093580022,20249
73,WE,Kanchanaburi,703,Sai Yok,2019,0.090171022,20342
73,WE,Kanchanaburi,703,Sai Yok,2020,0.10157064,20404
73,WE,Kanchanaburi,703,Sai Yok,2021,0.121274463,20557
48,WE,Suphan Buri,707,Sam Chuk,2014,0.681360269,56022
48,WE,Suphan Buri,707,Sam Chuk,2015,0.816646847,56218
48,WE,Suphan Buri,707,Sam Chuk,2016,0.885081199,56400
48,WE,Suphan Buri,707,Sam Chuk,2017,1.127425044,56576
48,WE,Suphan Buri,707,Sam Chuk,2018,1.123453615,55916
48,WE,Suphan Buri,707,Sam Chuk,2019,1.104415826,56072
48,WE,Suphan Buri,707,Sam Chuk,2020,1.19119069,56206
48,WE,Suphan Buri,707,Sam Chuk,2021,1.47433583,56617
58,BKK&VIC,Pathum Thani,708,Sam Khok,2014,7.347189228,87827
58,BKK&VIC,Pathum Thani,708,Sam Khok,2015,8.159316035,88695
58,BKK&VIC,Pathum Thani,708,Sam Khok,2016,7.847216603,88991
58,BKK&VIC,Pathum Thani,708,Sam Khok,2017,7.822636397,89253
58,BKK&VIC,Pathum Thani,708,Sam Khok,2018,7.76810161,98883
58,BKK&VIC,Pathum Thani,708,Sam Khok,2019,7.833249505,99157
58,BKK&VIC,Pathum Thani,708,Sam Khok,2020,7.783518779,99687
58,BKK&VIC,Pathum Thani,708,Sam Khok,2021,8.229310598,100412
54,NO,Phichit,709,Sam Ngam,2014,0.236638476,40251
54,NO,Phichit,709,Sam Ngam,2015,0.309238497,40825
54,NO,Phichit,709,Sam Ngam,2016,0.33013528,41619
54,NO,Phichit,709,Sam Ngam,2017,0.415433962,42361
54,NO,Phichit,709,Sam Ngam,2018,0.441028399,41287
54,NO,Phichit,709,Sam Ngam,2019,0.445379419,41408
54,NO,Phichit,709,Sam Ngam,2020,0.517575998,41523
54,NO,Phichit,709,Sam Ngam,2021,0.657344248,41787
26,NO,Tak,710,Sam Ngao,2014,0.037497021,38179
26,NO,Tak,710,Sam Ngao,2015,0.045445965,38393
26,NO,Tak,710,Sam Ngao,2016,0.041876534,38518
26,NO,Tak,710,Sam Ngao,2017,0.068591659,38624
26,NO,Tak,710,Sam Ngao,2018,0.071786618,36107
26,NO,Tak,710,Sam Ngao,2019,0.079441354,36212
26,NO,Tak,710,Sam Ngao,2020,0.083656907,36267
26,NO,Tak,710,Sam Ngao,2021,0.084703986,36528
27,BKK&VIC,Nakhon Pathom,711,Sam Phran,2014,6.618836646,204049
27,BKK&VIC,Nakhon Pathom,711,Sam Phran,2015,7.073339526,204761
27,BKK&VIC,Nakhon Pathom,711,Sam Phran,2016,7.538135275,205435
27,BKK&VIC,Nakhon Pathom,711,Sam Phran,2017,8.246427277,206080
27,BKK&VIC,Nakhon Pathom,711,Sam Phran,2018,8.217139308,235214
27,BKK&VIC,Nakhon Pathom,711,Sam Phran,2019,8.722568174,235854
27,BKK&VIC,Nakhon Pathom,711,Sam Phran,2020,8.895414442,236442
27,BKK&VIC,Nakhon Pathom,711,Sam Phran,2021,9.385742712,238170
45,CE,Ang Thong,714,Samko,2014,0.737602913,16671
45,CE,Ang Thong,714,Samko,2015,0.819282078,16729
45,CE,Ang Thong,714,Samko,2016,0.859088651,16784
45,CE,Ang Thong,714,Samko,2017,0.990930248,16834
45,CE,Ang Thong,714,Samko,2018,1.068502675,16729
45,CE,Ang Thong,714,Samko,2019,1.290034282,16775
45,CE,Ang Thong,714,Samko,2020,1.498637677,16724
45,CE,Ang Thong,714,Samko,2021,1.826604504,16847
65,NO,Chiang Mai,715,Samoeng,2014,0.024741996,24578
65,NO,Chiang Mai,715,Samoeng,2015,0.027796705,24218
65,NO,Chiang Mai,715,Samoeng,2016,0.024244875,24312
65,NO,Chiang Mai,715,Samoeng,2017,0.039486847,24214
65,NO,Chiang Mai,715,Samoeng,2018,0.044002213,23072
65,NO,Chiang Mai,715,Samoeng,2019,0.060029044,23124
65,NO,Chiang Mai,715,Samoeng,2020,0.082705523,23176
65,NO,Chiang Mai,715,Samoeng,2021,0.067525486,23346
14,BKK&VIC,Bangkok,716,Samphantawong,2014,64.29400888,33062
14,BKK&VIC,Bangkok,716,Samphantawong,2015,62.09527687,33176
14,BKK&VIC,Bangkok,716,Samphantawong,2016,64.44191076,33286
14,BKK&VIC,Bangkok,716,Samphantawong,2017,67.70653592,33390
14,BKK&VIC,Bangkok,716,Samphantawong,2018,67.28077079,34648
14,BKK&VIC,Bangkok,716,Samphantawong,2019,74.38613588,34743
14,BKK&VIC,Bangkok,716,Samphantawong,2020,73.66248635,34831
14,BKK&VIC,Bangkok,716,Samphantawong,2021,83.29867216,35085
41,NE,Ubon Ratchathani,717,Samrong,2014,0.051888719,51855
41,NE,Ubon Ratchathani,717,Samrong,2015,0.095616475,52028
41,NE,Ubon Ratchathani,717,Samrong,2016,0.082353656,52195
41,NE,Ubon Ratchathani,717,Samrong,2017,0.160603099,52352
41,NE,Ubon Ratchathani,717,Samrong,2018,0.158207299,49360
41,NE,Ubon Ratchathani,717,Samrong,2019,0.213475596,49496
41,NE,Ubon Ratchathani,717,Samrong,2020,0.287187961,49619
41,NE,Ubon Ratchathani,717,Samrong,2021,0.414372418,49985
5,NE,Surin,718,Samrong Thap,2014,0.113047591,45776
5,NE,Surin,718,Samrong Thap,2015,0.148065095,45932
5,NE,Surin,718,Samrong Thap,2016,0.16141428,46081
5,NE,Surin,718,Samrong Thap,2017,0.22951783,46225
5,NE,Surin,718,Samrong Thap,2018,0.232393129,44257
5,NE,Surin,718,Samrong Thap,2019,0.226183833,44376
5,NE,Surin,718,Samrong Thap,2020,0.284245127,44487
5,NE,Surin,718,Samrong Thap,2021,0.331571905,44808
65,NO,Chiang Mai,719,San Kamphaeng,2014,1.905362753,105628
65,NO,Chiang Mai,719,San Kamphaeng,2015,2.160056498,106223
65,NO,Chiang Mai,719,San Kamphaeng,2016,2.021832355,106203
65,NO,Chiang Mai,719,San Kamphaeng,2017,2.31652283,107262
65,NO,Chiang Mai,719,San Kamphaeng,2018,2.4212732,102204
65,NO,Chiang Mai,719,San Kamphaeng,2019,2.522379344,101568
65,NO,Chiang Mai,719,San Kamphaeng,2020,2.664107364,101468
65,NO,Chiang Mai,719,San Kamphaeng,2021,2.999053249,102186
65,NO,Chiang Mai,720,San Pa Tong,2014,1.510791219,86199
65,NO,Chiang Mai,720,San Pa Tong,2015,1.731115599,86155
65,NO,Chiang Mai,720,San Pa Tong,2016,1.745835879,86526
65,NO,Chiang Mai,720,San Pa Tong,2017,2.280536244,86841
65,NO,Chiang Mai,720,San Pa Tong,2018,2.477057938,82922
65,NO,Chiang Mai,720,San Pa Tong,2019,2.558724374,83145
65,NO,Chiang Mai,720,San Pa Tong,2020,2.640440008,83339
65,NO,Chiang Mai,720,San Pa Tong,2021,2.750284696,83948
65,NO,Chiang Mai,721,San Sai,2014,2.437246,100360
65,NO,Chiang Mai,721,San Sai,2015,2.704578508,100170
65,NO,Chiang Mai,721,San Sai,2016,2.646261704,100442
65,NO,Chiang Mai,721,San Sai,2017,2.919505132,100702
65,NO,Chiang Mai,721,San Sai,2018,2.937658121,95883
65,NO,Chiang Mai,721,San Sai,2019,3.040543182,96293
65,NO,Chiang Mai,721,San Sai,2020,3.215286473,96503
65,NO,Chiang Mai,721,San Sai,2021,3.308309318,97210
4,EA,Chachoengsao,722,Sanam Chaikhet,2014,0.105741399,70667
4,EA,Chachoengsao,722,Sanam Chaikhet,2015,0.142970111,70923
4,EA,Chachoengsao,722,Sanam Chaikhet,2016,0.178400133,71097
4,EA,Chachoengsao,722,Sanam Chaikhet,2017,0.259177119,71192
4,EA,Chachoengsao,722,Sanam Chaikhet,2018,0.279652095,78743
4,EA,Chachoengsao,722,Sanam Chaikhet,2019,0.304488544,79026
4,EA,Chachoengsao,722,Sanam Chaikhet,2020,0.330790196,79276
4,EA,Chachoengsao,722,Sanam Chaikhet,2021,0.447371859,79865
13,NE,Nong Khai,723,Sang Khom,2014,0.094612414,23401
13,NE,Nong Khai,723,Sang Khom,2015,0.125321746,23466
13,NE,Nong Khai,723,Sang Khom,2016,0.120833903,23582
13,NE,Nong Khai,723,Sang Khom,2017,0.182114354,23719
13,NE,Nong Khai,723,Sang Khom,2018,0.208656459,22253
13,NE,Nong Khai,723,Sang Khom,2019,0.188949226,22314
13,NE,Nong Khai,723,Sang Khom,2020,0.216198236,22369
13,NE,Nong Khai,723,Sang Khom,2021,0.258094269,22533
23,NE,Udon Thani,723,Sang Khom,2014,0.09573645,23401
23,NE,Udon Thani,723,Sang Khom,2015,0.121365495,23466
23,NE,Udon Thani,723,Sang Khom,2016,0.118947054,23582
23,NE,Udon Thani,723,Sang Khom,2017,0.188641216,23719
23,NE,Udon Thani,723,Sang Khom,2018,0.190486963,22253
23,NE,Udon Thani,723,Sang Khom,2019,0.174660968,22314
23,NE,Udon Thani,723,Sang Khom,2020,0.225329164,22369
23,NE,Udon Thani,723,Sang Khom,2021,0.248554497,22533
5,NE,Surin,724,Sangkha,2014,0.129242348,114866
5,NE,Surin,724,Sangkha,2015,0.13146921,115210
5,NE,Surin,724,Sangkha,2016,0.124581194,115595
5,NE,Surin,724,Sangkha,2017,0.195347819,116251
5,NE,Surin,724,Sangkha,2018,0.329581215,111163
5,NE,Surin,724,Sangkha,2019,0.395060688,111472
5,NE,Surin,724,Sangkha,2020,0.401224768,111736
5,NE,Surin,724,Sangkha,2021,0.45501829,112579
73,WE,Kanchanaburi,725,Sangkhla Buri,2014,0.028525423,33895
73,WE,Kanchanaburi,725,Sangkhla Buri,2015,0.037300276,34046
73,WE,Kanchanaburi,725,Sangkhla Buri,2016,0.034253086,34069
73,WE,Kanchanaburi,725,Sangkhla Buri,2017,0.035658071,35048
73,WE,Kanchanaburi,725,Sangkhla Buri,2018,0.044997902,33607
73,WE,Kanchanaburi,725,Sangkhla Buri,2019,0.037617522,33713
73,WE,Kanchanaburi,725,Sangkhla Buri,2020,0.04477829,33795
73,WE,Kanchanaburi,725,Sangkhla Buri,2021,0.044610904,34122
66,CE,Chai Nat,727,Sankha Buri,2014,0.488090165,62480
66,CE,Chai Nat,727,Sankha Buri,2015,0.602850342,62698
66,CE,Chai Nat,727,Sankha Buri,2016,0.691388581,62907
66,CE,Chai Nat,727,Sankha Buri,2017,0.840416531,63090
66,CE,Chai Nat,727,Sankha Buri,2018,0.881241485,63368
66,CE,Chai Nat,727,Sankha Buri,2019,0.931339822,63538
66,CE,Chai Nat,727,Sankha Buri,2020,1.083189077,63716
66,CE,Chai Nat,727,Sankha Buri,2021,1.359091248,64181
5,NE,Surin,728,Sanom,2014,0.181439118,38430
5,NE,Surin,728,Sanom,2015,0.199692475,38564
5,NE,Surin,728,Sanom,2016,0.231061282,38694
5,NE,Surin,728,Sanom,2017,0.330926075,38810
5,NE,Surin,728,Sanom,2018,0.312318634,37133
5,NE,Surin,728,Sanom,2019,0.299603274,37235
5,NE,Surin,728,Sanom,2020,0.317841947,37329
5,NE,Surin,728,Sanom,2021,0.361158086,37601
66,CE,Chai Nat,733,Sapphaya,2014,0.712921563,46385
66,CE,Chai Nat,733,Sapphaya,2015,0.916824963,46549
66,CE,Chai Nat,733,Sapphaya,2016,1.014318521,46697
66,CE,Chai Nat,733,Sapphaya,2017,1.212823468,46840
66,CE,Chai Nat,733,Sapphaya,2018,1.257598331,47017
66,CE,Chai Nat,733,Sapphaya,2019,1.334724591,47143
66,CE,Chai Nat,733,Sapphaya,2020,1.35415608,46555
66,CE,Chai Nat,733,Sapphaya,2021,1.569552169,46897
70,NO,Nan,729,Santi Suk,2014,0.039674844,13809
70,NO,Nan,729,Santi Suk,2015,0.044984103,14064
70,NO,Nan,729,Santi Suk,2016,0.045712563,14110
70,NO,Nan,729,Santi Suk,2017,0.080850418,14177
70,NO,Nan,729,Santi Suk,2018,0.080582218,13460
70,NO,Nan,729,Santi Suk,2019,0.076702163,13499
70,NO,Nan,729,Santi Suk,2020,0.093173215,13532
70,NO,Nan,729,Santi Suk,2021,0.105071416,13631
17,CE,Saraburi,730,Sao Hai,2014,2.220121298,31522
17,CE,Saraburi,730,Sao Hai,2015,2.402887253,31466
17,CE,Saraburi,730,Sao Hai,2016,2.48362387,31569
17,CE,Saraburi,730,Sao Hai,2017,2.74545956,31659
17,CE,Saraburi,730,Sao Hai,2018,2.677950832,30441
17,CE,Saraburi,730,Sao Hai,2019,2.764897401,30527
17,CE,Saraburi,730,Sao Hai,2020,3.0191612,30615
17,CE,Saraburi,730,Sao Hai,2021,3.493341894,30839
14,BKK&VIC,Bangkok,732,Saphan Sung,2014,23.59935611,49535
14,BKK&VIC,Bangkok,732,Saphan Sung,2015,23.52076131,49554
14,BKK&VIC,Bangkok,732,Saphan Sung,2016,24.26436555,49687
14,BKK&VIC,Bangkok,732,Saphan Sung,2017,27.01500488,49819
14,BKK&VIC,Bangkok,732,Saphan Sung,2018,34.21543011,53449
14,BKK&VIC,Bangkok,732,Saphan Sung,2019,34.8861412,52999
14,BKK&VIC,Bangkok,732,Saphan Sung,2020,34.15256925,52940
14,BKK&VIC,Bangkok,732,Saphan Sung,2021,33.47061897,53323
65,NO,Chiang Mai,734,Saraphi,2014,4.260941065,81343
65,NO,Chiang Mai,734,Saraphi,2015,4.592954993,81933
65,NO,Chiang Mai,734,Saraphi,2016,4.712367676,82467
65,NO,Chiang Mai,734,Saraphi,2017,5.72081877,83590
65,NO,Chiang Mai,734,Saraphi,2018,6.156556474,79607
65,NO,Chiang Mai,734,Saraphi,2019,6.719602585,80586
65,NO,Chiang Mai,734,Saraphi,2020,7.25074884,81134
65,NO,Chiang Mai,734,Saraphi,2021,7.343290258,81722
43,SO,Songkhla,735,Sathing Phra,2014,1.017190735,56542
43,SO,Songkhla,735,Sathing Phra,2015,1.020076158,56741
43,SO,Songkhla,735,Sathing Phra,2016,1.064028079,56929
43,SO,Songkhla,735,Sathing Phra,2017,1.195999251,57101
43,SO,Songkhla,735,Sathing Phra,2018,1.244304806,58241
43,SO,Songkhla,735,Sathing Phra,2019,1.356068834,58363
43,SO,Songkhla,735,Sathing Phra,2020,1.516598666,58505
43,SO,Songkhla,735,Sathing Phra,2021,1.450090748,58425
14,BKK&VIC,Bangkok,736,Sathorn,2014,40.64759663,152261
14,BKK&VIC,Bangkok,736,Sathorn,2015,43.746648,152790
14,BKK&VIC,Bangkok,736,Sathorn,2016,45.33595911,153296
14,BKK&VIC,Bangkok,736,Sathorn,2017,44.51382026,153775
14,BKK&VIC,Bangkok,736,Sathorn,2018,47.17295768,159036
14,BKK&VIC,Bangkok,736,Sathorn,2019,49.86797719,159472
14,BKK&VIC,Bangkok,736,Sathorn,2020,46.07348706,159874
14,BKK&VIC,Bangkok,736,Sathorn,2021,43.8709584,161042
64,EA,Chon Buri,737,Sattahip,2014,4.184855866,158569
64,EA,Chon Buri,737,Sattahip,2015,4.270819378,159134
64,EA,Chon Buri,737,Sattahip,2016,4.484180167,159677
64,EA,Chon Buri,737,Sattahip,2017,4.818658875,160736
64,EA,Chon Buri,737,Sattahip,2018,4.978283953,170705
64,EA,Chon Buri,737,Sattahip,2019,5.370525489,171257
64,EA,Chon Buri,737,Sattahip,2020,5.631609688,171784
64,EA,Chon Buri,737,Sattahip,2021,6.900254205,173033
35,NE,Buri Ram,738,Satuk,2014,0.226920776,93919
35,NE,Buri Ram,738,Satuk,2015,0.268186754,94412
35,NE,Buri Ram,738,Satuk,2016,0.265342243,94715
35,NE,Buri Ram,738,Satuk,2017,0.367535133,94927
35,NE,Buri Ram,738,Satuk,2018,0.421250218,89793
35,NE,Buri Ram,738,Satuk,2019,0.470604869,90043
35,NE,Buri Ram,738,Satuk,2020,0.598047971,90246
35,NE,Buri Ram,738,Satuk,2021,0.879915849,90912
45,CE,Ang Thong,739,Sawaengha,2014,0.669841183,35807
45,CE,Ang Thong,739,Sawaengha,2015,0.807409386,35933
45,CE,Ang Thong,739,Sawaengha,2016,0.866133916,36053
45,CE,Ang Thong,739,Sawaengha,2017,1.286885961,36163
45,CE,Ang Thong,739,Sawaengha,2018,1.410701807,35955
45,CE,Ang Thong,739,Sawaengha,2019,1.414187271,36055
45,CE,Ang Thong,739,Sawaengha,2020,1.643965726,36135
45,CE,Ang Thong,739,Sawaengha,2021,1.937955536,36400
18,NO,Uthai Thani,740,Sawang Arom,2014,0.405462221,31425
18,NO,Uthai Thani,740,Sawang Arom,2015,0.419482146,31519
18,NO,Uthai Thani,740,Sawang Arom,2016,0.363275802,31580
18,NO,Uthai Thani,740,Sawang Arom,2017,0.419628816,31632
18,NO,Uthai Thani,740,Sawang Arom,2018,0.434747868,30555
18,NO,Uthai Thani,740,Sawang Arom,2019,0.486169543,30635
18,NO,Uthai Thani,740,Sawang Arom,2020,0.497960913,30711
18,NO,Uthai Thani,740,Sawang Arom,2021,0.729564035,30939
24,NE,Sakon Nakhon,741,Sawang Daen Din,2014,0.203538309,128967
24,NE,Sakon Nakhon,741,Sawang Daen Din,2015,0.233527581,129374
24,NE,Sakon Nakhon,741,Sawang Daen Din,2016,0.228935811,129873
24,NE,Sakon Nakhon,741,Sawang Daen Din,2017,0.336713429,130411
24,NE,Sakon Nakhon,741,Sawang Daen Din,2018,0.352495365,122367
24,NE,Sakon Nakhon,741,Sawang Daen Din,2019,0.335069492,122700
24,NE,Sakon Nakhon,741,Sawang Daen Din,2020,0.424223324,123009
24,NE,Sakon Nakhon,741,Sawang Daen Din,2021,0.624562786,123908
7,NO,Sukhothai,743,Sawankhalok,2014,0.312367688,98339
7,NO,Sukhothai,743,Sawankhalok,2015,0.399139742,98480
7,NO,Sukhothai,743,Sawankhalok,2016,0.427690883,98790
7,NO,Sukhothai,743,Sawankhalok,2017,0.53937425,98226
7,NO,Sukhothai,743,Sawankhalok,2018,0.535789407,93910
7,NO,Sukhothai,743,Sawankhalok,2019,0.549880809,94177
7,NO,Sukhothai,743,Sawankhalok,2020,0.607636668,94409
7,NO,Sukhothai,743,Sawankhalok,2021,0.753471238,95102
19,SO,Chumphon,744,Sawi,2014,0.137105823,68432
19,SO,Chumphon,744,Sawi,2015,0.159936404,68673
19,SO,Chumphon,744,Sawi,2016,0.172372495,68898
19,SO,Chumphon,744,Sawi,2017,0.250709896,68979
19,SO,Chumphon,744,Sawi,2018,0.284752998,70934
19,SO,Chumphon,744,Sawi,2019,0.273988436,71116
19,SO,Chumphon,744,Sawi,2020,0.285262449,71286
19,SO,Chumphon,744,Sawi,2021,0.310437602,74337
39,NE,Bueng Kan,745,Seka,2014,0.122187651,76527
39,NE,Bueng Kan,745,Seka,2015,0.142272017,76514
39,NE,Bueng Kan,745,Seka,2016,0.167395909,76764
39,NE,Bueng Kan,745,Seka,2017,0.280006164,76988
39,NE,Bueng Kan,745,Seka,2018,0.282193813,72745
39,NE,Bueng Kan,745,Seka,2019,0.281797457,72926
39,NE,Bueng Kan,745,Seka,2020,0.339052427,73102
39,NE,Bueng Kan,745,Seka,2021,0.393760636,73640
0,NE,Roi Et,746,Selaphum,2014,0.232941936,105067
0,NE,Roi Et,746,Selaphum,2015,0.285907139,105429
0,NE,Roi Et,746,Selaphum,2016,0.278341534,105756
0,NE,Roi Et,746,Selaphum,2017,0.416789966,106035
0,NE,Roi Et,746,Selaphum,2018,0.456286135,101136
0,NE,Roi Et,746,Selaphum,2019,0.429967131,101414
0,NE,Roi Et,746,Selaphum,2020,0.558559816,101665
0,NE,Roi Et,746,Selaphum,2021,0.70572892,102402
53,CE,Phra Nakhon Sri Ayuthaya,747,Sena,2014,1.305994596,75577
53,CE,Phra Nakhon Sri Ayuthaya,747,Sena,2015,1.337060162,75821
53,CE,Phra Nakhon Sri Ayuthaya,747,Sena,2016,1.429852159,76072
53,CE,Phra Nakhon Sri Ayuthaya,747,Sena,2017,1.625874208,76315
53,CE,Phra Nakhon Sri Ayuthaya,747,Sena,2018,1.654772216,73769
53,CE,Phra Nakhon Sri Ayuthaya,747,Sena,2019,1.676168869,73972
53,CE,Phra Nakhon Sri Ayuthaya,747,Sena,2020,1.80530972,74145
53,CE,Phra Nakhon Sri Ayuthaya,747,Sena,2021,2.052243828,74683
67,NE,Amnat Chareon,748,Senangkhanikhom,2014,0.166113194,32121
67,NE,Amnat Chareon,748,Senangkhanikhom,2015,0.185661902,32233
67,NE,Amnat Chareon,748,Senangkhanikhom,2016,0.177619403,32340
67,NE,Amnat Chareon,748,Senangkhanikhom,2017,0.294177037,32439
67,NE,Amnat Chareon,748,Senangkhanikhom,2018,0.360759237,30778
67,NE,Amnat Chareon,748,Senangkhanikhom,2019,0.366104277,30861
67,NE,Amnat Chareon,748,Senangkhanikhom,2020,0.428399789,30915
67,NE,Amnat Chareon,748,Senangkhanikhom,2021,0.503288209,31145
55,SO,Phatthalung,749,Si Banphot,2014,0.040983866,13333
55,SO,Phatthalung,749,Si Banphot,2015,0.085129457,13377
55,SO,Phatthalung,749,Si Banphot,2016,0.091019757,13422
55,SO,Phatthalung,749,Si Banphot,2017,0.126118101,13468
55,SO,Phatthalung,749,Si Banphot,2018,0.135186683,14060
55,SO,Phatthalung,749,Si Banphot,2019,0.136407749,14138
55,SO,Phatthalung,749,Si Banphot,2020,0.143373223,14174
55,SO,Phatthalung,749,Si Banphot,2021,0.230872991,14282
3,NE,Nongbua Lamphu,750,Si Bun Ruang,2014,0.170956809,104381
3,NE,Nongbua Lamphu,750,Si Bun Ruang,2015,0.20437209,104652
3,NE,Nongbua Lamphu,750,Si Bun Ruang,2016,0.188673504,104992
3,NE,Nongbua Lamphu,750,Si Bun Ruang,2017,0.268750857,105347
3,NE,Nongbua Lamphu,750,Si Bun Ruang,2018,0.284047347,98992
3,NE,Nongbua Lamphu,750,Si Bun Ruang,2019,0.300801513,99279
3,NE,Nongbua Lamphu,750,Si Bun Ruang,2020,0.343544861,99527
3,NE,Nongbua Lamphu,750,Si Bun Ruang,2021,0.388076492,100236
13,NE,Nong Khai,751,Si Chiang Mai,2014,0.997356072,35256
13,NE,Nong Khai,751,Si Chiang Mai,2015,1.058505813,35037
13,NE,Nong Khai,751,Si Chiang Mai,2016,1.190043285,35044
13,NE,Nong Khai,751,Si Chiang Mai,2017,1.438264449,34978
13,NE,Nong Khai,751,Si Chiang Mai,2018,1.514794647,32803
13,NE,Nong Khai,751,Si Chiang Mai,2019,1.448797861,32917
13,NE,Nong Khai,751,Si Chiang Mai,2020,1.326778861,33357
13,NE,Nong Khai,751,Si Chiang Mai,2021,1.345732842,33615
15,NE,Khon Kaen,752,Si Chomphu,2014,0.191503711,80188
15,NE,Khon Kaen,752,Si Chomphu,2015,0.21199845,80611
15,NE,Khon Kaen,752,Si Chomphu,2016,0.19651689,80897
15,NE,Khon Kaen,752,Si Chomphu,2017,0.27778734,81149
15,NE,Khon Kaen,752,Si Chomphu,2018,0.278700291,77987
15,NE,Khon Kaen,752,Si Chomphu,2019,0.271227299,78201
15,NE,Khon Kaen,752,Si Chomphu,2020,0.283900138,78388
15,NE,Khon Kaen,752,Si Chomphu,2021,0.336773547,78954
52,EA,Prachin Buri,754,Si Mahosot,2014,1.04517083,24584
52,EA,Prachin Buri,754,Si Mahosot,2015,1.089323592,24787
52,EA,Prachin Buri,754,Si Mahosot,2016,1.288089589,24863
52,EA,Prachin Buri,754,Si Mahosot,2017,1.430645832,24940
52,EA,Prachin Buri,754,Si Mahosot,2018,1.425193863,27615
52,EA,Prachin Buri,754,Si Mahosot,2019,1.356227874,27681
52,EA,Prachin Buri,754,Si Mahosot,2020,1.358303754,27745
52,EA,Prachin Buri,754,Si Mahosot,2021,1.712434237,27939
41,NE,Ubon Ratchathani,755,Si Muang Mai,2014,0.041930568,66731
41,NE,Ubon Ratchathani,755,Si Muang Mai,2015,0.043643738,66953
41,NE,Ubon Ratchathani,755,Si Muang Mai,2016,0.040568751,67152
41,NE,Ubon Ratchathani,755,Si Muang Mai,2017,0.070480939,67279
41,NE,Ubon Ratchathani,755,Si Muang Mai,2018,0.073443001,63619
41,NE,Ubon Ratchathani,755,Si Muang Mai,2019,0.080433788,63890
41,NE,Ubon Ratchathani,755,Si Muang Mai,2020,0.08926524,63501
41,NE,Ubon Ratchathani,755,Si Muang Mai,2021,0.104042166,64526
7,NO,Sukhothai,756,Si Nakhon,2014,0.156028523,30900
7,NO,Sukhothai,756,Si Nakhon,2015,0.201126106,30671
7,NO,Sukhothai,756,Si Nakhon,2016,0.217681527,30767
7,NO,Sukhothai,756,Si Nakhon,2017,0.292919019,31967
7,NO,Sukhothai,756,Si Nakhon,2018,0.317746701,30834
7,NO,Sukhothai,756,Si Nakhon,2019,0.308494967,30912
7,NO,Sukhothai,756,Si Nakhon,2020,0.368570116,30994
7,NO,Sukhothai,756,Si Nakhon,2021,0.607258054,31221
48,WE,Suphan Buri,758,Si Prachan,2014,0.981231828,72303
48,WE,Suphan Buri,758,Si Prachan,2015,1.193786459,72539
48,WE,Suphan Buri,758,Si Prachan,2016,1.304839647,72782
48,WE,Suphan Buri,758,Si Prachan,2017,1.427000749,73007
48,WE,Suphan Buri,758,Si Prachan,2018,1.492843255,72038
48,WE,Suphan Buri,758,Si Prachan,2019,1.496281295,72232
48,WE,Suphan Buri,758,Si Prachan,2020,1.670303389,72389
48,WE,Suphan Buri,758,Si Prachan,2021,2.05760458,72915
64,EA,Chon Buri,759,Si Racha,2014,11.67655403,249584
64,EA,Chon Buri,759,Si Racha,2015,12.07835294,250491
64,EA,Chon Buri,759,Si Racha,2016,13.07441865,251314
64,EA,Chon Buri,759,Si Racha,2017,14.23080141,252588
64,EA,Chon Buri,759,Si Racha,2018,14.37802298,268641
64,EA,Chon Buri,759,Si Racha,2019,14.70746411,269985
64,EA,Chon Buri,759,Si Racha,2020,14.95101893,270666
64,EA,Chon Buri,759,Si Racha,2021,16.05718548,272645
41,NE,Ubon Ratchathani,777,Si Rin Ton,2014,0.155547032,47642
41,NE,Ubon Ratchathani,777,Si Rin Ton,2015,0.15774684,47845
41,NE,Ubon Ratchathani,777,Si Rin Ton,2016,0.152942997,48140
41,NE,Ubon Ratchathani,777,Si Rin Ton,2017,0.190652259,49394
41,NE,Ubon Ratchathani,777,Si Rin Ton,2018,0.181153237,46893
41,NE,Ubon Ratchathani,777,Si Rin Ton,2019,0.180582168,47086
41,NE,Ubon Ratchathani,777,Si Rin Ton,2020,0.248033375,48468
41,NE,Ubon Ratchathani,777,Si Rin Ton,2021,0.378180347,48903
40,SO,Narathiwat,761,Si Sakhon,2014,0.133481328,27719
40,SO,Narathiwat,761,Si Sakhon,2015,0.116778603,27809
40,SO,Narathiwat,761,Si Sakhon,2016,0.118549096,27898
40,SO,Narathiwat,761,Si Sakhon,2017,0.174050218,27984
40,SO,Narathiwat,761,Si Sakhon,2018,0.205865667,28174
40,SO,Narathiwat,761,Si Sakhon,2019,0.174846533,28254
40,SO,Narathiwat,761,Si Sakhon,2020,0.199489598,28316
40,SO,Narathiwat,761,Si Sakhon,2021,0.283017722,28678
7,NO,Sukhothai,762,Si Sam Rong,2014,0.238768982,73965
7,NO,Sukhothai,762,Si Sam Rong,2015,0.299578614,74150
7,NO,Sukhothai,762,Si Sam Rong,2016,0.286921363,74428
7,NO,Sukhothai,762,Si Sam Rong,2017,0.389986382,74648
7,NO,Sukhothai,762,Si Sam Rong,2018,0.435149491,71465
7,NO,Sukhothai,762,Si Sam Rong,2019,0.506634536,71653
7,NO,Sukhothai,762,Si Sam Rong,2020,0.563057143,71837
7,NO,Sukhothai,762,Si Sam Rong,2021,0.620425515,72359
7,NO,Sukhothai,763,Si Satchanalai,2014,0.088844028,98675
7,NO,Sukhothai,763,Si Satchanalai,2015,0.108406724,99114
7,NO,Sukhothai,763,Si Satchanalai,2016,0.099055804,99491
7,NO,Sukhothai,763,Si Satchanalai,2017,0.134901713,100079
7,NO,Sukhothai,763,Si Satchanalai,2018,0.128880627,95854
7,NO,Sukhothai,763,Si Satchanalai,2019,0.142887702,96119
7,NO,Sukhothai,763,Si Satchanalai,2020,0.151547034,96359
7,NO,Sukhothai,763,Si Satchanalai,2021,0.207331176,97061
73,WE,Kanchanaburi,764,Si Sawat,2014,0.021248009,44802
73,WE,Kanchanaburi,764,Si Sawat,2015,0.024024258,44952
73,WE,Kanchanaburi,764,Si Sawat,2016,0.02141316,45147
73,WE,Kanchanaburi,764,Si Sawat,2017,0.026560336,45344
73,WE,Kanchanaburi,764,Si Sawat,2018,0.029972692,43693
73,WE,Kanchanaburi,764,Si Sawat,2019,0.029614306,43814
73,WE,Kanchanaburi,764,Si Sawat,2020,0.031890301,43926
73,WE,Kanchanaburi,764,Si Sawat,2021,0.038103514,44246
0,NE,Roi Et,765,Si Somdet,2014,0.208912215,29214
0,NE,Roi Et,765,Si Somdet,2015,0.245052253,29318
0,NE,Roi Et,765,Si Somdet,2016,0.289865486,29355
0,NE,Roi Et,765,Si Somdet,2017,0.517326522,29385
0,NE,Roi Et,765,Si Somdet,2018,0.588792979,27976
0,NE,Roi Et,765,Si Somdet,2019,0.574074537,27943
0,NE,Roi Et,765,Si Somdet,2020,0.698646461,27917
0,NE,Roi Et,765,Si Somdet,2021,0.944682433,28120
72,NE,Nakhon Phanom,766,Si Songkhram,2014,0.142258991,55901
72,NE,Nakhon Phanom,766,Si Songkhram,2015,0.168088955,56118
72,NE,Nakhon Phanom,766,Si Songkhram,2016,0.158959522,56332
72,NE,Nakhon Phanom,766,Si Songkhram,2017,0.280413323,56517
72,NE,Nakhon Phanom,766,Si Songkhram,2018,0.270303788,52988
72,NE,Nakhon Phanom,766,Si Songkhram,2019,0.238664861,53130
72,NE,Nakhon Phanom,766,Si Songkhram,2020,0.305052227,53263
72,NE,Nakhon Phanom,766,Si Songkhram,2021,0.381782828,53663
23,NE,Udon Thani,767,Si That,2014,0.130445082,42728
23,NE,Udon Thani,767,Si That,2015,0.138393901,42923
23,NE,Udon Thani,767,Si That,2016,0.149169485,43062
23,NE,Udon Thani,767,Si That,2017,0.217123472,43187
23,NE,Udon Thani,767,Si That,2018,0.267453755,40510
23,NE,Udon Thani,767,Si That,2019,0.242306398,40627
23,NE,Udon Thani,767,Si That,2020,0.324395658,40731
23,NE,Udon Thani,767,Si That,2021,0.333228907,41035
10,NO,Phetchabun,768,Si Thep,2014,0.261627399,65569
10,NO,Phetchabun,768,Si Thep,2015,0.261293482,65793
10,NO,Phetchabun,768,Si Thep,2016,0.309361714,66014
10,NO,Phetchabun,768,Si Thep,2017,0.408487204,66198
10,NO,Phetchabun,768,Si Thep,2018,0.425608063,62165
10,NO,Phetchabun,768,Si Thep,2019,0.451246123,62377
10,NO,Phetchabun,768,Si Thep,2020,0.491940562,62471
10,NO,Phetchabun,768,Si Thep,2021,0.654962101,62922
39,NE,Bueng Kan,769,Si Wilai,2014,0.116939721,32724
39,NE,Bueng Kan,769,Si Wilai,2015,0.163445954,32798
39,NE,Bueng Kan,769,Si Wilai,2016,0.166502983,32905
39,NE,Bueng Kan,769,Si Wilai,2017,0.242152404,33010
39,NE,Bueng Kan,769,Si Wilai,2018,0.232646633,31184
39,NE,Bueng Kan,769,Si Wilai,2019,0.22796351,31271
39,NE,Bueng Kan,769,Si Wilai,2020,0.241037555,31349
39,NE,Bueng Kan,769,Si Wilai,2021,0.277572405,31583
59,SO,Nakhon Si Thammarat,770,Sichon,2014,0.295005034,78623
59,SO,Nakhon Si Thammarat,770,Sichon,2015,0.285398131,78896
59,SO,Nakhon Si Thammarat,770,Sichon,2016,0.292294965,79159
59,SO,Nakhon Si Thammarat,770,Sichon,2017,0.339593935,79427
59,SO,Nakhon Si Thammarat,770,Sichon,2018,0.363221269,82382
59,SO,Nakhon Si Thammarat,770,Sichon,2019,0.35761635,81993
59,SO,Nakhon Si Thammarat,770,Sichon,2020,0.40850463,82198
59,SO,Nakhon Si Thammarat,770,Sichon,2021,0.508490216,83251
47,SO,Trang,772,Sikao,2014,0.398812157,31469
47,SO,Trang,772,Sikao,2015,0.369390427,31574
47,SO,Trang,772,Sikao,2016,0.37831995,31675
47,SO,Trang,772,Sikao,2017,0.452784238,31773
47,SO,Trang,772,Sikao,2018,0.479822623,32775
47,SO,Trang,772,Sikao,2019,0.494279272,32894
47,SO,Trang,772,Sikao,2020,0.539326745,32976
47,SO,Trang,772,Sikao,2021,0.600965333,33211
6,NE,Nakhon Ratchasima,773,Sikhiu,2014,0.386385008,125517
6,NE,Nakhon Ratchasima,773,Sikhiu,2015,0.453465088,125747
6,NE,Nakhon Ratchasima,773,Sikhiu,2016,0.470601616,126106
6,NE,Nakhon Ratchasima,773,Sikhiu,2017,0.589589462,126466
6,NE,Nakhon Ratchasima,773,Sikhiu,2018,0.631580442,119999
6,NE,Nakhon Ratchasima,773,Sikhiu,2019,0.668607652,120322
6,NE,Nakhon Ratchasima,773,Sikhiu,2020,0.737260895,120630
6,NE,Nakhon Ratchasima,773,Sikhiu,2021,0.873844812,121506
5,NE,Surin,774,Sikhoraphum,2014,0.124230522,116978
5,NE,Surin,774,Sikhoraphum,2015,0.160416254,117383
5,NE,Surin,774,Sikhoraphum,2016,0.200288232,117772
5,NE,Surin,774,Sikhoraphum,2017,0.244663267,118131
5,NE,Surin,774,Sikhoraphum,2018,0.267084195,112911
5,NE,Surin,774,Sikhoraphum,2019,0.268371836,113221
5,NE,Surin,774,Sikhoraphum,2020,0.297345461,113503
5,NE,Surin,774,Sikhoraphum,2021,0.387312984,114333
43,SO,Songkhla,776,Singha Nakhon,2014,3.12804179,100357
43,SO,Songkhla,776,Singha Nakhon,2015,3.272798382,100703
43,SO,Songkhla,776,Singha Nakhon,2016,3.32894801,101037
43,SO,Songkhla,776,Singha Nakhon,2017,3.600179158,101342
43,SO,Songkhla,776,Singha Nakhon,2018,3.455637508,103424
43,SO,Songkhla,776,Singha Nakhon,2019,3.682826926,103643
43,SO,Songkhla,776,Singha Nakhon,2020,3.438134801,103879
43,SO,Songkhla,776,Singha Nakhon,2021,3.587769433,103625
39,NE,Bueng Kan,778,So Phisai,2014,0.072099354,66395
39,NE,Bueng Kan,778,So Phisai,2015,0.07875494,66324
39,NE,Bueng Kan,778,So Phisai,2016,0.086214358,66544
39,NE,Bueng Kan,778,So Phisai,2017,0.182096694,66746
39,NE,Bueng Kan,778,So Phisai,2018,0.205129367,63050
39,NE,Bueng Kan,778,So Phisai,2019,0.210045489,63221
39,NE,Bueng Kan,778,So Phisai,2020,0.274344286,63474
39,NE,Bueng Kan,778,So Phisai,2021,0.32106543,63935
37,NO,Lampang,779,Soem Ngam,2014,0.047983969,32105
37,NO,Lampang,779,Soem Ngam,2015,0.062174198,32211
37,NO,Lampang,779,Soem Ngam,2016,0.049929415,32319
37,NO,Lampang,779,Soem Ngam,2017,0.096326942,32420
37,NO,Lampang,779,Soem Ngam,2018,0.10528547,31246
37,NO,Lampang,779,Soem Ngam,2019,0.105245698,31332
37,NO,Lampang,779,Soem Ngam,2020,0.111273618,31411
37,NO,Lampang,779,Soem Ngam,2021,0.119057641,31642
6,NE,Nakhon Ratchasima,780,Soeng Sang,2014,0.08949686,63841
6,NE,Nakhon Ratchasima,780,Soeng Sang,2015,0.115829618,64203
6,NE,Nakhon Ratchasima,780,Soeng Sang,2016,0.110307253,64420
6,NE,Nakhon Ratchasima,780,Soeng Sang,2017,0.147765182,64629
6,NE,Nakhon Ratchasima,780,Soeng Sang,2018,0.143579839,61402
6,NE,Nakhon Ratchasima,780,Soeng Sang,2019,0.157314841,61576
6,NE,Nakhon Ratchasima,780,Soeng Sang,2020,0.168856057,61729
6,NE,Nakhon Ratchasima,780,Soeng Sang,2021,0.178566209,62192
20,NE,Kalasin,782,Somdet,2014,0.28929232,52043
20,NE,Kalasin,782,Somdet,2015,0.313235562,52402
20,NE,Kalasin,782,Somdet,2016,0.348526106,52566
20,NE,Kalasin,782,Somdet,2017,0.555922738,52716
20,NE,Kalasin,782,Somdet,2018,0.548171812,49758
20,NE,Kalasin,782,Somdet,2019,0.502854092,49892
20,NE,Kalasin,782,Somdet,2020,0.54579016,50018
20,NE,Kalasin,782,Somdet,2021,0.607527918,50381
32,NO,Phrae,783,Song,2014,0.06530051,49940
32,NO,Phrae,783,Song,2015,0.074326484,50214
32,NO,Phrae,783,Song,2016,0.093551251,50403
32,NO,Phrae,783,Song,2017,0.143023331,50831
32,NO,Phrae,783,Song,2018,0.18862904,49242
32,NO,Phrae,783,Song,2019,0.23940885,49381
32,NO,Phrae,783,Song,2020,0.2625149,49505
32,NO,Phrae,783,Song,2021,0.280955034,49869
24,NE,Sakon Nakhon,784,Song Dao,2014,0.058188443,30557
24,NE,Sakon Nakhon,784,Song Dao,2015,0.062156198,30649
24,NE,Sakon Nakhon,784,Song Dao,2016,0.058654851,30701
24,NE,Sakon Nakhon,784,Song Dao,2017,0.141361068,30715
24,NE,Sakon Nakhon,784,Song Dao,2018,0.155112391,28815
24,NE,Sakon Nakhon,784,Song Dao,2019,0.176941859,28899
24,NE,Sakon Nakhon,784,Song Dao,2020,0.219062438,28973
24,NE,Sakon Nakhon,784,Song Dao,2021,0.343093116,29182
70,NO,Nan,785,Song Kwae,2014,0.017003379,10055
70,NO,Nan,785,Song Kwae,2015,0.019056048,10119
70,NO,Nan,785,Song Kwae,2016,0.013315446,10168
70,NO,Nan,785,Song Kwae,2017,0.040703407,10214
70,NO,Nan,785,Song Kwae,2018,0.045507521,9694
70,NO,Nan,785,Song Kwae,2019,0.041028753,9724
70,NO,Nan,785,Song Kwae,2020,0.061136594,9751
70,NO,Nan,785,Song Kwae,2021,0.051600325,9820
48,WE,Suphan Buri,786,Song Phi Nong,2014,0.629979584,131694
48,WE,Suphan Buri,786,Song Phi Nong,2015,0.751959809,132112
48,WE,Suphan Buri,786,Song Phi Nong,2016,0.8112194,132549
48,WE,Suphan Buri,786,Song Phi Nong,2017,1.047217644,132961
48,WE,Suphan Buri,786,Song Phi Nong,2018,1.1182331,131464
48,WE,Suphan Buri,786,Song Phi Nong,2019,1.156363256,131823
48,WE,Suphan Buri,786,Song Phi Nong,2020,1.139364627,132139
48,WE,Suphan Buri,786,Song Phi Nong,2021,1.363177848,133094
55,SO,Phatthalung,452,Muang Songkhla,2014,0.0368254,194245
55,SO,Phatthalung,452,Muang Songkhla,2015,0.047157934,194910
55,SO,Phatthalung,452,Muang Songkhla,2016,0.048602423,195550
55,SO,Phatthalung,452,Muang Songkhla,2017,0.075067804,196258
55,SO,Phatthalung,452,Muang Songkhla,2018,0.093832334,200097
55,SO,Phatthalung,452,Muang Songkhla,2019,0.117904484,200641
55,SO,Phatthalung,452,Muang Songkhla,2020,0.146500269,201153
55,SO,Phatthalung,452,Muang Songkhla,2021,0.194252921,204829
43,SO,Songkhla,452,Muang Songkhla,2014,0.023704185,194245
43,SO,Songkhla,452,Muang Songkhla,2015,0.036536521,194910
43,SO,Songkhla,452,Muang Songkhla,2016,0.040565623,195550
43,SO,Songkhla,452,Muang Songkhla,2017,0.063551432,196258
43,SO,Songkhla,452,Muang Songkhla,2018,0.073100684,200097
43,SO,Songkhla,452,Muang Songkhla,2019,0.067340537,200641
43,SO,Songkhla,452,Muang Songkhla,2020,0.075371735,201153
43,SO,Songkhla,452,Muang Songkhla,2021,0.060670678,204829
74,NO,Mae Hong Son,787,Sop Moei,2014,0.010406527,29366
74,NO,Mae Hong Son,787,Sop Moei,2015,0.010812947,30412
74,NO,Mae Hong Son,787,Sop Moei,2016,0.012166394,30489
74,NO,Mae Hong Son,787,Sop Moei,2017,0.013776166,30646
74,NO,Mae Hong Son,787,Sop Moei,2018,0.018479728,30063
74,NO,Mae Hong Son,787,Sop Moei,2019,0.016946259,30084
74,NO,Mae Hong Son,787,Sop Moei,2020,0.01603465,30106
74,NO,Mae Hong Son,787,Sop Moei,2021,0.018002658,30402
37,NO,Lampang,788,Sop Prap,2014,0.095356207,27450
37,NO,Lampang,788,Sop Prap,2015,0.115393198,27546
37,NO,Lampang,788,Sop Prap,2016,0.111049693,27634
37,NO,Lampang,788,Sop Prap,2017,0.148490821,27713
37,NO,Lampang,788,Sop Prap,2018,0.176154748,26710
37,NO,Lampang,788,Sop Prap,2019,0.198080799,26784
37,NO,Lampang,788,Sop Prap,2020,0.21493087,26851
37,NO,Lampang,788,Sop Prap,2021,0.264145393,27038
71,EA,Chanthaburi,781,Soydow,2014,0.166497429,53086
71,EA,Chanthaburi,781,Soydow,2015,0.198325488,53131
71,EA,Chanthaburi,781,Soydow,2016,0.217695692,53133
71,EA,Chanthaburi,781,Soydow,2017,0.260925384,53339
71,EA,Chanthaburi,781,Soydow,2018,0.272576995,60263
71,EA,Chanthaburi,781,Soydow,2019,0.327544755,60268
71,EA,Chanthaburi,781,Soydow,2020,0.354313625,60505
71,EA,Chanthaburi,781,Soydow,2021,0.381685224,60965
62,CE,Lop Buri,693,Sra Both,2014,0.121649991,23997
62,CE,Lop Buri,693,Sra Both,2015,0.152454176,24081
62,CE,Lop Buri,693,Sra Both,2016,0.175854477,24150
62,CE,Lop Buri,693,Sra Both,2017,0.281478373,24206
62,CE,Lop Buri,693,Sra Both,2018,0.218919016,23509
62,CE,Lop Buri,693,Sra Both,2019,0.234017619,23577
62,CE,Lop Buri,693,Sra Both,2020,0.246690456,23612
62,CE,Lop Buri,693,Sra Both,2021,0.330197203,23788
52,EA,Prachin Buri,753,Sri Mahar Pho,2014,2.586079008,74274
52,EA,Prachin Buri,753,Sri Mahar Pho,2015,2.897614676,74449
52,EA,Prachin Buri,753,Sri Mahar Pho,2016,3.316299249,74703
52,EA,Prachin Buri,753,Sri Mahar Pho,2017,3.573085078,74935
52,EA,Prachin Buri,753,Sri Mahar Pho,2018,3.494291099,83545
52,EA,Prachin Buri,753,Sri Mahar Pho,2019,3.702467659,83823
52,EA,Prachin Buri,753,Sri Mahar Pho,2020,3.662662647,84067
52,EA,Prachin Buri,753,Sri Mahar Pho,2021,4.006863109,84685
12,NE,Si Sa Ket,760,Sri Ratana,2014,0.128999961,38264
12,NE,Si Sa Ket,760,Sri Ratana,2015,0.163292826,38392
12,NE,Si Sa Ket,760,Sri Ratana,2016,0.152958483,38530
12,NE,Si Sa Ket,760,Sri Ratana,2017,0.236498765,38559
12,NE,Si Sa Ket,760,Sri Ratana,2018,0.256519995,36522
12,NE,Si Sa Ket,760,Sri Ratana,2019,0.221360778,36623
12,NE,Si Sa Ket,760,Sri Ratana,2020,0.285071712,36719
12,NE,Si Sa Ket,760,Sri Ratana,2021,0.402646659,36985
14,BKK&VIC,Bangkok,792,Suan Luang,2014,30.80960948,279783
14,BKK&VIC,Bangkok,792,Suan Luang,2015,32.77569626,280023
14,BKK&VIC,Bangkok,792,Suan Luang,2016,32.44842532,280368
14,BKK&VIC,Bangkok,792,Suan Luang,2017,32.85019193,280720
14,BKK&VIC,Bangkok,792,Suan Luang,2018,33.21074199,288689
14,BKK&VIC,Bangkok,792,Suan Luang,2019,33.91369891,289481
14,BKK&VIC,Bangkok,792,Suan Luang,2020,32.07646547,290208
14,BKK&VIC,Bangkok,792,Suan Luang,2021,32.9895232,292325
30,WE,Ratchaburi,793,Suan Phung,2014,0.250766834,31820
30,WE,Ratchaburi,793,Suan Phung,2015,0.238122048,31929
30,WE,Ratchaburi,793,Suan Phung,2016,0.232755515,32041
30,WE,Ratchaburi,793,Suan Phung,2017,0.299479845,32140
30,WE,Ratchaburi,793,Suan Phung,2018,0.343831957,36414
30,WE,Ratchaburi,793,Suan Phung,2019,0.402756126,36475
30,WE,Ratchaburi,793,Suan Phung,2020,0.442703788,36577
30,WE,Ratchaburi,793,Suan Phung,2021,0.46798915,36854
40,SO,Narathiwat,795,Sukhirin,2014,0.068680597,22200
40,SO,Narathiwat,795,Sukhirin,2015,0.081940972,22273
40,SO,Narathiwat,795,Sukhirin,2016,0.095667472,22346
40,SO,Narathiwat,795,Sukhirin,2017,0.102898539,22377
40,SO,Narathiwat,795,Sukhirin,2018,0.151917661,22514
40,SO,Narathiwat,795,Sukhirin,2019,0.120759243,22580
40,SO,Narathiwat,795,Sukhirin,2020,0.145005736,22637
40,SO,Narathiwat,795,Sukhirin,2021,0.153421192,22792
32,NO,Phrae,796,Sung Men,2014,0.574541949,76660
32,NO,Phrae,796,Sung Men,2015,0.625612725,76928
32,NO,Phrae,796,Sung Men,2016,0.601066049,77129
32,NO,Phrae,796,Sung Men,2017,0.774604411,77304
32,NO,Phrae,796,Sung Men,2018,0.75934012,75235
32,NO,Phrae,796,Sung Men,2019,0.804064492,75442
32,NO,Phrae,796,Sung Men,2020,0.83407999,75618
32,NO,Phrae,796,Sung Men,2021,0.916700222,76170
6,NE,Nakhon Ratchasima,797,Sung Noen,2014,0.817282505,80585
6,NE,Nakhon Ratchasima,797,Sung Noen,2015,0.908139666,81111
6,NE,Nakhon Ratchasima,797,Sung Noen,2016,0.886230538,81375
6,NE,Nakhon Ratchasima,797,Sung Noen,2017,0.981995827,81546
6,NE,Nakhon Ratchasima,797,Sung Noen,2018,0.971303383,77434
6,NE,Nakhon Ratchasima,797,Sung Noen,2019,1.000055415,77644
6,NE,Nakhon Ratchasima,797,Sung Noen,2020,1.197391261,77836
6,NE,Nakhon Ratchasima,797,Sung Noen,2021,1.379209762,78401
40,SO,Narathiwat,790,Su-ngai Ko Lok,2014,1.903667803,102957
40,SO,Narathiwat,790,Su-ngai Ko Lok,2015,1.946758662,103325
40,SO,Narathiwat,790,Su-ngai Ko Lok,2016,2.123959952,103742
40,SO,Narathiwat,790,Su-ngai Ko Lok,2017,2.062186184,104706
40,SO,Narathiwat,790,Su-ngai Ko Lok,2018,2.077235068,104744
40,SO,Narathiwat,790,Su-ngai Ko Lok,2019,2.100962039,104497
40,SO,Narathiwat,790,Su-ngai Ko Lok,2020,2.152032883,104778
40,SO,Narathiwat,790,Su-ngai Ko Lok,2021,2.69801893,102821
40,SO,Narathiwat,791,Sungai Padi,2014,0.203521323,57226
40,SO,Narathiwat,791,Sungai Padi,2015,0.214620972,57381
40,SO,Narathiwat,791,Sungai Padi,2016,0.2627574,57585
40,SO,Narathiwat,791,Sungai Padi,2017,0.291083437,57795
40,SO,Narathiwat,791,Sungai Padi,2018,0.327712922,58183
40,SO,Narathiwat,791,Sungai Padi,2019,0.362050611,58342
40,SO,Narathiwat,791,Sungai Padi,2020,0.479525764,58486
40,SO,Narathiwat,791,Sungai Padi,2021,0.516097031,58943
3,NE,Nongbua Lamphu,798,Suwan Khuha,2014,0.087221152,64525
3,NE,Nongbua Lamphu,798,Suwan Khuha,2015,0.115742745,64675
3,NE,Nongbua Lamphu,798,Suwan Khuha,2016,0.108372037,64888
3,NE,Nongbua Lamphu,798,Suwan Khuha,2017,0.164903596,65068
3,NE,Nongbua Lamphu,798,Suwan Khuha,2018,0.176513151,61186
3,NE,Nongbua Lamphu,798,Suwan Khuha,2019,0.159959508,61356
3,NE,Nongbua Lamphu,798,Suwan Khuha,2020,0.233712419,61511
3,NE,Nongbua Lamphu,798,Suwan Khuha,2021,0.293133869,61955
0,NE,Roi Et,799,Suwannaphum,2014,0.218713129,99419
0,NE,Roi Et,799,Suwannaphum,2015,0.247366947,99761
0,NE,Roi Et,799,Suwannaphum,2016,0.243586273,100088
0,NE,Roi Et,799,Suwannaphum,2017,0.359390882,100397
0,NE,Roi Et,799,Suwannaphum,2018,0.372448016,95810
0,NE,Roi Et,799,Suwannaphum,2019,0.365965687,96066
0,NE,Roi Et,799,Suwannaphum,2020,0.45560567,96305
0,NE,Roi Et,799,Suwannaphum,2021,0.58981994,97007
75,EA,Sa Kaew,800,Ta Phraya,2014,0.075045571,67426
75,EA,Sa Kaew,800,Ta Phraya,2015,0.084746664,67591
75,EA,Sa Kaew,800,Ta Phraya,2016,0.111772524,68165
75,EA,Sa Kaew,800,Ta Phraya,2017,0.148531105,68998
75,EA,Sa Kaew,800,Ta Phraya,2018,0.145934939,77529
75,EA,Sa Kaew,800,Ta Phraya,2019,0.161593393,77035
75,EA,Sa Kaew,800,Ta Phraya,2020,0.189055945,76970
75,EA,Sa Kaew,800,Ta Phraya,2021,0.220783917,77551
40,SO,Narathiwat,801,Tak Bai,2014,0.61628173,63311
40,SO,Narathiwat,801,Tak Bai,2015,0.671232602,63583
40,SO,Narathiwat,801,Tak Bai,2016,0.676104438,63800
40,SO,Narathiwat,801,Tak Bai,2017,0.762326592,63939
40,SO,Narathiwat,801,Tak Bai,2018,0.859300047,64528
40,SO,Narathiwat,801,Tak Bai,2019,0.912179065,64799
40,SO,Narathiwat,801,Tak Bai,2020,1.058793981,64956
40,SO,Narathiwat,801,Tak Bai,2021,1.299043031,65003
2,NO,Nakhon Sawan,802,Tak Fa,2014,0.30083464,38794
2,NO,Nakhon Sawan,802,Tak Fa,2015,0.326644463,38929
2,NO,Nakhon Sawan,802,Tak Fa,2016,0.321136691,39056
2,NO,Nakhon Sawan,802,Tak Fa,2017,0.453478019,39157
2,NO,Nakhon Sawan,802,Tak Fa,2018,0.50735143,37515
2,NO,Nakhon Sawan,802,Tak Fa,2019,0.510198084,37616
2,NO,Nakhon Sawan,802,Tak Fa,2020,0.529926116,37747
2,NO,Nakhon Sawan,802,Tak Fa,2021,0.613457576,38013
2,NO,Nakhon Sawan,803,Takhli,2014,0.489759224,119249
2,NO,Nakhon Sawan,803,Takhli,2015,0.523334817,119646
2,NO,Nakhon Sawan,803,Takhli,2016,0.569163428,120040
2,NO,Nakhon Sawan,803,Takhli,2017,0.663357106,120433
2,NO,Nakhon Sawan,803,Takhli,2018,0.720218868,115493
2,NO,Nakhon Sawan,803,Takhli,2019,0.738736278,115812
2,NO,Nakhon Sawan,803,Takhli,2020,0.787835812,115990
2,NO,Nakhon Sawan,803,Takhli,2021,0.999518154,116836
56,SO,Phangnga,804,Takua Pa,2014,0.576178471,47791
56,SO,Phangnga,804,Takua Pa,2015,0.606413925,47610
56,SO,Phangnga,804,Takua Pa,2016,0.658193269,47710
56,SO,Phangnga,804,Takua Pa,2017,0.726178682,47898
56,SO,Phangnga,804,Takua Pa,2018,0.724319122,49321
56,SO,Phangnga,804,Takua Pa,2019,0.764423494,49124
56,SO,Phangnga,804,Takua Pa,2020,0.824068153,49145
56,SO,Phangnga,804,Takua Pa,2021,0.857632259,49465
56,SO,Phangnga,805,Takua Thung,2014,0.746351867,44570
56,SO,Phangnga,805,Takua Thung,2015,0.812382365,44709
56,SO,Phangnga,805,Takua Thung,2016,0.902765294,44854
56,SO,Phangnga,805,Takua Thung,2017,1.048009423,44768
56,SO,Phangnga,805,Takua Thung,2018,1.059975053,46140
56,SO,Phangnga,805,Takua Thung,2019,1.096759993,45870
56,SO,Phangnga,805,Takua Thung,2020,1.242720884,45679
56,SO,Phangnga,805,Takua Thung,2021,1.256897214,45974
14,BKK&VIC,Bangkok,806,Taling Chan,2014,19.90673825,87302
14,BKK&VIC,Bangkok,806,Taling Chan,2015,22.59003385,87609
14,BKK&VIC,Bangkok,806,Taling Chan,2016,24.745754,87894
14,BKK&VIC,Bangkok,806,Taling Chan,2017,25.97900217,88172
14,BKK&VIC,Bangkok,806,Taling Chan,2018,26.34237245,91881
14,BKK&VIC,Bangkok,806,Taling Chan,2019,26.82989917,92135
14,BKK&VIC,Bangkok,806,Taling Chan,2020,27.79771072,92362
14,BKK&VIC,Bangkok,806,Taling Chan,2021,29.90560556,93040
55,SO,Phatthalung,807,Tamot,2014,0.411877764,25758
55,SO,Phatthalung,807,Tamot,2015,0.445566117,25846
55,SO,Phatthalung,807,Tamot,2016,0.446238767,25931
55,SO,Phatthalung,807,Tamot,2017,0.478647931,26011
55,SO,Phatthalung,807,Tamot,2018,0.510896546,27292
55,SO,Phatthalung,807,Tamot,2019,0.532941752,27368
55,SO,Phatthalung,807,Tamot,2020,0.566845949,27436
55,SO,Phatthalung,807,Tamot,2021,0.610113619,27636
41,NE,Ubon Ratchathani,808,Tan Sum,2014,0.058176888,35683
41,NE,Ubon Ratchathani,808,Tan Sum,2015,0.070628759,35753
41,NE,Ubon Ratchathani,808,Tan Sum,2016,0.076668635,35879
41,NE,Ubon Ratchathani,808,Tan Sum,2017,0.141500223,35992
41,NE,Ubon Ratchathani,808,Tan Sum,2018,0.144034732,32906
41,NE,Ubon Ratchathani,808,Tan Sum,2019,0.132701264,33219
41,NE,Ubon Ratchathani,808,Tan Sum,2020,0.213792049,32466
41,NE,Ubon Ratchathani,808,Tan Sum,2021,0.252885671,32709
24,NE,Sakon Nakhon,809,Tao Ngoi,2014,0.056935033,22240
24,NE,Sakon Nakhon,809,Tao Ngoi,2015,0.059604696,22309
24,NE,Sakon Nakhon,809,Tao Ngoi,2016,0.052674488,22350
24,NE,Sakon Nakhon,809,Tao Ngoi,2017,0.112648529,22397
24,NE,Sakon Nakhon,809,Tao Ngoi,2018,0.112587492,20652
24,NE,Sakon Nakhon,809,Tao Ngoi,2019,0.116635484,20709
24,NE,Sakon Nakhon,809,Tao Ngoi,2020,0.173273036,20761
24,NE,Sakon Nakhon,809,Tao Ngoi,2021,0.209041343,20911
54,NO,Phichit,811,Taphan Hin,2014,0.280927828,72872
54,NO,Phichit,811,Taphan Hin,2015,0.353580507,73122
54,NO,Phichit,811,Taphan Hin,2016,0.353821088,73346
54,NO,Phichit,811,Taphan Hin,2017,0.47362837,73642
54,NO,Phichit,811,Taphan Hin,2018,0.512684507,71894
54,NO,Phichit,811,Taphan Hin,2019,0.575608786,72086
54,NO,Phichit,811,Taphan Hin,2020,0.645376119,72268
54,NO,Phichit,811,Taphan Hin,2021,0.716202469,72801
13,NE,Nong Khai,812,Tha Bo,2014,0.476332624,82037
13,NE,Nong Khai,812,Tha Bo,2015,0.568714844,81945
13,NE,Nong Khai,812,Tha Bo,2016,0.655114067,82421
13,NE,Nong Khai,812,Tha Bo,2017,0.827887022,82709
13,NE,Nong Khai,812,Tha Bo,2018,0.857525579,77245
13,NE,Nong Khai,812,Tha Bo,2019,0.82124184,77464
13,NE,Nong Khai,812,Tha Bo,2020,1.068546086,77720
13,NE,Nong Khai,812,Tha Bo,2021,1.269192201,78295
11,SO,Surat Thani,813,Tha Chana,2014,0.158194841,53240
11,SO,Surat Thani,813,Tha Chana,2015,0.14574667,53423
11,SO,Surat Thani,813,Tha Chana,2016,0.14366469,53602
11,SO,Surat Thani,813,Tha Chana,2017,0.185655469,53768
11,SO,Surat Thani,813,Tha Chana,2018,0.207267221,54891
11,SO,Surat Thani,813,Tha Chana,2019,0.193589042,55246
11,SO,Surat Thani,813,Tha Chana,2020,0.217471852,55388
11,SO,Surat Thani,813,Tha Chana,2021,0.228380209,55779
49,CE,Singburi,814,Tha Chang,2014,1.278650145,31744
49,CE,Singburi,814,Tha Chang,2015,1.467793227,31853
49,CE,Singburi,814,Tha Chang,2016,1.575440442,31959
49,CE,Singburi,814,Tha Chang,2017,1.779617473,32053
49,CE,Singburi,814,Tha Chang,2018,1.85053872,32692
49,CE,Singburi,814,Tha Chang,2019,2.034173697,33011
49,CE,Singburi,814,Tha Chang,2020,2.353737885,33094
49,CE,Singburi,814,Tha Chang,2021,2.66982296,33432
11,SO,Surat Thani,814,Tha Chang,2014,0.154664189,31744
11,SO,Surat Thani,814,Tha Chang,2015,0.173594612,31853
11,SO,Surat Thani,814,Tha Chang,2016,0.175941016,31959
11,SO,Surat Thani,814,Tha Chang,2017,0.22172627,32053
11,SO,Surat Thani,814,Tha Chang,2018,0.235311961,32692
11,SO,Surat Thani,814,Tha Chang,2019,0.229628854,33011
11,SO,Surat Thani,814,Tha Chang,2020,0.264254625,33094
11,SO,Surat Thani,814,Tha Chang,2021,0.275809323,33432
20,NE,Kalasin,816,Tha Khantho,2014,0.195341313,33741
20,NE,Kalasin,816,Tha Khantho,2015,0.196278887,34249
20,NE,Kalasin,816,Tha Khantho,2016,0.197568244,34363
20,NE,Kalasin,816,Tha Khantho,2017,0.288356769,34492
20,NE,Kalasin,816,Tha Khantho,2018,0.325750814,32749
20,NE,Kalasin,816,Tha Khantho,2019,0.364916874,32845
20,NE,Kalasin,816,Tha Khantho,2020,0.396742957,32924
20,NE,Kalasin,816,Tha Khantho,2021,0.428288475,33152
16,NE,Loei,817,Tha Li,2014,0.042815651,23936
16,NE,Loei,817,Tha Li,2015,0.052323721,24020
16,NE,Loei,817,Tha Li,2016,0.048826421,24096
16,NE,Loei,817,Tha Li,2017,0.100989234,24018
16,NE,Loei,817,Tha Li,2018,0.128832949,23157
16,NE,Loei,817,Tha Li,2019,0.123851026,23229
16,NE,Loei,817,Tha Li,2020,0.133548579,23600
16,NE,Loei,817,Tha Li,2021,0.151063029,23791
62,CE,Lop Buri,818,Tha Luang,2014,0.357987904,32874
62,CE,Lop Buri,818,Tha Luang,2015,0.261369188,33082
62,CE,Lop Buri,818,Tha Luang,2016,0.252489676,33181
62,CE,Lop Buri,818,Tha Luang,2017,0.34261409,33277
62,CE,Lop Buri,818,Tha Luang,2018,0.378746805,32278
62,CE,Lop Buri,818,Tha Luang,2019,0.386774787,32365
62,CE,Lop Buri,818,Tha Luang,2020,0.445223441,32447
62,CE,Lop Buri,818,Tha Luang,2021,0.553434267,32662
71,EA,Chanthaburi,819,Tha Mai,2014,0.588610225,73666
71,EA,Chanthaburi,819,Tha Mai,2015,0.680704941,73924
71,EA,Chanthaburi,819,Tha Mai,2016,0.737854878,74166
71,EA,Chanthaburi,819,Tha Mai,2017,0.75931176,74395
71,EA,Chanthaburi,819,Tha Mai,2018,0.792663261,82285
71,EA,Chanthaburi,819,Tha Mai,2019,0.825634926,82507
71,EA,Chanthaburi,819,Tha Mai,2020,0.895912104,82723
71,EA,Chanthaburi,819,Tha Mai,2021,0.987715619,83319
73,WE,Kanchanaburi,820,Tha Maka,2014,2.238452838,136331
73,WE,Kanchanaburi,820,Tha Maka,2015,2.47929964,136791
73,WE,Kanchanaburi,820,Tha Maka,2016,2.556034807,137237
73,WE,Kanchanaburi,820,Tha Maka,2017,2.876617176,137668
73,WE,Kanchanaburi,820,Tha Maka,2018,2.859183761,132644
73,WE,Kanchanaburi,820,Tha Maka,2019,2.989260108,133010
73,WE,Kanchanaburi,820,Tha Maka,2020,3.142773977,133344
73,WE,Kanchanaburi,820,Tha Maka,2021,3.754444849,134314
73,WE,Kanchanaburi,821,Tha Muang,2014,1.327490963,107994
73,WE,Kanchanaburi,821,Tha Muang,2015,1.611166667,108352
73,WE,Kanchanaburi,821,Tha Muang,2016,1.633537858,108713
73,WE,Kanchanaburi,821,Tha Muang,2017,1.916383443,109042
73,WE,Kanchanaburi,821,Tha Muang,2018,1.920119282,106599
73,WE,Kanchanaburi,821,Tha Muang,2019,2.291064979,106891
73,WE,Kanchanaburi,821,Tha Muang,2020,2.278765042,107161
73,WE,Kanchanaburi,821,Tha Muang,2021,2.480929694,107948
76,SO,Satun,822,Tha Phae,2014,0.454841219,23763
76,SO,Satun,822,Tha Phae,2015,0.550263453,23845
76,SO,Satun,822,Tha Phae,2016,0.584919772,23921
76,SO,Satun,822,Tha Phae,2017,0.847775227,23983
76,SO,Satun,822,Tha Phae,2018,0.860102351,24220
76,SO,Satun,822,Tha Phae,2019,0.889906642,24271
76,SO,Satun,822,Tha Phae,2020,0.93317013,24328
76,SO,Satun,822,Tha Phae,2021,1.013467168,24504
34,NO,Uttaradit,823,Tha Pla,2014,0.038826658,44628
34,NO,Uttaradit,823,Tha Pla,2015,0.049520046,44798
34,NO,Uttaradit,823,Tha Pla,2016,0.049744656,45128
34,NO,Uttaradit,823,Tha Pla,2017,0.083236004,45377
34,NO,Uttaradit,823,Tha Pla,2018,0.078794545,44085
34,NO,Uttaradit,823,Tha Pla,2019,0.094153237,44206
34,NO,Uttaradit,823,Tha Pla,2020,0.112054837,44320
34,NO,Uttaradit,823,Tha Pla,2021,0.129574763,44641
53,CE,Phra Nakhon Sri Ayuthaya,824,Tha Rua,2014,1.888910751,62715
53,CE,Phra Nakhon Sri Ayuthaya,824,Tha Rua,2015,2.056641863,63297
53,CE,Phra Nakhon Sri Ayuthaya,824,Tha Rua,2016,2.264436876,63507
53,CE,Phra Nakhon Sri Ayuthaya,824,Tha Rua,2017,2.498994126,63800
53,CE,Phra Nakhon Sri Ayuthaya,824,Tha Rua,2018,2.789260504,61232
53,CE,Phra Nakhon Sri Ayuthaya,824,Tha Rua,2019,3.331681787,61395
53,CE,Phra Nakhon Sri Ayuthaya,824,Tha Rua,2020,3.280176104,61550
53,CE,Phra Nakhon Sri Ayuthaya,824,Tha Rua,2021,3.278296609,62001
19,SO,Chumphon,825,Tha Sae,2014,0.15052651,69939
19,SO,Chumphon,825,Tha Sae,2015,0.163587672,70204
19,SO,Chumphon,825,Tha Sae,2016,0.171855048,70435
19,SO,Chumphon,825,Tha Sae,2017,0.207937052,70635
19,SO,Chumphon,825,Tha Sae,2018,0.239462504,72725
19,SO,Chumphon,825,Tha Sae,2019,0.228929694,72922
19,SO,Chumphon,825,Tha Sae,2020,0.254191143,73108
19,SO,Chumphon,825,Tha Sae,2021,0.269582458,73513
59,SO,Nakhon Si Thammarat,826,Tha Sala,2014,0.747026797,109775
59,SO,Nakhon Si Thammarat,826,Tha Sala,2015,0.704654228,109884
59,SO,Nakhon Si Thammarat,826,Tha Sala,2016,0.756450136,110224
59,SO,Nakhon Si Thammarat,826,Tha Sala,2017,0.833161956,111173
59,SO,Nakhon Si Thammarat,826,Tha Sala,2018,0.878132864,115490
59,SO,Nakhon Si Thammarat,826,Tha Sala,2019,0.967000957,115869
59,SO,Nakhon Si Thammarat,826,Tha Sala,2020,1.123405228,116185
59,SO,Nakhon Si Thammarat,826,Tha Sala,2021,1.25999942,109030
26,NO,Tak,827,Tha Song Yang,2014,0.008179708,63124
26,NO,Tak,827,Tha Song Yang,2015,0.008490317,66051
26,NO,Tak,827,Tha Song Yang,2016,0.008413248,66279
26,NO,Tak,827,Tha Song Yang,2017,0.015439144,73393
26,NO,Tak,827,Tha Song Yang,2018,0.018345813,69181
26,NO,Tak,827,Tha Song Yang,2019,0.016608302,67213
26,NO,Tak,827,Tha Song Yang,2020,0.020396097,65324
26,NO,Tak,827,Tha Song Yang,2021,0.02697234,65826
4,EA,Chachoengsao,828,Tha Ta Kieb,2014,0.031691347,40654
4,EA,Chachoengsao,828,Tha Ta Kieb,2015,0.044905179,40793
4,EA,Chachoengsao,828,Tha Ta Kieb,2016,0.053232633,40927
4,EA,Chachoengsao,828,Tha Ta Kieb,2017,0.09851971,41340
4,EA,Chachoengsao,828,Tha Ta Kieb,2018,0.111405865,45797
4,EA,Chachoengsao,828,Tha Ta Kieb,2019,0.121895823,45885
4,EA,Chachoengsao,828,Tha Ta Kieb,2020,0.14636579,45969
4,EA,Chachoengsao,828,Tha Ta Kieb,2021,0.204465144,46296
2,NO,Nakhon Sawan,829,Tha Tako,2014,0.184870404,66437
2,NO,Nakhon Sawan,829,Tha Tako,2015,0.229911859,66583
2,NO,Nakhon Sawan,829,Tha Tako,2016,0.272354326,66519
2,NO,Nakhon Sawan,829,Tha Tako,2017,0.365747546,66003
2,NO,Nakhon Sawan,829,Tha Tako,2018,0.368784341,63237
2,NO,Nakhon Sawan,829,Tha Tako,2019,0.397723576,63407
2,NO,Nakhon Sawan,829,Tha Tako,2020,0.437375432,63431
2,NO,Nakhon Sawan,829,Tha Tako,2021,0.494372214,63903
5,NE,Surin,830,Tha Tum,2014,0.140377135,84579
5,NE,Surin,830,Tha Tum,2015,0.174284032,84855
5,NE,Surin,830,Tha Tum,2016,0.160020362,85137
5,NE,Surin,830,Tha Tum,2017,0.237435086,85400
5,NE,Surin,830,Tha Tum,2018,0.234968996,81706
5,NE,Surin,830,Tha Tum,2019,0.224859851,81933
5,NE,Surin,830,Tha Tum,2020,0.267042898,82133
5,NE,Surin,830,Tha Tum,2021,0.390091628,82733
72,NE,Nakhon Phanom,831,Tha Uthen,2014,0.248354471,47189
72,NE,Nakhon Phanom,831,Tha Uthen,2015,0.288274361,47377
72,NE,Nakhon Phanom,831,Tha Uthen,2016,0.248062325,47513
72,NE,Nakhon Phanom,831,Tha Uthen,2017,0.38478303,47756
72,NE,Nakhon Phanom,831,Tha Uthen,2018,0.377312743,44555
72,NE,Nakhon Phanom,831,Tha Uthen,2019,0.326406514,44680
72,NE,Nakhon Phanom,831,Tha Uthen,2020,0.381049826,44885
72,NE,Nakhon Phanom,831,Tha Uthen,2021,0.541180725,45187
70,NO,Nan,832,Tha Wang Pha,2014,0.108097931,51166
70,NO,Nan,832,Tha Wang Pha,2015,0.122453655,51311
70,NO,Nan,832,Tha Wang Pha,2016,0.109715382,51486
70,NO,Nan,832,Tha Wang Pha,2017,0.17135886,51677
70,NO,Nan,832,Tha Wang Pha,2018,0.177212315,49081
70,NO,Nan,832,Tha Wang Pha,2019,0.190144567,49216
70,NO,Nan,832,Tha Wang Pha,2020,0.204294088,49337
70,NO,Nan,832,Tha Wang Pha,2021,0.222022846,49696
62,CE,Lop Buri,833,Tha Wung,2014,0.853115773,52910
62,CE,Lop Buri,833,Tha Wung,2015,0.961552716,53060
62,CE,Lop Buri,833,Tha Wung,2016,1.102891568,53231
62,CE,Lop Buri,833,Tha Wung,2017,1.272065481,53354
62,CE,Lop Buri,833,Tha Wung,2018,1.291093697,52043
62,CE,Lop Buri,833,Tha Wung,2019,1.317610433,52186
62,CE,Lop Buri,833,Tha Wung,2020,1.45069591,52316
62,CE,Lop Buri,833,Tha Wung,2021,1.599431645,52695
8,WE,Phetchaburi,834,Tha Yang,2014,0.961632193,91953
8,WE,Phetchaburi,834,Tha Yang,2015,1.07132617,91734
8,WE,Phetchaburi,834,Tha Yang,2016,1.05643651,92031
8,WE,Phetchaburi,834,Tha Yang,2017,1.207013599,92281
8,WE,Phetchaburi,834,Tha Yang,2018,1.275288389,90435
8,WE,Phetchaburi,834,Tha Yang,2019,1.311011859,90526
8,WE,Phetchaburi,834,Tha Yang,2020,1.372750252,90710
8,WE,Phetchaburi,834,Tha Yang,2021,1.45529043,91383
31,NE,Yasothon,835,Thai Charoen,2014,0.071413361,27955
31,NE,Yasothon,835,Thai Charoen,2015,0.109769228,28047
31,NE,Yasothon,835,Thai Charoen,2016,0.096395829,28142
31,NE,Yasothon,835,Thai Charoen,2017,0.207656582,28225
31,NE,Yasothon,835,Thai Charoen,2018,0.239798504,27159
31,NE,Yasothon,835,Thai Charoen,2019,0.258283821,27234
31,NE,Yasothon,835,Thai Charoen,2020,0.308656376,27309
31,NE,Yasothon,835,Thai Charoen,2021,0.352261554,27505
56,SO,Phangnga,836,Thai Muang,2014,0.385694701,48593
56,SO,Phangnga,836,Thai Muang,2015,0.390539634,48656
56,SO,Phangnga,836,Thai Muang,2016,0.425398405,48818
56,SO,Phangnga,836,Thai Muang,2017,0.444686353,48962
56,SO,Phangnga,836,Thai Muang,2018,0.488795025,50535
56,SO,Phangnga,836,Thai Muang,2019,0.600686958,50467
56,SO,Phangnga,836,Thai Muang,2020,0.812238555,50545
56,SO,Phangnga,836,Thai Muang,2021,1.00289211,50590
44,SO,Phuket,837,Thalang,2014,4.091232295,129162
44,SO,Phuket,837,Thalang,2015,4.297237028,129644
44,SO,Phuket,837,Thalang,2016,4.895622206,130055
44,SO,Phuket,837,Thalang,2017,5.315280097,130324
44,SO,Phuket,837,Thalang,2018,5.422023142,129564
44,SO,Phuket,837,Thalang,2019,6.069985259,129393
44,SO,Phuket,837,Thalang,2020,6.338889808,129538
44,SO,Phuket,837,Thalang,2021,6.403734551,130556
59,SO,Nakhon Si Thammarat,838,Tham Phannara,2014,0.182872268,10719
59,SO,Nakhon Si Thammarat,838,Tham Phannara,2015,0.186374552,10755
59,SO,Nakhon Si Thammarat,838,Tham Phannara,2016,0.153038422,10799
59,SO,Nakhon Si Thammarat,838,Tham Phannara,2017,0.213108203,10753
59,SO,Nakhon Si Thammarat,838,Tham Phannara,2018,0.240302265,11047
59,SO,Nakhon Si Thammarat,838,Tham Phannara,2019,0.237520012,11117
59,SO,Nakhon Si Thammarat,838,Tham Phannara,2020,0.296478958,11147
59,SO,Nakhon Si Thammarat,838,Tham Phannara,2021,0.306200222,11221
33,SO,Yala,839,Than To,2014,0.067214619,18878
33,SO,Yala,839,Than To,2015,0.071441613,19000
33,SO,Yala,839,Than To,2016,0.077384199,19061
33,SO,Yala,839,Than To,2017,0.091129671,19105
33,SO,Yala,839,Than To,2018,0.105244076,19252
33,SO,Yala,839,Than To,2019,0.09059372,19306
33,SO,Yala,839,Than To,2020,0.1270149,19235
33,SO,Yala,839,Than To,2021,0.200987003,19375
58,BKK&VIC,Pathum Thani,840,Thanyaburi,2014,10.35628598,237375
58,BKK&VIC,Pathum Thani,840,Thanyaburi,2015,11.07335756,238166
58,BKK&VIC,Pathum Thani,840,Thanyaburi,2016,11.28613589,238942
58,BKK&VIC,Pathum Thani,840,Thanyaburi,2017,11.72058851,239627
58,BKK&VIC,Pathum Thani,840,Thanyaburi,2018,12.46517949,269293
58,BKK&VIC,Pathum Thani,840,Thanyaburi,2019,12.74436892,270120
58,BKK&VIC,Pathum Thani,840,Thanyaburi,2020,12.75831122,271014
58,BKK&VIC,Pathum Thani,840,Thanyaburi,2021,13.80549976,272996
54,NO,Phichit,810,Thap Khlo,2014,0.387375334,50485
54,NO,Phichit,810,Thap Khlo,2015,0.464725139,50658
54,NO,Phichit,810,Thap Khlo,2016,0.45397269,50816
54,NO,Phichit,810,Thap Khlo,2017,0.52575838,50922
54,NO,Phichit,810,Thap Khlo,2018,0.532910657,49702
54,NO,Phichit,810,Thap Khlo,2019,0.581036411,49839
54,NO,Phichit,810,Thap Khlo,2020,0.609651242,49961
54,NO,Phichit,810,Thap Khlo,2021,0.707081126,50327
56,SO,Phangnga,841,Thap Put,2014,0.344951554,28005
56,SO,Phangnga,841,Thap Put,2015,0.36883203,28100
56,SO,Phangnga,841,Thap Put,2016,0.397222767,28196
56,SO,Phangnga,841,Thap Put,2017,0.454605609,28250
56,SO,Phangnga,841,Thap Put,2018,0.458485329,28978
56,SO,Phangnga,841,Thap Put,2019,0.501319604,29056
56,SO,Phangnga,841,Thap Put,2020,0.568496448,29130
56,SO,Phangnga,841,Thap Put,2021,0.691940482,29344
42,WE,Phachuap Khiri Khan,842,Thap Sakae,2014,0.392682661,54324
42,WE,Phachuap Khiri Khan,842,Thap Sakae,2015,0.431769907,54003
42,WE,Phachuap Khiri Khan,842,Thap Sakae,2016,0.429945536,54182
42,WE,Phachuap Khiri Khan,842,Thap Sakae,2017,0.518687712,54313
42,WE,Phachuap Khiri Khan,842,Thap Sakae,2018,0.552034414,52446
42,WE,Phachuap Khiri Khan,842,Thap Sakae,2019,0.533677028,52629
42,WE,Phachuap Khiri Khan,842,Thap Sakae,2020,0.6244137,52891
42,WE,Phachuap Khiri Khan,842,Thap Sakae,2021,0.600292887,53272
18,NO,Uthai Thani,843,Thap Than,2014,0.268719401,37188
18,NO,Uthai Thani,843,Thap Than,2015,0.323753154,37313
18,NO,Uthai Thani,843,Thap Than,2016,0.364942227,37438
18,NO,Uthai Thani,843,Thap Than,2017,0.539144954,37563
18,NO,Uthai Thani,843,Thap Than,2018,0.528424522,36305
18,NO,Uthai Thani,843,Thap Than,2019,0.572107731,36400
18,NO,Uthai Thani,843,Thap Than,2020,0.637084276,36484
18,NO,Uthai Thani,843,Thap Than,2021,0.800818295,36745
72,NE,Nakhon Phanom,844,That Phanom,2014,0.803407088,74743
72,NE,Nakhon Phanom,844,That Phanom,2015,0.922191439,75003
72,NE,Nakhon Phanom,844,That Phanom,2016,0.8711897,75244
72,NE,Nakhon Phanom,844,That Phanom,2017,1.074306217,75474
72,NE,Nakhon Phanom,844,That Phanom,2018,1.093281121,70404
72,NE,Nakhon Phanom,844,That Phanom,2019,1.078536806,70597
72,NE,Nakhon Phanom,844,That Phanom,2020,1.309152425,70776
72,NE,Nakhon Phanom,844,That Phanom,2021,1.548436085,71294
0,NE,Roi Et,845,Thawatchaburi,2014,0.411564987,61709
0,NE,Roi Et,845,Thawatchaburi,2015,0.494969437,61972
0,NE,Roi Et,845,Thawatchaburi,2016,0.505411864,61675
0,NE,Roi Et,845,Thawatchaburi,2017,0.763417781,61484
0,NE,Roi Et,845,Thawatchaburi,2018,0.819948087,58652
0,NE,Roi Et,845,Thawatchaburi,2019,0.890476187,58806
0,NE,Roi Et,845,Thawatchaburi,2020,1.05758726,58961
0,NE,Roi Et,845,Thawatchaburi,2021,1.307816934,59400
14,BKK&VIC,Bangkok,846,Thawi Wattana,2014,15.97469785,65618
14,BKK&VIC,Bangkok,846,Thawi Wattana,2015,17.436422,65839
14,BKK&VIC,Bangkok,846,Thawi Wattana,2016,18.5847474,66062
14,BKK&VIC,Bangkok,846,Thawi Wattana,2017,18.98605619,66261
14,BKK&VIC,Bangkok,846,Thawi Wattana,2018,18.95797168,68714
14,BKK&VIC,Bangkok,846,Thawi Wattana,2019,19.27464342,68893
14,BKK&VIC,Bangkok,846,Thawi Wattana,2020,19.63061683,69068
14,BKK&VIC,Bangkok,846,Thawi Wattana,2021,23.72390894,69567
9,NE,Chaiyaphum,847,Thep Sathit,2014,0.115466773,54950
9,NE,Chaiyaphum,847,Thep Sathit,2015,0.141942411,55122
9,NE,Chaiyaphum,847,Thep Sathit,2016,0.148300684,55308
9,NE,Chaiyaphum,847,Thep Sathit,2017,0.202391464,55486
9,NE,Chaiyaphum,847,Thep Sathit,2018,0.243920851,53374
9,NE,Chaiyaphum,847,Thep Sathit,2019,0.254415813,53525
9,NE,Chaiyaphum,847,Thep Sathit,2020,0.29092329,53656
9,NE,Chaiyaphum,847,Thep Sathit,2021,0.322307525,54045
43,SO,Songkhla,848,Thepha,2014,0.351681498,78655
43,SO,Songkhla,848,Thepha,2015,0.41814524,78976
43,SO,Songkhla,848,Thepha,2016,0.472930325,79239
43,SO,Songkhla,848,Thepha,2017,0.633946251,79479
43,SO,Songkhla,848,Thepha,2018,0.705645338,81052
43,SO,Songkhla,848,Thepha,2019,0.721619431,81274
43,SO,Songkhla,848,Thepha,2020,0.771446423,81511
43,SO,Songkhla,848,Thepha,2021,0.727416252,82125
37,NO,Lampang,850,Thoen,2014,0.105701706,60812
37,NO,Lampang,850,Thoen,2015,0.120195883,60659
37,NO,Lampang,850,Thoen,2016,0.108558633,60845
37,NO,Lampang,850,Thoen,2017,0.14954672,60979
37,NO,Lampang,850,Thoen,2018,0.147661762,58776
37,NO,Lampang,850,Thoen,2019,0.164621967,58929
37,NO,Lampang,850,Thoen,2020,0.167954594,59075
37,NO,Lampang,850,Thoen,2021,0.174803785,59507
25,NO,Chiang Rai,851,Thoeng,2014,0.193446553,81676
25,NO,Chiang Rai,851,Thoeng,2015,0.251173525,81932
25,NO,Chiang Rai,851,Thoeng,2016,0.283381004,82192
25,NO,Chiang Rai,851,Thoeng,2017,0.393656177,82430
25,NO,Chiang Rai,851,Thoeng,2018,0.412236866,77965
25,NO,Chiang Rai,851,Thoeng,2019,0.446891673,78250
25,NO,Chiang Rai,851,Thoeng,2020,0.484330297,78446
25,NO,Chiang Rai,851,Thoeng,2021,0.475355711,79017
14,BKK&VIC,Bangkok,852,Thon Buri,2014,34.3723655,230476
14,BKK&VIC,Bangkok,852,Thon Buri,2015,36.08533274,231268
14,BKK&VIC,Bangkok,852,Thon Buri,2016,38.90882599,232031
14,BKK&VIC,Bangkok,852,Thon Buri,2017,39.35796147,232758
14,BKK&VIC,Bangkok,852,Thon Buri,2018,40.98617232,240630
14,BKK&VIC,Bangkok,852,Thon Buri,2019,41.00497684,241157
14,BKK&VIC,Bangkok,852,Thon Buri,2020,39.60633473,241724
14,BKK&VIC,Bangkok,852,Thon Buri,2021,40.32704122,243489
73,WE,Kanchanaburi,853,Thong Pha Phum,2014,0.027762491,45899
73,WE,Kanchanaburi,853,Thong Pha Phum,2015,0.030663288,46056
73,WE,Kanchanaburi,853,Thong Pha Phum,2016,0.03335103,46205
73,WE,Kanchanaburi,853,Thong Pha Phum,2017,0.038243837,46344
73,WE,Kanchanaburi,853,Thong Pha Phum,2018,0.041218134,44618
73,WE,Kanchanaburi,853,Thong Pha Phum,2019,0.042914126,44736
73,WE,Kanchanaburi,853,Thong Pha Phum,2020,0.048877322,44845
73,WE,Kanchanaburi,853,Thong Pha Phum,2021,0.055961071,45172
34,NO,Uttaradit,854,Thong Saen Khan,2014,0.083352099,29775
34,NO,Uttaradit,854,Thong Saen Khan,2015,0.130486641,30145
34,NO,Uttaradit,854,Thong Saen Khan,2016,0.128183155,30243
34,NO,Uttaradit,854,Thong Saen Khan,2017,0.187001331,30361
34,NO,Uttaradit,854,Thong Saen Khan,2018,0.194076459,29513
34,NO,Uttaradit,854,Thong Saen Khan,2019,0.214783229,29596
34,NO,Uttaradit,854,Thong Saen Khan,2020,0.239824373,29672
34,NO,Uttaradit,854,Thong Saen Khan,2021,0.272972404,29889
70,NO,Nan,855,Thung Chang,2014,0.070279469,16163
70,NO,Nan,855,Thung Chang,2015,0.071072169,16343
70,NO,Nan,855,Thung Chang,2016,0.060381931,16447
70,NO,Nan,855,Thung Chang,2017,0.079949559,16547
70,NO,Nan,855,Thung Chang,2018,0.081508844,15725
70,NO,Nan,855,Thung Chang,2019,0.058880717,15771
70,NO,Nan,855,Thung Chang,2020,0.132079232,15812
70,NO,Nan,855,Thung Chang,2021,0.128249646,15925
23,NE,Udon Thani,856,Thung Fon,2014,0.115533061,26634
23,NE,Udon Thani,856,Thung Fon,2015,0.127367738,26591
23,NE,Udon Thani,856,Thung Fon,2016,0.115920332,26678
23,NE,Udon Thani,856,Thung Fon,2017,0.203207458,26744
23,NE,Udon Thani,856,Thung Fon,2018,0.220732038,25098
23,NE,Udon Thani,856,Thung Fon,2019,0.191706313,25167
23,NE,Udon Thani,856,Thung Fon,2020,0.266944946,25232
23,NE,Udon Thani,856,Thung Fon,2021,0.291321185,25406
28,NO,Lamphun,857,Thung Hua Chang,2014,0.055157503,18904
28,NO,Lamphun,857,Thung Hua Chang,2015,0.057305859,18967
28,NO,Lamphun,857,Thung Hua Chang,2016,0.049178895,19106
28,NO,Lamphun,857,Thung Hua Chang,2017,0.06522297,19209
28,NO,Lamphun,857,Thung Hua Chang,2018,0.075693564,18489
28,NO,Lamphun,857,Thung Hua Chang,2019,0.070725441,18539
28,NO,Lamphun,857,Thung Hua Chang,2020,0.075911315,18585
28,NO,Lamphun,857,Thung Hua Chang,2021,0.075373496,18719
7,NO,Sukhothai,860,Thung Saliam,2014,0.170034794,49464
7,NO,Sukhothai,860,Thung Saliam,2015,0.20520695,50055
7,NO,Sukhothai,860,Thung Saliam,2016,0.197467481,50213
7,NO,Sukhothai,860,Thung Saliam,2017,0.249023654,50388
7,NO,Sukhothai,860,Thung Saliam,2018,0.241194723,48242
7,NO,Sukhothai,860,Thung Saliam,2019,0.284605006,48377
7,NO,Sukhothai,860,Thung Saliam,2020,0.289265353,48502
7,NO,Sukhothai,860,Thung Saliam,2021,0.345305122,48853
41,NE,Ubon Ratchathani,861,Thung Si Udom,2014,0.061592772,26749
41,NE,Ubon Ratchathani,861,Thung Si Udom,2015,0.091300408,26847
41,NE,Ubon Ratchathani,861,Thung Si Udom,2016,0.075660157,26935
41,NE,Ubon Ratchathani,861,Thung Si Udom,2017,0.120303344,26869
41,NE,Ubon Ratchathani,861,Thung Si Udom,2018,0.12173163,25308
41,NE,Ubon Ratchathani,861,Thung Si Udom,2019,0.189753933,25378
41,NE,Ubon Ratchathani,861,Thung Si Udom,2020,0.219757517,25439
41,NE,Ubon Ratchathani,861,Thung Si Udom,2021,0.336322393,25615
59,SO,Nakhon Si Thammarat,862,Thung Song,2014,0.710172189,148934
59,SO,Nakhon Si Thammarat,862,Thung Song,2015,0.735839598,149453
59,SO,Nakhon Si Thammarat,862,Thung Song,2016,0.839592613,149950
59,SO,Nakhon Si Thammarat,862,Thung Song,2017,0.954357276,150664
59,SO,Nakhon Si Thammarat,862,Thung Song,2018,0.963263359,156583
59,SO,Nakhon Si Thammarat,862,Thung Song,2019,0.976329756,157041
59,SO,Nakhon Si Thammarat,862,Thung Song,2020,1.020635076,157453
59,SO,Nakhon Si Thammarat,862,Thung Song,2021,1.247280851,158578
19,SO,Chumphon,863,Thung Tako,2014,0.315753765,27215
19,SO,Chumphon,863,Thung Tako,2015,0.334461079,27311
19,SO,Chumphon,863,Thung Tako,2016,0.358665893,27403
19,SO,Chumphon,863,Thung Tako,2017,0.448076865,27495
19,SO,Chumphon,863,Thung Tako,2018,0.480897326,28306
19,SO,Chumphon,863,Thung Tako,2019,0.470493278,28375
19,SO,Chumphon,863,Thung Tako,2020,0.491996198,28445
19,SO,Chumphon,863,Thung Tako,2021,0.564703144,26742
76,SO,Satun,864,Thung Wa,2014,0.593979179,22382
76,SO,Satun,864,Thung Wa,2015,0.582722778,22457
76,SO,Satun,864,Thung Wa,2016,0.60777627,22528
76,SO,Satun,864,Thung Wa,2017,0.717468257,22583
76,SO,Satun,864,Thung Wa,2018,0.7805787,22720
76,SO,Satun,864,Thung Wa,2019,0.784590729,22781
76,SO,Satun,864,Thung Wa,2020,0.958929518,22835
76,SO,Satun,864,Thung Wa,2021,1.313502554,23023
59,SO,Nakhon Si Thammarat,865,Thung Yai,2014,0.16798629,63790
59,SO,Nakhon Si Thammarat,865,Thung Yai,2015,0.188070825,64010
59,SO,Nakhon Si Thammarat,865,Thung Yai,2016,0.22789293,64214
59,SO,Nakhon Si Thammarat,865,Thung Yai,2017,0.272058311,64467
59,SO,Nakhon Si Thammarat,865,Thung Yai,2018,0.272089505,66909
59,SO,Nakhon Si Thammarat,865,Thung Yai,2019,0.262585684,67121
59,SO,Nakhon Si Thammarat,865,Thung Yai,2020,0.31146974,67288
59,SO,Nakhon Si Thammarat,865,Thung Yai,2021,0.328889388,67777
57,SO,Pattani,866,Thung Yang Daeng,2014,0.275802223,16814
57,SO,Pattani,866,Thung Yang Daeng,2015,0.314494195,16872
57,SO,Pattani,866,Thung Yang Daeng,2016,0.360869441,16931
57,SO,Pattani,866,Thung Yang Daeng,2017,0.481396968,16979
57,SO,Pattani,866,Thung Yang Daeng,2018,0.522502695,17227
57,SO,Pattani,866,Thung Yang Daeng,2019,0.448505499,17279
57,SO,Pattani,866,Thung Yang Daeng,2020,0.592295457,17316
57,SO,Pattani,866,Thung Yang Daeng,2021,0.64547227,17516
14,BKK&VIC,Bangkok,859,Thungkru,2014,14.54548297,76276
14,BKK&VIC,Bangkok,859,Thungkru,2015,15.13727847,76885
14,BKK&VIC,Bangkok,859,Thungkru,2016,15.65805947,77133
14,BKK&VIC,Bangkok,859,Thungkru,2017,16.39612741,77372
14,BKK&VIC,Bangkok,859,Thungkru,2018,18.02579931,81025
14,BKK&VIC,Bangkok,859,Thungkru,2019,18.3064149,81238
14,BKK&VIC,Bangkok,859,Thungkru,2020,19.07083852,81457
14,BKK&VIC,Bangkok,859,Thungkru,2021,19.63520692,82052
41,NE,Ubon Ratchathani,867,Trakan Phutphon,2014,0.132128934,121129
41,NE,Ubon Ratchathani,867,Trakan Phutphon,2015,0.176746233,121489
41,NE,Ubon Ratchathani,867,Trakan Phutphon,2016,0.169540862,121888
41,NE,Ubon Ratchathani,867,Trakan Phutphon,2017,0.242365553,122271
41,NE,Ubon Ratchathani,867,Trakan Phutphon,2018,0.281718186,116539
41,NE,Ubon Ratchathani,867,Trakan Phutphon,2019,0.281391546,116301
41,NE,Ubon Ratchathani,867,Trakan Phutphon,2020,0.330191665,116651
41,NE,Ubon Ratchathani,867,Trakan Phutphon,2021,0.406045426,117494
34,NO,Uttaradit,868,Tron,2014,0.337474178,34585
34,NO,Uttaradit,868,Tron,2015,0.447402672,34803
34,NO,Uttaradit,868,Tron,2016,0.45072305,34912
34,NO,Uttaradit,868,Tron,2017,0.647076069,34887
34,NO,Uttaradit,868,Tron,2018,0.639496444,33863
34,NO,Uttaradit,868,Tron,2019,0.666775561,33965
34,NO,Uttaradit,868,Tron,2020,0.744257889,34045
34,NO,Uttaradit,868,Tron,2021,0.889955311,34298
48,WE,Suphan Buri,869,U Thong,2014,0.945384023,126648
48,WE,Suphan Buri,869,U Thong,2015,1.101597445,127138
48,WE,Suphan Buri,869,U Thong,2016,1.158542533,127526
48,WE,Suphan Buri,869,U Thong,2017,1.422048187,127910
48,WE,Suphan Buri,869,U Thong,2018,1.452891798,126296
48,WE,Suphan Buri,869,U Thong,2019,1.525301985,126643
48,WE,Suphan Buri,869,U Thong,2020,1.546621316,126961
48,WE,Suphan Buri,869,U Thong,2021,1.879987035,127886
15,NE,Khon Kaen,870,Ubol Ratana,2014,0.199162403,42835
15,NE,Khon Kaen,870,Ubol Ratana,2015,0.22467877,42977
15,NE,Khon Kaen,870,Ubol Ratana,2016,0.232102837,43120
15,NE,Khon Kaen,870,Ubol Ratana,2017,0.330346797,43257
15,NE,Khon Kaen,870,Ubol Ratana,2018,0.366195178,41319
15,NE,Khon Kaen,870,Ubol Ratana,2019,0.348086617,41431
15,NE,Khon Kaen,870,Ubol Ratana,2020,0.399625591,41536
15,NE,Khon Kaen,870,Ubol Ratana,2021,0.454221909,41834
26,NO,Tak,871,Umphang,2014,0.003718905,24306
26,NO,Tak,871,Umphang,2015,0.003999913,24392
26,NO,Tak,871,Umphang,2016,0.006673397,24472
26,NO,Tak,871,Umphang,2017,0.008409822,24331
26,NO,Tak,871,Umphang,2018,0.008803998,22712
26,NO,Tak,871,Umphang,2019,0.01088908,23015
26,NO,Tak,871,Umphang,2020,0.011567392,23119
26,NO,Tak,871,Umphang,2021,0.01260316,23302
53,CE,Phra Nakhon Sri Ayuthaya,872,Uthai,2014,7.548467897,47852
53,CE,Phra Nakhon Sri Ayuthaya,872,Uthai,2015,8.625357327,47574
53,CE,Phra Nakhon Sri Ayuthaya,872,Uthai,2016,8.215417914,47732
53,CE,Phra Nakhon Sri Ayuthaya,872,Uthai,2017,7.842366391,47775
53,CE,Phra Nakhon Sri Ayuthaya,872,Uthai,2018,7.64817217,45493
53,CE,Phra Nakhon Sri Ayuthaya,872,Uthai,2019,7.835461748,45620
53,CE,Phra Nakhon Sri Ayuthaya,872,Uthai,2020,7.635757586,44839
53,CE,Phra Nakhon Sri Ayuthaya,872,Uthai,2021,8.253420521,45087
12,NE,Si Sa Ket,873,Uthumphon Phisai,2014,0.265102529,88135
12,NE,Si Sa Ket,873,Uthumphon Phisai,2015,0.255471991,88438
12,NE,Si Sa Ket,873,Uthumphon Phisai,2016,0.321903277,88746
12,NE,Si Sa Ket,873,Uthumphon Phisai,2017,0.455614667,89004
12,NE,Si Sa Ket,873,Uthumphon Phisai,2018,0.531016695,85013
12,NE,Si Sa Ket,873,Uthumphon Phisai,2019,0.597918152,85242
12,NE,Si Sa Ket,873,Uthumphon Phisai,2020,0.672228941,85434
12,NE,Si Sa Ket,873,Uthumphon Phisai,2021,0.847122438,86164
54,NO,Phichit,876,Wachira Barami,2014,0.249150928,31103
54,NO,Phichit,876,Wachira Barami,2015,0.336811703,31158
54,NO,Phichit,876,Wachira Barami,2016,0.345728011,30624
54,NO,Phichit,876,Wachira Barami,2017,0.429268834,30114
54,NO,Phichit,876,Wachira Barami,2018,0.481547627,29380
54,NO,Phichit,876,Wachira Barami,2019,0.617904463,29461
54,NO,Phichit,876,Wachira Barami,2020,0.735738296,29528
54,NO,Phichit,876,Wachira Barami,2021,0.92031612,29677
40,SO,Narathiwat,877,Waeng,2014,0.293557275,13226
40,SO,Narathiwat,877,Waeng,2015,0.258222986,13334
40,SO,Narathiwat,877,Waeng,2016,0.288092073,13376
40,SO,Narathiwat,877,Waeng,2017,0.389320904,11663
40,SO,Narathiwat,877,Waeng,2018,0.475759274,11733
40,SO,Narathiwat,877,Waeng,2019,0.445521406,12017
40,SO,Narathiwat,877,Waeng,2020,0.553583298,12092
40,SO,Narathiwat,877,Waeng,2021,0.690496715,14745
15,NE,Khon Kaen,878,Waeng Noi,2014,0.191206812,44360
15,NE,Khon Kaen,878,Waeng Noi,2015,0.206492328,44510
15,NE,Khon Kaen,878,Waeng Noi,2016,0.22845041,44656
15,NE,Khon Kaen,878,Waeng Noi,2017,0.292524852,44785
15,NE,Khon Kaen,878,Waeng Noi,2018,0.320020925,43096
15,NE,Khon Kaen,878,Waeng Noi,2019,0.318459181,43216
15,NE,Khon Kaen,878,Waeng Noi,2020,0.425588608,43322
15,NE,Khon Kaen,878,Waeng Noi,2021,0.411064419,43636
15,NE,Khon Kaen,879,Waeng Yai,2014,0.180368144,29817
15,NE,Khon Kaen,879,Waeng Yai,2015,0.208612815,29945
15,NE,Khon Kaen,879,Waeng Yai,2016,0.200344273,30042
15,NE,Khon Kaen,879,Waeng Yai,2017,0.259491846,30130
15,NE,Khon Kaen,879,Waeng Yai,2018,0.282945204,29003
15,NE,Khon Kaen,879,Waeng Yai,2019,0.335108958,29076
15,NE,Khon Kaen,879,Waeng Yai,2020,0.367328446,29156
15,NE,Khon Kaen,879,Waeng Yai,2021,0.427805274,29365
61,NE,Mukdahan,880,Wan Yai,2014,0.145489319,20577
61,NE,Mukdahan,880,Wan Yai,2015,0.214322696,20643
61,NE,Mukdahan,880,Wan Yai,2016,0.243829763,20713
61,NE,Mukdahan,880,Wan Yai,2017,0.427289736,20773
61,NE,Mukdahan,880,Wan Yai,2018,0.625323948,19187
61,NE,Mukdahan,880,Wan Yai,2019,0.582541688,19238
61,NE,Mukdahan,880,Wan Yai,2020,0.832574247,19286
61,NE,Mukdahan,880,Wan Yai,2021,0.913361672,19425
51,EA,Rayong,881,Wang Chan,2014,0.310544809,29709
51,EA,Rayong,881,Wang Chan,2015,0.409695465,29810
51,EA,Rayong,881,Wang Chan,2016,0.390158701,29907
51,EA,Rayong,881,Wang Chan,2017,0.519310804,29999
51,EA,Rayong,881,Wang Chan,2018,0.599948838,32410
51,EA,Rayong,881,Wang Chan,2019,0.729323265,32502
51,EA,Rayong,881,Wang Chan,2020,0.861705657,32585
51,EA,Rayong,881,Wang Chan,2021,1.490499043,32827
32,NO,Phrae,883,Wang Chin,2014,0.035453377,39314
32,NO,Phrae,883,Wang Chin,2015,0.058785403,39733
32,NO,Phrae,883,Wang Chin,2016,0.070553466,39827
32,NO,Phrae,883,Wang Chin,2017,0.104006441,39892
32,NO,Phrae,883,Wang Chin,2018,0.124427348,38824
32,NO,Phrae,883,Wang Chin,2019,0.151417075,38931
32,NO,Phrae,883,Wang Chin,2020,0.175287462,39030
32,NO,Phrae,883,Wang Chin,2021,0.18245632,39317
12,NE,Si Sa Ket,884,Wang Hin,2014,0.113749074,35218
12,NE,Si Sa Ket,884,Wang Hin,2015,0.122764887,35331
12,NE,Si Sa Ket,884,Wang Hin,2016,0.113332376,35441
12,NE,Si Sa Ket,884,Wang Hin,2017,0.200677113,35536
12,NE,Si Sa Ket,884,Wang Hin,2018,0.2166741,33156
12,NE,Si Sa Ket,884,Wang Hin,2019,0.282930979,33248
12,NE,Si Sa Ket,884,Wang Hin,2020,0.41783296,33331
12,NE,Si Sa Ket,884,Wang Hin,2021,0.573021027,33573
17,CE,Saraburi,885,Wang Muang,2014,0.697805788,26002
17,CE,Saraburi,885,Wang Muang,2015,0.736113831,26129
17,CE,Saraburi,885,Wang Muang,2016,0.773349435,26210
17,CE,Saraburi,885,Wang Muang,2017,0.919430789,26302
17,CE,Saraburi,885,Wang Muang,2018,0.903208598,25346
17,CE,Saraburi,885,Wang Muang,2019,0.90954268,25398
17,CE,Saraburi,885,Wang Muang,2020,0.970745406,25462
17,CE,Saraburi,885,Wang Muang,2021,1.189174578,25652
75,EA,Sa Kaew,887,Wang Nam Yen,2014,0.336007653,58869
75,EA,Sa Kaew,887,Wang Nam Yen,2015,0.385761798,60732
75,EA,Sa Kaew,887,Wang Nam Yen,2016,0.374943386,60835
75,EA,Sa Kaew,887,Wang Nam Yen,2017,0.474143111,60882
75,EA,Sa Kaew,887,Wang Nam Yen,2018,0.511751248,68582
75,EA,Sa Kaew,887,Wang Nam Yen,2019,0.620275113,69607
75,EA,Sa Kaew,887,Wang Nam Yen,2020,0.792658351,68828
75,EA,Sa Kaew,887,Wang Nam Yen,2021,0.981042157,69329
53,CE,Phra Nakhon Sri Ayuthaya,888,Wang Noi,2014,5.461998767,59603
53,CE,Phra Nakhon Sri Ayuthaya,888,Wang Noi,2015,5.84135149,59743
53,CE,Phra Nakhon Sri Ayuthaya,888,Wang Noi,2016,5.989087782,59939
53,CE,Phra Nakhon Sri Ayuthaya,888,Wang Noi,2017,6.674824528,60123
53,CE,Phra Nakhon Sri Ayuthaya,888,Wang Noi,2018,6.687825926,57380
53,CE,Phra Nakhon Sri Ayuthaya,888,Wang Noi,2019,6.896799489,57535
53,CE,Phra Nakhon Sri Ayuthaya,888,Wang Noi,2020,6.686134678,57683
53,CE,Phra Nakhon Sri Ayuthaya,888,Wang Noi,2021,7.416806873,58100
37,NO,Lampang,889,Wang Nua,2014,0.053773569,45508
37,NO,Lampang,889,Wang Nua,2015,0.063274064,45588
37,NO,Lampang,889,Wang Nua,2016,0.060823808,45739
37,NO,Lampang,889,Wang Nua,2017,0.083557396,45861
37,NO,Lampang,889,Wang Nua,2018,0.090138302,44206
37,NO,Lampang,889,Wang Nua,2019,0.106933561,44329
37,NO,Lampang,889,Wang Nua,2020,0.128797718,44442
37,NO,Lampang,889,Wang Nua,2021,0.164163273,44766
6,NE,Nakhon Ratchasima,886,Wang Num Khiaw,2014,0.141641176,39267
6,NE,Nakhon Ratchasima,886,Wang Num Khiaw,2015,0.164362415,39376
6,NE,Nakhon Ratchasima,886,Wang Num Khiaw,2016,0.182142726,39499
6,NE,Nakhon Ratchasima,886,Wang Num Khiaw,2017,0.241061656,39591
6,NE,Nakhon Ratchasima,886,Wang Num Khiaw,2018,0.250016086,37775
6,NE,Nakhon Ratchasima,886,Wang Num Khiaw,2019,0.244696643,38086
6,NE,Nakhon Ratchasima,886,Wang Num Khiaw,2020,0.286089015,38283
6,NE,Nakhon Ratchasima,886,Wang Num Khiaw,2021,0.324831155,38571
10,NO,Phetchabun,890,Wang Pong,2014,0.165514775,37088
10,NO,Phetchabun,890,Wang Pong,2015,0.171188332,37215
10,NO,Phetchabun,890,Wang Pong,2016,0.157399875,37371
10,NO,Phetchabun,890,Wang Pong,2017,0.197963903,37215
10,NO,Phetchabun,890,Wang Pong,2018,0.175719284,34966
10,NO,Phetchabun,890,Wang Pong,2019,0.164972803,35061
10,NO,Phetchabun,890,Wang Pong,2020,0.173675618,35148
10,NO,Phetchabun,890,Wang Pong,2021,0.215455424,35405
54,NO,Phichit,891,Wang Sai Phun,2014,0.134091922,30918
54,NO,Phichit,891,Wang Sai Phun,2015,0.169124557,31004
54,NO,Phichit,891,Wang Sai Phun,2016,0.143821306,31116
54,NO,Phichit,891,Wang Sai Phun,2017,0.261506249,31424
54,NO,Phichit,891,Wang Sai Phun,2018,0.278285434,30322
54,NO,Phichit,891,Wang Sai Phun,2019,0.295028012,30414
54,NO,Phichit,891,Wang Sai Phun,2020,0.383266359,30485
54,NO,Phichit,891,Wang Sai Phun,2021,0.538206548,30710
23,NE,Udon Thani,892,Wang Sam Mo,2014,0.108043392,46343
23,NE,Udon Thani,892,Wang Sam Mo,2015,0.11034037,46459
23,NE,Udon Thani,892,Wang Sam Mo,2016,0.103276667,46617
23,NE,Udon Thani,892,Wang Sam Mo,2017,0.151897639,46757
23,NE,Udon Thani,892,Wang Sam Mo,2018,0.179132784,43866
23,NE,Udon Thani,892,Wang Sam Mo,2019,0.214310055,43986
23,NE,Udon Thani,892,Wang Sam Mo,2020,0.228703926,44096
23,NE,Udon Thani,892,Wang Sam Mo,2021,0.25568216,44411
16,NE,Loei,893,Wang Saphung,2014,0.340210691,110890
16,NE,Loei,893,Wang Saphung,2015,0.377199191,111324
16,NE,Loei,893,Wang Saphung,2016,0.322314139,111699
16,NE,Loei,893,Wang Saphung,2017,0.428471707,111791
16,NE,Loei,893,Wang Saphung,2018,0.444088932,105933
16,NE,Loei,893,Wang Saphung,2019,0.509040443,106235
16,NE,Loei,893,Wang Saphung,2020,0.568503019,106479
16,NE,Loei,893,Wang Saphung,2021,0.626457183,107265
21,NO,Phitsanulok,895,Wang Thong,2014,0.127701402,132582
21,NO,Phitsanulok,895,Wang Thong,2015,0.163395115,133010
21,NO,Phitsanulok,895,Wang Thong,2016,0.177467637,133424
21,NO,Phitsanulok,895,Wang Thong,2017,0.247472517,133797
21,NO,Phitsanulok,895,Wang Thong,2018,0.26561599,127630
21,NO,Phitsanulok,895,Wang Thong,2019,0.305876956,127895
21,NO,Phitsanulok,895,Wang Thong,2020,0.323271321,128183
21,NO,Phitsanulok,895,Wang Thong,2021,0.408664089,128790
14,BKK&VIC,Bangkok,896,Wang Thonglang,2014,28.53816518,186177
14,BKK&VIC,Bangkok,896,Wang Thonglang,2015,29.16046759,186822
14,BKK&VIC,Bangkok,896,Wang Thonglang,2016,29.28160556,187439
14,BKK&VIC,Bangkok,896,Wang Thonglang,2017,29.7477755,188026
14,BKK&VIC,Bangkok,896,Wang Thonglang,2018,31.01703095,193697
14,BKK&VIC,Bangkok,896,Wang Thonglang,2019,33.54223245,194231
14,BKK&VIC,Bangkok,896,Wang Thonglang,2020,33.86204392,194720
14,BKK&VIC,Bangkok,896,Wang Thonglang,2021,34.61574586,196139
47,SO,Trang,897,Wang Wiset,2014,0.171067824,36827
47,SO,Trang,897,Wang Wiset,2015,0.185490564,36954
47,SO,Trang,897,Wang Wiset,2016,0.226530318,37072
47,SO,Trang,897,Wang Wiset,2017,0.340238784,37190
47,SO,Trang,897,Wang Wiset,2018,0.41570397,38318
47,SO,Trang,897,Wang Wiset,2019,0.411673636,38433
47,SO,Trang,897,Wang Wiset,2020,0.550741225,38530
47,SO,Trang,897,Wang Wiset,2021,0.654676539,38848
24,NE,Sakon Nakhon,899,Wanon Niwat,2014,0.11282047,105179
24,NE,Sakon Nakhon,899,Wanon Niwat,2015,0.12830768,105504
24,NE,Sakon Nakhon,899,Wanon Niwat,2016,0.129179806,105913
24,NE,Sakon Nakhon,899,Wanon Niwat,2017,0.225780895,106336
24,NE,Sakon Nakhon,899,Wanon Niwat,2018,0.231715169,99713
24,NE,Sakon Nakhon,899,Wanon Niwat,2019,0.226790292,99987
24,NE,Sakon Nakhon,899,Wanon Niwat,2020,0.282978775,100235
24,NE,Sakon Nakhon,899,Wanon Niwat,2021,0.373709565,100973
46,NE,Maha Sarakham,900,Wapi Pathum,2014,0.168319578,103131
46,NE,Maha Sarakham,900,Wapi Pathum,2015,0.199112773,103486
46,NE,Maha Sarakham,900,Wapi Pathum,2016,0.175251319,103745
46,NE,Maha Sarakham,900,Wapi Pathum,2017,0.315711804,104007
46,NE,Maha Sarakham,900,Wapi Pathum,2018,0.37400198,100909
46,NE,Maha Sarakham,900,Wapi Pathum,2019,0.42882655,101807
46,NE,Maha Sarakham,900,Wapi Pathum,2020,0.516426607,102758
46,NE,Maha Sarakham,900,Wapi Pathum,2021,0.582191341,103510
41,NE,Ubon Ratchathani,901,Warin Chamrap,2014,0.943216215,164523
41,NE,Ubon Ratchathani,901,Warin Chamrap,2015,1.046099628,165013
41,NE,Ubon Ratchathani,901,Warin Chamrap,2016,1.133146431,165492
41,NE,Ubon Ratchathani,901,Warin Chamrap,2017,1.37032822,165940
41,NE,Ubon Ratchathani,901,Warin Chamrap,2018,1.432253458,157955
41,NE,Ubon Ratchathani,901,Warin Chamrap,2019,1.47490438,158414
41,NE,Ubon Ratchathani,901,Warin Chamrap,2020,1.612484169,158816
41,NE,Ubon Ratchathani,901,Warin Chamrap,2021,1.900468987,159989
24,NE,Sakon Nakhon,902,Waritchaphum,2014,0.125651967,46299
24,NE,Sakon Nakhon,902,Waritchaphum,2015,0.156428231,46453
24,NE,Sakon Nakhon,902,Waritchaphum,2016,0.151201108,46589
24,NE,Sakon Nakhon,902,Waritchaphum,2017,0.302733463,46715
24,NE,Sakon Nakhon,902,Waritchaphum,2018,0.326878073,43804
24,NE,Sakon Nakhon,902,Waritchaphum,2019,0.289378023,43922
24,NE,Sakon Nakhon,902,Waritchaphum,2020,0.335947563,44035
24,NE,Sakon Nakhon,902,Waritchaphum,2021,0.421327452,44353
21,NO,Phitsanulok,903,Wat Bot,2014,0.11033671,40906
21,NO,Phitsanulok,903,Wat Bot,2015,0.130925634,41040
21,NO,Phitsanulok,903,Wat Bot,2016,0.12022377,41159
21,NO,Phitsanulok,903,Wat Bot,2017,0.179810155,41275
21,NO,Phitsanulok,903,Wat Bot,2018,0.176848502,39392
21,NO,Phitsanulok,903,Wat Bot,2019,0.186935356,39493
21,NO,Phitsanulok,903,Wat Bot,2020,0.206442777,39592
21,NO,Phitsanulok,903,Wat Bot,2021,0.255491913,39878
30,WE,Ratchaburi,904,Wat Phleng,2014,1.536273953,10595
30,WE,Ratchaburi,904,Wat Phleng,2015,1.734891595,10634
30,WE,Ratchaburi,904,Wat Phleng,2016,1.490592998,10668
30,WE,Ratchaburi,904,Wat Phleng,2017,1.687240669,10701
30,WE,Ratchaburi,904,Wat Phleng,2018,1.916868068,10448
30,WE,Ratchaburi,904,Wat Phleng,2019,1.883223636,10477
30,WE,Ratchaburi,904,Wat Phleng,2020,2.1748737,10503
30,WE,Ratchaburi,904,Wat Phleng,2021,2.445923056,10579
66,CE,Chai Nat,905,Wat Sing,2014,0.250133867,21021
66,CE,Chai Nat,905,Wat Sing,2015,0.323774691,21086
66,CE,Chai Nat,905,Wat Sing,2016,0.334014251,21170
66,CE,Chai Nat,905,Wat Sing,2017,0.432408201,21217
66,CE,Chai Nat,905,Wat Sing,2018,0.426192303,21310
66,CE,Chai Nat,905,Wat Sing,2019,0.42111341,21366
66,CE,Chai Nat,905,Wat Sing,2020,0.491964215,21423
66,CE,Chai Nat,905,Wat Sing,2021,0.672149599,21576
14,BKK&VIC,Bangkok,874,Wattana,2014,36.83985386,210447
14,BKK&VIC,Bangkok,874,Wattana,2015,37.65115263,211177
14,BKK&VIC,Bangkok,874,Wattana,2016,39.54597647,211872
14,BKK&VIC,Bangkok,874,Wattana,2017,41.46934583,212537
14,BKK&VIC,Bangkok,874,Wattana,2018,42.94549785,219936
14,BKK&VIC,Bangkok,874,Wattana,2019,44.6045785,220542
14,BKK&VIC,Bangkok,874,Wattana,2020,40.87179528,221096
14,BKK&VIC,Bangkok,874,Wattana,2021,39.69695703,222709
75,EA,Sa Kaew,906,Watthana Nakhon,2014,0.224648427,93381
75,EA,Sa Kaew,906,Watthana Nakhon,2015,0.280178521,93698
75,EA,Sa Kaew,906,Watthana Nakhon,2016,0.38474,94659
75,EA,Sa Kaew,906,Watthana Nakhon,2017,0.341761961,95423
75,EA,Sa Kaew,906,Watthana Nakhon,2018,0.35423236,106526
75,EA,Sa Kaew,906,Watthana Nakhon,2019,0.365893936,106749
75,EA,Sa Kaew,906,Watthana Nakhon,2020,0.3879692,106992
75,EA,Sa Kaew,906,Watthana Nakhon,2021,0.451464862,107771
25,NO,Chiang Rai,907,Wiang Chai,2014,0.403996808,39844
25,NO,Chiang Rai,907,Wiang Chai,2015,0.453015217,40351
25,NO,Chiang Rai,907,Wiang Chai,2016,0.433182772,40053
25,NO,Chiang Rai,907,Wiang Chai,2017,0.560344462,42179
25,NO,Chiang Rai,907,Wiang Chai,2018,0.604494654,39850
25,NO,Chiang Rai,907,Wiang Chai,2019,0.670159978,39988
25,NO,Chiang Rai,907,Wiang Chai,2020,0.849857764,40096
25,NO,Chiang Rai,907,Wiang Chai,2021,0.998868668,40823
65,NO,Chiang Mai,909,Wiang Haeng,2014,0.047248882,23986
65,NO,Chiang Mai,909,Wiang Haeng,2015,0.057847341,24132
65,NO,Chiang Mai,909,Wiang Haeng,2016,0.046252363,23988
65,NO,Chiang Mai,909,Wiang Haeng,2017,0.07184726,23901
65,NO,Chiang Mai,909,Wiang Haeng,2018,0.072442664,22765
65,NO,Chiang Mai,909,Wiang Haeng,2019,0.097102912,22825
65,NO,Chiang Mai,909,Wiang Haeng,2020,0.10437042,22850
65,NO,Chiang Mai,909,Wiang Haeng,2021,0.088904809,23011
15,NE,Khon Kaen,911,Wiang Kao,2014,0.061834761,20975
15,NE,Khon Kaen,911,Wiang Kao,2015,0.102702747,21059
15,NE,Khon Kaen,911,Wiang Kao,2016,0.097350383,21128
15,NE,Khon Kaen,911,Wiang Kao,2017,0.118070892,21203
15,NE,Khon Kaen,911,Wiang Kao,2018,0.120328837,20392
15,NE,Khon Kaen,911,Wiang Kao,2019,0.120594915,20273
15,NE,Khon Kaen,911,Wiang Kao,2020,0.138800386,20274
15,NE,Khon Kaen,911,Wiang Kao,2021,0.139773401,20409
25,NO,Chiang Rai,913,Wiang Pa Pao,2014,0.123303668,66394
25,NO,Chiang Rai,913,Wiang Pa Pao,2015,0.140518368,66874
25,NO,Chiang Rai,913,Wiang Pa Pao,2016,0.118815358,67095
25,NO,Chiang Rai,913,Wiang Pa Pao,2017,0.15335422,67313
25,NO,Chiang Rai,913,Wiang Pa Pao,2018,0.157557234,63618
25,NO,Chiang Rai,913,Wiang Pa Pao,2019,0.162586818,63795
25,NO,Chiang Rai,913,Wiang Pa Pao,2020,0.196821168,63952
25,NO,Chiang Rai,913,Wiang Pa Pao,2021,0.187998818,64421
70,NO,Nan,914,Wiang Sa,2014,0.059766817,68959
70,NO,Nan,914,Wiang Sa,2015,0.081265433,69195
70,NO,Nan,914,Wiang Sa,2016,0.076951302,69425
70,NO,Nan,914,Wiang Sa,2017,0.106254847,69641
70,NO,Nan,914,Wiang Sa,2018,0.124778543,71128
70,NO,Nan,914,Wiang Sa,2019,0.154708218,71681
70,NO,Nan,914,Wiang Sa,2020,0.189200137,71860
70,NO,Nan,914,Wiang Sa,2021,0.196184447,72385
11,SO,Surat Thani,914,Wiang Sa,2014,0.8692491,68959
11,SO,Surat Thani,914,Wiang Sa,2015,0.918847484,69195
11,SO,Surat Thani,914,Wiang Sa,2016,0.87282968,69425
11,SO,Surat Thani,914,Wiang Sa,2017,1.029432451,69641
11,SO,Surat Thani,914,Wiang Sa,2018,1.126198982,71128
11,SO,Surat Thani,914,Wiang Sa,2019,1.073678557,71681
11,SO,Surat Thani,914,Wiang Sa,2020,1.338727658,71860
11,SO,Surat Thani,914,Wiang Sa,2021,1.654793927,72385
10,NO,Phetchabun,916,Wichian Buri,2014,0.266034743,125296
10,NO,Phetchabun,916,Wichian Buri,2015,0.30685057,125738
10,NO,Phetchabun,916,Wichian Buri,2016,0.252572033,126332
10,NO,Phetchabun,916,Wichian Buri,2017,0.262499754,126937
10,NO,Phetchabun,916,Wichian Buri,2018,0.256719456,119271
10,NO,Phetchabun,916,Wichian Buri,2019,0.272961989,119580
10,NO,Phetchabun,916,Wichian Buri,2020,0.291907147,120066
10,NO,Phetchabun,916,Wichian Buri,2021,0.356712766,120960
25,NO,Chiang Rai,910,Wieng Kaen,2014,0.09157948,31041
25,NO,Chiang Rai,910,Wieng Kaen,2015,0.123404872,31146
25,NO,Chiang Rai,910,Wieng Kaen,2016,0.12573812,31250
25,NO,Chiang Rai,910,Wieng Kaen,2017,0.166136885,31334
25,NO,Chiang Rai,910,Wieng Kaen,2018,0.196672387,29599
25,NO,Chiang Rai,910,Wieng Kaen,2019,0.217236113,29681
25,NO,Chiang Rai,910,Wieng Kaen,2020,0.257012192,29783
25,NO,Chiang Rai,910,Wieng Kaen,2021,0.225334366,30063
17,CE,Saraburi,917,Wihan Daeng,2014,1.424369844,41921
17,CE,Saraburi,917,Wihan Daeng,2015,1.516752845,42074
17,CE,Saraburi,917,Wihan Daeng,2016,1.569098172,42208
17,CE,Saraburi,917,Wihan Daeng,2017,1.756141521,42338
17,CE,Saraburi,917,Wihan Daeng,2018,1.715275923,40905
17,CE,Saraburi,917,Wihan Daeng,2019,1.832870038,41019
17,CE,Saraburi,917,Wihan Daeng,2020,1.910561813,40825
17,CE,Saraburi,917,Wihan Daeng,2021,2.056125372,41124
45,CE,Ang Thong,918,Wiset Chai Chan,2014,1.066843966,62144
45,CE,Ang Thong,918,Wiset Chai Chan,2015,1.192389543,62354
45,CE,Ang Thong,918,Wiset Chai Chan,2016,1.361794784,62558
45,CE,Ang Thong,918,Wiset Chai Chan,2017,1.514075319,62759
45,CE,Ang Thong,918,Wiset Chai Chan,2018,1.668537457,62401
45,CE,Ang Thong,918,Wiset Chai Chan,2019,1.833432868,62569
45,CE,Ang Thong,918,Wiset Chai Chan,2020,2.040718297,63131
45,CE,Ang Thong,918,Wiset Chai Chan,2021,2.379078685,63585
33,SO,Yala,919,Yaha,2014,0.292283836,41493
33,SO,Yala,919,Yaha,2015,0.319947514,42160
33,SO,Yala,919,Yaha,2016,0.334848798,42303
33,SO,Yala,919,Yaha,2017,0.400218096,42520
33,SO,Yala,919,Yaha,2018,0.451388467,42847
33,SO,Yala,919,Yaha,2019,0.356498647,42969
33,SO,Yala,919,Yaha,2020,0.449141881,43076
33,SO,Yala,919,Yaha,2021,0.512909638,43413
47,SO,Trang,921,Yan Ta Khao,2014,0.400303937,63348
47,SO,Trang,921,Yan Ta Khao,2015,0.490760628,63570
47,SO,Trang,921,Yan Ta Khao,2016,0.563040663,63783
47,SO,Trang,921,Yan Ta Khao,2017,0.699892559,63978
47,SO,Trang,921,Yan Ta Khao,2018,0.778639168,65798
47,SO,Trang,921,Yan Ta Khao,2019,0.780031995,66266
47,SO,Trang,921,Yan Ta Khao,2020,0.884759368,66432
47,SO,Trang,921,Yan Ta Khao,2021,1.034330354,66914
12,NE,Si Sa Ket,922,Yang Chum Noi,2014,0.146132922,27682
12,NE,Si Sa Ket,922,Yang Chum Noi,2015,0.176512101,27878
12,NE,Si Sa Ket,922,Yang Chum Noi,2016,0.171511643,27973
12,NE,Si Sa Ket,922,Yang Chum Noi,2017,0.288122833,28069
12,NE,Si Sa Ket,922,Yang Chum Noi,2018,0.32825964,26693
12,NE,Si Sa Ket,922,Yang Chum Noi,2019,0.309855605,26766
12,NE,Si Sa Ket,922,Yang Chum Noi,2020,0.369558267,26832
12,NE,Si Sa Ket,922,Yang Chum Noi,2021,0.389680728,27027
46,NE,Maha Sarakham,923,Yang Si Surat,2014,0.093458216,29452
46,NE,Maha Sarakham,923,Yang Si Surat,2015,0.160825277,29558
46,NE,Maha Sarakham,923,Yang Si Surat,2016,0.148319664,29695
46,NE,Maha Sarakham,923,Yang Si Surat,2017,0.251434859,29912
46,NE,Maha Sarakham,923,Yang Si Surat,2018,0.262672552,28201
46,NE,Maha Sarakham,923,Yang Si Surat,2019,0.248265099,24059
46,NE,Maha Sarakham,923,Yang Si Surat,2020,0.270683941,21884
46,NE,Maha Sarakham,923,Yang Si Surat,2021,0.297840682,22053
20,NE,Kalasin,924,Yang Talat,2014,0.396565977,110067
20,NE,Kalasin,924,Yang Talat,2015,0.485807466,110416
20,NE,Kalasin,924,Yang Talat,2016,0.523646923,110784
20,NE,Kalasin,924,Yang Talat,2017,0.700719575,111129
20,NE,Kalasin,924,Yang Talat,2018,0.744892414,105347
20,NE,Kalasin,924,Yang Talat,2019,0.687169032,105305
20,NE,Kalasin,924,Yang Talat,2020,0.78635888,105403
20,NE,Kalasin,924,Yang Talat,2021,0.889938271,106174
14,BKK&VIC,Bangkok,920,Yannawa,2014,33.80558999,232239
14,BKK&VIC,Bangkok,920,Yannawa,2015,36.05011758,233045
14,BKK&VIC,Bangkok,920,Yannawa,2016,35.97451223,233814
14,BKK&VIC,Bangkok,920,Yannawa,2017,35.76838857,234545
14,BKK&VIC,Bangkok,920,Yannawa,2018,36.80253175,242655
14,BKK&VIC,Bangkok,920,Yannawa,2019,39.08070778,243323
14,BKK&VIC,Bangkok,920,Yannawa,2020,38.52397414,243934
14,BKK&VIC,Bangkok,920,Yannawa,2021,39.27009937,245713
57,SO,Pattani,925,Yarang,2014,1.049775368,78469
57,SO,Pattani,925,Yarang,2015,1.198983991,78700
57,SO,Pattani,925,Yarang,2016,1.27588619,78961
57,SO,Pattani,925,Yarang,2017,1.457093677,79185
57,SO,Pattani,925,Yarang,2018,1.530717484,80352
57,SO,Pattani,925,Yarang,2019,1.542014895,80571
57,SO,Pattani,925,Yarang,2020,1.691260277,80778
57,SO,Pattani,925,Yarang,2021,1.943352871,80979
57,SO,Pattani,926,Yaring,2014,0.891358286,79655
57,SO,Pattani,926,Yaring,2015,1.048055704,79932
57,SO,Pattani,926,Yaring,2016,1.167862944,80197
57,SO,Pattani,926,Yaring,2017,1.281961073,80446
57,SO,Pattani,926,Yaring,2018,1.555759036,81609
57,SO,Pattani,926,Yaring,2019,1.631503145,81834
57,SO,Pattani,926,Yaring,2020,1.779171995,82040
57,SO,Pattani,926,Yaring,2021,1.794621819,83151
40,SO,Narathiwat,927,Yi-ngo,2014,0.543810167,41211
40,SO,Narathiwat,927,Yi-ngo,2015,0.635840026,41353
40,SO,Narathiwat,927,Yi-ngo,2016,0.740668107,41490
40,SO,Narathiwat,927,Yi-ngo,2017,0.848041269,41618
40,SO,Narathiwat,927,Yi-ngo,2018,0.934773544,41899
40,SO,Narathiwat,927,Yi-ngo,2019,1.033560212,42013
40,SO,Narathiwat,927,Yi-ngo,2020,1.131430141,42120
40,SO,Narathiwat,927,Yi-ngo,2021,1.146332112,42481
