asdf_id,landscan_global_population.2021.sum,landscan_global_population.2020.sum,landscan_global_population.2019.sum,landscan_global_population.2018.sum,landscan_global_population.2017.sum,landscan_global_population.2016.sum,landscan_global_population.2015.sum,landscan_global_population.2014.sum,Level,gqid,shapeGroup,shapeID,shapeName,shapeType
0,54593.36999,54198.20999,54062.72999,53916.21999,57319.87999,57169.12999,56999.34999,56834.12999,ADM2,0,THA,THA-ADM2-46861878B77456438,Akat Amnuai,ADM2
1,59270.96012,58844.86012,58700.80012,58744.11012,58631.05012,58448.72012,58259.28012,58068.61012,ADM2,1,THA,THA-ADM2-46861878B86341097,Amphawa,ADM2
2,49650.20999,49287.53999,49153.84999,48897.45999,48071.91999,47859.30999,47707.08999,47539.44999,ADM2,2,THA,THA-ADM2-46861878B30830720,Ao Luk,ADM2
3,108596.4,107687.94,107538.08,107612.9,96288.5601,96618.1501,95470.02008,95048.94008,ADM2,3,THA,THA-ADM2-46861878B38226107,Aranyaprathet,ADM2
4,60709.37003,60272.20003,60113.72003,59944.78003,62784.79003,62605.03003,62400.71003,62184.00003,ADM2,4,THA,THA-ADM2-46861878B50974106,At Samat,ADM2
5,45911.76002,45538.98002,45428.00002,45300.14002,44991.32002,44852.03002,44705.73002,44551.70002,ADM2,5,THA,THA-ADM2-46861878B31604779,Bacho,ADM2
6,47700.11999,47344.94999,47231.93999,47107.10999,48971.19999,48794.53999,48638.39999,48492.75999,ADM2,6,THA,THA-ADM2-46861878B64949414,Bamnet Narong,ADM2
7,153441.29,152332.83,151981.18,151612.96,142837.47,142586.38,142117.46,141651.32,ADM2,7,THA,THA-ADM2-46861878B1348916,Ban Bung,ADM2
8,85766.61012,85144.03012,84965.61012,84804.38013,78331.31012,77717.71014,77464.55014,77231.02014,ADM2,8,THA,THA-ADM2-46861878B2990351,Ban Chang,ADM2
9,18499.18003,18362.64003,18311.70003,18264.87003,20808.49003,20859.33003,20842.49003,23822.37004,ADM2,9,THA,THA-ADM2-46861878B30003086,Ban Dan,ADM2
10,45574.43002,45248.46002,45141.76002,45039.69002,47167.79002,47088.19002,46948.11002,46744.80002,ADM2,10,THA,THA-ADM2-46861878B10317958,Ban Dan Lan Hoi,ADM2
11,100011.5601,99279.06009,99036.75009,98765.28009,105279.7601,104956.6501,104608.3901,104173.5401,ADM2,11,THA,THA-ADM2-46861878B80174851,Ban Dung,ADM2
12,51010.42996,50640.61996,50746.01999,50608.48999,52580.57999,52426.52999,52255.52999,52076.36999,ADM2,12,THA,THA-ADM2-46861878B66219309,Ban Fang,ADM2
13,25573.83,25375.92,25448.88,25378.71,28748.21,28652.32,28560.99,28470.54,ADM2,13,THA,THA-ADM2-46861878B89938454,Ban Haet,ADM2
14,45585.17998,45254.61998,45142.90998,45024.24998,46808.47997,46732.96997,46582.76997,46859.08997,ADM2,14,THA,THA-ADM2-46861878B601664,Ban Hong,ADM2
15,14981.76,14885.3,14857.82,14778.44,20154.53,20092.43,20034.44,19963.91,ADM2,15,THA,THA-ADM2-46861878B71615132,Ban Kha,ADM2
16,104836.8702,104080.9302,103887.3802,103613.7802,94631.56014,95773.25015,95471.58015,95124.63014,ADM2,16,THA,THA-ADM2-46861878B93758212,Ban Khai,ADM2
17,15772.26,15658.09,15650.85,15608.91,16052.84,16079.52,16049.07,15991.57,ADM2,17,THA,THA-ADM2-46861878B15796892,Ban Khok,ADM2
18,45349.00997,45019.90997,44908.90997,44786.39997,46578.46997,46462.43997,46313.32997,46285.23997,ADM2,18,THA,THA-ADM2-46861878B79747864,Ban Khwao,ADM2
19,63987.02997,63525.50997,63367.52997,63211.49997,66825.63997,66358.48997,66153.43997,67787.63997,ADM2,19,THA,THA-ADM2-46861878B8440153,Ban Kruat,ADM2
20,57305.97988,56890.82988,56722.48988,57662.38989,58824.20989,58645.36989,58455.42989,58525.28989,ADM2,20,THA,THA-ADM2-46861878B37167431,Ban Laem,ADM2
21,47394.99992,47054.03992,46918.88992,47180.53991,48191.38991,48048.65991,47889.69991,48134.98991,ADM2,21,THA,THA-ADM2-46861878B96506356,Ban Lat,ADM2
22,10773.78,10694.8,10667.34,10637.62,11202.09,11146.67,11085.18,10999.77,ADM2,22,THA,THA-ADM2-46861878B38737584,Ban Luang,ADM2
23,22505.28999,22343.65999,22283.83999,22220.46999,23401.15999,23395.51999,23326.73999,23279.44999,ADM2,23,THA,THA-ADM2-46861878B39690771,Ban Luam,ADM2
24,23103.97002,22939.89002,22884.27002,22821.69002,24118.93003,24071.21003,23994.86003,23909.21003,ADM2,24,THA,THA-ADM2-46861878B11996455,Ban Mai Chai Pho,ADM2
25,90233.91004,89581.44004,89353.65004,89105.95004,91429.88005,91167.84005,90871.86005,90564.28004,ADM2,25,THA,THA-ADM2-46861878B43263021,Ban Mi,ADM2
26,51112.98991,50743.40991,50619.18991,50472.16991,52505.46991,52484.34991,52310.91991,53143.63989,ADM2,26,THA,THA-ADM2-46861878B94084697,Ban Mo,ADM2
27,56142.33001,55740.43001,55613.48001,55459.76001,59098.57001,58914.57001,58723.21001,58547.43001,ADM2,27,THA,THA-ADM2-46861878B94741256,Ban Muang,ADM2
28,80492.62999,79903.15999,79055.81999,78842.82999,70152.90999,69942.11999,69710.21999,69481.01999,ADM2,28,THA,THA-ADM2-46861878B36148528,Ban Na,ADM2
29,26929.10997,26671.09997,26607.95997,26425.41997,25892.41997,25822.19997,25734.62997,25649.55997,ADM2,29,THA,THA-ADM2-46861878B41482005,Ban Na Doem,ADM2
30,84662.46009,83940.62009,83731.83009,83806.78006,82127.76006,81875.21006,81605.48006,81323.02006,ADM2,30,THA,THA-ADM2-46861878B77819000,Ban Na San,ADM2
31,28216.83001,28009.60001,27938.51001,27860.45001,29866.06002,29769.93002,29669.82002,29549.43002,ADM2,31,THA,THA-ADM2-46861878B63605752,Ban Phaeng,ADM2
32,201726.7,200268.42,199692.45,199144.45,184043.91,183472.76,182867.27,182243.75,ADM2,32,THA,THA-ADM2-46861878B46267823,Ban Phaeo,ADM2
33,111771.02,110990.22,110684.64,110386.7,109830.77,109522.35,109157.93,108764.94,ADM2,33,THA,THA-ADM2-46861878B65972057,Ban Phai,ADM2
34,66215.96997,65731.71997,65582.32997,65407.93997,59295.91998,59122.16998,58930.42998,58965.68998,ADM2,34,THA,THA-ADM2-46861878B41690743,Ban Pho,ADM2
35,12075.37001,11988.63001,11981.38001,11949.29001,12367.19001,12256.03001,12213.88001,11623.82001,ADM2,35,THA,THA-ADM2-46861878B26829203,Ban Phraek,ADM2
36,89841.58,89189.42,88971.63,88729.68,94557.98,94420.06,94255.35,94381.85999,ADM2,36,THA,THA-ADM2-46861878B10407028,Ban Phu,ADM2
37,162492.62,161306.97,160921.86,160485.3,163659.41,163150.32,162622.8,162055.23,ADM2,37,THA,THA-ADM2-46861878B62110500,Ban Pong,ADM2
38,57499.46002,57082.72002,56947.00002,56791.76002,58735.15002,58539.79002,58335.89002,58161.44002,ADM2,38,THA,THA-ADM2-46861878B31772399,Ban Rai,ADM2
39,49229.55996,48869.05996,48747.75997,48628.42997,43725.69997,43592.35997,43446.84997,43431.03997,ADM2,39,THA,THA-ADM2-46861878B62371448,Ban Sang,ADM2
40,16470.31,16418.08,16376.14,16331.53,15668.42,15585.09,15491.65,15438.65,ADM2,40,THA,THA-ADM2-46861878B69924630,Ban Ta Khun,ADM2
41,48464.94997,48113.98997,47993.78997,47870.46997,51205.83997,51048.36997,50873.15997,50680.50997,ADM2,41,THA,THA-ADM2-46861878B16614923,Ban Tak,ADM2
42,39708.93001,39422.16001,39318.96001,39210.40001,40770.41002,40641.41002,40511.07002,40373.14002,ADM2,42,THA,THA-ADM2-46861878B56315320,Ban Thaen,ADM2
43,24049.01004,23882.23004,23909.66004,24012.64005,24895.28005,24974.41006,25024.07006,25719.81006,ADM2,43,THA,THA-ADM2-46861878B52650242,Ban Thi,ADM2
44,43653.49002,43335.08002,43240.46002,43124.70002,45309.98001,45168.25001,45018.35001,44864.67001,ADM2,44,THA,THA-ADM2-46861878B30667531,Bang Ban,ADM2
45,189516.5301,188145.2801,187692.2201,187173.5301,164172.6601,163939.4401,163464.2301,162905.0601,ADM2,45,THA,THA-ADM2-46861878B23740274,Bang Bo,ADM2
46,198836.1296,197434.7796,196978.8696,196561.0696,190914.9396,190316.2296,189695.1196,189049.3596,ADM2,46,THA,THA-ADM2-46861878B71397322,Bang Bon,ADM2
47,238183.3101,236455.9501,237357.2301,236706.2601,202532.5001,201880.3901,201220.4901,200786.8801,ADM2,47,THA,THA-ADM2-46861878B43686005,Bang Bua Thong,ADM2
48,34878.89005,34625.56005,34532.33005,34436.43005,32827.90005,32716.89005,32610.84005,32498.62005,ADM2,48,THA,THA-ADM2-46861878B26276863,Bang Kaeo,ADM2
49,254788.1409,252944.7809,252377.1209,251844.0009,244044.4809,243284.7609,242482.0909,241676.9909,ADM2,49,THA,THA-ADM2-46861878B68087622,Bang Kapi,ADM2
50,272884.1803,270907.8102,270229.2002,269486.2902,257464.6502,256660.1702,255817.7502,255080.2002,ADM2,50,THA,THA-ADM2-46861878B79871285,Bang Khae,ADM2
51,32736.56002,33051.10002,32968.98002,32878.83002,31665.63001,31572.37001,31468.77001,31358.57001,ADM2,51,THA,THA-ADM2-46861878B92152867,Bang Khan,ADM2
52,433758.9407,430620.4807,430063.9007,429783.1907,418085.5906,417339.1106,416010.6206,415227.6806,ADM2,52,THA,THA-ADM2-46861878B17841922,Bang Khen,ADM2
53,66884.41008,66404.46007,66241.83007,66060.64007,59729.56007,59577.43007,59409.37007,59210.75007,ADM2,53,THA,THA-ADM2-46861878B82298040,Bang Khla,ADM2
54,214044.7103,212493.8603,211961.9003,211381.6103,204589.6103,203951.5603,203280.0103,202581.8503,ADM2,54,THA,THA-ADM2-46861878B82195275,Bang Kho Laem,ADM2
55,30922.6901,30698.5101,30493.2801,30407.4101,30354.9001,30261.9101,30160.5001,30057.8301,ADM2,55,THA,THA-ADM2-46861878B62626799,Bang Khon Ti,ADM2
56,154270.9196,153137.7296,152562.7296,151373.5696,145767.7996,145316.1896,144834.8596,144358.0996,ADM2,56,THA,THA-ADM2-46861878B54590699,Bangkhuntien,ADM2
57,25070.56995,24896.34995,24835.53995,24771.03995,24326.86995,24256.18995,24175.54995,24108.93995,ADM2,57,THA,THA-ADM2-46861878B70869359,Bang Klam,ADM2
58,58668.78992,58362.06992,58234.16992,58109.29992,60906.05992,60721.46992,60526.43992,60366.03992,ADM2,58,THA,THA-ADM2-46861878B45987752,Bang Krathum,ADM2
59,134432.1901,133458.5601,133183.4701,132934.7901,114397.7101,114044.9201,113670.3001,113274.9101,ADM2,59,THA,THA-ADM2-46861878B31345097,Bang Kruai,ADM2
60,273377.5004,271395.9504,270977.4104,270858.7404,254197.4802,253345.5002,252505.9502,251865.7803,ADM2,60,THA,THA-ADM2-46861878B93241977,Bang Lamung,ADM2
61,123477.4101,122587.0201,122354.2201,122012.4701,106542.3501,106211.4901,105870.7501,105499.9101,ADM2,61,THA,THA-ADM2-46861878B41127828,Bang Len,ADM2
62,41269.74999,40967.38999,40869.84999,40750.76999,41742.13999,42272.83999,42132.93999,41985.77999,ADM2,62,THA,THA-ADM2-46861878B96008637,Bang Mun Nak,ADM2
63,222820.7796,221207.8496,220652.7296,220047.8496,209678.3497,209030.0897,208346.0297,207634.3297,ADM2,63,THA,THA-ADM2-46861878B76055654,Bang Na,ADM2
64,105999.34,105226.23,105595.6201,105329.0201,95614.21011,94895.80011,94585.84011,89946.59016,ADM2,64,THA,THA-ADM2-46861878B42615388,Bang Nam Prieo,ADM2
65,92540.2701,91873.3501,91699.3401,91440.8201,94452.22009,94145.08009,93835.64009,93592.81009,ADM2,65,THA,THA-ADM2-46861878B62118157,Bang Pa-In,ADM2
66,46551.57007,46216.15007,46193.97007,46066.11007,48051.28008,47969.15008,47811.54008,47973.80008,ADM2,66,THA,THA-ADM2-46861878B44752445,Bang Pahan,ADM2
67,105413.3501,104646.1801,104395.5501,104111.7001,93953.95006,93637.23006,93331.24006,92654.57006,ADM2,67,THA,THA-ADM2-46861878B64835403,Bang Pakong,ADM2
68,43600.05001,43282.39001,43060.91002,42958.50002,43705.61002,43567.62002,43430.92002,43278.75002,ADM2,68,THA,THA-ADM2-46861878B81490998,Bang Phae,ADM2
69,137508.4407,136513.3407,136208.4207,135902.6507,127707.9907,127308.4407,126889.5006,126450.3706,ADM2,69,THA,THA-ADM2-46861878B41005453,Bang Plad,ADM2
70,392721.7704,389886.3904,388800.8204,387731.8304,340469.5604,337508.1604,335259.3403,334009.2303,ADM2,70,THA,THA-ADM2-46861878B54274801,Bang Plee,ADM2
71,90802.88001,90143.53001,89907.76001,89664.04001,90757.61001,90469.82001,90174.20001,89879.53001,ADM2,71,THA,THA-ADM2-46861878B58233155,Bang Pla Ma,ADM2
72,36703.26006,36441.27006,36350.87006,36248.40006,36170.72006,36057.32006,35937.21006,35816.44006,ADM2,72,THA,THA-ADM2-46861878B5481398,Bang Rachan,ADM2
73,134974.4082,133997.6082,133661.6382,133294.9982,128876.9883,128474.7483,128051.9283,127609.3283,ADM2,73,THA,THA-ADM2-46861878B74166244,Bang Rak,ADM2
74,103756.04,102986.78,102739.91,102478.88,107376.45,107127.57,106856.96,106513.87,ADM2,74,THA,THA-ADM2-46861878B89125777,Bang Rakam,ADM2
75,59441.13009,59015.39009,58862.72009,58685.51009,61320.0901,61152.8501,60943.7601,60558.3101,ADM2,75,THA,THA-ADM2-46861878B18260980,Bang Sai,ADM2
76,17614.95001,17478.98001,17508.41001,17477.02001,18249.45001,18167.84001,18121.73001,18243.49001,ADM2,76,THA,THA-ADM2-46861878B20958123,Bang Sai,ADM2
77,90271.78022,89611.62022,89464.63022,89221.13021,79274.96019,79732.29019,79455.30019,79290.2502,ADM2,77,THA,THA-ADM2-46861878B9934726,Bang Sao Thon,ADM2
78,64629.05002,64155.51002,64356.70002,65106.29001,67342.76002,67132.00002,66915.59002,67009.97001,ADM2,78,THA,THA-ADM2-46861878B21150781,Bang Saphan,ADM2
79,32035.89999,31806.63999,31794.96999,31841.62999,33470.59998,33375.81998,33263.14998,33185.53998,ADM2,79,THA,THA-ADM2-46861878B15478540,Bang Saphan Noi,ADM2
80,197596.3811,196166.4411,195688.1911,195175.5711,183995.701,183425.851,182822.601,182193.391,ADM2,80,THA,THA-ADM2-46861878B90396763,Bang Su,ADM2
81,123457.6201,122565.0801,120596.6601,120265.5501,103141.4401,102841.6201,102502.6201,102181.3101,ADM2,81,THA,THA-ADM2-46861878B11298971,Bang Yai,ADM2
82,259647.6904,257768.4704,257122.2704,256418.9704,248087.8404,247311.5704,246497.8904,245644.2204,ADM2,82,THA,THA-ADM2-46861878B22117414,Bangkok Noi,ADM2
83,143978.29,142935.48,142576.86,142185.71,137682.53,137252.69,136801.56,136338.56,ADM2,83,THA,THA-ADM2-46861878B22590051,Bangkok Yai,ADM2
84,48906.12003,48550.54003,48298.29003,48165.42003,47793.47003,47645.47003,47491.03003,47348.97003,ADM2,84,THA,THA-ADM2-46861878B35133558,Bannang Star,ADM2
85,84809.67001,84198.62001,83978.24001,83744.65001,87379.10001,87093.13,86800.53998,86498.36998,ADM2,85,THA,THA-ADM2-46861878B95044956,Banphot Phisai,ADM2
86,33485.37002,33251.13002,33172.91002,33098.09002,38153.63002,38032.29002,37922.05002,37837.11002,ADM2,86,THA,THA-ADM2-46861878B59719123,Benchalak,ADM2
87,55807.58,55406.59,55271.35,55121.04,54729.89,54576.53,54387.14,54223.37,ADM2,87,THA,THA-ADM2-46861878B90248010,Batong,ADM2
88,12118.85,12032.19,11956.10001,11921.33001,12531.08001,12559.70001,12587.77001,12382.32001,ADM2,88,THA,THA-ADM2-46861878B87942796,Bo Klue,ADM2
89,55965.41,55557.8,55423.36,55271.56,57424.99,57262.2,57096.1,56901.6,ADM2,89,THA,THA-ADM2-46861878B86170397,Bo Phloi,ADM2
90,51034.19002,50645.34002,50284.43002,49875.96002,45197.94001,45055.62001,44916.62001,44762.30001,ADM2,90,THA,THA-ADM2-46861878B66331673,Bo Rai,ADM2
91,73255.25003,72730.11003,72528.08003,72326.06003,68202.39003,68050.65003,67826.64003,67621.56003,ADM2,91,THA,THA-ADM2-46861878B76224964,Bo Thong,ADM2
92,95190.65999,94483.71999,93722.93999,92757.35999,94122.11999,93695.42999,93309.31999,92969.41999,ADM2,92,THA,THA-ADM2-46861878B83331060,Borabu,ADM2
93,14104.64001,13993.25001,13963.35001,13926.45001,15723.78001,16607.72001,16642.67001,16801.14001,ADM2,93,THA,THA-ADM2-46861878B88071320,Bua Lai,ADM2
94,83604.66999,82978.76999,82777.14999,82557.28999,83702.71999,84241.21999,84389.03999,85202.85999,ADM2,94,THA,THA-ADM2-46861878B58700659,Bua Yai,ADM2
95,30605.20999,30383.76999,30309.02999,30222.92999,31606.27999,31512.56999,31410.60999,31302.68999,ADM2,95,THA,THA-ADM2-46861878B6858863,Bua Chet,ADM2
96,8084.190004,8026.030004,8005.460004,7983.240004,8424.880004,8401.520004,8373.520004,8346.650004,ADM2,96,THA,THA-ADM2-46861878B39781881,Bung Bun,ADM2
97,30653.94999,30436.32999,30360.66999,30263.57999,32049.49999,31948.78999,31848.85999,31459.70999,ADM2,97,THA,THA-ADM2-46861878B87213096,Bung Khong Long,ADM2
98,218471.5,216887.74,216536.51,215499.59,210009.09,209354.01,208665.52,208612.72,ADM2,98,THA,THA-ADM2-46861878B21672476,Bung Kum,ADM2
99,22132.75002,21974.34002,21914.31002,21870.72002,22370.09002,22408.92002,22371.97002,22293.36002,ADM2,99,THA,THA-ADM2-46861878B2511311,Bung Narang,ADM2
100,65016.24006,64547.19006,64535.10007,64362.54006,68586.28007,68429.14006,68191.34005,68046.66005,ADM2,100,THA,THA-ADM2-46861878B31719800,Buang Sam Phan,ADM2
101,16795.24002,16652.22002,16408.10002,16367.04002,17385.91002,16895.39002,16512.79002,16455.64002,ADM2,101,THA,THA-ADM2-46861878B72182144,Bung Samakki,ADM2
102,12630.32002,12581.19002,12623.47003,12587.28003,13277.96003,13199.77003,13142.68003,13045.98003,ADM2,102,THA,THA-ADM2-46861878B41968821,Bung Khla,ADM2
103,83704.56,83074.86,82737.47,82261.16,87206.73,87348.3,87060.27,86764.09,ADM2,103,THA,THA-ADM2-46861878B46879833,Buntharik,ADM2
104,70348.92002,69838.13002,69655.88002,69477.50002,70932.30002,71702.49005,71517.28006,71731.37004,ADM2,104,THA,THA-ADM2-46861878B63003884,Cha-Am,ADM2
105,86954.14998,85893.69998,85683.43998,85187.85998,82192.86998,81828.04998,81553.93998,81063.76998,ADM2,105,THA,THA-ADM2-46861878B91544478,Cha-Uat,ADM2
106,41311.6,41012.85,40909.17,40792.06,42357.66,42260.39,42161.63,42070.63,ADM2,106,THA,THA-ADM2-46861878B79795145,Chae Hom,ADM2
107,83311.32998,82707.93998,82512.69998,82320.22998,83947.22998,83843.28998,83712.42998,83428.25998,ADM2,107,THA,THA-ADM2-46861878B10475421,Chai Badan,ADM2
108,22748.28,22595.82,22541.75,22485.52003,22016.04003,21947.62003,21878.95003,21820.11003,ADM2,108,THA,THA-ADM2-46861878B84635500,Chaiburi,ADM2
109,49623.80001,49264.98001,49140.74001,48862.81001,51203.36001,51062.91001,50898.35001,50928.33001,ADM2,109,THA,THA-ADM2-46861878B76526594,Chai Prakarn,ADM2
110,31455.09002,31220.34002,31143.92002,31064.36002,33097.15002,33009.46002,32908.66002,32800.97002,ADM2,110,THA,THA-ADM2-46861878B2645252,Chai Wan,ADM2
111,55610.68002,55680.22999,55543.82999,55663.07999,54530.16999,54362.29999,54183.96999,53992.09999,ADM2,111,THA,THA-ADM2-46861878B91479178,Chaiya,ADM2
112,21189.80003,21033.73003,21401.25003,21342.72003,21475.28003,21414.45003,21345.87003,21291.35003,ADM2,112,THA,THA-ADM2-46861878B53396125,Chaiyo,ADM2
113,70589.03003,70034.85003,69847.03003,69657.01003,74724.85004,70105.16004,70034.27005,70033.43005,ADM2,113,THA,THA-ADM2-46861878B33956931,Chakkarat,ADM2
114,35443.31005,35191.61005,35105.30005,35014.06005,36634.53005,36524.77005,36403.03005,36283.58005,ADM2,114,THA,THA-ADM2-46861878B41809634,Chalermphrakiet,ADM2
115,31355.26999,31177.10999,31106.75999,31017.20999,31418.05999,35849.77999,35493.52999,35422.79999,ADM2,115,THA,THA-ADM2-46861878B45162629,Chalermphrakiet,ADM2
116,36277.07004,36017.32004,35925.08004,35825.75004,37922.58004,38027.19004,37894.88004,38769.20003,ADM2,116,THA,THA-ADM2-46861878B66000918,Chalermphrakiet,ADM2
117,13942.54001,13837.39001,13497.86001,13470.91,14181.34,14223.35001,14143.71001,14389.36,ADM2,117,THA,THA-ADM2-46861878B77731367,Chalermphrakiet,ADM2
118,26067.4099,25102.61991,25045.66991,24079.41992,23896.33991,23350.37992,23287.64992,21821.28992,ADM2,118,THA,THA-ADM2-46861878B43399089,Chalermphrakiet,ADM2
119,27118.36999,26919.20999,26852.04999,26778.07999,28313.09999,28337.93999,28252.62999,28317.66,ADM2,119,THA,THA-ADM2-46861878B72810881,Cham Ni,ADM2
120,123131.54,123073.38,122786.29,122435.22,120080.26,119740.62,119347.88,119187.1,ADM2,120,THA,THA-ADM2-46861878B69054298,Chana,ADM2
121,27201.69002,26526.22,26456.75,26388.09,26220.56,26148.64,26064.97,25975.49,ADM2,121,THA,THA-ADM2-46861878B7525077,Ja-Nae,ADM2
122,35246.72979,34977.08979,34890.86979,34789.9898,33600.2898,33722.6998,33613.6198,33503.2898,ADM2,122,THA,THA-ADM2-46861878B47978426,Chang Klang,ADM2
123,42014.49994,41712.84994,41614.92994,41513.26994,43969.58993,43838.69993,43697.94993,43543.68993,ADM2,123,THA,THA-ADM2-46861878B60053329,Changhan,ADM2
124,26677.12003,26485.56003,26547.52002,26652.36002,28093.68002,28010.49002,27915.74002,27824.41002,ADM2,124,THA,THA-ADM2-46861878B78919939,Chanuman,ADM2
125,36205.4,35938,35849.44,35750.73,38103.49,38009.29,37886.61,37768.98,ADM2,125,THA,THA-ADM2-46861878B65560514,Chareon Silp,ADM2
126,38311.61,38027.7,37932.72,37827.52,39625.43,39453.67,39299.82,39152.55001,ADM2,126,THA,THA-ADM2-46861878B59455847,Chat Trakan,ADM2
127,62348.42999,61889.14999,61740.13999,61576.80999,64067.52999,63905.10999,63681.44999,63491.38,ADM2,127,THA,THA-ADM2-46861878B15190954,Chatturat,ADM2
128,384407.2895,381622.8095,380679.3195,379650.9795,368265.7795,367119.8695,365915.9395,364645.2495,ADM2,128,THA,THA-ADM2-46861878B81796218,Chatuchak,ADM2
129,66274.31,65795.58,65808.58999,66116.88999,69324.72999,69119.19999,68895.33999,68646.02999,ADM2,129,THA,THA-ADM2-46861878B51030667,Chaturaphak Phim,ADM2
130,75618.99995,75062.21995,74873.34995,74653.05995,71590.80995,71076.79995,70850.07995,70603.19995,ADM2,130,THA,THA-ADM2-46861878B55360316,Chawang,ADM2
131,38870.08003,39199.98003,39100.58003,38994.94003,36013.10003,36045.02003,35922.72003,35786.13003,ADM2,131,THA,THA-ADM2-46861878B83033811,Chian Yai,ADM2
132,80636.73001,80065.59001,79823.08001,79593.28001,83314.90001,82776.33001,82268.10001,81674.35,ADM2,132,THA,THA-ADM2-46861878B61618541,Chiang Dao,ADM2
133,71594.81002,71062.65002,70880.57002,70008.53002,72823.17002,72147.87002,71515.57002,72324.05003,ADM2,133,THA,THA-ADM2-46861878B23456024,Chiang Kham,ADM2
134,52832.87003,52452.28003,52140.48003,52001.65003,53932.92004,53910.60004,53733.77004,53132.37002,ADM2,134,THA,THA-ADM2-46861878B70305148,Chiang Khan,ADM2
135,62462.64997,61826.35997,62093.80997,61926.27997,65216.91996,64864.80996,64631.06996,64075.45996,ADM2,135,THA,THA-ADM2-46861878B78369794,Chiang Khong,ADM2
136,25665.70007,25476.85007,25417.29007,25340.25007,26637.89007,26882.81007,26922.23007,26859.43007,ADM2,136,THA,THA-ADM2-46861878B11934032,Chiang Kwan,ADM2
137,26878.06,26683.09,26616.09,26543.35,27944.88,27859.5,27768.75,27681.95,ADM2,137,THA,THA-ADM2-46861878B98513588,Chiang Klang,ADM2
138,16635.76,16516.11,16477.55,16432.28,16796.21,16760.99,16711.17,16665.3,ADM2,138,THA,THA-ADM2-46861878B7999517,Chiang Muan,ADM2
139,49179.84007,48749.67007,49017.66007,48762.23007,51091.51008,50883.47008,50666.84008,50807.40007,ADM2,139,THA,THA-ADM2-46861878B13744180,Chiang Saen,ADM2
140,53012.01002,52649.26002,55502.45002,57518.91003,59376.88003,59183.88003,58984.74003,58668.87003,ADM2,140,THA,THA-ADM2-46861878B45387095,Chiang Yun,ADM2
141,29371.90997,29077.49997,29014.50997,28926.87997,28747.18997,28667.54997,28566.84997,27866.26997,ADM2,141,THA,THA-ADM2-46861878B98552767,Cho-I-rong,ADM2
142,72267.24998,71747.58998,71567.17998,71370.20998,75035.98998,74220.89998,73985.72998,73773.33997,ADM2,142,THA,THA-ADM2-46861878B66307886,Chok Chai,ADM2
143,58526.1,58101.54,57960.83,57808.57,59267.04,59084.81,58894.06,58685.27,ADM2,143,THA,THA-ADM2-46861878B91706504,Chom Bung,ADM2
144,50200.66003,49841.38003,49716.31003,49580.03003,51887.25003,51729.33003,51558.50003,51383.28003,ADM2,144,THA,THA-ADM2-46861878B69146233,Chom Phra,ADM2
145,294945.9286,292810.7986,292521.5786,293261.1886,284095.3786,283211.6286,282275.2986,281140.0586,ADM2,145,THA,THA-ADM2-46861878B55771620,Chom Thong,ADM2
146,63844.64999,63383.81999,63171.84999,62857.13999,65252.98999,65127.54999,64867.51999,66249.93998,ADM2,146,THA,THA-ADM2-46861878B55618191,Chom Thong,ADM2
147,84708.02003,84101.92003,83929.93003,83695.76003,89090.79003,88528.60003,88270.17003,88000.37003,ADM2,147,THA,THA-ADM2-46861878B43192329,Chon Daen,ADM2
148,50718.31001,50347.74001,50222.45001,50083.61001,52049.39001,51885.16001,51714.09001,51556.57001,ADM2,148,THA,THA-ADM2-46861878B51030529,Chonnabot,ADM2
149,25703.14002,25499.66002,22338.59001,19565.63001,20202.08001,20169.86001,20106.83001,20137.62001,ADM2,149,THA,THA-ADM2-46861878B57128452,Chun Chom,ADM2
150,39016.31006,35289.02005,35196.98005,33018.40005,31773.88005,29989.82004,29887.15004,36636.98004,ADM2,150,THA,THA-ADM2-46861878B11250944,Chulaphon,ADM2
151,126301.78,125385.77,125069.9,124733.25,129228.68,128821.36,128398.22,128002.79,ADM2,151,THA,THA-ADM2-46861878B46088822,Chum Phae,ADM2
152,93028.45,92368.56,92122.23,91916.51,96539.07,94432.86,94137.51,93914.01,ADM2,152,THA,THA-ADM2-46861878B54221789,Chum Phuang,ADM2
153,66942.73999,66461.87999,66360.14999,66177.95999,69031.78999,68845.40999,68621.03999,68398.66999,ADM2,153,THA,THA-ADM2-46861878B75143531,Chumsaeng,ADM2
154,13624.12003,13521.19003,13479.02003,13441.17003,14039.83003,14361.00003,14669.69003,14639.13003,ADM2,154,THA,THA-ADM2-46861878B57925228,Chum Ta Bong,ADM2
155,55934.86,55536.55,55456.19,55422.35,58026.22,57853.82,57663.39,57467.07,ADM2,155,THA,THA-ADM2-46861878B27002858,Chumphon Buri,ADM2
156,44012.36,43693.53,43583.84,43478.46,45239.43,45103.17,44940.08,44801.64,ADM2,156,THA,THA-ADM2-46861878B81973028,Chun,ADM2
157,110270.52,109469.25,109644.95,109360.06,111633.66,111284.79,110914.56,110532.65,ADM2,157,THA,THA-ADM2-46861878B91911760,Damnoen Saduak,ADM2
158,60816.60005,60368.20005,60085.52005,59919.46005,60663.24005,60408.66005,60180.54005,59433.42005,ADM2,158,THA,THA-ADM2-46861878B70621172,Dan Chang,ADM2
159,118616.72,117770.58,117468.71,117157.87,120901.31,121259.66,121605.82,120726.5,ADM2,159,THA,THA-ADM2-46861878B35087632,Dan Khun Thot,ADM2
160,33555.06002,33309.51002,33227.70002,33134.80002,35039.42002,34973.98002,34899.88002,34798.38002,ADM2,160,THA,THA-ADM2-46861878B81242223,Dan Makham Tia,ADM2
161,44751.68,44456.34,44320.51,44200.13,45947.22,45814.49,45675.91,45608.76999,ADM2,161,THA,THA-ADM2-46861878B20172411,Dan Sai,ADM2
162,30485.81,30264.19,30188.85,30105.46,30924.3,30759.84,30603.66,30357.87,ADM2,162,THA,THA-ADM2-46861878B77405008,Den Chai,ADM2
163,164720.69,163521.72,163151.32,162750.02,172720.58,171872.67,171303.04,170716.57,ADM2,163,THA,THA-ADM2-46861878B94821968,Det Udom,ADM2
164,182529.2206,181206.7906,180752.1506,180257.0606,174813.6106,174270.7106,173695.7606,173096.9006,ADM2,164,THA,THA-ADM2-46861878B62231168,Din Dang,ADM2
165,83487.40999,82898.79999,82749.69999,82507.01999,83439.84999,83210.20999,82970.96999,83017.31999,ADM2,165,THA,THA-ADM2-46861878B59298464,Doembang Nangbua,ADM2
166,30122.55,29904.24,29872.89,29897.71,31806.02,32138.69999,32181.95999,31503.37,ADM2,166,THA,THA-ADM2-46861878B28319835,Doi Lo,ADM2
167,13567.82,13468.17,13444.74,12352.32,13345.07999,12681.57999,12199.77999,11046.72999,ADM2,167,THA,THA-ADM2-46861878B98280938,Doi Luang,ADM2
168,76998.43004,76443.56004,76261.44004,76648.45004,80412.02004,80323.15005,80046.40005,79666.58004,ADM2,168,THA,THA-ADM2-46861878B34468274,Doi Saket,ADM2
169,29493.30002,29279.87002,29206.05002,29123.76002,30530.59002,30497.51002,30436.98002,30391.17002,ADM2,169,THA,THA-ADM2-46861878B9532480,Doi Tao,ADM2
170,65492.77005,65019.09005,64862.60005,64701.19005,67309.87006,67380.67006,67222.54007,67276.00007,ADM2,170,THA,THA-ADM2-46861878B87314045,Dok Kham Tai,ADM2
171,12429.54,12355.63,12304.24,12269.51,15946.05,15853.31,15797.8,15723.77,ADM2,171,THA,THA-ADM2-46861878B12295478,Don Chan,ADM2
172,53133.02995,52749.75995,52635.63995,52498.71995,52868.08995,52714.10995,52556.33995,52385.76995,ADM2,172,THA,THA-ADM2-46861878B81089898,Don Chedi,ADM2
173,18246.02997,18110.12997,18101.43997,17999.35998,19167.10997,19113.70997,19054.94997,20247.76997,ADM2,173,THA,THA-ADM2-46861878B46699830,Donmotdaeng,ADM2
174,127076.9191,126155.7591,125839.0091,125471.6691,116843.6992,116600.3592,116284.4992,116429.2791,ADM2,174,THA,THA-ADM2-46861878B52627342,Don Muang,ADM2
175,8474.429982,8411.899982,8420.069982,8399.449982,8759.119982,8657.829985,8630.709985,8187.499995,ADM2,175,THA,THA-ADM2-46861878B21506230,Don Phut,ADM2
176,39073.07004,39004.87004,38929.47004,38879.01004,38059.62004,37939.82004,37818.04004,37688.57004,ADM2,176,THA,THA-ADM2-46861878B87838807,Don Sak,ADM2
177,44909.99004,44586.48004,44487.50004,44362.96004,48089.06005,47963.62005,47804.82005,47670.56005,ADM2,177,THA,THA-ADM2-46861878B14752689,Don Tan,ADM2
178,64015.12994,63548.29994,63182.73994,63007.97994,54992.62995,54818.73995,54640.38995,54451.67995,ADM2,178,THA,THA-ADM2-46861878B92736124,Don Tum,ADM2
179,27296.28004,27113.02004,27064.50004,26990.58004,27720.36004,26986.86004,26916.88004,27006.60004,ADM2,179,THA,THA-ADM2-46861878B98885350,Dong Charoen,ADM2
180,33939.31999,33685.07999,33605.19999,33511.13999,36140.52999,36018.70999,35891.09999,35771.18999,ADM2,180,THA,THA-ADM2-46861878B14405777,Dong Luang,ADM2
181,243034.2809,241273.0709,240668.2609,240008.9709,232334.5109,231609.8309,230849.7509,230050.3308,ADM2,181,THA,THA-ADM2-46861878B38307074,Dusit,ADM2
182,22727.55999,22570.70999,22492.24,22440.88999,21605.82999,21228.75999,21163.92999,21355.65,ADM2,182,THA,THA-ADM2-46861878B98392940,Erawan,ADM2
183,12348.52,12257.88,12226.86,12197.74,12553.82,12426.82,12359.76,12350.47,ADM2,183,THA,THA-ADM2-46861878B16929342,Fak Tha,ADM2
184,108636.33,107853.54,107581.75,107498.99,112633.72,112317.07,111947.3,111694.86,ADM2,184,THA,THA-ADM2-46861878B46733503,Fang,ADM2
185,33301.84003,33083.83003,33024.85003,32931.88003,35236.82003,35364.67003,35325.94003,36403.30003,ADM2,185,THA,THA-ADM2-46861878B64242717,Fao Rai,ADM2
186,8067.639987,8011.999988,7946.699987,7943.639987,8387.839987,8066.799987,8014.409987,6103.749998,ADM2,186,THA,THA-ADM2-46861878B63755384,Galyani Vadhana,ADM2
187,49620.11002,47887.28001,47768.09001,47628.58001,49407.55001,49221.95001,49013.55001,48724.98001,ADM2,187,THA,THA-ADM2-46861878B56404760,Hang Chat,ADM2
188,76577.8301,76023.1901,75608.1301,75363.12009,79010.7301,78867.2101,78640.0401,77784.34011,ADM2,188,THA,THA-ADM2-46861878B86709856,Hang Dong,ADM2
189,53709.65996,53296.27996,53164.53996,53032.20996,52804.71996,53141.64996,52954.43996,52757.46996,ADM2,189,THA,THA-ADM2-46861878B863277,Han Kha,ADM2
190,12063.77999,11990.51999,11959.76999,11931.50999,11787.14999,11747.78999,11715.16999,11676.28999,ADM2,190,THA,THA-ADM2-46861878B61212836,Hat Samran,ADM2
191,429474.5501,428157.9601,427067.8301,425871.7701,417468.8101,416160.0301,414796.5801,413291.9701,ADM2,191,THA,THA-ADM2-46861878B87321900,Hat Yai,ADM2
192,50176.86998,49815.58998,49696.11998,49581.93998,51939.38998,51103.53998,50756.49998,50507.73997,ADM2,192,THA,THA-ADM2-46861878B43748656,Hot,ADM2
193,74565.92008,74033.26008,73919.05008,73801.77008,76696.85009,75515.47009,75144.9301,74599.66012,ADM2,193,THA,THA-ADM2-46861878B47188980,Hua Hin,ADM2
194,76331.02997,75804.49997,75812.58997,76013.81997,73490.74999,73272.05999,73028.64999,72778.30999,ADM2,194,THA,THA-ADM2-46861878B95169199,Hua Sai,ADM2
195,38357.96002,38079.43002,38028.71002,37928.15002,40020.59002,39878.15002,39746.95002,39606.82002,ADM2,195,THA,THA-ADM2-46861878B98794257,Hua Taphan,ADM2
196,14330.26999,14222.83999,14191.63999,14154.15999,14643.19999,14603.71999,14563.08999,14514.49999,ADM2,196,THA,THA-ADM2-46861878B52727039,Huai Khot,ADM2
197,213481.1986,211935.3686,211402.2987,210824.0587,202823.8887,202189.6487,201526.1687,200829.2087,ADM2,197,THA,THA-ADM2-46861878B22259849,Huai Kwang,ADM2
198,31054.56,30814.2,30745.44,30631.61,33136.35,33110.45,33073.19,32672.71,ADM2,198,THA,THA-ADM2-46861878B4907739,Huai Kra Chao,ADM2
199,40484.42998,40187.20998,40068.01998,40017.25998,42137.96997,42006.67998,41874.48998,41806.74997,ADM2,199,THA,THA-ADM2-46861878B78212276,Huai Mek,ADM2
200,24102.48004,23926.93003,23867.67003,23801.56003,25079.69004,24999.33004,24918.48004,24851.36004,ADM2,200,THA,THA-ADM2-46861878B27159039,Huai Phung,ADM2
201,24443.00001,24265.84001,24203.73001,24142.37001,27496.96001,29778.45001,29751.06001,30609.83002,ADM2,201,THA,THA-ADM2-46861878B18634781,Huai Rat,ADM2
202,77791.62002,77219.83002,77029.53002,76820.63002,80918.08002,82476.98001,82232.49001,82280.57001,ADM2,202,THA,THA-ADM2-46861878B32500348,Huai Thalang,ADM2
203,28979.71001,28767.61001,28703.67001,28611.60001,30224.79001,30129.44001,30029.14001,29925.42001,ADM2,203,THA,THA-ADM2-46861878B47886776,Huai Thap Than,ADM2
204,100731.32,99667.07,99417.61,99114.65,96207.29,95907.59,95591.61,95261.61,ADM2,204,THA,THA-ADM2-46861878B2023667,Huai Yot,ADM2
205,56691.68003,56277.27003,56139.01003,55985.61003,55845.31003,55670.61003,55490.82003,55298.68003,ADM2,205,THA,THA-ADM2-46861878B99045363,In Buri,ADM2
206,18394.79001,18282.30001,18202.98001,18160.49001,18005.71001,17590.99001,17538.80001,17827.56002,ADM2,206,THA,THA-ADM2-46861878B42826123,Ka Bang,ADM2
207,196232.9501,194804.7801,194350.2801,193885.3701,174816.7701,174374.9601,173815.3801,173217.1501,ADM2,207,THA,THA-ADM2-46861878B50220590,Kabin Buri,ADM2
208,26500.43,26312.41,26142.06,25745.19999,26760.58999,26691.04999,26605.02999,26516.14,ADM2,208,THA,THA-ADM2-46861878B78443741,Kae Dam,ADM2
209,49455.72999,49097.62999,48977.17999,48829.10999,43879.57999,43746.26999,43603.39999,43464.89999,ADM2,209,THA,THA-ADM2-46861878B70879988,Kang Hang Maeo,ADM2
210,107043.92,106273.09,105998.35,105617.64,109871.79,109524.58,109164.42,108818.48,ADM2,210,THA,THA-ADM2-46861878B52290088,Kaeng Khoi,ADM2
211,77052.44997,76502.25997,76308.90997,76104.42997,79105.29997,78861.92997,78613.43997,78351.32997,ADM2,211,THA,THA-ADM2-46861878B49919666,Kaeng Khlo,ADM2
212,29368.27999,29159.24999,29085.72999,28949.52999,29572.64999,29505.43999,29409.93999,29455.22999,ADM2,212,THA,THA-ADM2-46861878B18803018,Kaeng Krachan,ADM2
213,39246.31003,38958.29003,38860.36003,38756.83003,40817.71004,40777.11004,40651.02004,40623.52004,ADM2,213,THA,THA-ADM2-46861878B80764783,Kaeng Sanam Nang,ADM2
214,60364.93,59930.42,59779.49,59611.4,59371.84999,59119.45999,58913.56999,58710.62999,ADM2,214,THA,THA-ADM2-46861878B85930914,Kamalasai,ADM2
215,182729.81,181408.97,180967.07,180477.8,158376.41,157893,157365.15,156826.59,ADM2,215,THA,THA-ADM2-46861878B81798078,Kamphaeng Saen,ADM2
216,116199.35,113962.7402,113680.3002,113293.8802,110881.9602,110672.2202,110306.7202,109926.3002,ADM2,216,THA,THA-ADM2-46861878B32175840,Kanchanadit,ADM2
217,86748.21003,86116.18003,85900.96003,86004.69002,83512.06002,83239.39002,82963.90002,82676.06002,ADM2,217,THA,THA-ADM2-46861878B62227749,Kantrang,ADM2
218,135667.89,134677.41,134332.21,133946.97,137826.28,137354.93,136884.75,136367.89,ADM2,218,THA,THA-ADM2-46861878B19557380,Kantharalak,ADM2
219,73483.31001,72952.43001,72769.42001,72568.03001,76660.98001,76453.66001,76207.98001,75945.81001,ADM2,219,THA,THA-ADM2-46861878B55244016,Kanthararom,ADM2
220,63888.08996,63429.50996,62409.72996,61096.05995,62841.71995,62654.61995,62453.81995,62236.51995,ADM2,220,THA,THA-ADM2-46861878B75986601,Kantharawichai,ADM2
221,28281.1,28074.63,28020.52,27944.32,29158.29,29069.1,28972.12,28872.39,ADM2,221,THA,THA-ADM2-46861878B72372558,Kao Lieo,ADM2
222,48655.38001,48297.88001,48161.70001,47982.08001,53324.79,51833.53,51685.9,53018.64,ADM2,222,THA,THA-ADM2-46861878B60756359,Kap Choeng,ADM2
223,15547.25001,15458.06001,15418.90001,15376.76001,15156.87001,15108.69001,15060.04001,15005.36001,ADM2,223,THA,THA-ADM2-46861878B14275434,Ka Pho,ADM2
224,20142.76001,20266.65001,20219.00001,20186.95001,20047.01001,19437.12001,19373.51001,19664.19001,ADM2,224,THA,THA-ADM2-46861878B99886027,Kapoe,ADM2
225,15147.4,15040.37,15006.8,14969.72,14527.4,14507.66,14463.12,14450.2,ADM2,225,THA,THA-ADM2-46861878B84613977,Kapong,ADM2
226,95073.30996,94374.98996,94136.13996,93884.43996,97616.88996,97327.65996,96998.32996,96416.84996,ADM2,226,THA,THA-ADM2-46861878B93381995,Kaset Sombon,ADM2
227,80145.95999,79561.32999,79355.70999,79108.10999,82213.83999,81922.04999,81629.01999,81350.61999,ADM2,227,THA,THA-ADM2-46861878B31953925,Kaset Wisai,ADM2
228,76138.36971,75343.51969,75233.64969,75335.8197,75844.4897,75623.3997,75375.8797,75138.4997,ADM2,228,THA,THA-ADM2-46861878B84225393,Kathu,ADM2
229,27440.53999,27248.20999,27155.19999,27079.60999,28633.74999,28553.33999,28454.24999,28484.09999,ADM2,229,THA,THA-ADM2-46861878B140526,Khaen Dong,ADM2
230,24990.00003,24808.17003,24745.49003,24677.87003,24618.36003,24540.12003,24462.65003,24376.76003,ADM2,230,THA,THA-ADM2-46861878B9084107,Khai Bang Rachan,ADM2
231,66756.32002,66268.51002,66103.65002,65924.39002,68657.66002,68462.97002,68238.81002,68004.85002,ADM2,231,THA,THA-ADM2-46861878B65323820,Kham Khuan Kaeo,ADM2
232,35891.24998,35640.75998,35552.34998,35449.00998,37776.08998,37898.15998,37896.23998,38018.32998,ADM2,232,THA,THA-ADM2-46861878B70535492,Kham Muang,ADM2
233,41689.53004,41389.75004,41311.22004,41195.45004,43388.09004,43364.93004,43240.68004,43088.88004,ADM2,233,THA,THA-ADM2-46861878B65190524,Kham Sakae Saeng,ADM2
234,30313.06001,30101.96001,30022.45001,29941.52001,31901.52001,31817.63001,31724.06001,31563.37001,ADM2,234,THA,THA-ADM2-46861878B53052226,Kham Ta Kla,ADM2
235,27653.43999,27457.45999,27388.40999,27312.50999,28893.01999,28789.73999,28685.94999,28365.21999,ADM2,235,THA,THA-ADM2-46861878B52212705,Kham Thala So,ADM2
236,50089.83999,49729.09999,49606.34999,49468.45999,53375.80999,53209.19999,53037.15999,52858.57999,ADM2,236,THA,THA-ADM2-46861878B91183103,Khamcha-I,ADM2
237,116332.7105,115526.7805,114720.2505,113917.7005,108431.3304,108104.2204,107748.6004,108036.9005,ADM2,237,THA,THA-ADM2-46861878B74812971,Khan Na Yao,ADM2
238,27285.05996,26759.81994,26707.56994,26699.06994,25707.69994,25627.84994,25542.78994,25453.75994,ADM2,238,THA,THA-ADM2-46861878B41508030,Khanom,ADM2
239,127647.91,126766.55,127022.62,126698.66,134205.59,134293.38,134185.2,133722.04,ADM2,239,THA,THA-ADM2-46861878B47178335,Khanu Woralaksaburi,ADM2
240,37945.64008,37670.97008,37582.78008,37479.53008,35766.66007,35659.06007,35544.70007,35421.73007,ADM2,240,THA,THA-ADM2-46861878B76706223,Khao Chaison,ADM2
241,43492.98998,43188.23998,43046.88998,43479.45998,40276.93998,38783.99998,38743.53998,38670.46998,ADM2,241,THA,THA-ADM2-46861878B61868952,Kao Cha Kan,ADM2
242,34983.21999,34727.81999,34632.09999,34517.04999,32000.76999,31905.02999,31800.00999,31685.36999,ADM2,242,THA,THA-ADM2-46861878B89058842,Khao Chamao,ADM2
243,29127.37,28912.84,28849.54,28772.16,25712.7,25632.86,25549.56,25455.58,ADM2,243,THA,THA-ADM2-46861878B79173717,Kao Kichakut,ADM2
244,27120.58001,26915.97001,26828.98001,26719.35001,28542.96001,28309.55001,28092.42001,27971.82001,ADM2,244,THA,THA-ADM2-46861878B3006671,Khao Kho,ADM2
245,45149.62999,44817.36999,44714.22999,44387.29999,43664.9,43546.33,43405.97,43245.78,ADM2,245,THA,THA-ADM2-46861878B29827437,Khao Phanom,ADM2
246,57151.82998,56746.90998,56834.66999,56955.97999,51997.86999,51839.50999,51667.43999,51494.98999,ADM2,246,THA,THA-ADM2-46861878B96611648,Khao Saming,ADM2
247,36180.73999,35910.73999,35826.17999,35727.14999,37196.17,37083.94,36960.77,36836.65,ADM2,247,THA,THA-ADM2-46861878B1619378,Khao Suan Kwang,ADM2
248,28397.77,28201.01,28111.26,28035.55,29560.84,29510.71,29424.68,29315.39,ADM2,248,THA,THA-ADM2-46861878B71706575,Khao Wong,ADM2
249,38578.83998,38306.40998,38207.33998,38101.00998,38870.37998,38731.18998,38601.18998,38475.61998,ADM2,249,THA,THA-ADM2-46861878B47735890,Khao Yoi,ADM2
250,60461.28003,60007.82003,62322.86005,68494.18006,69708.82006,69507.46006,69270.41006,69028.07006,ADM2,250,THA,THA-ADM2-46861878B23673691,Khemarat,ADM2
251,42861.61001,42433.33001,42314.14001,42037.38001,41221.97001,41093.82001,40960.40001,40814.83001,ADM2,251,THA,THA-ADM2-46861878B75085436,Khian Sa,ADM2
252,58912.31,58492.95,58361.7,58216.71,60843.82,60912.79,60712.98,60794.07,ADM2,252,THA,THA-ADM2-46861878B23038074,Khiri Mat,ADM2
253,50282.97,50858.99,50738.08,50523.31,49143.36,49013.77,48877,48707.44,ADM2,253,THA,THA-ADM2-46861878B94760613,Khiri Ratthanikhom,ADM2
254,41780.95005,41461.22005,41103.48004,40968.63004,36686.66004,36300.77004,36326.73005,36182.67005,ADM2,254,THA,THA-ADM2-46861878B7942298,Khlong Hat,ADM2
255,18786.33995,18706.09995,18674.29995,18637.84995,18340.17995,18294.37995,18231.38995,18238.64995,ADM2,255,THA,THA-ADM2-46861878B23357566,Khlong Hoi Kong,ADM2
256,78252.50004,77677.55004,77570.77004,77281.20004,82251.70004,83718.33004,83474.93004,83599.62004,ADM2,256,THA,THA-ADM2-46861878B70871829,Klong Khlung,ADM2
257,16043.52003,15921.50003,15859.27003,15817.60003,14343.71003,14298.93003,14254.68003,14251.30003,ADM2,257,THA,THA-ADM2-46861878B2939497,Khlong Khuan,ADM2
258,62809.38,62155.53,60541.5,60406.42,64208.24,63350.47996,63178.17997,63204.06997,ADM2,258,THA,THA-ADM2-46861878B90522622,Klong Lan,ADM2
259,347010.9102,344498.9302,343942.6602,343012.8202,307311.9401,306315.4701,305287.7001,303416.8501,ADM2,259,THA,THA-ADM2-46861878B53317347,Khlong Luang,ADM2
260,155470.4896,153574.8796,152851.3897,152044.7897,147808.8097,147157.0297,146676.3697,145963.7896,ADM2,260,THA,THA-ADM2-46861878B42585726,Khlong Sam Wa,ADM2
261,209503.9712,207985.6211,207464.0011,206895.6511,199868.0711,199244.8411,198589.9811,197903.3011,ADM2,261,THA,THA-ADM2-46861878B33088782,Khlong San,ADM2
262,65698.11999,65208.71999,65063.94999,64902.62999,64015.61999,63816.88999,63602.25999,63375.69999,ADM2,262,THA,THA-ADM2-46861878B13506205,Khlong Thom,ADM2
263,216844.9696,215274.0596,214734.5096,214146.8596,207183.5296,206539.7496,205860.1696,205149.3696,ADM2,263,THA,THA-ADM2-46861878B65416060,Khlong Toey,ADM2
264,27258.53984,27102.32984,27051.05984,27030.96984,24408.76986,24345.50986,24264.31986,24321.72986,ADM2,264,THA,THA-ADM2-46861878B6119231,Khlong Yai,ADM2
265,63136.88004,62675.46004,62529.49004,62376.91004,55283.21004,55133.07004,54963.55004,54851.56004,ADM2,265,THA,THA-ADM2-46861878B24814333,Khlung,ADM2
266,23097.55001,22932.50001,22872.46001,22811.21001,23719.57001,23654.83001,23579.18001,23537.10001,ADM2,266,THA,THA-ADM2-46861878B61551919,Kho Wang,ADM2
267,30862.70002,30653.77002,30775.23002,30689.59002,31724.02002,31746.01002,31676.31002,31547.85002,ADM2,267,THA,THA-ADM2-46861878B48022958,Khok Charoen,ADM2
268,65230.80001,64835.06001,64676.31001,64502.30001,63568.82001,63379.11001,63172.21001,62955.23001,ADM2,268,THA,THA-ADM2-46861878B11362836,Khok Pho,ADM2
269,19851.30999,19713.14999,19668.63999,19623.70999,20367.69999,20321.28999,20233.75999,20147.46999,ADM2,269,THA,THA-ADM2-46861878B88649940,Khok Pho Cha,ADM2
270,89735.39997,89088.77997,88579.61997,88342.12997,90643.58997,90348.13997,90037.68997,89718.58997,ADM2,270,THA,THA-ADM2-46861878B63983289,Khok Samrong,ADM2
271,28907.60001,28699.71001,28625.93001,28549.21001,30654.77001,30492.01001,30369.47001,30270.84001,ADM2,271,THA,THA-ADM2-46861878B5292015,Khok Sri Supan,ADM2
272,15342.77001,15232.75001,14949.03001,14356.23001,12635.86001,13204.97001,13516.29001,13395.70001,ADM2,272,THA,THA-ADM2-46861878B84512588,Kok Sung,ADM2
273,93886.36999,93210.61999,92982.77999,92740.81999,97560.16999,97300.05999,96984.63999,96678.45999,ADM2,273,THA,THA-ADM2-46861878B48327928,Khon Buri,ADM2
274,53733.21004,53343.84004,53212.69003,53062.52003,55179.81004,55010.95004,54830.34004,54660.86004,ADM2,274,THA,THA-ADM2-46861878B24471392,Khon San,ADM2
275,47167.78001,46824.94001,46709.87001,46574.11001,48436.79001,48274.17001,48107.76001,48031.75001,ADM2,275,THA,THA-ADM2-46861878B73071490,Khon Sawan,ADM2
276,79386.11003,78812.69003,78618.29003,78401.11003,82323.72002,82099.28002,82325.08,82212.09,ADM2,276,THA,THA-ADM2-46861878B28919108,Khong,ADM2
277,16618.68002,16498.72002,16541.97002,16604.04002,20147.91002,20139.90002,20082.27002,20015.96002,ADM2,277,THA,THA-ADM2-46861878B20268257,Kong Chai,ADM2
278,27916.73995,27709.35995,28400.57995,28007.15996,29738.49996,30555.70995,30593.17995,30486.30995,ADM2,278,THA,THA-ADM2-46861878B36996963,Khong Chiam,ADM2
279,54055.84002,53661.16002,53520.92002,53377.67002,56394.47002,56281.35002,56095.30002,56006.16002,ADM2,279,THA,THA-ADM2-46861878B78064405,Khu Muang,ADM2
280,24436.52003,24260.25003,24169.99003,24118.20003,24050.69003,24006.59003,23926.44003,23845.26003,ADM2,280,THA,THA-ADM2-46861878B39717275,Khuan Don,ADM2
281,35387.17,35124.42,35028.89,34936.71,34698.41,34354.83,34253.07,34116.06,ADM2,281,THA,THA-ADM2-46861878B90129165,Khuan Ka Long,ADM2
282,99302.50004,98570.58004,98396.85004,98205.06004,93731.12004,93443.60004,93152.58004,92806.20004,ADM2,282,THA,THA-ADM2-46861878B65083445,Khuan Khanun,ADM2
283,44073.3,43753.32,43644.98,43524.27,42591.25,42460.35,42318,42183.37,ADM2,283,THA,THA-ADM2-46861878B90212080,Khuan Niang,ADM2
284,109512.26,108726.86,108452.51,108160.68,114628.75,114256.78,113870.14,113489.52,ADM2,284,THA,THA-ADM2-46861878B44972459,Khuang Nai,ADM2
285,106222.5,105456.37,105188.37,104898.01,110547.74,110203.74,109847.56,109476.59,ADM2,285,THA,THA-ADM2-46861878B53575079,Khukhan,ADM2
286,74627.76999,74085.79999,73900.77999,73698.15999,77929.96999,77684.65999,77431.80999,77170.45999,ADM2,286,THA,THA-ADM2-46861878B55299384,Khun Han,ADM2
287,34343.57002,34095.65002,34007.67002,33923.60002,35916.15002,35900.14002,35775.21002,35883.46003,ADM2,287,THA,THA-ADM2-46861878B97675165,Khun Tan,ADM2
288,18204.63,18077.35,18031.35,17978.32,18315.97,18264.11,18204.11,18141.71,ADM2,288,THA,THA-ADM2-46861878B44755857,Khun Yuam,ADM2
289,24749.32999,24650.17999,24584.94999,24511.32999,23725.08999,23432.36999,23356.78999,23262.92999,ADM2,289,THA,THA-ADM2-46861878B70019755,Khura Buri,ADM2
290,29629.91004,29417.03004,29341.81004,29264.59004,35234.49004,35385.39004,35264.47004,35139.98004,ADM2,290,THA,THA-ADM2-46861878B13657159,Kwao Si Narin,ADM2
291,224525.5,222900.89,222387.33,221852.56,204241.14,203609.99,202936.97,202243.09,ADM2,291,THA,THA-ADM2-46861878B38540777,Klaeng,ADM2
292,69966.50997,69476.22997,69314.66997,69142.35997,66913.62997,67276.93997,67064.30997,67064.42997,ADM2,292,THA,THA-ADM2-46861878B89830321,Ko Chan,ADM2
293,14301.39005,14193.59005,10375.98004,2741.830021,2489.740019,2401.660019,2390.210019,2385.810019,ADM2,293,THA,THA-ADM2-46861878B31133987,Ko Chang,ADM2
294,58879.55996,59809.49998,59657.71998,59495.57998,61756.06998,62009.31998,61877.91998,61640.27998,ADM2,294,THA,THA-ADM2-46861878B70242413,Ko Kha,ADM2
295,1881.29,1850.529999,1800.259999,1840.480002,1686.96,1633.619996,1629.139996,1885.899994,ADM2,295,THA,THA-ADM2-46861878B7675745,Ko Kut,ADM2
296,24930.48002,24749.32002,24781.28002,24981.18002,24821.20002,24744.86002,24664.97002,24582.58002,ADM2,296,THA,THA-ADM2-46861878B68205610,Ko Lanta,ADM2
297,11222.23002,11141.56002,10934.96001,10161.22001,9993.990015,10019.76001,9987.680015,10044.51001,ADM2,297,THA,THA-ADM2-46861878B65536138,Ko Phangan,ADM2
298,34263.08003,34016.90003,34840.82005,37650.89011,36713.73013,36526.67018,36405.37018,35808.95027,ADM2,298,THA,THA-ADM2-46861878B23843352,Ko Samui,ADM2
299,5612.760107,5571.300106,5570.930106,5609.560108,5273.780102,5257.980101,5239.900101,5222.060101,ADM2,299,THA,THA-ADM2-46861878B40442966,Ko Sichang,ADM2
300,13877.02001,13775.47001,13834.39001,13854.41002,13451.96002,13409.82002,13364.23002,13319.82002,ADM2,300,THA,THA-ADM2-46861878B18811691,Ko Yao,ADM2
301,61118.12004,60678.90004,60529.36004,60370.35004,63063.08004,62845.55004,62593.94004,62419.71004,ADM2,301,THA,THA-ADM2-46861878B18175658,Kong Krailat,ADM2
302,35855.66004,35597.59004,35505.64004,35411.13004,34000.25004,33898.28004,33784.59004,33668.99003,ADM2,302,THA,THA-ADM2-46861878B71880401,Kong Ra,ADM2
303,24811.62,24668.12,24709.52,24704.54,28652.03,28586.26,28303.29,31214.67,ADM2,303,THA,THA-ADM2-46861878B27131403,Ko Sam Pi Nakhon,ADM2
304,108194.45,107444.21,106927.06,105990.25,109498.25,109261.09,108900.92,108497.57,ADM2,304,THA,THA-ADM2-46861878B1617338,Kosum Phisai,ADM2
305,74116.47996,73643.38996,73193.08996,72250.83996,71560.58997,71556.17997,71302.38997,71015.26997,ADM2,305,THA,THA-ADM2-46861878B50473823,Kra Buri,ADM2
306,80523.3601,79935.0401,79729.2801,79539.4401,82639.32011,82367.86011,82097.42011,81827.8301,ADM2,306,THA,THA-ADM2-46861878B36619987,Kranuan,ADM2
307,21960.09,21798.09,21823.85,21884.02,21455.03,21387.47,21319.79,21247.96,ADM2,307,THA,THA-ADM2-46861878B35408893,Krasae Sinthu,ADM2
308,85612.44999,84996.17999,84784.27999,84555.66999,89630.76999,89548.16998,89261.36998,89278.46998,ADM2,308,THA,THA-ADM2-46861878B21927001,Krasang,ADM2
309,272361.1705,270386.1904,269708.0804,268970.8404,248654.0404,247876.7304,247060.5504,246207.0604,ADM2,309,THA,THA-ADM2-46861878B15663384,Krathum Baen,ADM2
310,30720.82998,30493.44998,30491.75998,30399.99998,31729.68998,31632.42998,31525.10998,31418.27998,ADM2,310,THA,THA-ADM2-46861878B92800148,Krok Phra,ADM2
311,10849.42001,10774.16001,10756.46001,10728.16001,10802.15001,11567.32001,11529.77001,7290.320005,ADM2,311,THA,THA-ADM2-46861878B11346919,Krong Pi Nung,ADM2
312,12738.75999,12631.58999,12600.90999,12571.77999,13400.80999,13567.53999,13652.03999,13919.03999,ADM2,312,THA,THA-ADM2-46861878B57677636,Ku Kaeo,ADM2
313,90119.90002,89465.47002,89241.38002,88999.50002,93701.82002,93330.54002,93006.46002,92696.05002,ADM2,313,THA,THA-ADM2-46861878B88594137,Kuchinarai,ADM2
314,40755.46002,40463.68002,40402.68002,40361.23002,40964.31002,40989.58002,40853.38002,41243.24002,ADM2,314,THA,THA-ADM2-46861878B36007992,Kui Buri,ADM2
315,114929.28,114110.57,113816.96,113504.59,120958.9,120786.62,120503.07,120321.09,ADM2,315,THA,THA-ADM2-46861878B27450403,Kumphawapi,ADM2
316,36510.38004,36242.17004,36150.75004,36054.19004,38447.03005,38341.46005,38219.05005,38097.46005,ADM2,316,THA,THA-ADM2-46861878B55999234,Kusuman,ADM2
317,27156.29,26960.33,26897.51,26830.03,28593.64,28810.59,29074.09001,28990.44001,ADM2,317,THA,THA-ADM2-46861878B21567206,Kut Bak,ADM2
318,51834.27002,51454.58002,51325.94002,51180.29002,54578.21002,54384.29002,54216.75002,52909.27001,ADM2,318,THA,THA-ADM2-46861878B42473755,Kut Chap,ADM2
319,58845.79,58419.18,58271.46,58112.83,60401.66,60220.92,60028.02,59816.2,ADM2,319,THA,THA-ADM2-46861878B79868817,Kut Chum,ADM2
320,34504.58,34267.18,33818.97,34440.66,36805.43,36683.34,36575.48,36450.87,ADM2,320,THA,THA-ADM2-46861878B71278141,Kut Khao Pun,ADM2
321,36133.78999,35878.70999,36531.82998,37547.60997,40452.20996,40457.10996,40407.16996,40293.74996,ADM2,321,THA,THA-ADM2-46861878B91691726,Kut Rang,ADM2
322,65176.91999,64707.62999,64542.32999,64366.73999,64382.99999,64299.08,64177.71,63961.88,ADM2,322,THA,THA-ADM2-46861878B22137701,Langu,ADM2
323,16159.23991,16838.71998,16804.86997,16778.57997,16678.72997,16595.41999,16538.00999,16485.54999,ADM2,323,THA,THA-ADM2-46861878B62585683,La-Un,ADM2
324,9719.669975,9658.379975,13722.66996,23301.65994,21108.06995,21115.24995,21046.39995,20969.15995,ADM2,324,THA,THA-ADM2-46861878B79383749,Laem Ngop,ADM2
325,35104.51002,34852.43002,34768.18002,34672.59002,31542.55002,31604.20002,31602.89002,31492.91002,ADM2,325,THA,THA-ADM2-46861878B4044618,Laem Sing,ADM2
326,44572.72002,44245.93002,44139.15002,44025.11002,46719.46002,46604.84002,46451.60002,47206.37002,ADM2,326,THA,THA-ADM2-46861878B99777527,Lahan Sai,ADM2
327,167645.5798,166432.4098,166042.8198,165620.0898,156070.3197,155613.9197,155103.6597,154692.5297,ADM2,327,THA,THA-ADM2-46861878B92256638,Lak Si,ADM2
328,352232.05,349684.29,348287.98,347132.82,309691.56,308644.91,307655.44,305876.22,ADM2,328,THA,THA-ADM2-46861878B22613305,Lam Luk Ka,ADM2
329,112860.6901,112049.0701,111771.8401,111466.2701,117688.9601,115306.4401,114927.7401,114294.2801,ADM2,329,THA,THA-ADM2-46861878B7244384,Lam Plai Mat,ADM2
330,31553.87001,31317.65001,31260.56001,31164.62001,32500.49001,32479.24001,32465.18001,32414.17001,ADM2,330,THA,THA-ADM2-46861878B79098705,Lam Son Thi,ADM2
331,23398.38002,23215.80002,23118.74002,23089.69002,24384.98002,25242.57002,25166.04002,25667.42003,ADM2,331,THA,THA-ADM2-46861878B45815315,Lam Tha Men Chai,ADM2
332,18092.82,17960.71,17913.93,17866.47,17659.26,17619.49,17561,17502.92,ADM2,332,THA,THA-ADM2-46861878B70061005,Lam Thap,ADM2
333,27586.44001,27950.37001,27881.81001,27808.28001,27013.68001,26928.81001,26841.10001,26748.96001,ADM2,333,THA,THA-ADM2-46861878B70985453,Lamae,ADM2
334,24392.27,24217.6,24151.76,24085.59,25261.51,25145.8,25060.31,24978.54,ADM2,334,THA,THA-ADM2-46861878B86819574,Lamduan,ADM2
335,41720.22,41480.37,41372.39,41260.71,43842.85,43643.38,43394.61,43233.24,ADM2,335,THA,THA-ADM2-46861878B91548887,Lan Krabu,ADM2
336,48070.28,47727.07,47602.7,47465.78,49111.08,48965.09,48799.14,48620.14,ADM2,336,THA,THA-ADM2-46861878B22101979,Lan Sak,ADM2
337,39211.12999,39725.00999,39625.28999,39517.52999,38057.77999,37941.42999,37815.40999,37684.88999,ADM2,337,THA,THA-ADM2-46861878B66499153,Lan Saka,ADM2
338,76361.56996,75547.96996,75364.13996,75173.50996,73010.27996,72783.49996,72547.73996,72298.16996,ADM2,338,THA,THA-ADM2-46861878B69716323,Lang Suan,ADM2
339,47904.87,47568.36,47466.24,47342.03,49107.54,48817.61,48442.91,48365.57,ADM2,339,THA,THA-ADM2-46861878B83247376,Lao Khwan,ADM2
340,19463.77001,19331.67001,19282.99001,19232.77001,20813.19001,20797.59001,20741.24001,24325.20001,ADM2,340,THA,THA-ADM2-46861878B90438493,Lao Sua Kok,ADM2
341,52140.03002,51764.73002,51636.60002,51492.85002,53001.42003,52875.32003,52699.66003,52562.57002,ADM2,341,THA,THA-ADM2-46861878B13241459,Laplae,ADM2
342,44597.36002,44270.03002,44178.21002,44058.70002,45782.98002,45638.26002,45481.55002,45336.76002,ADM2,342,THA,THA-ADM2-46861878B25314333,Lat Bua Luang,ADM2
343,196865.0801,195496.3501,195041.1901,194520.0401,187698.28,187195.93,186587.33,184373.68,ADM2,343,THA,THA-ADM2-46861878B14019726,Lat Krabang,ADM2
344,97905.29012,97193.77012,98043.27011,97776.01011,87254.4001,86992.1301,86708.8901,86511.3301,ADM2,344,THA,THA-ADM2-46861878B43454868,Lat Lum Kaeo,ADM2
345,134008.6901,133038.2101,132736.6201,132430.2801,128605.3601,128239.9901,127818.3101,127041.7401,ADM2,345,THA,THA-ADM2-46861878B85987258,Lat Phrao,ADM2
346,90691.68999,90030.19999,89798.93999,89561.89999,93457.91999,93409.79998,93364.04998,93045.90998,ADM2,346,THA,THA-ADM2-46861878B41553510,Lat Yao,ADM2
347,64200.99,63734.89,63574.19,63400.19,65892.53,65712.4,65563.68,65221.33,ADM2,347,THA,THA-ADM2-46861878B1529868,Li,ADM2
348,82206.57002,81616.16002,81411.48002,81187.31002,84428.80003,84187.38003,83923.83003,83650.03003,ADM2,348,THA,THA-ADM2-46861878B96684627,Loeng Nok Tha,ADM2
349,56459.47001,56031.21001,55888.96001,55734.95001,59381.30001,59462.48001,59223.80001,59127.45001,ADM2,349,THA,THA-ADM2-46861878B72708138,Lom Kao,ADM2
350,144372.32,143331.55,142970.91,142582.73,151615.11,150610.59,149973,149365.37,ADM2,350,THA,THA-ADM2-46861878B83457207,Lom Sak,ADM2
351,53243.19,52858.35,52726.7,52582.14,54028.61,53869.99999,53699.65999,53569.62999,ADM2,351,THA,THA-ADM2-46861878B45618991,Long,ADM2
352,29254.25,29041.12,28937.65,28804.25,30436.09,30329.82,30222.89,30118.95,ADM2,352,THA,THA-ADM2-46861878B22592685,Lu Amnat,ADM2
353,77089.03003,76526.81003,76334.69003,76133.90003,79779.79003,79572.35003,79308.13003,79421.05005,ADM2,353,THA,THA-ADM2-46861878B68471428,Mae Ai,ADM2
354,60480.22998,60040.00998,59939.78998,59766.23998,62495.90997,62464.16997,62303.73997,63363.87996,ADM2,354,THA,THA-ADM2-46861878B36616521,Mae Chaem,ADM2
355,34540.64998,34289.65998,34208.09998,34121.12998,35515.36998,35605.80998,35715.39998,35678.96998,ADM2,355,THA,THA-ADM2-46861878B79174673,Mae Chai,ADM2
356,126766.4,125852.27,125513.01,126138.21,133662.42,133941.58,133985.64,133849.1201,ADM2,356,THA,THA-ADM2-46861878B54334080,Mae Chan,ADM2
357,16139.03001,16022.66001,15981.67001,15940.20001,16783.17001,16749.83001,16696.21001,16809.06002,ADM2,357,THA,THA-ADM2-46861878B82649537,Mae Charim,ADM2
358,52917.1,52532.78,52387.17,51849.84003,54887.47003,54443.16003,54202.62003,54518.98003,ADM2,358,THA,THA-ADM2-46861878B50758307,Mae Fa Luang,ADM2
359,28031,27824.11,27755.78,27679.92,28210.1,28079.89,27972.32,27844.39,ADM2,359,THA,THA-ADM2-46861878B28805682,Mae La Noi,ADM2
360,14481.27001,14201.72001,14167.40001,14128.21001,13924.49001,13885.36001,13840.65001,13932.24001,ADM2,360,THA,THA-ADM2-46861878B22210899,Mae Lan,ADM2
361,35690.36002,35530.92002,35473.43002,34170.47002,39188.65002,39293.80002,39164.22002,35366.88002,ADM2,361,THA,THA-ADM2-46861878B5507589,Mae Lao,ADM2
362,42145.03,41840.98,41734.51,41627.2,43294.73,41428.18,38740.71,38428.15,ADM2,362,THA,THA-ADM2-46861878B94165752,Mae Mo,ADM2
363,12199.51001,12085.47001,11894.72001,11531.37001,12323.52001,11516.60001,11235.33001,10322.36002,ADM2,363,THA,THA-ADM2-46861878B79614207,Mae On,ADM2
364,15704.00998,15590.84998,15549.86998,15507.08998,16093.15998,16010.02998,15922.88998,15970.75997,ADM2,364,THA,THA-ADM2-46861878B28327117,Mae Phrik,ADM2
365,13896.98002,13784.81002,13761.70002,13727.95002,14322.68002,12358.80001,10504.82001,10495.47001,ADM2,365,THA,THA-ADM2-46861878B96491605,Mae Poen,ADM2
366,40583.55999,41380.66999,38430.45999,35470.52999,38425.71999,44535.35999,44386.31999,46151.97002,ADM2,366,THA,THA-ADM2-46861878B7571904,Mae Ramat,ADM2
367,66392.69012,65910.91012,65736.53012,64390.28011,67704.56012,67222.94012,66843.54011,64447.77013,ADM2,367,THA,THA-ADM2-46861878B88203823,Mae Rim,ADM2
368,112628.7799,110317.1899,109742.5099,109801.5799,113915.2298,115422.0598,114867.1598,114331.9198,ADM2,368,THA,THA-ADM2-46861878B62168245,Mae Sai,ADM2
369,42968.96006,42658.67006,42540.09006,42425.37006,43234.99006,43181.96007,43032.37007,43851.31007,ADM2,369,THA,THA-ADM2-46861878B13736252,Mae Sariang,ADM2
370,115362.4701,112568.2702,112528.3801,114548.1801,121980.8501,121406.8302,120950.4702,121274.6202,ADM2,370,THA,THA-ADM2-46861878B41751747,Mae Sot,ADM2
371,73754.14999,73221.80999,73036.93999,72817.57999,77072.71999,76662.62999,76394.2,76282.39,ADM2,371,THA,THA-ADM2-46861878B31300500,Mae Suai,ADM2
372,80694.97998,80111.81998,79902.85998,79681.63998,83484.25998,83280.52997,83074.57997,82730.68997,ADM2,372,THA,THA-ADM2-46861878B79769592,Mae Taeng,ADM2
373,56600.56003,56248.72002,56108.10002,55946.89002,58101.66003,58404.76002,59350.62002,59267.53002,ADM2,373,THA,THA-ADM2-46861878B27069057,Mae Tha,ADM2
374,43346.34001,43030.23001,42926.37001,42820.30001,44509.58001,44309.91001,44164.18001,43636.91001,ADM2,374,THA,THA-ADM2-46861878B28857791,Mae Tha,ADM2
375,31352.84997,31127.79997,31038.45997,30948.68997,32428.71997,32248.56997,32155.36997,31269.75995,ADM2,375,THA,THA-ADM2-46861878B80614590,Mae Wang,ADM2
376,41980.51001,41687.83001,41556.57001,41435.09001,43242.57001,44337.96001,45330.82001,45109.33001,ADM2,376,THA,THA-ADM2-46861878B31947465,Mae Wong,ADM2
377,53718.94,53332.44,53195.84,53040.28,55182.31,55006.16,54828.31,54582.6,ADM2,377,THA,THA-ADM2-46861878B98394643,Maha Chana Chai,ADM2
378,26870.11003,26673.86003,26494.10003,26418.83003,27534.46003,27446.20004,27354.15004,27168.21005,ADM2,378,THA,THA-ADM2-46861878B74489142,Maha Rat,ADM2
379,12904.50997,12819.65997,12788.32997,12755.08997,12588.15997,12546.66997,12505.61997,12462.94997,ADM2,379,THA,THA-ADM2-46861878B3931796,Mai Kaen,ADM2
380,34575.77,34331.89,34246.49,34152.87,31001.09,30904.03,30802.86,30696.65,ADM2,380,THA,THA-ADM2-46861878B65108242,Makham,ADM2
381,8906.109996,8848.179996,8832.539996,8805.509996,8844.889996,9000.429996,8958.919996,8943.259996,ADM2,381,THA,THA-ADM2-46861878B7280002,Ma Nang,ADM2
382,80224.82998,79630.01998,79537.99998,79311.15998,82440.40998,82171.12998,81914.72998,81648.12998,ADM2,382,THA,THA-ADM2-46861878B53076337,Mancha Khiri,ADM2
383,34265.57001,34022.41001,34002.61001,33910.04001,33887.59001,33791.47001,33678.95001,33568.75001,ADM2,383,THA,THA-ADM2-46861878B89632092,Manorom,ADM2
384,52979.65013,53753.84008,53612.44008,53472.57008,52715.08008,52545.71008,52374.62008,52197.46008,ADM2,384,THA,THA-ADM2-46861878B32072807,Mayo,ADM2
385,141498.7695,141086.6895,140850.2495,140595.2695,135819.3995,135391.9895,134949.5695,135800.6195,ADM2,385,THA,THA-ADM2-46861878B78025130,Min Buri,ADM2
386,17517.09,17392.86,17348.28,17297.72,18176.44,18119.24,18058,17994.15,ADM2,386,THA,THA-ADM2-46861878B29309781,Moei Wadi,ADM2
387,53624.72997,53229.61997,53098.76997,53019.66997,55141.75997,54974.08997,54784.31997,54631.83998,ADM2,387,THA,THA-ADM2-46861878B39659920,Muak Lek,ADM2
388,78455.96002,77883.09002,77700.84002,77494.07002,82085.14003,81842.03003,81566.73003,81310.60003,ADM2,388,THA,THA-ADM2-46861878B56612506,Muang Samsip,ADM2
389,98483.82001,97772.36001,97284.51001,97043.10001,101778.9,101457.79,101134.65,100781.19,ADM2,389,THA,THA-ADM2-46861878B26602999,Muang Amnat Chareon,ADM2
390,49618.43994,49256.69994,48571.87994,48438.97994,48743.02994,48590.88994,48433.59994,48277.23994,ADM2,390,THA,THA-ADM2-46861878B97872715,Muang Ang Thong,ADM2
391,71049.50002,70493.75002,70970.67002,70807.05002,74834.85002,74386.82002,74127.70002,73309.45002,ADM2,391,THA,THA-ADM2-46861878B76310784,Muang Bueng Kan,ADM2
392,181944.62,180626.1,180174.3,179674.17,186007.5,182730.39,181996.9,177155.54,ADM2,392,THA,THA-ADM2-46861878B1231270,Muang Buri Ram,ADM2
393,190701.6902,189327.1602,189140.1702,188621.0702,169762.4302,169260.9302,168703.4202,168594.5802,ADM2,393,THA,THA-ADM2-46861878B92077231,Muang Chachoengsao,ADM2
394,67768.76,67276.64,66437.06998,66253.59998,65952.20998,65739.61998,65519.06998,65290.78998,ADM2,394,THA,THA-ADM2-46861878B7826734,Muang Chai Nat,ADM2
395,169541.21,168318.27,167898.78,167433.17,174015.53,173411.25,172855.63,171802.22,ADM2,395,THA,THA-ADM2-46861878B89361682,Muang Chaiyaphum,ADM2
396,12574.95001,12514.12001,12447.37001,12408.66001,13089.15001,13050.13001,13010.17001,12965.12001,ADM2,396,THA,THA-ADM2-46861878B50374572,Muang Chan,ADM2
397,149643.29,148559.05,148187.32,147780,129998.6201,129595.7701,129169.8901,128723.6101,ADM2,397,THA,THA-ADM2-46861878B9742166,Muang Chanthaburi,ADM2
398,288712.3005,286619.2105,286070.0505,285891.4806,298636.2106,299914.8506,299081.2006,301257.1607,ADM2,398,THA,THA-ADM2-46861878B77973840,Muang Chiang Mai,ADM2
399,194309.7,193232.61,192733.35,193578.31,201099.78,200358.93,199731.13,201561.97,ADM2,399,THA,THA-ADM2-46861878B91482354,Muang Chiang Rai,ADM2
400,396712.5095,393837.9095,392868.3495,391973.0295,368511.7695,367367.8794,366157.0195,364899.5595,ADM2,400,THA,THA-ADM2-46861878B38960083,Muang Chon Buri,ADM2
401,155189.04,155261.09,154906.62,154558.39,150091.33,149496.29,149003.8,148432.34,ADM2,401,THA,THA-ADM2-46861878B72866004,Muang Chumphon,ADM2
402,131789.15,130815.8,130511.96,130157.17,134236.08,133861.2,133429.2,133005.51,ADM2,402,THA,THA-ADM2-46861878B90458357,Muang Kalasin,ADM2
403,246239.79,244570.04,244613.65,243911.79,255576.02,254343.29,253503.5,248760.8,ADM2,403,THA,THA-ADM2-46861878B64108688,Muang Kam Phaeng Phet,ADM2
404,162537.3799,161375.8799,160975.8799,160570.3099,167851.6799,167271.1699,166684.1899,166090.8899,ADM2,404,THA,THA-ADM2-46861878B60299717,Muang Kanchanaburi,ADM2
405,366474.55,363773.43,362724.4,362157.42,376205.46,374815.56,373578.61,372320.57,ADM2,405,THA,THA-ADM2-46861878B27119475,Muang Khon Kaen,ADM2
406,101710.0901,94244.02007,93799.02006,94141.57009,88072.57011,87738.76012,87436.02011,87160.46011,ADM2,406,THA,THA-ADM2-46861878B89450422,Muang Krabi,ADM2
407,229512.72,227799.66,227229.07,226611.64,234832.32,234824.24,235342.71,234622,ADM2,407,THA,THA-ADM2-46861878B16041983,Muang Lampang,ADM2
408,143219.51,142177.15,141897.8,141617.59,147046.62,146418.21,145819.18,145127.86,ADM2,408,THA,THA-ADM2-46861878B42171032,Muang Lamphun,ADM2
409,97851.64004,97141.61004,96897.66004,96632.43004,100399.69,100156.98,99819.44004,99805.90004,ADM2,409,THA,THA-ADM2-46861878B59571974,Muang Loei,ADM2
410,262743.6901,260829.0701,260315.5801,259594.4301,266280.5101,264652.8301,263786.1601,262590.6201,ADM2,410,THA,THA-ADM2-46861878B85968676,Muang Lop Buri,ADM2
411,38639.01,38357.41,38260.47,38156.78,38876.59,38691.84,38559.72,38184.78,ADM2,411,THA,THA-ADM2-46861878B38521913,Muang Mae Hong Son,ADM2
412,136001.0899,135005.7399,135498.0499,136395.7199,140600.7799,140149.0299,139677.9899,139188.5099,ADM2,412,THA,THA-ADM2-46861878B85339258,Muang Maha Sarakam,ADM2
413,133859.07,132889.84,132559.12,132194.88,141949.5,141509.36,141043.02,140105.1,ADM2,413,THA,THA-ADM2-46861878B9521826,Muang Mukdahan,ADM2
414,113163.11,112345.14,110320.3,109996.22,96823.95002,96515.73002,96199.16002,95873.99002,ADM2,414,THA,THA-ADM2-46861878B85329504,Muang Nakhon Nayok,ADM2
415,382480.7199,379712.1499,378789.6899,377748.9299,330374.6899,329343.9499,328256.7099,327125.3799,ADM2,415,THA,THA-ADM2-46861878B30322907,Muang Nakhon Pathom,ADM2
416,132445,131476.63,131263.74,130895.64,140083.14,139861.37,139634.49,139177.79,ADM2,416,THA,THA-ADM2-46861878B40724841,Muang Nakhon Phanom,ADM2
417,429635.87,426526.67,425453.97,424289.89,445658.49,444101.59,442666.73,441282.66,ADM2,417,THA,THA-ADM2-46861878B82819648,Muang Nakhon Ratchasima,ADM2
418,208341.08,206837.05,206009.91,205448.52,214283.6,213663.51,212975.93,212257.16,ADM2,418,THA,THA-ADM2-46861878B70059404,Muang Nakhon Sawan,ADM2
419,285343.5,274043.04,273353.63,269763.99,253224.08,251837.6499,251022.8599,250107.2199,ADM2,419,THA,THA-ADM2-46861878B89418483,Muang Nakhon Si Thammarat,ADM2
420,70141.62002,69639.79002,69363.52002,68963.56002,72160.56003,71898.30003,71646.10003,72036.53003,ADM2,420,THA,THA-ADM2-46861878B61943119,Muang Nan,ADM2
421,116981.09,116135.53,115841.42,115532.39,114748.63,114391.08,114008.65,113625.81,ADM2,421,THA,THA-ADM2-46861878B37335822,Muang Narathiwat,ADM2
422,126953.59,126025.77,125709.02,125367.46,132902.61,132465.5,132045.62,131703.97,ADM2,422,THA,THA-ADM2-46861878B19469125,Muang Nongbua Lamphu,ADM2
423,113580.7501,112748.4301,112360.2101,112050.1801,119890.8701,119741.6101,119344.2901,118845.3101,ADM2,423,THA,THA-ADM2-46861878B1766028,Muang Nong Khai,ADM2
424,572643.8206,568499.4506,566939.8206,565150.0506,484506.9405,482998.6705,481407.3105,479781.1605,ADM2,424,THA,THA-ADM2-46861878B1734595,Muang Nonthaburi,ADM2
425,32255.12,32022.04,31942.11,31855.84,33047.55,32944.07,32832.45,32755.68,ADM2,425,THA,THA-ADM2-46861878B40674408,Muang Pan,ADM2
426,301437.0201,299253.8601,297693.5101,296869.2501,263949.9001,263024.5201,262073.9901,261583.6401,ADM2,426,THA,THA-ADM2-46861878B75938694,Muang Pathum Thani,ADM2
427,116089.85,115236.36,114949.57,114634.66,112963.53,112612.94,112240.78,111851.89,ADM2,427,THA,THA-ADM2-46861878B77099556,Muang Pattani,ADM2
428,43724.09002,43337.37003,43310.89002,43458.53001,42009.22001,41964.99001,41936.06001,41820.08001,ADM2,428,THA,THA-ADM2-46861878B62630707,Muang Phangnga,ADM2
429,140670.3101,139651.9701,139303.3201,138920.1701,129371.29,128954.74,128545.04,128097.11,ADM2,429,THA,THA-ADM2-46861878B81256838,Muang Phatthalung,ADM2
430,97786.31018,97080.65018,96796.34018,96407.39018,100408.8202,99064.2102,98059.5102,95729.04021,ADM2,430,THA,THA-ADM2-46861878B73553013,Muang Phayao,ADM2
431,204284.45,202802.12,202360.79,201836.2,214951.02,214549.63,214012.25,213302.12,ADM2,431,THA,THA-ADM2-46861878B46365826,Muang Phetchabun,ADM2
432,132008.4901,131048.7001,130821.4801,129020.4101,131571.7201,131175.1301,130744.3401,129933.4001,ADM2,432,THA,THA-ADM2-46861878B75232686,Muang Phetchaburi,ADM2
433,105735.79,104977.59,104712.62,104425.65,104203.38,105661.75,106667.79,106338.57,ADM2,433,THA,THA-ADM2-46861878B38870104,Muang Phichit,ADM2
434,280195.42,277604.81,276835.69,275926.22,289045.5501,288138.1501,287185.7201,286170.0101,ADM2,434,THA,THA-ADM2-46861878B81032213,Muang Phitsanulok,ADM2
435,113948.52,113124.18,112812.23,112503.29,115617.12,115861.2401,115323.4501,114778.62,ADM2,435,THA,THA-ADM2-46861878B81999987,Muang Phrae,ADM2
436,325399.0901,322750.7401,322042.6801,321472.9201,323441.2001,322815.1401,321752.3501,321881.5302,ADM2,436,THA,THA-ADM2-46861878B451743,Muang Phuket,ADM2
437,168788.31,167566.9,167235.4,166779.65,149343.25,148879.8,148392.29,147911.86,ADM2,437,THA,THA-ADM2-46861878B37940361,Muang Prachin Buri,ADM2
438,80804.12998,80218.81998,79986.42998,79711.73997,82819.01997,82491.33996,82234.92996,81808.2099,ADM2,438,THA,THA-ADM2-46861878B82346538,Muang Phachuap Khiri Khan,ADM2
439,141155.14,139865.15,139540.44,139202.85,138311.6,137839.5,137429.69,136955.62,ADM2,439,THA,THA-ADM2-46861878B7484404,Muang Ranong,ADM2
440,190923.27,189536.67,188950.64,188440.27,192847.9,192245.52,191609.62,190951.88,ADM2,440,THA,THA-ADM2-46861878B46781354,Muang Ratchaburi,ADM2
441,328764.11,326383.68,325724.63,325572.26,303040.28,302511.99,301520.02,300525.21,ADM2,441,THA,THA-ADM2-46861878B58473520,Muang Rayong,ADM2
442,129123.55,128186.63,127889.13,127572.85,133191.68,132695.54,132188.4,131734.54,ADM2,442,THA,THA-ADM2-46861878B75836682,Muang Roi Et,ADM2
443,153465.75,152336.22,151972.16,151539.31,134337.66,135851.66,135959.79,135499.03,ADM2,443,THA,THA-ADM2-46861878B13080972,Muang Sa Kaew,ADM2
444,152447.43,151343.78,150965.9,150549.4,159306.7601,158163.1801,156738.0201,156173.4301,ADM2,444,THA,THA-ADM2-46861878B77645864,Muang Sakon Nakhon,ADM2
445,967675.3603,960671.0203,958276.0303,955580.9902,837576.6502,835260.6702,832734.1202,829861.5102,ADM2,445,THA,THA-ADM2-46861878B22824336,Muang Samut Prakan,ADM2
446,493255.0401,489665.1901,488434.4101,487069.8701,450381.3301,448979.8601,447502.0101,445946.3901,ADM2,446,THA,THA-ADM2-46861878B62414074,Muang Samut Sakhon,ADM2
447,106981.5299,106206.0699,105931.9899,105566.3399,105231.4699,104901.3499,104556.7299,104177.9199,ADM2,447,THA,THA-ADM2-46861878B83658395,Muang Samut Songkhram,ADM2
448,134638.62,133657.62,133325.2,132954.91,137922.71,137490.03,137044.54,136557.27,ADM2,448,THA,THA-ADM2-46861878B27708584,Muang Saraburi,ADM2
449,107193.3,106418.98,106285.48,106422.3,105537.2,105223.59,104926.77,104590.55,ADM2,449,THA,THA-ADM2-46861878B87083913,Muang Satun,ADM2
450,103379.69,102618.7,102359.05,102077,96978.90001,97256.85001,96941.34001,96473.69001,ADM2,450,THA,THA-ADM2-46861878B45203318,Muang Si Sa Ket,ADM2
451,55599.79012,55194.79012,55056.72012,54906.04012,54777.01013,54607.27012,54425.38012,54237.58012,ADM2,451,THA,THA-ADM2-46861878B28299477,Muang Singburi,ADM2
452,204828.5601,201152.6901,200640.6001,200096.5101,196257.9301,195550.4601,194910.2701,194244.5201,ADM2,452,THA,THA-ADM2-46861878B17261941,Muang Songkhla,ADM2
453,19402.42999,19262.39999,19215.38999,19163.71999,20072.79999,20006.66999,19945.36999,19876.38999,ADM2,453,THA,THA-ADM2-46861878B88342623,Muang Suang,ADM2
454,114101.28,113271.19,112973.02,112635.22,117639.75,116936.57,116584.4,115803.8,ADM2,454,THA,THA-ADM2-46861878B57260922,Muang Sukhothai,ADM2
455,157698.97,156554.55,156226.06,155787.49,157609.05,157118.69,156598.72,156066.18,ADM2,455,THA,THA-ADM2-46861878B45124912,Muang Suphanburi,ADM2
456,182216.5001,181633.3301,181175.0701,180607.77,176969.81,176047.97,175471.42,174861.81,ADM2,456,THA,THA-ADM2-46861878B66971311,Muang Surat Thani,ADM2
457,207126.33,205621.34,205113.94,204544.73,208891,208057.37,207383.15,206755.19,ADM2,457,THA,THA-ADM2-46861878B15435431,Muang Surin,ADM2
458,114395.78,113561.63,114218.88,116676.03,124774.18,126273.59,126001.17,124760.95,ADM2,458,THA,THA-ADM2-46861878B74085512,Muang Tak,ADM2
459,160584.8799,159308.6199,158910.9799,158972.53,154352.93,153875.95,153368.56,152838.98,ADM2,459,THA,THA-ADM2-46861878B25829567,Muang Trang,ADM2
460,117223.6,116453.24,116237.3501,116164.1001,104994.7001,104669.3901,104324.8301,103964.0201,ADM2,460,THA,THA-ADM2-46861878B24242386,Muang Trat,ADM2
461,236410.44,234693.95,234129.27,233559.95,246971.12,245979.99,244994.03,238878.22,ADM2,461,THA,THA-ADM2-46861878B21890811,Muang Ubon Ratchatani,ADM2
462,328297.14,325917.77,325098.92,324212.04,345488.62,344431.95,343294.77,342307.78,ADM2,462,THA,THA-ADM2-46861878B12156649,Muang Udon Thani,ADM2
463,49472.52999,49111.95999,48492.39999,48360.22999,50026.70999,49875.78999,49712.17999,49538.91999,ADM2,463,THA,THA-ADM2-46861878B42103469,Muang Uthai Thani,ADM2
464,146684.44,145621.44,145258.22,144862.24,149061.14,148498.16,148037.96,147548.83,ADM2,464,THA,THA-ADM2-46861878B52931638,Muang Uttaradit,ADM2
465,183844.2001,181926.8201,181468.1001,180966.4001,179399.1801,177933.8201,177346.2001,180826.6201,ADM2,465,THA,THA-ADM2-46861878B10989862,Muang Yala,ADM2
466,29232.18998,29021.52998,29000.09998,28840.88998,30433.10998,31481.51998,31365.49998,30406.96998,ADM2,466,THA,THA-ADM2-46861878B6702665,Muang Yang,ADM2
467,116263.97,115422.62,115133.96,114823.41,118690.26,118253.97,117869.99,117457.94,ADM2,467,THA,THA-ADM2-46861878B67246149,Muang Yasothon,ADM2
468,27327.71998,27128.88998,27065.48998,26991.32998,26016.36998,25926.00998,25842.55998,25750.75998,ADM2,468,THA,THA-ADM2-46861878B46641619,Na Bon,ADM2
469,52685.32002,52305.76002,52275.77002,52363.66002,55565.84002,55026.64001,54847.53001,54656.16001,ADM2,469,THA,THA-ADM2-46861878B70941202,Na Chaluai,ADM2
470,54412.99002,54019.87002,53675.48003,53190.63003,54939.29003,54701.40003,54454.01003,54261.10003,ADM2,470,THA,THA-ADM2-46861878B93428513,Na Chuak,ADM2
471,63287.97999,62838.00999,62682.38999,62490.16999,56313.15999,56127.05999,55943.32999,55757.19999,ADM2,471,THA,THA-ADM2-46861878B47717325,Na Di,ADM2
472,21582.96001,21432.41001,21379.62001,21323.06001,22152.48001,22083.87001,22011.10001,21931.68001,ADM2,472,THA,THA-ADM2-46861878B41709544,Na Duang,ADM2
473,33816.88999,33576.11999,33915.72998,33856.21996,35028.47996,34930.85996,34818.28996,34695.69996,ADM2,473,THA,THA-ADM2-46861878B56311775,Na Dun,ADM2
474,10132.50998,10070.13998,10003.35998,9968.779978,10334.05998,10094.38999,10056.12999,9919.669995,ADM2,474,THA,THA-ADM2-46861878B76572934,Na Haeo,ADM2
475,61466.87,61014.4,60855.31,60691.37,64413.33,64437.56,64298.73,64077.57,ADM2,475,THA,THA-ADM2-46861878B54020830,Na Kae,ADM2
476,29270.55002,29053.82002,28992.85002,28914.62001,30454.65002,30398.26002,30306.06002,30206.89002,ADM2,476,THA,THA-ADM2-46861878B40407047,Na Khu,ADM2
477,86593.23008,85951.70008,85729.28008,85504.25008,91049.66008,90757.32008,90459.96008,90609.93008,ADM2,477,THA,THA-ADM2-46861878B91092515,Na Klang,ADM2
478,25706.06,25025.61,24963.13,24897.12,24417.2,24339.19,24257.67,24175.98,ADM2,478,THA,THA-ADM2-46861878B8212072,Na Mom,ADM2
479,31321.32998,31092.27998,31014.80998,30929.26998,32613.91998,32513.29998,32405.17998,32388.07998,ADM2,479,THA,THA-ADM2-46861878B35979665,Na Mon,ADM2
480,14717.88001,14612.89001,14576.78001,14536.15001,15297.01001,15274.98001,15225.03001,15232.20001,ADM2,480,THA,THA-ADM2-46861878B94333394,Na Mun,ADM2
481,30488.38,30264.63,30186,30092.79,31691.79,31563.86,31461.34,31278.98,ADM2,481,THA,THA-ADM2-46861878B96506844,Na Noi,ADM2
482,27576.68999,27376.26999,27339.23999,27313.95999,28852.95999,28768.21999,28676.68999,28578.84999,ADM2,482,THA,THA-ADM2-46861878B97199634,Na Pho,ADM2
483,36707.03004,36448.66004,33251.91004,26561.63004,29554.14004,29425.65004,29318.51004,29224.52004,ADM2,483,THA,THA-ADM2-46861878B62573902,Na Tan,ADM2
484,65745.71003,65281.89003,65118.83003,64976.24003,63699.26003,63507.13003,63299.95003,63041.13003,ADM2,484,THA,THA-ADM2-46861878B30879084,Na Thawi,ADM2
485,18253.30002,18126.14002,18073.47002,18025.27002,19337.17002,19279.77002,19221.14002,19287.14002,ADM2,485,THA,THA-ADM2-46861878B41281239,Na Thom,ADM2
486,38026.05001,37759.21001,37665.00001,37560.58001,40347.14001,40230.65001,40110.14001,39994.35001,ADM2,486,THA,THA-ADM2-46861878B6311324,Na Wa,ADM2
487,38541.15996,38269.78996,38175.69996,38069.35996,40487.98996,40379.07996,40245.02996,39306.20996,ADM2,487,THA,THA-ADM2-46861878B54597368,Na Wang,ADM2
488,28372.96002,28164.25002,28116.69002,28041.94002,25321.85001,25244.80001,25163.31001,25072.09001,ADM2,488,THA,THA-ADM2-46861878B64825998,Na Yai Am,ADM2
489,21200.70002,21051.38002,21001.17002,20942.89002,22146.31002,22152.41002,22082.27002,22006.64002,ADM2,489,THA,THA-ADM2-46861878B22692409,Na Yia,ADM2
490,46458.47,46120.85,46005.6,45849.33,44521.2,44382.95,44237.69,44082.59,ADM2,490,THA,THA-ADM2-46861878B73929134,Na Yong,ADM2
491,20520.86001,20370.85001,20319.85001,20268.35001,21607.26001,21440.13001,21169.48001,20292.41001,ADM2,491,THA,THA-ADM2-46861878B95985604,Na Yung,ADM2
492,137956.14,136957.71,136628.1,136251.96,118875.19,118502.88,118110.37,117703.83,ADM2,492,THA,THA-ADM2-46861878B15893039,Nakhon Chaisi,ADM2
493,39404.92001,39123.04001,39057.09001,38958.27001,39919.76001,39625.13001,39495.97001,38429.66001,ADM2,493,THA,THA-ADM2-46861878B89968970,Nakhon Luang,ADM2
494,89957.41999,89312.41999,89086.98999,88844.92999,93093.49998,92976.01998,92799.05998,92442.81998,ADM2,494,THA,THA-ADM2-46861878B66510341,Nakhon Thai,ADM2
495,38279.21999,38022.33999,37941.56999,37932.80999,40373.77999,40259.22999,40133.50999,39998.27999,ADM2,495,THA,THA-ADM2-46861878B8161232,Nam Khun,ADM2
496,27963.25999,27762.13999,27693.81999,27614.84999,29566.64998,29136.48998,29042.49998,28958.03998,ADM2,496,THA,THA-ADM2-46861878B77085417,Nam Kliang,ADM2
497,14101.14,14001.24,13963.36,13919.97,14831.05,14782.29,14731.23,14681.76,ADM2,497,THA,THA-ADM2-46861878B42399544,Nam Nao,ADM2
498,30427.05002,30206.89002,30127.48002,30041.27002,30920.61002,30958.76002,31009.20001,30864.99002,ADM2,498,THA,THA-ADM2-46861878B28275246,Nam Pat,ADM2
499,114972.04,114150.68,113862.57,113550.85,117604.75,117280.31,116893.25,116478.11,ADM2,499,THA,THA-ADM2-46861878B87853228,Nam Phong,ADM2
500,46893.43999,46552.69999,46435.03999,46306.38999,49367.17999,49216.21999,49077.62999,48704.07999,ADM2,500,THA,THA-ADM2-46861878B58263775,Nam Som,ADM2
501,57467.29,57026.52,56858.83,56570.01,59976.08999,59816.33999,59610.98999,59404.11999,ADM2,501,THA,THA-ADM2-46861878B13715108,Nam Yun,ADM2
502,99815.23996,99085.69996,98841.15996,98569.79996,104083.45,103514.62,103199.41,101206.75,ADM2,502,THA,THA-ADM2-46861878B64800808,Nang Rong,ADM2
503,56589.97001,56177.51001,56036.54001,55884.72001,58018.15001,57887.36001,57749.53001,57498.18001,ADM2,503,THA,THA-ADM2-46861878B61299402,Ngao,ADM2
504,43538.52994,43222.44994,43115.31994,42993.30994,46495.13994,46348.25994,46198.32994,46434.53994,ADM2,504,THA,THA-ADM2-46861878B30979361,Nikhom Kham Soi,ADM2
505,12941.20999,12845.04999,12813.23999,12778.71999,13624.91998,13590.49998,13550.08998,13503.44998,ADM2,505,THA,THA-ADM2-46861878B18100436,Nikhom Nam Un,ADM2
506,59073.72003,58648.32003,58605.12003,58609.96003,54905.48003,53395.62003,53220.14003,53261.87003,ADM2,506,THA,THA-ADM2-46861878B51923545,Nikhom Pattan,ADM2
507,14948.45999,14862.67999,14827.57999,14789.61999,14824.28999,14262.47999,14237.73999,14227.21999,ADM2,507,THA,THA-ADM2-46861878B12896825,Noen Kham,ADM2
508,66204.92002,65725.26002,65554.16002,65382.50002,68593.86002,68267.99001,67865.33001,67620.94001,ADM2,508,THA,THA-ADM2-46861878B7152711,Noen Maprang,ADM2
509,21268.75999,21114.47999,21061.84999,21003.39999,21841.08999,21769.12999,21710.38999,22025.27,ADM2,509,THA,THA-ADM2-46861878B43348432,Noen Sa-Nga,ADM2
510,26066.54001,25878.42001,25812.32001,25746.64001,26927.56001,26518.06001,25783.97003,25355.54002,ADM2,510,THA,THA-ADM2-46861878B23470739,Non Daeng,ADM2
511,19456.9,19317.4,19276.93,19221.45,19737.48,19692.05,19629.37,19562.81,ADM2,511,THA,THA-ADM2-46861878B1858119,Non Din Daeng,ADM2
512,27009.71004,26812.95004,26746.13004,26675.66004,28152.14004,28127.31004,28034.91004,27951.11004,ADM2,512,THA,THA-ADM2-46861878B30957754,Non Khun,ADM2
513,30841.85001,30631.15001,30551.65001,30466.79001,31775.70001,31375.39001,31277.77001,31172.03001,ADM2,513,THA,THA-ADM2-46861878B92607576,Non Narai,ADM2
514,40843.75004,40549.14004,40445.15004,40336.00004,42965.51004,42811.34004,42672.03004,42529.28004,ADM2,514,THA,THA-ADM2-46861878B52577935,Non Sa-At,ADM2
515,61983.28996,61528.02996,61374.28996,61209.02996,65120.79996,64921.08996,64707.81996,64493.11996,ADM2,515,THA,THA-ADM2-46861878B3830388,Non Sang,ADM2
516,26953.15999,26753.46999,26702.16999,26621.02999,29851.11998,29747.17998,29649.29998,29556.62998,ADM2,516,THA,THA-ADM2-46861878B25696294,Non Sila,ADM2
517,127066.79,126139.62,125824.23,125484.61,132172.89,132113.5,131720.99,131211.91,ADM2,517,THA,THA-ADM2-46861878B99763751,Non Sung,ADM2
518,18183.51,18060.5,18007.73,17951.96,18972.97,18938.31,18919.79,17822.57,ADM2,518,THA,THA-ADM2-46861878B63126524,Non Suwan,ADM2
519,78619.15,78005.63,77777.59,77572.67,80988.67,80747.45,80453.47,80202.33,ADM2,519,THA,THA-ADM2-46861878B18706503,Non Thai,ADM2
520,64915.72002,64429.35002,64192.57002,64023.86002,67472.02003,67257.50003,67012.05003,66347.82003,ADM2,520,THA,THA-ADM2-46861878B80105341,Nong Bua,ADM2
521,80249.50998,79671.79998,79467.25998,79246.21998,82379.99998,82106.71998,81835.93998,81478.21998,ADM2,521,THA,THA-ADM2-46861878B54153602,Nong Bua Daeng,ADM2
522,27556.68001,27360.16001,27288.16001,27207.33001,28288.69001,28171.89001,28074.82001,27977.16001,ADM2,522,THA,THA-ADM2-46861878B17924502,Nong Bua Rawae,ADM2
523,57948.46999,57530.77999,57393.67999,57233.02999,60303.22999,60327.73999,60151.36999,60055.99999,ADM2,523,THA,THA-ADM2-46861878B57201957,Nong Bun Mak,ADM2
524,40651.78,40361.45,40259.96,40151.54,41537.35,41387.45,41218.17,41079.41,ADM2,524,THA,THA-ADM2-46861878B80156676,Nong Chang,ADM2
525,77450.09004,76558.48003,76366.71003,76157.52003,75074.01003,74839.45003,74592.42003,74508.44003,ADM2,525,THA,THA-ADM2-46861878B58940224,Nong Chik,ADM2
526,151668.7602,150635.3202,149493.6202,149119.3202,143554.0302,143444.6602,142965.5902,145729.8601,ADM2,526,THA,THA-ADM2-46861878B58674995,Nong Chok,ADM2
527,15779.71003,15667.30003,15625.58003,15585.08003,16210.74003,16257.86003,16207.90003,15513.96003,ADM2,527,THA,THA-ADM2-46861878B66793207,Nong Don,ADM2
528,101638.11,100913.26,100656.3,100374.27,106988.01,106384.04,105881.26,105147.65,ADM2,528,THA,THA-ADM2-46861878B89182983,Nong Han,ADM2
529,17860.21,17735.08,17687.24,17648.51,18861.67,18622.66,18544.78,18483.58,ADM2,529,THA,THA-ADM2-46861878B61829082,Nong Hi,ADM2
530,16764.07,16635.98,16588.02,16557.15,19463.64,19410.47,19347.74,19307.36,ADM2,530,THA,THA-ADM2-46861878B8641024,Nong Hin,ADM2
531,38255.02999,37974.00999,37878.07999,37776.25999,39923.55999,39901.67999,39791.18999,39667.19999,ADM2,531,THA,THA-ADM2-46861878B86700651,Nong Hong,ADM2
532,113886.84,113059.52,112736.74,112427.86,116871.05,116503.56,116123.51,115727.91,ADM2,532,THA,THA-ADM2-46861878B1614218,Nong Khae,ADM2
533,130780.9809,129834.8509,129508.0109,129153.0409,123026.4008,122644.4408,122240.9108,121819.2508,ADM2,533,THA,THA-ADM2-46861878B19946041,Nongkheam,ADM2
534,16743.67998,16620.21998,16805.15998,16759.73998,17336.60998,17293.13998,17255.34998,17191.68998,ADM2,534,THA,THA-ADM2-46861878B48582794,Nong Khayang,ADM2
535,56954.86003,56544.00003,56402.88003,56257.34003,59433.69003,59201.63004,58924.77004,58769.00004,ADM2,535,THA,THA-ADM2-46861878B72474537,Nong Ki,ADM2
536,52094.88,51705.85,51575.1,51437.63,54196.47,54050.31,53872.66,54028.9,ADM2,536,THA,THA-ADM2-46861878B73948922,Nong Kung Si,ADM2
537,20448.05001,20296.15001,20254.69001,20195.76001,20170.40001,20097.09001,20052.77001,19982.24001,ADM2,537,THA,THA-ADM2-46861878B28634521,Nong Ma Mong,ADM2
538,35339.82005,35093.49005,35014.46005,34914.89005,35673.25005,35529.76005,35409.72005,35289.51005,ADM2,538,THA,THA-ADM2-46861878B11974362,Nong Muang,ADM2
539,14877.99001,14771.93001,14741.05001,14702.60001,14911.89002,13700.60004,13693.60005,13947.26005,ADM2,539,THA,THA-ADM2-46861878B63586211,Nong Muang Kai,ADM2
540,30337.92001,30106.08001,30107.75001,30283.43001,31493.52001,31397.81001,31289.75001,31200.29001,ADM2,540,THA,THA-ADM2-46861878B52826115,Nong Na Kham,ADM2
541,106753.54,105976.76,105319.05,105037.6,111836.17,111360.82,110979.75,110506.41,ADM2,541,THA,THA-ADM2-46861878B6954504,Nong Phai,ADM2
542,52502.06002,52123.50002,51990.61002,51850.45002,54299.10002,54095.25002,53898.55002,53710.04002,ADM2,542,THA,THA-ADM2-46861878B24295080,Nong Phok,ADM2
543,31045.96001,30818.51001,30768.22001,30676.86001,31816.57001,31809.51001,31806.70001,31805.91001,ADM2,543,THA,THA-ADM2-46861878B89164700,Nong Prue,ADM2
544,92030.88,91364.44,91132.95,90887.99,94461.88,94166.83,93853.65,93530.57,ADM2,544,THA,THA-ADM2-46861878B16173775,Nong Rua,ADM2
545,19828.09002,19685.70002,19637.34002,19580.77002,20364.46002,20299.03002,20231.17002,20172.25002,ADM2,545,THA,THA-ADM2-46861878B85444117,Nong Saeng,ADM2
546,21527.90999,21374.85999,21319.23999,21263.20999,22666.13999,22598.18999,22525.53999,22451.35999,ADM2,546,THA,THA-ADM2-46861878B81324455,Nong Saeng,ADM2
547,78224.30007,77657.47007,77463.80007,77254.56007,80287.99008,80026.87008,79751.37008,79474.52008,ADM2,547,THA,THA-ADM2-46861878B62330515,Nong Song Hong,ADM2
548,104633.6101,103882.2601,104997.96,104714.01,93604.07004,93262.70004,92926.27004,92705.67004,ADM2,548,THA,THA-ADM2-46861878B90693652,Nong Sua,ADM2
549,21595.12,21438.97,21385.1,21327.46,22994.81,22926.55,22850.38,22773.02,ADM2,549,THA,THA-ADM2-46861878B12724137,Nong Sung,ADM2
550,54333.04001,53943.17001,53809.74001,53661.84001,57381.91001,57223.87001,57026.38001,56958.32001,ADM2,550,THA,THA-ADM2-46861878B19524820,Nong Wua So,ADM2
551,14621.56001,14513.41001,14477.94001,14441.14001,14733.42001,14694.17001,14646.92001,14589.96001,ADM2,551,THA,THA-ADM2-46861878B27770943,Nong Ya Plong,ADM2
552,48362.18002,48003.69002,47872.56002,47737.13002,48335.60002,48216.59002,48078.45002,47854.75002,ADM2,552,THA,THA-ADM2-46861878B33808381,Nong Ya Sai,ADM2
553,39344.11,39055.58,38969.76,38876.49,36559.86,36785.98,36666.27,36554.52,ADM2,553,THA,THA-ADM2-46861878B86273550,Nong Yai,ADM2
554,26337.19002,21297.03001,21266.50001,21236.87001,20437.80001,20948.65001,20857.72001,20507.72001,ADM2,554,THA,THA-ADM2-46861878B87331427,Nophi Tam,ADM2
555,40233.29002,46595.14002,46982.94002,47011.00002,50906.67002,50816.49002,50658.36002,50569.91002,ADM2,555,THA,THA-ADM2-46861878B95155209,Nua Khlong,ADM2
556,50880.07,50519.3,50417.61,50282.29,52671.4,52524.39,52350.52,52221.8,ADM2,556,THA,THA-ADM2-46861878B73773483,Omkoi,ADM2
557,37327.73007,37056.80007,36266.48006,36167.08006,32152.34005,32064.74005,31969.20005,32008.39005,ADM2,557,THA,THA-ADM2-46861878B63268311,Ongkharak,ADM2
558,44670.26999,44349.24999,44233.73999,44113.26999,42045.68999,41915.47999,41778.28999,41630.81999,ADM2,558,THA,THA-ADM2-46861878B54838524,Pa Bon,ADM2
559,24976.80999,24793.33999,24733.26999,24678.49999,26094.36998,25977.91998,25871.58998,25795.13998,ADM2,559,THA,THA-ADM2-46861878B22223003,Pa Daet,ADM2
560,29015.22003,28803.46003,28936.42004,28856.94004,29046.01004,28952.79004,28857.69004,28757.00004,ADM2,560,THA,THA-ADM2-46861878B25016387,Pa Mok,ADM2
561,23039.15995,22886.72995,22814.90995,22764.22995,21690.45996,21619.91996,21543.01996,21477.64996,ADM2,561,THA,THA-ADM2-46861878B75236489,Pa Payom,ADM2
562,66240.01994,65764.89994,65594.90994,65415.61994,68136.18993,68164.98993,68041.50993,69438.67992,ADM2,562,THA,THA-ADM2-46861878B258528,Pa Sang,ADM2
563,31562.11001,31334.81001,31259.90001,31174.05001,32593.09001,32508.30001,32404.66001,32293.53001,ADM2,563,THA,THA-ADM2-46861878B77575323,Pa Tiu,ADM2
564,23926.16999,23751.48999,23693.94999,23628.42999,24078.23999,24010.92999,23929.30999,24153.64999,ADM2,564,THA,THA-ADM2-46861878B12653277,Pai,ADM2
565,44472.02998,44051.91998,43669.01999,43563.81999,45262.72998,45136.07998,44982.58998,44842.56999,ADM2,565,THA,THA-ADM2-46861878B87474087,Pak Chom,ADM2
566,181683.7,180375.36,179997.46,179665.74,188920.94,188321.56,187707.3,187049.63,ADM2,566,THA,THA-ADM2-46861878B11352158,Pak Chong,ADM2
567,31383.04005,31158.66005,31166.87005,31090.70005,32900.80005,32852.04005,32738.85005,32780.76005,ADM2,567,THA,THA-ADM2-46861878B98027648,Pak Khat,ADM2
568,362964.34,360335.03,359508.82,358535.12,306722.22,305727.17,304730.67,303116.37,ADM2,568,THA,THA-ADM2-46861878B49038918,Pak Kret,ADM2
569,119394.9002,117236.2302,116945.9002,116605.3702,112683.9302,111829.6302,111459.7902,111075.2402,ADM2,569,THA,THA-ADM2-46861878B8812247,Pak Phanang,ADM2
570,56749.25006,56335.95006,56199.25006,56043.62006,53418.51006,53247.08006,53073.25006,52884.38006,ADM2,570,THA,THA-ADM2-46861878B34944889,Pak Phayun,ADM2
571,62754.15,62302.81,63777.26,63609.48,57262.16,57087.38,56899.13,56705.24,ADM2,571,THA,THA-ADM2-46861878B20966218,Pak Phli,ADM2
572,64123.94001,63664.30001,63502.33001,63321.49001,64859.83001,64657.33001,64443.17001,64222.12001,ADM2,572,THA,THA-ADM2-46861878B67050518,Pak Tho,ADM2
573,118188.54,117333.33,117038.99,116723.41,122976.9,122942.2,122533.79,122152.09,ADM2,573,THA,THA-ADM2-46861878B30914111,Pak Thong Chai,ADM2
574,37156.87,36888.31,36780.84,36676.59,39064.72,38964.85,38837.93,38939.37,ADM2,574,THA,THA-ADM2-46861878B13210599,Pa Kham,ADM2
575,72498.26993,71976.92993,71797.67993,71636.14993,69227.83994,69009.80994,68774.31994,68535.50994,ADM2,575,THA,THA-ADM2-46861878B40086680,Palian,ADM2
576,44735.01994,45007.57996,44895.56996,44777.37996,44130.87996,43995.40996,43847.54996,43695.47996,ADM2,576,THA,THA-ADM2-46861878B68933812,Panare,ADM2
577,14224.75,14128.57,14092.21,14052.93,14320.74,14334.15,14285.6,14455.25,ADM2,577,THA,THA-ADM2-46861878B58818138,Pang Ma Pha,ADM2
578,31952.64003,31798.39004,32010.12006,31952.95006,33841.73006,32852.67009,32768.71009,32659.01009,ADM2,578,THA,THA-ADM2-46861878B30886301,Pang Sila Thong,ADM2
579,45594.61997,45280.58996,45190.50996,45130.69996,43918.74996,43657.94996,43516.47996,43661.92997,ADM2,579,THA,THA-ADM2-46861878B63183393,Pathiu,ADM2
580,45729.67004,45403.40004,45398.14004,45482.35004,48070.08004,47945.85004,47807.52004,47642.25004,ADM2,580,THA,THA-ADM2-46861878B55903893,Pathum Rat,ADM2
581,33863.41001,33612.29001,33813.14,33882.16,35892.96,35789.34,35667.74,35549.49,ADM2,581,THA,THA-ADM2-46861878B91324755,Pathum Ratwongsa,ADM2
582,263585.9108,261677.7908,261020.3508,260304.1108,251680.2408,250896.0408,250069.0408,249205.0808,ADM2,582,THA,THA-ADM2-46861878B82256463,Pathum Wan,ADM2
583,36655.32,36393.43,36299.75,36205.06,37814.77,37724.29,37599.46,37485.29,ADM2,583,THA,THA-ADM2-46861878B26550410,Pha Khao,ADM2
584,34475.10999,34223.67999,34127.25999,34035.28999,35491.31999,35463.38999,35345.54999,35554.02999,ADM2,584,THA,THA-ADM2-46861878B54422784,Phachi,ADM2
585,66304.25001,65839.18001,65735.13001,65545.87001,67612.21001,66646.54001,66118.25001,65985.64001,ADM2,585,THA,THA-ADM2-46861878B83971843,Phaisali,ADM2
586,53566.06,53181.21,52929.60001,52783.22001,55008.60001,54842.85001,54659.21001,54466.47001,ADM2,586,THA,THA-ADM2-46861878B18075065,Phak Hai,ADM2
587,23423.96999,23253.85999,23205.62999,23144.03999,24070.03999,24006.36999,23932.82999,23863.83999,ADM2,587,THA,THA-ADM2-46861878B3666847,Phakdi Chumphol,ADM2
588,124931.26,124038.11,123735.84,123216.97,130824.93,130592.76,130181.66,130090.3,ADM2,588,THA,THA-ADM2-46861878B94689555,Phan,ADM2
589,74119.73003,73586.14003,73425.66003,73234.37003,68857.06003,67982.79002,67759.03002,67593.24002,ADM2,589,THA,THA-ADM2-46861878B29350690,Phan Thong,ADM2
590,22329.83,22170.43,22166.23,22124.46,23363.58,23301.38,23228.04,23088.94,ADM2,590,THA,THA-ADM2-46861878B71223034,Phana,ADM2
591,172825.71,171554.3,171140.92,170677.58,157998.73,157015.18,156515.02,155692.99,ADM2,591,THA,THA-ADM2-46861878B17866567,Phanat Nikhom,ADM2
592,45537.35997,45206.31997,45094.79997,44971.04997,47668.45996,47586.50996,47482.08996,47325.51996,ADM2,592,THA,THA-ADM2-46861878B51993037,Phang Khon,ADM2
593,67864.27004,67371.85004,67201.86004,67013.99004,71765.25004,71563.48004,71338.25004,71094.21004,ADM2,593,THA,THA-ADM2-46861878B7137160,Phanna Nikhom,ADM2
594,36376.32002,36107.22002,36014.30002,35892.51002,35209.48002,35109.61002,34998.08002,34889.75002,ADM2,594,THA,THA-ADM2-46861878B67567305,Phanom,ADM2
595,37527.1,37250.96,37173.07,37003.04,35329.05999,37036.21999,36917.36999,34065.25999,ADM2,595,THA,THA-ADM2-46861878B48976522,Phanom Dong Rak,ADM2
596,68833.53004,68326.97004,68160.78004,67963.40004,70852.10003,70825.95003,70609.44003,70360.61003,ADM2,596,THA,THA-ADM2-46861878B65490734,Panom Phrai,ADM2
597,96109.87999,95415.73999,95183.18999,94929.83999,85375.71999,85122.82999,84858.56999,84565.26999,ADM2,597,THA,THA-ADM2-46861878B33260878,Phanom Sarakham,ADM2
598,55498.58003,55103.46003,54956.70003,54834.91003,55252.75004,55059.70004,54864.56004,54901.21004,ADM2,598,THA,THA-ADM2-46861878B99785080,Phanom Thuan,ADM2
599,221418.6797,219817.4397,219269.4297,218670.5697,212934.8897,212272.4897,211572.4197,210833.2297,ADM2,599,THA,THA-ADM2-46861878B2904291,Phasi Charoen,ADM2
600,22559.28,22361.88,22304.88,22244.06,21612.09,21547.29,21475.56,21400.29,ADM2,600,THA,THA-ADM2-46861878B82099606,Phato,ADM2
601,69780.65996,69260.42996,69191.82996,69011.98996,71008.72996,71271.06996,71040.83996,71218.85996,ADM2,601,THA,THA-ADM2-46861878B74148484,Phatthana Nikhom,ADM2
602,39537.22002,39240.79002,39147.01002,39039.10002,41312.71002,41212.21002,41096.91002,40660.10002,ADM2,602,THA,THA-ADM2-46861878B68409012,Phaya Mengrai,ADM2
603,153420.8994,152309.8294,151927.3594,151510.6894,146891.5295,146434.1395,145951.9395,145446.0995,ADM2,603,THA,THA-ADM2-46861878B46708286,Phaya Thai,ADM2
604,87261.52005,86631.21005,84144.34005,79589.46004,81299.25004,81166.51004,80932.80004,80655.36004,ADM2,604,THA,THA-ADM2-46861878B92864253,Phayakkhaphum Phisai,ADM2
605,24235.41995,24071.63995,24011.85995,23949.93995,34425.89993,33912.04994,33791.23994,33844.67993,ADM2,605,THA,THA-ADM2-46861878B50095275,Phayu,ADM2
606,60556.77003,60113.11003,60111.12003,59945.82003,62501.15003,62310.72003,62112.99003,61869.74003,ADM2,606,THA,THA-ADM2-46861878B60836915,Phayuha Khiri,ADM2
607,92099.09009,91437.71009,91206.13009,90951.69009,96970.8701,96729.9201,96451.2901,96538.3801,ADM2,607,THA,THA-ADM2-46861878B87551284,Phen,ADM2
608,129903.9099,129052.9299,129407.5099,129256.0199,137442.4299,137043.6299,136605.1499,136160.1299,ADM2,608,THA,THA-ADM2-46861878B34486410,Phibun Mangsahan,ADM2
609,21022.1,20869.19,20813.91,20761.16,22125.71,22063.02,21992.24,21428.27,ADM2,609,THA,THA-ADM2-46861878B88238504,Phibun Rak,ADM2
610,75427.64003,74888.81003,74699.06003,74510.08003,76816.48003,76889.78003,76625.20003,76432.41004,ADM2,610,THA,THA-ADM2-46861878B54178015,Phichai,ADM2
611,129805,128877.25,128566.23,128215.09,134792.62,133384.09,133205.49,132347.74,ADM2,611,THA,THA-ADM2-46861878B5409757,Phimai,ADM2
612,29514.44999,29287.31999,29212.76999,29129.49999,28039.32999,27959.41999,27866.94999,27766.64999,ADM2,612,THA,THA-ADM2-46861878B46932155,Phi Pun,ADM2
613,35436.83002,35182.71002,35096.89002,35001.07002,37086.48003,37064.18003,36948.41003,36057.43002,ADM2,613,THA,THA-ADM2-46861878B61977623,Phlapphlachai,ADM2
614,46498.65999,46160.03999,46044.05999,45922.87999,48304.67999,48160.82999,48008.80999,47840.90999,ADM2,614,THA,THA-ADM2-46861878B10537233,Pho Chai,ADM2
615,40858.18998,40561.59998,40455.30998,40347.59998,41373.38999,41236.45998,41101.73998,41171.41998,ADM2,615,THA,THA-ADM2-46861878B4751818,Pho Prathap Chan,ADM2
616,46413.68,46620.2,46318.93,45169.13,48953.55,48729.73,48572.08,48389.87,ADM2,616,THA,THA-ADM2-46861878B91200710,Pho Sai,ADM2
617,13837.87,13803.52,13772.24,13734.5,15334.59,15278.48,15235.7,15189.31,ADM2,617,THA,THA-ADM2-46861878B35411090,Pho Si Suwan,ADM2
618,11677.5,11589.98,11562.37,11528.52,12348.39,12136.42,11969.63,11597.96,ADM2,618,THA,THA-ADM2-46861878B61338377,Pho Tak,ADM2
619,63919.33998,63450.79998,63295.87998,63107.36998,64720.41998,64449.93998,64229.38998,64012.90998,ADM2,619,THA,THA-ADM2-46861878B55153862,Pho Thale,ADM2
620,48688.96997,48335.96997,48364.87998,48232.93998,48521.74998,48373.02998,48212.70998,48045.87998,ADM2,620,THA,THA-ADM2-46861878B97450133,Pho Thong,ADM2
621,91553.00997,90890.74997,90663.45997,90413.54997,93954.80997,93677.56997,93375.77997,93051.12997,ADM2,621,THA,THA-ADM2-46861878B45025283,Phon,ADM2
622,36357.71002,36090.16002,36026.34002,35923.71002,38030.30002,37910.70002,37784.50002,37622.72002,ADM2,622,THA,THA-ADM2-46861878B17067969,Phon Charoen,ADM2
623,29795.33002,29579.84002,29507.03002,29427.01002,31399.66002,31266.11002,31158.08002,31050.59002,ADM2,623,THA,THA-ADM2-46861878B33158882,Phon Na Kaeo,ADM2
624,87709.43998,87073.55998,86831.68998,86595.35998,92817.82997,91917.90998,91437.47998,87837.24998,ADM2,624,THA,THA-ADM2-46861878B81168049,Phon Phisai,ADM2
625,21254.87002,21101.09002,21049.89002,20993.61002,21984.13002,21915.84002,21843.18002,21769.72002,ADM2,625,THA,THA-ADM2-46861878B82944009,Phon Sai,ADM2
626,39540.68999,39256.30999,39155.20999,39044.03999,41848.33999,41651.03999,41494.93999,41324.64999,ADM2,626,THA,THA-ADM2-46861878B25507770,Phon Sawan,ADM2
627,86425.30999,85801.03999,85584.99999,85351.28999,89135.03999,88852.10999,88560.37999,88253.10999,ADM2,627,THA,THA-ADM2-46861878B48567786,Phon Thong,ADM2
628,63140.9503,63811.4603,62974.7103,60457.62028,63998.10028,64785.40029,64497.74029,64208.93028,ADM2,628,THA,THA-ADM2-46861878B28143228,Phop Phra,ADM2
629,133772.5899,132810.5299,132454.2299,132045.2799,135317.9499,134901.0999,134448.5799,133985.3999,ADM2,629,THA,THA-ADM2-46861878B3412330,Photharam,ADM2
630,185964.1205,184617.0105,184155.0605,183649.4305,178273.4605,177806.7205,177316.1805,176822.1305,ADM2,630,THA,THA-ADM2-46861878B35669144,Prakanong,ADM2
631,106670.7405,105897.5505,105632.4405,105342.5705,102035.6205,101718.4105,101383.7205,101032.7505,ADM2,631,THA,THA-ADM2-46861878B90195258,Phra Nakhon,ADM2
632,160134.6201,158885.9801,157490.6802,157051.9702,164409.1501,163915.8701,163377.0101,163011.5701,ADM2,632,THA,THA-ADM2-46861878B78111333,Phra Nakhon Sri Ayuthaya,ADM2
633,45565.45986,54642.57987,54505.62987,54274.58988,57877.82988,58513.25988,58311.72988,58109.95988,ADM2,633,THA,THA-ADM2-46861878B33646118,Phra Phrom,ADM2
634,86338.86991,85716.65991,85501.21991,85267.15991,88537.3799,88423.37991,88130.33991,88182.74991,ADM2,634,THA,THA-ADM2-46861878B36068827,Phra Phutthabat,ADM2
635,428758.2996,425655.4296,424587.6196,423425.1196,375818.4096,374641.3896,373411.4296,372191.0796,ADM2,635,THA,THA-ADM2-46861878B6194184,Phra Pra Daeng,ADM2
636,156088.3304,154955.4704,154353.0703,153078.1103,134301.7203,133677.1403,133058.5203,132631.5403,ADM2,636,THA,THA-ADM2-46861878B49220830,Phra Samut Jadee,ADM2
637,42257.12996,41992.71997,41894.43997,41773.24997,44546.05996,44424.39996,44316.67996,44156.87996,ADM2,637,THA,THA-ADM2-46861878B14276886,Phra Thong Kham,ADM2
638,35338.67995,35087.19995,34734.48995,34640.86995,36007.93994,35917.70995,35801.07995,35676.35995,ADM2,638,THA,THA-ADM2-46861878B48066623,Phra Yun,ADM2
639,35078.26002,34824.97002,34739.21002,34644.03002,36939.75002,36786.45002,36660.96002,36514.08002,ADM2,639,THA,THA-ADM2-46861878B64140480,Phrai Bung,ADM2
640,65280.55001,64802.14001,64639.98001,64471.34001,67780.40001,67588.47001,67433.08001,67239.46001,ADM2,640,THA,THA-ADM2-46861878B30538549,Phran Kratai,ADM2
641,58650.29,58228.12,58082.13,57923.12,60690.19,60483.17,60261.47,60049.43,ADM2,641,THA,THA-ADM2-46861878B31857834,Phrao,ADM2
642,61720.37996,61278.71997,61125.87996,61672.77997,60399.28997,60229.39997,59996.94997,59766.66997,ADM2,642,THA,THA-ADM2-46861878B39473528,Prasaeng,ADM2
643,24834.67007,24655.54007,24599.40007,24529.27007,24502.48007,24423.34007,24343.26007,24258.55007,ADM2,643,THA,THA-ADM2-46861878B94750412,Phrom Buri,ADM2
644,32108.73003,31846.02003,31767.68003,31675.43003,30548.43003,30492.89003,30393.36003,30289.04003,ADM2,644,THA,THA-ADM2-46861878B10933747,Phrommakhiri,ADM2
645,97587.52009,96940.96009,96707.87009,96443.09009,101045.5901,100787.2301,100461.5101,100143.6501,ADM2,645,THA,THA-ADM2-46861878B70625949,Phrom Phiram,ADM2
646,21937.02001,21775.65001,21752.52001,21796.79001,22634.53001,23052.74001,23379.93001,24940.63001,ADM2,646,THA,THA-ADM2-46861878B43221227,Phu Kam Yao,ADM2
647,107490.28,106713.85,106445.85,106153.64,110505.98,110163.61,109799.72,109413.7,ADM2,647,THA,THA-ADM2-46861878B70103721,Phu Khieo,ADM2
648,33322.97,33086.48,33014.23,32900.43,31678.72,31585.27,31485.34,31370.7,ADM2,648,THA,THA-ADM2-46861878B8305178,Phu Kradung,ADM2
649,20368.92,20218.55,20165.39,20110.2,20952.04,20867.42,20739.5,20869.3,ADM2,649,THA,THA-ADM2-46861878B11129140,Phu Luang,ADM2
650,19739.22002,19592.19002,19545.72002,19496.15002,20338.40002,20277.00002,20209.89002,20140.13002,ADM2,650,THA,THA-ADM2-46861878B43076411,Phupa Man,ADM2
651,31419.07,31190.05,31107.12,31017.12,33497.68,33773.86,34192.58,34065,ADM2,651,THA,THA-ADM2-46861878B89066415,Phu Phan,ADM2
652,37256.97989,36981.88989,36990.13989,37090.33989,39480.37988,39435.87988,39345.96988,38583.48988,ADM2,652,THA,THA-ADM2-46861878B37279341,Phu Pieng,ADM2
653,16999.83,16881.56,16830.36,16785.92,17365.06999,17347.05999,17335.44999,17013.17999,ADM2,653,THA,THA-ADM2-46861878B5459838,Phu Rua,ADM2
654,24466.89003,24301.36003,24234.77003,24859.06003,26021.25003,26420.02003,26745.14003,25632.19002,ADM2,654,THA,THA-ADM2-46861878B3147469,Phu Sang,ADM2
655,34821.92999,34570.08999,34487.30999,34393.80999,36038.10999,35924.77999,35797.83999,35670.41999,ADM2,655,THA,THA-ADM2-46861878B778120,Phu Sing,ADM2
656,65231.24999,64750.75999,64450.52999,63837.93999,66329.77999,66131.21999,65932.21999,65708.94999,ADM2,656,THA,THA-ADM2-46861878B76660106,Phu Wiang,ADM2
657,114903.5801,114237.4701,113951.5201,114620.65,112436.77,112292.36,111922.81,111538.9,ADM2,657,THA,THA-ADM2-46861878B10120801,Phunphin,ADM2
658,38791.70995,38508.87995,38443.09995,38402.91995,40543.54995,40422.87995,40293.65995,40167.11995,ADM2,658,THA,THA-ADM2-46861878B5595870,Phutthaisong,ADM2
659,27937.24016,27735.24016,27665.57016,27591.33016,24071.50014,23998.77014,23920.85014,23834.52014,ADM2,659,THA,THA-ADM2-46861878B70629262,Phuttha Mon Thon,ADM2
660,37531.05999,37261.97999,37167.88999,37066.10999,39734.20999,39465.18999,39260.76999,39126.77999,ADM2,660,THA,THA-ADM2-46861878B30550687,Pla Pak,ADM2
661,47869.97004,47526.65004,47403.45004,47270.68004,42866.34003,42652.80003,42382.69004,42246.79004,ADM2,661,THA,THA-ADM2-46861878B75971305,Plaeng Yao,ADM2
662,37995.71001,37701.90001,37612.35001,37240.11001,36695.97001,36582.77001,36489.78001,36373.79001,ADM2,662,THA,THA-ADM2-46861878B9616945,Plai Phraya,ADM2
663,59502.61997,59071.09997,58822.78997,58672.50997,54355.01997,54209.06997,54032.17997,53886.04997,ADM2,663,THA,THA-ADM2-46861878B77238503,Pluak Daeng,ADM2
664,65966.93052,65489.88051,65325.52051,65146.21051,63240.38049,63042.93049,62835.38049,62617.97049,ADM2,664,THA,THA-ADM2-46861878B40652127,Pom Prap Sattru Phai,ADM2
665,44098.52,43778.66,43671.28,43560.63,45180.53,45047.98,44915.59,44757.55,ADM2,665,THA,THA-ADM2-46861878B25631872,Pong,ADM2
666,43700.56,43279.26,43152.5,42807.9,38385.93,38301.48,38711.26,38547.18,ADM2,666,THA,THA-ADM2-46861878B88358907,Pong Nam Ron,ADM2
667,14566.21,14445.76,14418.17,14371.32,15342.91,15104.3,14937.04,14653.44,ADM2,667,THA,THA-ADM2-46861878B91638006,Prachak Silapakhom,ADM2
668,73298.2601,72765.1201,72588.3701,72397.5301,64999.18009,64797.27009,64582.79009,64359.52009,ADM2,668,THA,THA-ADM2-46861878B84149868,Prachantakham,ADM2
669,105578.1,104812.08,104543.71,104246.14,109921.45,109205.63,108820.67,108541.39,ADM2,669,THA,THA-ADM2-46861878B51887585,Prakhon Chai,ADM2
670,59352.57002,58922.41002,58767.35002,58580.53002,61241.10002,58930.60002,58698.06002,55430.14002,ADM2,670,THA,THA-ADM2-46861878B22312117,Pran Buri,ADM2
671,53025.25999,52644.91999,52515.48999,52373.66999,55360.25999,55217.97999,55036.94999,54846.46999,ADM2,671,THA,THA-ADM2-46861878B33286547,Prang Ku,ADM2
672,122728.46,121841.01,121536.38,121204.65,125994.73,125532.54,125120.64,124858.33,ADM2,672,THA,THA-ADM2-46861878B72151090,Phrasat,ADM2
673,75984.77,75435.66,75246.43,75034.35,79072.08,78574.82,78072.46999,78053.96999,ADM2,673,THA,THA-ADM2-46861878B38175262,Pra Thai,ADM2
674,185320.0599,183973.6799,183515.4999,183015.0399,173321.3399,173025.8899,172828.2599,171344.6099,ADM2,674,THA,THA-ADM2-46861878B70725414,Prawet,ADM2
675,58273.81001,57850.39001,57699.09001,57541.39001,60586.90001,60399.58001,60201.49001,60007.74001,ADM2,675,THA,THA-ADM2-46861878B41921022,Pua,ADM2
676,19949.53013,19805.09013,19789.21013,19795.90013,20698.54014,20624.00014,20558.47013,20488.28013,ADM2,676,THA,THA-ADM2-46861878B11318372,Puai Noi,ADM2
677,91061.63999,90800.31998,90558.72998,90316.73998,89672.19998,89389.10998,89101.47998,89335.43998,ADM2,677,THA,THA-ADM2-46861878B43958519,Rangae,ADM2
678,81498.18999,81831.64998,81630.10998,81407.49998,80777.93998,80588.93998,80324.30998,80083.10998,ADM2,678,THA,THA-ADM2-46861878B26701209,Raman,ADM2
679,98665.13002,97957.09002,97450.27001,96961.36001,95109.41001,94806.85001,94484.53001,94167.53001,ADM2,679,THA,THA-ADM2-46861878B8849158,Ranot,ADM2
680,63328.53001,62868.83001,62716.28001,62532.88001,65310.00001,65101.82001,64887.35001,65173.12001,ADM2,680,THA,THA-ADM2-46861878B12687682,Rasi Salai,ADM2
681,155805.2599,154678.4699,154183.3999,153675.6999,149254.4899,148792.5099,148301.3599,147986.7999,ADM2,681,THA,THA-ADM2-46861878B78276682,Rat Burana,ADM2
682,16600.62001,16483.36001,16441.34001,16397.70001,14808.44001,14763.64001,14711.03001,14664.25001,ADM2,682,THA,THA-ADM2-46861878B47670232,Ratchasan,ADM2
683,135013.4299,134035.2899,133698.7299,133333.1899,128616.7099,128213.7099,127792.6299,127351.2999,ADM2,683,THA,THA-ADM2-46861878B95803496,Ratchathewi,ADM2
684,29784.81998,29488.70999,29421.67999,29363.31999,28530.69999,28650.50999,28553.63999,28455.47999,ADM2,684,THA,THA-ADM2-46861878B69603652,Rasada,ADM2
685,73214.56001,72676.56001,72493.06001,72298.50001,75635.48001,75679.12001,75425.08001,75163.55001,ADM2,685,THA,THA-ADM2-46861878B42045966,Rattana Buri,ADM2
686,41257.50002,40941.94002,40872.86002,40772.71002,43664.41002,43880.52002,43820.51002,45827.88002,ADM2,686,THA,THA-ADM2-46861878B49601098,Rattana Wapi,ADM2
687,84249.30002,83639.86002,83429.31002,83202.46002,81571.46002,81319.42002,81052.39002,80743.46002,ADM2,687,THA,THA-ADM2-46861878B67346131,Rattaphum,ADM2
688,35522.38004,35266.20004,35180.32004,35080.72004,37656.65004,37423.58004,37114.40004,36988.49004,ADM2,688,THA,THA-ADM2-46861878B56587996,Renu Nakhon,ADM2
689,111141.83,114249,113963.24,119847.77,115740.83,117804.2,117415.19,111814.9099,ADM2,689,THA,THA-ADM2-46861878B76187140,Ron Phi Pun,ADM2
690,11888.64998,11802.62998,11773.79998,11740.76998,12467.52998,12435.38998,12392.42998,12347.86998,ADM2,690,THA,THA-ADM2-46861878B60006912,Rong Kham,ADM2
691,49258.31994,48901.27994,48784.46995,48653.58995,50215.59994,50896.90992,50872.85992,50797.58992,ADM2,691,THA,THA-ADM2-46861878B58786686,Rong Kwang,ADM2
692,66376.44001,65663.59001,65498.46001,65321.64001,64878.83001,64680.34001,64465.08001,64249.56001,ADM2,692,THA,THA-ADM2-46861878B46748071,Ruso,ADM2
693,23787.98001,23611.91001,23576.60001,23508.85001,24206.49001,24150.04001,24080.89001,23997.17001,ADM2,693,THA,THA-ADM2-46861878B79807244,Sra Both,ADM2
694,71324.43999,70805.58999,70723.77999,70526.73999,69159.46999,69383.28999,69151.76999,68627.50999,ADM2,694,THA,THA-ADM2-46861878B59054210,Saba Yoi,ADM2
695,115320.1097,114522.3797,114284.4597,113970.7197,111783.5997,111269.1797,110904.6997,110362.4897,ADM2,695,THA,THA-ADM2-46861878B66232900,Sadao,ADM2
696,33931.65999,33684.06999,33602.39999,33508.40999,34642.71998,34521.87998,34401.73998,34249.16998,ADM2,696,THA,THA-ADM2-46861878B41789575,Sahatsakhan,ADM2
697,60379.97003,61095.92,60936.49,60765.87,59899.24,59718.63,59515.44,59314.35,ADM2,697,THA,THA-ADM2-46861878B91376434,Sai Buri,ADM2
698,91273.35046,90611.67046,90208.18047,89639.53048,85797.17044,85136.77045,84805.59045,84175.31045,ADM2,698,THA,THA-ADM2-46861878B51453901,Sai Mai,ADM2
699,29302.80003,29091.08003,29021.90003,28939.21003,30207.27004,30127.66004,30025.05004,29926.91004,ADM2,699,THA,THA-ADM2-46861878B5613676,Sai Mun,ADM2
700,53128.53001,52581.34001,52449.80001,52304.37001,55592.55001,55505.37001,55380.52001,55365.02001,ADM2,700,THA,THA-ADM2-46861878B42404958,Sai Ngam,ADM2
701,77176.96007,76619.58007,76426.61007,76218.55007,65342.84006,65118.10006,64904.31006,64682.34006,ADM2,701,THA,THA-ADM2-46861878B61392051,Sai Noi,ADM2
702,28275.93,28106.8,28042.59,27970.86,29643.48,29547.55,29412.26,29308.55,ADM2,702,THA,THA-ADM2-46861878B51293198,Sai Thong Watthana,ADM2
703,20556.76,20403.57,20342.32,20248.72,20668.24,20605.34,20533.22,20458.55,ADM2,703,THA,THA-ADM2-46861878B53299023,Sai Yok,ADM2
704,26130.78002,25935.43002,25873.87002,25803.27002,28724.21002,27158.72002,25903.64002,25868.38002,ADM2,704,THA,THA-ADM2-46861878B49997266,Sak Lek,ADM2
705,28719.47,28505.13,28427.63,28351.22,30420.05999,30360.58,30277.87,30241.06,ADM2,705,THA,THA-ADM2-46861878B42490572,Sa Khrai,ADM2
706,23307.61001,23132.42001,23071.85001,23015.59001,24044.01001,23721.24001,23521.41001,23201.53001,ADM2,706,THA,THA-ADM2-46861878B75765651,Sam Chai,ADM2
707,56616.72997,56206.47997,56072.06997,55915.81997,56576.37997,56400.46997,56218.00997,56021.81997,ADM2,707,THA,THA-ADM2-46861878B35070385,Sam Chuk,ADM2
708,100412.0299,99687.17993,99157.08993,98882.57993,89252.83992,88991.16992,88694.63992,87827.22992,ADM2,708,THA,THA-ADM2-46861878B79660033,Sam Khok,ADM2
709,41786.55002,41522.82002,41408.11002,41287.29002,42361.30002,41619.24002,40824.73002,40251.34004,ADM2,709,THA,THA-ADM2-46861878B5885930,Sam Ngam,ADM2
710,36528.19,36267.07,36212.47,36107.26,38623.59,38518.04,38392.88,38179.34999,ADM2,710,THA,THA-ADM2-46861878B31071582,Sam Ngao,ADM2
711,238170.4202,236441.8702,235853.5002,235213.9002,206079.5502,205435.0402,204761.0202,204049.0802,ADM2,711,THA,THA-ADM2-46861878B2040835,Sam Phran,ADM2
712,60813.57006,60370.35006,60206.49006,60026.71005,63393.97006,66019.49006,65907.37006,69010.90006,ADM2,712,THA,THA-ADM2-46861878B25160738,Sam Roi Yot,ADM2
713,18925.12999,18803.92999,18689.65999,18573.55999,19324.98999,19284.37999,19219.96999,19153.61999,ADM2,713,THA,THA-ADM2-46861878B32816442,Sam Sung,ADM2
714,16846.96998,16724.39998,16775.12998,16728.51998,16834.25998,16783.97998,16729.40998,16671.17998,ADM2,714,THA,THA-ADM2-46861878B20669228,Samko,ADM2
715,23346.24001,23176.09001,23123.65001,23071.59001,24214.36001,24311.81001,24217.60001,24578.1,ADM2,715,THA,THA-ADM2-46861878B73745284,Samoeng,ADM2
716,35084.80018,34830.58017,34743.19017,34648.26017,33389.63017,33285.91017,33176.17017,33061.77017,ADM2,716,THA,THA-ADM2-46861878B69970007,Samphantawong,ADM2
717,49984.50001,49618.99001,49495.60001,49359.64001,52351.92002,52194.86002,52027.65002,51854.51001,ADM2,717,THA,THA-ADM2-46861878B75117902,Samrong,ADM2
718,44808.34002,44486.89002,44376.23002,44257.33002,46224.96002,46081.06002,45932.11002,45775.77002,ADM2,718,THA,THA-ADM2-46861878B42396040,Samrong Thap,ADM2
719,102185.6499,101468.2199,101567.7599,102204.4499,107262.0599,106203.1799,106222.5699,105627.9698,ADM2,719,THA,THA-ADM2-46861878B72149949,San Kamphaeng,ADM2
720,83947.58001,83339.12001,83145.30001,82922.44001,86840.76001,86525.72001,86155.13001,86199.41001,ADM2,720,THA,THA-ADM2-46861878B97100882,San Pa Tong,ADM2
721,97209.64994,96503.19994,96293.31993,95882.62996,100701.58,100441.78,100170.33,100359.91,ADM2,721,THA,THA-ADM2-46861878B32413615,San Sai,ADM2
722,79864.97999,79275.72999,79026.18999,78742.88999,71192.00999,71096.82999,70922.78999,70667.41999,ADM2,722,THA,THA-ADM2-46861878B32559089,Sanam Chaikhet,ADM2
723,22533.21999,22368.97999,22313.50999,22253.12999,23718.82999,23581.88999,23465.73999,23400.57999,ADM2,723,THA,THA-ADM2-46861878B3316813,Sang Khom,ADM2
724,112579.07,111735.56,111472.29,111162.86,116251.19,115595.18,115209.95,114866.11,ADM2,724,THA,THA-ADM2-46861878B59073686,Sangkha,ADM2
725,34121.60999,33794.89999,33713.12999,33606.82999,35047.8,34069.45999,34046.27998,33894.70998,ADM2,725,THA,THA-ADM2-46861878B33992660,Sangkhla Buri,ADM2
726,18940.73003,18826.81003,18312.98003,18271.48003,19416.75004,19351.19003,19448.19004,20228.94004,ADM2,726,THA,THA-ADM2-46861878B21551233,Sangkhom,ADM2
727,64180.96006,63715.62006,63537.72006,63368.30006,63090.06006,62906.69006,62698.04006,62480.40006,ADM2,727,THA,THA-ADM2-46861878B87321380,Sankha Buri,ADM2
728,37601.37001,37329.45001,37234.55001,37132.72001,38809.99001,38694.07001,38564.06001,38429.65001,ADM2,728,THA,THA-ADM2-46861878B44635081,Sanom,ADM2
729,13630.67,13532.45,13499.09,13460.48,14176.76,14109.81,14063.58,13808.53,ADM2,729,THA,THA-ADM2-46861878B91964755,Santi Suk,ADM2
730,30838.55002,30615.35002,30527.47002,30440.60002,31659.27002,31569.16002,31466.47002,31522.20002,ADM2,730,THA,THA-ADM2-46861878B97725826,Sao Hai,ADM2
731,13668.07001,13573.05001,13535.41001,13494.95001,14009.20001,13956.79001,13924.62001,14151.88001,ADM2,731,THA,THA-ADM2-46861878B30058836,Sap Yai,ADM2
732,53322.5799,52939.6199,52998.9199,53449.3999,49819.02991,49686.83991,49553.61991,49534.96991,ADM2,732,THA,THA-ADM2-46861878B76276313,Saphan Sung,ADM2
733,46897.46001,46555.22001,47143.32002,47017.22002,46839.60002,46697.37002,46548.69002,46385.01002,ADM2,733,THA,THA-ADM2-46861878B44216362,Sapphaya,ADM2
734,81722.17005,81133.86005,80586.23009,79606.50014,83589.73017,82466.78016,81933.49015,81342.52015,ADM2,734,THA,THA-ADM2-46861878B51534427,Saraphi,ADM2
735,58425.48993,58504.70993,58363.26993,58240.85993,57100.90994,56928.76994,56740.81994,56542.41994,ADM2,735,THA,THA-ADM2-46861878B22244722,Sathing Phra,ADM2
736,161041.5086,159874.1186,159472.4586,159035.9586,153774.9087,153296.3487,152790.3087,152261.3787,ADM2,736,THA,THA-ADM2-46861878B30836956,Sathorn,ADM2
737,173033.4099,171784.0499,171257.2999,170705.4099,160736.3699,159677.1999,159134.1199,158569.3299,ADM2,737,THA,THA-ADM2-46861878B27812058,Sattahip,ADM2
738,90912.27,90245.75,90043.12,89793.43,94926.68,94714.87,94412.46,93919.27001,ADM2,738,THA,THA-ADM2-46861878B3559864,Satuk,ADM2
739,36399.55005,36135.39005,36054.94005,35954.94005,36162.60005,36053.00005,35932.64005,35807.41005,ADM2,739,THA,THA-ADM2-46861878B56755650,Sawaengha,ADM2
740,30939.47999,30711.49999,30635.47999,30554.86999,31632.16999,31580.31999,31518.86999,31425.43999,ADM2,740,THA,THA-ADM2-46861878B37087147,Sawang Arom,ADM2
741,123907.6201,123009.2601,122699.8601,122366.9101,130410.5001,129873.1101,129373.9601,128967.0901,ADM2,741,THA,THA-ADM2-46861878B46963205,Sawang Daen Din,ADM2
742,21112.30002,20974.50002,20971.47002,20942.97002,23801.78003,23821.02003,23831.37003,23892.89003,ADM2,742,THA,THA-ADM2-46861878B26500192,Sawang Wirawong,ADM2
743,95102.31998,94408.72998,94177.46998,93910.18998,98226.24998,98790.48998,98480.37998,98338.87998,ADM2,743,THA,THA-ADM2-46861878B65582063,Sawankhalok,ADM2
744,74337.46004,71286.22004,71116.09004,70933.98004,68978.84004,68898.10004,68672.51004,68432.07004,ADM2,744,THA,THA-ADM2-46861878B55477614,Sawi,ADM2
745,73640.32003,73101.97003,72925.74003,72744.71003,76988.48003,76764.20003,76513.78003,76527.08003,ADM2,745,THA,THA-ADM2-46861878B58351046,Seka,ADM2
746,102402.0801,101664.8801,101413.5201,101135.6301,106035.0701,105756.0001,105429.4501,105067.4701,ADM2,746,THA,THA-ADM2-46861878B13414941,Selaphum,ADM2
747,74683.00002,74145.49002,73972.27002,73769.00002,76314.51003,76072.49003,75820.70003,75576.61003,ADM2,747,THA,THA-ADM2-46861878B55079606,Sena,ADM2
748,31145.12001,30914.50001,30861.01001,30778.31001,32438.59001,32339.84001,32232.65001,32121.23001,ADM2,748,THA,THA-ADM2-46861878B98578956,Senangkhanikhom,ADM2
749,14282.45998,14173.96998,14138.34998,14059.85998,13467.83998,13421.69998,13376.84998,13332.84998,ADM2,749,THA,THA-ADM2-46861878B42812348,Si Banphot,ADM2
750,100236.1401,99527.24006,99278.59006,98991.64006,105347.0501,104991.9001,104652.2101,104380.5401,ADM2,750,THA,THA-ADM2-46861878B17296940,Si Bun Ruang,ADM2
751,33615.24011,33356.92011,32917.20009,32803.21009,34977.9101,35044.3601,35036.9201,35255.8401,ADM2,751,THA,THA-ADM2-46861878B74680210,Si Chiang Mai,ADM2
752,78953.77998,78387.78998,78200.91998,77986.55998,81148.93998,80896.79998,80611.41998,80188.21998,ADM2,752,THA,THA-ADM2-46861878B82040560,Si Chomphu,ADM2
753,84684.86006,84067.09006,83823.09006,83544.97006,74935.17005,74703.01005,74448.73005,74274.21005,ADM2,753,THA,THA-ADM2-46861878B46904514,Sri Mahar Pho,ADM2
754,27939.37995,27745.46995,27680.65995,27614.91995,24940.47995,24862.82995,24787.19995,24584.13995,ADM2,754,THA,THA-ADM2-46861878B57823893,Si Mahosot,ADM2
755,64526.03999,63500.51999,63889.64999,63618.65999,67278.78999,67152.00999,66953.27999,66730.72999,ADM2,755,THA,THA-ADM2-46861878B29685042,Si Muang Mai,ADM2
756,31221.31003,30994.49003,30912.37003,30833.96003,31967.05003,30766.70003,30670.91003,30900.03003,ADM2,756,THA,THA-ADM2-46861878B60959874,Si Nakhon,ADM2
757,23994.87,23850.4,23767.21,23714.69,25325.53,25610.08,25535.69,25432.38,ADM2,757,THA,THA-ADM2-46861878B74581880,Sri Narong,ADM2
758,72914.50996,72389.30996,72231.75996,72038.02996,73007.20996,72781.73996,72539.07996,72303.31996,ADM2,758,THA,THA-ADM2-46861878B83342771,Si Prachan,ADM2
759,272644.6601,270666.0001,269985.4701,268641.1801,252588.3501,251313.7101,250490.9101,249583.7901,ADM2,759,THA,THA-ADM2-46861878B10293157,Si Racha,ADM2
760,36984.74,36719.22,36622.53,36522.07,38559.29,38529.89,38392.03,38264.11,ADM2,760,THA,THA-ADM2-46861878B3102365,Sri Ratana,ADM2
761,28677.69,28316.46,28253.63,28174.22,27984.17,27897.72,27808.54,27718.76,ADM2,761,THA,THA-ADM2-46861878B38850833,Si Sakhon,ADM2
762,72359.21998,71836.54998,71653.28998,71465.13998,74647.88998,74427.65998,74149.95998,73964.59998,ADM2,762,THA,THA-ADM2-46861878B84687917,Si Sam Rong,ADM2
763,97061.24003,96358.59003,96119.09003,95853.72003,100078.77,99490.73003,99114.30003,98675.40004,ADM2,763,THA,THA-ADM2-46861878B47414388,Si Satchanalai,ADM2
764,44245.99002,43925.58002,43813.71002,43693.15002,45343.62002,45146.82002,44951.79002,44801.78002,ADM2,764,THA,THA-ADM2-46861878B99843937,Si Sawat,ADM2
765,28119.67001,27916.53001,27942.71001,27976.23001,29384.50002,29355.12002,29317.80002,29214.29002,ADM2,765,THA,THA-ADM2-46861878B96177487,Si Somdet,ADM2
766,53663.09,53263.08,53130.41,52987.73,56516.65999,56332.21999,56117.63999,55901.03999,ADM2,766,THA,THA-ADM2-46861878B40864052,Si Songkhram,ADM2
767,41034.89999,40731.47999,40627.06999,40510.13999,43186.99999,43062.41999,42923.49999,42727.61999,ADM2,767,THA,THA-ADM2-46861878B52683358,Si That,ADM2
768,62922.18001,62470.73001,62377.04001,62165.21001,66198.36001,66014.36001,65793.44001,65568.92001,ADM2,768,THA,THA-ADM2-46861878B26288697,Si Thep,ADM2
769,31582.50999,31348.79999,31270.94999,31184.33999,33009.64999,32905.26999,32797.89999,32724.44999,ADM2,769,THA,THA-ADM2-46861878B26865438,Si Wilai,ADM2
770,83251.32006,82198.29005,81993.13005,82381.85001,79427.18,79159.18,78896,78623.14,ADM2,770,THA,THA-ADM2-46861878B41068212,Sichon,ADM2
771,34550.06999,34322.41999,34224.38999,34119.89999,37609.34,36175.95,35592.84,34114.11,ADM2,771,THA,THA-ADM2-46861878B84365861,Sida,ADM2
772,33210.61003,32976.09003,32894.43003,32775.23003,31773.27003,31675.41003,31573.53003,31469.18003,ADM2,772,THA,THA-ADM2-46861878B18403527,Sikao,ADM2
773,121505.5699,120629.7999,120322.3899,119999.0299,126466.1299,126106.3599,125747.3399,125516.72,ADM2,773,THA,THA-ADM2-46861878B94126219,Sikhiu,ADM2
774,114333.14,113503.22,113220.76,112911.02,118131.14,117772.35,117383.06,116977.99,ADM2,774,THA,THA-ADM2-46861878B50518127,Sikhoraphum,ADM2
775,12004.72,11913.31,11878.73,11861.53,13306.4,13274.25,13234.06,12725.81,ADM2,775,THA,THA-ADM2-46861878B30805918,Sila Lat,ADM2
776,103624.97,103879,103642.88,103424.01,101341.7,101037.42,100702.99,100356.55,ADM2,776,THA,THA-ADM2-46861878B16974026,Singha Nakhon,ADM2
777,48903.12005,48467.77005,47086.49005,46892.69006,49394.28004,48140.09004,47845.06004,47641.52004,ADM2,777,THA,THA-ADM2-46861878B43157423,Si Rin Ton,ADM2
778,63934.85001,63473.54001,63220.66001,63049.88001,66745.69002,66543.56002,66323.51002,66394.95002,ADM2,778,THA,THA-ADM2-46861878B70322675,So Phisai,ADM2
779,31641.61,31411.41,31332.22,31245.89,32420.02,32318.83,32210.56,32105.02,ADM2,779,THA,THA-ADM2-46861878B58978116,Soem Ngam,ADM2
780,62192.17,61728.72,61576.03,61402.24,64629.07,64419.85,64202.92,63841,ADM2,780,THA,THA-ADM2-46861878B83521967,Soeng Sang,ADM2
781,60964.87999,60505.26999,60268.30999,60263.03999,53339.11,53132.91,53131.16,53085.76,ADM2,781,THA,THA-ADM2-46861878B27120762,Soydow,ADM2
782,50380.72001,50018.17001,49892.08001,49757.51001,52715.53001,52565.87001,52402.27001,52042.59001,ADM2,782,THA,THA-ADM2-46861878B80800474,Somdet,ADM2
783,49869.26,49505.05,49381.34,49241.86,50831.33,50402.65,50214.31,49940.26,ADM2,783,THA,THA-ADM2-46861878B64159975,Song,ADM2
784,29182.33002,28972.54002,28899.03002,28814.89002,30715.30002,30701.48002,30649.19002,30556.59002,ADM2,784,THA,THA-ADM2-46861878B63160792,Song Dao,ADM2
785,9820.240014,9750.630014,9724.420014,9694.140014,10214.11001,10167.89002,10119.40002,10055.00001,ADM2,785,THA,THA-ADM2-46861878B92242252,Song Kwae,ADM2
786,133094,132138.74,131822.91,131464.49,132960.64,132548.52,132111.72,131694.3,ADM2,786,THA,THA-ADM2-46861878B73619810,Song Phi Nong,ADM2
787,30402.46998,30106.33998,30083.81998,30062.97998,30645.51998,30488.72998,30411.58998,29365.73997,ADM2,787,THA,THA-ADM2-46861878B36907675,Sop Moei,ADM2
788,27037.86,26850.97,26783.97,26710.47,27712.91,27633.63,27545.57,27450.42,ADM2,788,THA,THA-ADM2-46861878B13697669,Sop Prap,ADM2
789,15921.3801,15809.5401,15769.4201,15711.0801,17561.92011,17521.61011,17450.19011,17396.14011,ADM2,789,THA,THA-ADM2-46861878B73362470,Sri Nakarin,ADM2
790,102820.5197,104778.3098,104497.1298,104743.6398,104705.9298,103741.7698,103325.0898,102956.8798,ADM2,790,THA,THA-ADM2-46861878B23347591,Su-ngai Ko Lok,ADM2
791,58943.10002,58485.85002,58341.90002,58183.45002,57794.54002,57584.84001,57381.10002,57225.89001,ADM2,791,THA,THA-ADM2-46861878B32889837,Sungai Padi,ADM2
792,292325.4397,290207.6997,289481.2597,288689.0897,280719.8497,280368.0097,280023.2597,279783.1397,ADM2,792,THA,THA-ADM2-46861878B84443184,Suan Luang,ADM2
793,36854.37003,36576.89003,36475.04003,36414.27003,32140.32003,32040.64003,31928.64003,31820.47003,ADM2,793,THA,THA-ADM2-46861878B97583565,Suan Phung,ADM2
794,10221.18001,9932.090005,9922.610005,9923.660005,9859.160005,10418.59001,10385.43001,10069.33001,ADM2,794,THA,THA-ADM2-46861878B54174702,Suk Samran,ADM2
795,22792.29,22637.42,22580.2,22513.86,22376.87,22345.99,22273.39,22200.11,ADM2,795,THA,THA-ADM2-46861878B50342274,Sukhirin,ADM2
796,76169.84001,75618.08001,75441.88001,75235.40001,77304.06001,77128.55001,76927.85001,76659.73001,ADM2,796,THA,THA-ADM2-46861878B16899150,Sung Men,ADM2
797,78401.15,77836,77644.11,77434.26,81545.57,81375.42,81111,80584.86,ADM2,797,THA,THA-ADM2-46861878B57961122,Sung Noen,ADM2
798,61955.16001,61511.29001,61355.73001,61185.56001,65068.30001,64887.80001,64675.29001,64524.75001,ADM2,798,THA,THA-ADM2-46861878B7336128,Suwan Khuha,ADM2
799,97006.63002,96305.12002,96066.22002,95809.64002,100397.15,100087.84,99760.78002,99418.85002,ADM2,799,THA,THA-ADM2-46861878B95370985,Suwannaphum,ADM2
800,77550.54001,76969.76001,77034.83001,77529.30002,68998.09001,68165.07001,67590.87001,67425.75001,ADM2,800,THA,THA-ADM2-46861878B10332776,Ta Phraya,ADM2
801,65003.25004,64956.03004,64798.54004,64527.79004,63939.12004,63800.35005,63582.90005,63310.78005,ADM2,801,THA,THA-ADM2-46861878B67073354,Tak Bai,ADM2
802,38013.4,37746.89,37616.05,37514.64,39156.73,39056.06,38928.93,38794.04,ADM2,802,THA,THA-ADM2-46861878B92559957,Tak Fa,ADM2
803,116836.46,115990.01,115812.29,115492.54,120432.98,120039.53,119646.32,119249.32,ADM2,803,THA,THA-ADM2-46861878B38963171,Takhli,ADM2
804,49465.30995,49144.84995,49123.72995,49320.88994,47898.22995,47710.39995,47609.73995,47791.23997,ADM2,804,THA,THA-ADM2-46861878B21720809,Takua Pa,ADM2
805,45973.61995,45679.15994,45870.35995,46140.48995,44768.31995,44853.80995,44708.69995,44569.98995,ADM2,805,THA,THA-ADM2-46861878B35688095,Takua Thung,ADM2
806,93040.48032,92361.68032,92134.83032,91880.76032,88171.79031,87894.20031,87608.87031,87302.43031,ADM2,806,THA,THA-ADM2-46861878B20289516,Taling Chan,ADM2
807,27635.51992,27435.93992,27368.35992,27292.38992,26010.90992,25931.23992,25845.54992,25757.57992,ADM2,807,THA,THA-ADM2-46861878B9612504,Tamot,ADM2
808,32709.35996,32466.33996,33218.99996,32906.06996,35992.00995,35879.48995,35753.01995,35683.34995,ADM2,808,THA,THA-ADM2-46861878B51263981,Tan Sum,ADM2
809,20910.71002,20761.07002,20708.75002,20652.31002,22397.19002,22349.70002,22309.21002,22240.02002,ADM2,809,THA,THA-ADM2-46861878B67496355,Tao Ngoi,ADM2
810,50326.70002,49961.37002,49838.93002,49702.42002,50922.28003,50815.62003,50658.10003,50485.24003,ADM2,810,THA,THA-ADM2-46861878B60704650,Thap Khlo,ADM2
811,72800.71001,72268.33001,72086.25001,71894.12001,73641.98001,73345.85002,73121.82002,72872.14002,ADM2,811,THA,THA-ADM2-46861878B36160308,Taphan Hin,ADM2
812,78294.86005,77720.23005,77464.28005,77245.44004,82709.43005,82420.85005,81944.89006,82037.33006,ADM2,812,THA,THA-ADM2-46861878B14494619,Tha Bo,ADM2
813,55778.74998,55388.05005,55245.93005,54891.14005,53767.71005,53601.53005,53423.17005,53240.20005,ADM2,813,THA,THA-ADM2-46861878B58479832,Tha Chana,ADM2
814,33431.52002,33094.34002,33010.75002,32691.83002,32052.97002,31959.09002,31853.34002,31744.20002,ADM2,814,THA,THA-ADM2-46861878B59370686,Tha Chang,ADM2
815,13423.32999,13325.09999,13291.31999,13255.24999,13217.60999,13176.51999,13133.59999,13087.47999,ADM2,815,THA,THA-ADM2-46861878B29849701,Tha Chang,ADM2
816,33152.40003,32924.05003,32844.87003,32748.77003,34492.11003,34362.98003,34249.12003,33741.19003,ADM2,816,THA,THA-ADM2-46861878B6001113,Tha Khantho,ADM2
817,23791.45003,23599.99003,23228.77003,23156.65003,24017.94003,24095.99002,24019.70002,23936.49002,ADM2,817,THA,THA-ADM2-46861878B96232777,Tha Li,ADM2
818,32662.14002,32446.76002,32364.70002,32277.78002,33276.86002,33180.55002,33081.86002,32874.25002,ADM2,818,THA,THA-ADM2-46861878B81584848,Tha Luang,ADM2
819,83318.87001,82722.90001,82507.47001,82284.70001,74395.38001,74166.29001,73923.87001,73666.39001,ADM2,819,THA,THA-ADM2-46861878B97705793,Tha Mai,ADM2
820,134314.0501,133343.6501,133009.7901,132644.2901,137667.8701,137236.8501,136790.7701,136330.9301,ADM2,820,THA,THA-ADM2-46861878B39717481,Tha Maka,ADM2
821,107947.75,107160.8,106890.53,106598.91,109041.79,108713.05,108351.66,107994.04,ADM2,821,THA,THA-ADM2-46861878B97177183,Tha Muang,ADM2
822,24503.86001,24328.09001,24271.04001,24220.41001,23982.80001,23921.19001,23845.01001,23763.05001,ADM2,822,THA,THA-ADM2-46861878B94907842,Tha Phae,ADM2
823,44640.68006,44319.77006,44205.94006,44084.91006,45377.11006,45128.31006,44797.91006,44627.69007,ADM2,823,THA,THA-ADM2-46861878B6379937,Tha Pla,ADM2
824,62001.16997,61550.01997,61395.03997,61231.77997,63800.40997,63506.61997,63297.46997,62715.38998,ADM2,824,THA,THA-ADM2-46861878B86051220,Tha Rua,ADM2
825,73512.58,73108.47,72922.35,72725.23,70634.67,70434.96,70203.7,69939.38,ADM2,825,THA,THA-ADM2-46861878B46218946,Tha Sae,ADM2
826,109029.85,116185.04,115868.97,115489.95,111173.05,110223.5,109883.96,109775.28,ADM2,826,THA,THA-ADM2-46861878B41153418,Tha Sala,ADM2
827,65826.32995,65324.07995,67212.93994,69181.04994,73392.88994,66279.21994,66051.13994,63124.49998,ADM2,827,THA,THA-ADM2-46861878B65351740,Tha Song Yang,ADM2
828,46296.21,45968.8,45884.71,45797.01,41339.72,40927.05,40792.67,40653.54,ADM2,828,THA,THA-ADM2-46861878B76129193,Tha Ta Kieb,ADM2
829,63903.42996,63430.77996,63407.22996,63237.23996,66002.69996,66518.94996,66583.25996,66436.96996,ADM2,829,THA,THA-ADM2-46861878B91891229,Tha Tako,ADM2
830,82732.78002,82132.80002,81933.49002,81705.56002,85399.85002,85137.15002,84855.41002,84578.59002,ADM2,830,THA,THA-ADM2-46861878B37285800,Tha Tum,ADM2
831,45187.18006,44884.84006,44680.02006,44555.40006,47756.27007,47513.20007,47376.65007,47188.59005,ADM2,831,THA,THA-ADM2-46861878B71576239,Tha Uthen,ADM2
832,49696.13998,49337.34998,49216.45998,49081.33998,51676.69997,51485.96998,51310.80998,51165.88997,ADM2,832,THA,THA-ADM2-46861878B96413027,Tha Wang Pha,ADM2
833,52695.09008,52316.25008,52186.33008,52042.65008,53354.27008,53231.22008,53059.68008,52910.23008,ADM2,833,THA,THA-ADM2-46861878B647528,Tha Wung,ADM2
834,91383.47001,90710.36001,90525.74001,90435.16001,92281.36001,92030.85001,91734.33001,91952.68001,ADM2,834,THA,THA-ADM2-46861878B63754298,Tha Yang,ADM2
835,27504.69006,27308.54006,27233.75006,27159.14005,28225.35006,28141.83006,28046.83006,27954.85006,ADM2,835,THA,THA-ADM2-46861878B80682355,Thai Charoen,ADM2
836,50589.71004,50545.16003,50466.89003,50534.79002,48962.34002,48817.71002,48656.43002,48592.92001,ADM2,836,THA,THA-ADM2-46861878B69950407,Thai Muang,ADM2
837,130555.73,129537.63,129392.92,129563.93,130324.15,130054.79,129643.6,129162,ADM2,837,THA,THA-ADM2-46861878B38024947,Thalang,ADM2
838,11220.96,11147.41,11117.49,11046.94,10752.83,10798.54,10755.03,10718.5,ADM2,838,THA,THA-ADM2-46861878B29894916,Tham Phannara,ADM2
839,19375.48001,19234.91001,19306,19252.13,19104.89,19060.86,18999.95,18878.07,ADM2,839,THA,THA-ADM2-46861878B68555719,Than To,ADM2
840,272996.2704,271014.4104,270120.4104,269293.1904,239626.5003,238941.6403,238165.9803,237375.0903,ADM2,840,THA,THA-ADM2-46861878B57721,Thanyaburi,ADM2
841,29344.19001,29129.71001,29056.37001,28977.78001,28250.04001,28195.60001,28099.93001,28005.27001,ADM2,841,THA,THA-ADM2-46861878B79361110,Thap Put,ADM2
842,53272.06003,52891.07003,52629.07004,52445.57005,54313.00004,54181.59004,54003.36004,54323.97004,ADM2,842,THA,THA-ADM2-46861878B43171244,Thap Sakae,ADM2
843,36745.1,36484.32,36400.26,36304.77,37563.01,37437.79,37312.65,37187.91,ADM2,843,THA,THA-ADM2-46861878B4565926,Thap Than,ADM2
844,71293.64002,70776.13002,70597.34002,70404.40002,75474.42001,75243.76001,75002.75001,74743.03001,ADM2,844,THA,THA-ADM2-46861878B14546210,That Phanom,ADM2
845,59399.98003,58961.46003,58805.91003,58652.07003,61483.65004,61674.70003,61972.15003,61709.37003,ADM2,845,THA,THA-ADM2-46861878B53888612,Thawatchaburi,ADM2
846,69567.02018,69068.46018,68892.60018,68713.64018,66261.37017,66062.35017,65839.30017,65617.60017,ADM2,846,THA,THA-ADM2-46861878B82446315,Thawi Wattana,ADM2
847,54045.07,53656.13,53524.71,53374.32,55486.28,55307.51,55122.25,54950.47,ADM2,847,THA,THA-ADM2-46861878B20198303,Thep Sathit,ADM2
848,82124.92005,81510.78005,81274.34005,81052.46005,79479.31005,79239.29005,78975.72005,78654.96005,ADM2,848,THA,THA-ADM2-46861878B91209942,Thepha,ADM2
849,21162.17001,20996.89001,20951.43001,20874.53001,23349.04001,22331.85001,21330.49001,21273.44001,ADM2,849,THA,THA-ADM2-46861878B11466688,The Pha Rak,ADM2
850,59507.21,59074.92,58929.19,58775.58,60978.93,60844.78,60659.44,60811.77,ADM2,850,THA,THA-ADM2-46861878B72253889,Thoen,ADM2
851,79016.82004,78446.22004,78250.33004,77965.33004,82430.21005,82191.69005,81931.94005,81675.75005,ADM2,851,THA,THA-ADM2-46861878B86353967,Thoeng,ADM2
852,243488.6507,241724.4207,241156.9707,240629.9207,232757.8906,232031.3306,231268.3006,230475.6806,ADM2,852,THA,THA-ADM2-46861878B85627022,Thon Buri,ADM2
853,45172.34,44845.43,44735.57,44617.94,46344.44,46205.13,46055.82,45899.14,ADM2,853,THA,THA-ADM2-46861878B88210148,Thong Pha Phum,ADM2
854,29888.7,29671.51,29596.32,29512.58,30361.45,30243.33,30144.65,29775.39,ADM2,854,THA,THA-ADM2-46861878B68980358,Thong Saen Khan,ADM2
855,15925.29001,15811.54001,15770.62001,15724.70001,16547.48001,16447.43001,16342.58001,16162.65001,ADM2,855,THA,THA-ADM2-46861878B32131927,Thung Chang,ADM2
856,25406.30005,25232.46005,25166.72005,25097.84005,26744.38005,26678.07005,26590.95005,26633.56005,ADM2,856,THA,THA-ADM2-46861878B84633232,Thung Fon,ADM2
857,18719.15,18585.15,18539.34,18488.67,19208.96,19106.18,18966.61,18904.42,ADM2,857,THA,THA-ADM2-46861878B76174767,Thung Hua Chang,ADM2
858,19610.14,19471.9,19426.18,19368.54,20280.15,19441.9,18711.74,18665.42,ADM2,858,THA,THA-ADM2-46861878B22638050,Thung Kao Lua,ADM2
859,82051.75978,81457.06978,81237.90978,81024.99978,77371.72978,77132.86979,76884.61979,76276.15979,ADM2,859,THA,THA-ADM2-46861878B64270670,Thungkru,ADM2
860,48853.43,48502.05,48377.31,48241.59,50387.7,50213.08,50054.55,49464.42,ADM2,860,THA,THA-ADM2-46861878B10476773,Thung Saliam,ADM2
861,25614.72005,25438.62005,25378.12005,25308.47005,26869.49005,26934.52005,26847.34005,26748.68005,ADM2,861,THA,THA-ADM2-46861878B18083938,Thung Si Udom,ADM2
862,158577.91,157453.06,157040.53,156582.54,150663.95,149950.33,149452.67,148933.58,ADM2,862,THA,THA-ADM2-46861878B94909818,Thung Song,ADM2
863,26742.15004,28444.62008,28375.36008,28306.18008,27495.07008,27402.50008,27311.05008,27215.11008,ADM2,863,THA,THA-ADM2-46861878B21061526,Thung Tako,ADM2
864,23022.92002,22834.78002,22781.03002,22720.29002,22583.08002,22527.92002,22457.41002,22381.51002,ADM2,864,THA,THA-ADM2-46861878B40996045,Thung Wa,ADM2
865,67776.8,67287.72,67120.59,66908.82,64467.02,64214.25,64009.77,63790.2,ADM2,865,THA,THA-ADM2-46861878B81428974,Thung Yai,ADM2
866,17515.50999,17315.79999,17279.18999,17227.01999,16978.66999,16930.89999,16871.98999,16813.79999,ADM2,866,THA,THA-ADM2-46861878B25422131,Thung Yang Daeng,ADM2
867,117494.17,116650.87,116301.16,116539.27,122271.41,121888.05,121489.33,121128.87,ADM2,867,THA,THA-ADM2-46861878B54995044,Trakan Phutphon,ADM2
868,34297.72006,34045.24006,33964.79006,33863.46006,34886.88006,34911.73006,34803.47006,34585.05007,ADM2,868,THA,THA-ADM2-46861878B53877094,Tron,ADM2
869,127886.31,126960.61,126643.03,126295.68,127910.33,127526.44,127138.24,126648.1,ADM2,869,THA,THA-ADM2-46861878B20926243,U Thong,ADM2
870,41833.62,41535.52,41430.95,41318.91,43256.75,43119.83,42977.38,42834.78,ADM2,870,THA,THA-ADM2-46861878B69714835,Ubol Ratana,ADM2
871,23301.84,23118.9,23014.64,22712.45,24331.04,24471.65,24391.53,24305.85,ADM2,871,THA,THA-ADM2-46861878B78069382,Umphang,ADM2
872,45087.01994,44839.10994,45619.74994,45493.31994,47775.20998,47731.78998,47574.44998,47851.83999,ADM2,872,THA,THA-ADM2-46861878B32399559,Uthai,ADM2
873,86164.31999,85434.38999,85242.11999,85013.18999,89003.58999,88746.16999,88437.59999,88134.77999,ADM2,873,THA,THA-ADM2-46861878B12748928,Uthumphon Phisai,ADM2
874,222709.1115,221095.8815,220541.5915,219936.1715,212537.4214,211872.4814,211176.9514,210446.5114,ADM2,874,THA,THA-ADM2-46861878B59565837,Wattana,ADM2
875,9847.190009,8702.850008,8677.560008,8657.300008,8989.780009,8972.480009,8955.470009,8928.590009,ADM2,875,THA,THA-ADM2-46861878B67364326,Wipawadi,ADM2
876,29677.14993,29527.53993,29460.81993,29380.32993,30114.47993,30623.82993,31158.09993,31103.24998,ADM2,876,THA,THA-ADM2-46861878B4248219,Wachira Barami,ADM2
877,14745.45,12091.85,12016.56,11732.52,11663.21999,13376.48999,13334.15999,13225.67999,ADM2,877,THA,THA-ADM2-46861878B19605047,Waeng,ADM2
878,43635.78003,43322.27003,43215.95003,43095.62003,44785.02003,44655.72003,44510.48003,44359.87003,ADM2,878,THA,THA-ADM2-46861878B85687382,Waeng Noi,ADM2
879,29364.56,29155.59,29076.33,29002.84,30130.29,30041.79,29945.11,29817.14,ADM2,879,THA,THA-ADM2-46861878B377808,Waeng Yai,ADM2
880,19424.91001,19286.05001,19237.97001,19187.49001,20773.35001,20712.89001,20643.06001,20576.85001,ADM2,880,THA,THA-ADM2-46861878B74056109,Wan Yai,ADM2
881,32827.48002,32585.24002,32502.18002,32410.36002,29999.02002,29906.72002,29810.10002,29709.18002,ADM2,881,THA,THA-ADM2-46861878B55990009,Wang Chan,ADM2
882,17832.48999,17699.53999,16855.65999,14161.78999,15169.57999,13372.05999,13191.56999,13228.75999,ADM2,882,THA,THA-ADM2-46861878B67323060,Wang Chao,ADM2
883,39317.35003,39029.58003,38931.04003,38823.66003,39892.22004,39827.37004,39733.15004,39313.73005,ADM2,883,THA,THA-ADM2-46861878B85012455,Wang Chin,ADM2
884,33572.95,33330.7,33247.7,33156.07,35536.02001,35441.10001,35330.69,35217.61,ADM2,884,THA,THA-ADM2-46861878B30840935,Wang Hin,ADM2
885,25651.56002,25462.12002,25398.32002,25346.09002,26301.73002,26210.04002,26129.42002,26001.67003,ADM2,885,THA,THA-ADM2-46861878B19697305,Wang Muang,ADM2
886,38571.08999,38282.75999,38085.83999,37774.98999,39591.08999,39499.27999,39375.92999,39266.94999,ADM2,886,THA,THA-ADM2-46861878B11015953,Wang Num Khiaw,ADM2
887,69329.48001,68828.18001,69606.55001,68581.91002,60881.92002,60835.05002,60732.24002,58868.94002,ADM2,887,THA,THA-ADM2-46861878B25438299,Wang Nam Yen,ADM2
888,58099.91006,57682.96006,57535.30006,57379.88006,60123.26006,59938.94006,59742.95006,59602.67006,ADM2,888,THA,THA-ADM2-46861878B94506901,Wang Noi,ADM2
889,44765.52,44442.24,44328.86,44206.13,45860.8,45739.03,45588.04,45507.85,ADM2,889,THA,THA-ADM2-46861878B98977343,Wang Nua,ADM2
890,35405.17001,35147.88001,35060.61001,34966.18001,37214.61001,37371.27001,37214.64001,37088.48001,ADM2,890,THA,THA-ADM2-46861878B7819543,Wang Pong,ADM2
891,30710.24002,30485.42001,30414.27001,30321.52001,31424.32002,31116.12002,31004.09002,30917.79001,ADM2,891,THA,THA-ADM2-46861878B89219170,Wang Sai Phun,ADM2
892,44410.94001,44095.68001,43986.01001,43866.06001,46756.94001,46617.04001,46458.63001,46343.02001,ADM2,892,THA,THA-ADM2-46861878B26028538,Wang Sam Mo,ADM2
893,107265.49,106478.78,106234.57,105932.87,111790.55,111698.93,111323.54,110889.97,ADM2,893,THA,THA-ADM2-46861878B83257164,Wang Saphung,ADM2
894,46459.34,46113.19,45141.16,45244.98,41243.45,41151.51,41063.63,42341.32,ADM2,894,THA,THA-ADM2-46861878B95098389,Wang Sombun,ADM2
895,128790.46,128183.37,127894.5,127629.55,133796.89,133424.48,133009.65,132581.95,ADM2,895,THA,THA-ADM2-46861878B56789948,Wang Thong,ADM2
896,196138.7407,194719.6707,194230.5507,193697.1107,188025.5506,187439.3506,186822.0506,186176.9206,ADM2,896,THA,THA-ADM2-46861878B97533724,Wang Thonglang,ADM2
897,38848.33,38529.9,38432.94,38317.51,37190.42,37072.05,36954.12,36827.47,ADM2,897,THA,THA-ADM2-46861878B76825479,Wang Wiset,ADM2
898,11854.31,11772.65,11750.19,11715.91,13067.05,12840.64,12738.05,12691.5,ADM2,898,THA,THA-ADM2-46861878B20390174,Wang Yang,ADM2
899,100972.8201,100234.9501,99986.55007,99713.21007,106335.9801,105913.1901,105503.8001,105178.7301,ADM2,899,THA,THA-ADM2-46861878B9067543,Wanon Niwat,ADM2
900,103510.38,102758.02,101806.5,100909.19,104006.67,103744.83,103485.81,103130.51,ADM2,900,THA,THA-ADM2-46861878B57647207,Wapi Pathum,ADM2
901,159989.22,158816.41,158414.41,157955.1,165939.86,165492.2,165012.61,164523.24,ADM2,901,THA,THA-ADM2-46861878B95893769,Warin Chamrap,ADM2
902,44353.47998,44035.10998,43922.17998,43803.83998,46714.83998,46589.36998,46452.99998,46299.17998,ADM2,902,THA,THA-ADM2-46861878B11525906,Waritchaphum,ADM2
903,39877.93001,39591.71001,39492.80001,39392.45001,41275.29002,41158.85002,41039.96002,40905.92002,ADM2,903,THA,THA-ADM2-46861878B12081090,Wat Bot,ADM2
904,10578.60997,10502.85997,10476.58997,10447.54997,10700.64997,10668.41997,10634.17997,10595.45997,ADM2,904,THA,THA-ADM2-46861878B60725852,Wat Phleng,ADM2
905,21576.02004,21423.19004,21366.20004,21310.47004,21217.21004,21169.93004,21085.59004,21021.01004,ADM2,905,THA,THA-ADM2-46861878B64502015,Wat Sing,ADM2
906,107771.31,106991.92,106749.11,106526,95423.02999,94658.53999,93698.49999,93381.40999,ADM2,906,THA,THA-ADM2-46861878B24501947,Watthana Nakhon,ADM2
907,40822.96001,40096.24999,39987.63999,39849.97999,42178.82999,40053.25999,40351.19999,39844.08999,ADM2,907,THA,THA-ADM2-46861878B69704141,Wiang Chai,ADM2
908,28577.48,28366.33,28297.87,28212.81,29932.91,31728.91,31179.64,31720.3,ADM2,908,THA,THA-ADM2-46861878B56306692,Wiang Chiang Rung,ADM2
909,23010.59,22849.74,22824.83,22764.55,23901.18,23987.61,24131.79,23986.27,ADM2,909,THA,THA-ADM2-46861878B26521637,Wiang Haeng,ADM2
910,30062.65001,29782.65001,29681.17001,29599.41001,31333.85001,31250.41001,31146.04001,31040.57001,ADM2,910,THA,THA-ADM2-46861878B45937539,Wieng Kaen,ADM2
911,20408.57,20274.23,20273.32,20391.63,21202.87,21127.75,21058.69,20975.14,ADM2,911,THA,THA-ADM2-46861878B73378857,Wiang Kao,ADM2
912,23247.99008,23076.60008,23032.18008,23005.98008,23964.66008,23916.80008,23847.31008,21738.31007,ADM2,912,THA,THA-ADM2-46861878B30193421,Wiang Nong Long,ADM2
913,64420.98,63952.31,63795.03,63617.98,67312.74,67095.3,66874.46,66393.65,ADM2,913,THA,THA-ADM2-46861878B73940345,Wiang Pa Pao,ADM2
914,72385.00994,71859.74994,71681.16994,71127.61995,69640.66995,69424.71995,69194.57995,68958.93995,ADM2,914,THA,THA-ADM2-46861878B51180699,Wiang Sa,ADM2
915,65461.00999,64990.70999,64831.49999,64667.01999,68100.64999,67877.32999,67642.39999,67451.90999,ADM2,915,THA,THA-ADM2-46861878B60950608,Wiang Sa,ADM2
916,120960.38,120066.46,119579.67,119270.73,126937.3,126332.39,125738.16,125296.17,ADM2,916,THA,THA-ADM2-46861878B80672286,Wichian Buri,ADM2
917,41123.93,40825.14,41019.49,40905.31,42337.81,42207.96,42073.76,41920.56,ADM2,917,THA,THA-ADM2-46861878B95887385,Wihan Daeng,ADM2
918,63584.74993,63131.25993,62568.54992,62401.19992,62758.51992,62557.70992,62354.11992,62143.78992,ADM2,918,THA,THA-ADM2-46861878B68896009,Wiset Chai Chan,ADM2
919,43412.84,43076.48,42969.23,42847.27,42520.48,42303.42,42159.64,41492.61,ADM2,919,THA,THA-ADM2-46861878B47942335,Yaha,ADM2
920,245712.6189,243934.3089,243322.6589,242655.1389,234545.109,233813.849,233045.239,232239.259,ADM2,920,THA,THA-ADM2-46861878B2008597,Yannawa,ADM2
921,66913.67007,66432.40007,66266.34007,65798.33007,63977.60007,63782.82007,63570.05007,63348.24007,ADM2,921,THA,THA-ADM2-46861878B35536889,Yan Ta Khao,ADM2
922,27027.02,26832.45,26766.48,26692.88,28068.51,27972.78,27877.93,27682.42999,ADM2,922,THA,THA-ADM2-46861878B42879958,Yang Chum Noi,ADM2
923,22053.01002,21884.00002,24059.09002,28201.33002,29912.16002,29695.17002,29558.09002,29452.44002,ADM2,923,THA,THA-ADM2-46861878B37482324,Yang Si Surat,ADM2
924,106173.92,105403.45,105304.69,105347.41,111128.6,110784.11,110415.55,110067.14,ADM2,924,THA,THA-ADM2-46861878B61229173,Yang Talat,ADM2
925,80978.68999,80777.81,80570.93,80352.21,79184.82,78960.75,78700.13,78469.18,ADM2,925,THA,THA-ADM2-46861878B32970148,Yarang,ADM2
926,83151.14004,82040.37003,81834.17003,81609.17003,80445.56003,80196.95003,79932.20003,79654.77003,ADM2,926,THA,THA-ADM2-46861878B62553532,Yaring,ADM2
927,42480.75002,42119.78002,42013.19002,41898.87002,41617.98002,41489.81002,41353.25002,41211.10002,ADM2,927,THA,THA-ADM2-46861878B90450471,Yi-Ngo,ADM2
