province_id,province-org,province,year,GINIW_province,gdppc,construction_gdp,construction_share,roadlength,allconstruction_length,allconstruction_lengthpc,edu_graduate (total),edu_graduate,total_gdp,agri_gdp,agri_share,manu_gdp,manu_share,knowledge_service_gdp,knowledge_service_share,total_area,urban_modis,total_pop,pop_density,incomegroup
67,Amnat Chareon,Amnat Chareon,2014,0.303617,32018,651.38524,0.071888891,175,1704,0.006021201,65927,0.232957597,9061000000,1894.818663,0.209118051,479.414957,0.052909718,1226.607422,0.135372191,3264.555754,9.88117209,283000,86.68867109,0
67,Amnat Chareon,Amnat Chareon,2015,0.30711636,33389,630.560372,0.066733027,0,778,0.002749117,72167,0.255007067,9449000000,2026.935792,0.21451326,522.848221,0.055333709,1357.300044,0.143644835,3264.555754,9.88117209,283000,86.68867109,0
67,Amnat Chareon,Amnat Chareon,2016,0.33422264,34703,685.605208,0.069810122,0,0,0,87048,0.307590106,9821000000,2130.449452,0.216927956,550.505316,0.056053896,1520.964917,0.15486864,3264.555754,9.88117209,283000,86.68867109,0
67,Amnat Chareon,Amnat Chareon,2017,0.27058113,36265,639.389787,0.062300476,0,1123,0.003968198,90919,0.321268551,10263000000,2302.658999,0.224365098,545.314727,0.053134047,1635.805274,0.159388607,3264.555754,9.88117209,283000,86.68867109,0
67,Amnat Chareon,Amnat Chareon,2018,0.2542145,38833,647.688635,0.059144246,0,1878,0.006659574,86476,0.306652482,10951000000,2604.173416,0.237802339,551.000565,0.050315091,1761.822252,0.160882317,3264.555754,9.88117209,282000,86.38235069,0
67,Amnat Chareon,Amnat Chareon,2019,0.25918016,40174,607.806111,0.053650464,25,673,0.002386525,86357,0.306230496,11329000000,2416.570272,0.213308348,994.028396,0.087741936,1795.89019,0.15852151,3264.555754,9.88117209,282000,86.38235069,0
67,Amnat Chareon,Amnat Chareon,2020,0.24600317,40755,669.395224,0.058243733,0,223,0.00079078,90587,0.321230496,11493000000,2657.233521,0.231204518,757.571356,0.065915893,1784.442691,0.155263438,3264.555754,9.88117209,282000,86.38235069,0
67,Amnat Chareon,Amnat Chareon,2021,0.24955197,43248,732.786502,0.060084167,0,116,0.000411348,97386,0.345340426,12196000000,2689.839473,0.220550957,869.740112,0.071313555,2112.732055,0.173231556,3264.555754,9.88117209,282000,86.38235069,0
45,Ang Thong,Ang Thong,2014,0.36537394,63484,571.341188,0.035432012,0,25,9.84E-05,101556,0.399826772,16125000000,2276.535383,0.141180489,3666.560522,0.227383598,1358.434777,0.084244017,982.3283513,15.70814469,254000,258.5693467,0
45,Ang Thong,Ang Thong,2015,0.35336185,62673,672.273737,0.042230903,0,0,0,113734,0.447771654,15919000000,1943.137443,0.122064039,4202.191424,0.263973329,1503.321713,0.094435688,982.3283513,15.70814469,254000,258.5693467,0
45,Ang Thong,Ang Thong,2016,0.3322669,65490,757.246339,0.045702598,380,644,0.002545455,125129,0.494581028,16569000000,1706.378151,0.102986188,4190.141764,0.252890444,1716.242953,0.103581565,982.3283513,15.70814469,253000,257.5513571,0
45,Ang Thong,Ang Thong,2017,0.30363521,71857,754.986456,0.041859972,800,1380,0.005498008,126788,0.505131474,18036000000,2152.823238,0.119362566,4682.688728,0.259630114,1793.202444,0.099423511,982.3283513,15.70814469,251000,255.515378,0
45,Ang Thong,Ang Thong,2018,0.28925419,76088,723.872572,0.038054493,0,80,0.00032,137313,0.549252,19022000000,2447.854381,0.128685437,4556.940389,0.239561581,1917.610059,0.100810118,982.3283513,15.70814469,250000,254.4973884,0
45,Ang Thong,Ang Thong,2019,0.29265964,76341,728.298863,0.038313371,0,0,0,142725,0.573192771,19009000000,2401.722995,0.126346625,4575.823024,0.240718766,1908.968937,0.10042448,982.3283513,15.92202541,249000,253.4793989,0
45,Ang Thong,Ang Thong,2020,0.25935909,73607,924.031832,0.050824038,217,635,0.00257085,157741,0.63862753,18181000000,1712.642793,0.094199593,4524.711614,0.248870338,1955.467248,0.107555539,982.3283513,16.13590633,247000,251.4434198,0
45,Ang Thong,Ang Thong,2021,0.24372032,72228,758.183169,0.042671272,0,140,0.000569106,152104,0.618308943,17768000000,1690.969359,0.09516937,4434.913888,0.249601187,1928.94843,0.108563059,982.3283513,16.13590633,246000,250.4254302,0
39,Bueng Kan,Bueng Kan,2014,0.23255897,72917,891.38798,0.033676678,0,0,0,84124,0.231746556,26469000000,11906.76344,0.449838054,5922.753309,0.223761884,883.856249,0.033392128,4037.46209,11.32989636,363000,89.90796493,0
39,Bueng Kan,Bueng Kan,2015,0.2363507,82094,572.406527,0.019208273,0,88,0.000242424,74275,0.204614325,29800000000,15510.55829,0.520488533,6800.899089,0.22821809,1001.035408,0.033591792,4037.46209,11.32989636,363000,89.90796493,0
39,Bueng Kan,Bueng Kan,2016,0.2091396,85837,608.971213,0.019598082,0,0,0,73052,0.201801105,31073000000,16566.00734,0.533131894,6277.941029,0.202038459,1073.541115,0.034549001,4037.46209,11.32989636,362000,89.66028459,0
39,Bueng Kan,Bueng Kan,2017,0.16872138,93396,901.596727,0.026740916,0,42,0.000116343,80437,0.222817175,33716000000,18205.88866,0.539977716,7069.639543,0.209682037,1199.489489,0.035576269,4037.46209,11.54387995,361000,89.41260424,0
39,Bueng Kan,Bueng Kan,2018,0.17741708,92622,914.512162,0.027426588,0,586,0.001627778,77212,0.214477778,33344000000,18150.2991,0.544334786,7232.733716,0.216912599,1353.175874,0.04058229,4037.46209,11.75786342,360000,89.1649239,0
39,Bueng Kan,Bueng Kan,2019,0.18192139,96183,1083.832131,0.031301107,0,151,0.000419444,78598,0.218327778,34626000000,18938.60032,0.54694739,7257.914685,0.209608811,1371.276244,0.039602502,4037.46209,11.97184677,360000,89.1649239,0
39,Bueng Kan,Bueng Kan,2020,0.1570072,94565,1097.717981,0.032334324,176,1611,0.004487465,83412,0.232345404,33949000000,19118.70519,0.563159598,6213.348924,0.183020087,1388.671901,0.040904648,4037.46209,11.97184677,359000,88.91724355,0
39,Bueng Kan,Bueng Kan,2021,0.16151482,100578,1090.321697,0.030280826,0,0,0,89090,0.248854749,36007000000,19550.39175,0.542960862,6554.990032,0.182047658,1427.05471,0.039632702,4037.46209,11.97184677,358000,88.66956321,0
35,Buri Ram,Buri Ram,2014,0.39527363,37736,1682.033461,0.035630263,0,5809,0.004643485,291547,0.233051159,47208000000,8930.127715,0.189165559,8662.42031,0.183494753,4186.585025,0.088683804,10011.91984,107.4501988,1251000,124.9510603,0
35,Buri Ram,Buri Ram,2015,0.37560892,40071,2095.104985,0.041996171,1726,29616,0.023787952,317114,0.25471004,49888000000,9024.609861,0.180897407,9526.095467,0.190949637,4614.668485,0.092500571,10011.91984,107.8779715,1245000,124.3517747,0
35,Buri Ram,Buri Ram,2016,0.36943752,40829,2238.900035,0.044258407,0,0,0,337070,0.27205004,50587000000,9189.24751,0.181652352,9181.432364,0.181497862,4993.387525,0.098708908,10011.91984,107.8779715,1239000,123.752489,0
35,Buri Ram,Buri Ram,2017,0.33524257,41818,2236.450607,0.043374008,0,16442,0.013334955,322107,0.261238443,51562000000,9284.588592,0.180066495,9561.587222,0.185438641,5337.558625,0.103517292,10011.91984,108.5196435,1233000,123.1532034,0
35,Buri Ram,Buri Ram,2018,0.3482998,42441,2706.387664,0.05192808,240,11704,0.009530945,322644,0.262739414,52118000000,9030.957356,0.173279047,10275.67858,0.197161798,5746.008482,0.11024998,10011.91984,108.7335341,1228000,122.6537986,0
35,Buri Ram,Buri Ram,2019,0.35787871,43152,2786.087233,0.052965424,4473,6552,0.005374897,337280,0.276685808,52602000000,8897.012976,0.169138302,10451.37848,0.198687854,5889.583985,0.11196502,10011.91984,108.7335341,1219000,121.7548701,0
35,Buri Ram,Buri Ram,2020,0.34111837,44683,2932.927587,0.054247172,1204,4285,0.003541322,423680,0.35014876,54066000000,10003.48099,0.185023508,10067.62695,0.186209946,6037.504363,0.111669152,10011.91984,108.7335341,1210000,120.8559417,0
35,Buri Ram,Buri Ram,2021,0.29559913,46754,3055.041107,0.054407599,0,10383,0.008645296,403225,0.335741049,56151000000,10323.21889,0.183847463,11007.58395,0.196035404,6114.409918,0.108892271,10011.91984,108.9474247,1201000,119.9570132,0
66,Chai Nat,Chai Nat,2014,0.35155904,61238,930.534128,0.050315461,0,1618,0.005357616,135563,0.448884106,18494000000,4205.760987,0.227412187,3625.600304,0.196041976,1524.908432,0.082454225,2494.56793,18.85371429,302000,121.0630492,0
66,Chai Nat,Chai Nat,2015,0.34161529,55585,780.070275,0.046624247,0,2636,0.008757475,138169,0.459033223,16731000000,3217.842734,0.192328177,3713.733097,0.221967192,1658.962314,0.099155001,2494.56793,18.85371429,301000,120.6621782,0
66,Chai Nat,Chai Nat,2016,0.33460382,56221,836.746353,0.049943079,0,0,0,119849,0.402177852,16754000000,3174.531475,0.189479018,3524.749784,0.210382582,1783.304957,0.106440549,2494.56793,18.85371429,298000,119.4595651,0
66,Chai Nat,Chai Nat,2017,0.31956622,63929,782.114341,0.041331414,0,1126,0.003804054,119413,0.403422297,18923000000,4135.848526,0.218561989,4040.577201,0.213527305,1893.502216,0.100063532,2494.56793,18.85371429,296000,118.657823,0
66,Chai Nat,Chai Nat,2018,0.3444238,69395,1038.013371,0.05087802,0,2179,0.007411565,141831,0.482418367,20402000000,4558.177779,0.223418183,4117.875784,0.201836868,1970.337184,0.096575688,2494.56793,18.85371429,294000,117.856081,0
66,Chai Nat,Chai Nat,2019,0.35572582,71014,1208.394315,0.058076336,0,1135,0.00387372,165292,0.564136519,20807000000,4579.636047,0.220100738,4310.132271,0.207148184,1989.032382,0.095594386,2494.56793,18.85371429,293000,117.45521,0
66,Chai Nat,Chai Nat,2020,0.33556744,67828,1583.510841,0.080226509,0,13495,0.04637457,167116,0.574281787,19738000000,3199.552792,0.162101165,4882.50253,0.247365616,2038.149605,0.103260189,2494.56793,18.85371429,291000,116.6534679,0
66,Chai Nat,Chai Nat,2021,0.32436571,72370,1691.957969,0.080896867,0,2392,0.008276817,164252,0.568346021,20915000000,3503.849508,0.167528066,5380.634123,0.257261971,1988.42916,0.095071918,2494.56793,18.85371429,289000,115.8517259,0
9,Chaiyaphum,Chaiyaphum,2014,0.31528923,36040,1272.051677,0.036843297,0,0,0,269603,0.281422756,34526000000,8013.626284,0.232104104,5222.514659,0.151263241,3468.170446,0.100450977,13190.87897,71.61446754,958000,72.62594117,0
9,Chaiyaphum,Chaiyaphum,2015,0.32935968,37087,1486.476156,0.041925713,0,2282,0.002387029,275051,0.287710251,35455000000,8290.58025,0.233833881,5362.382093,0.151244735,4014.207078,0.113219774,13190.87897,71.61446754,956000,72.47432125,0
9,Chaiyaphum,Chaiyaphum,2016,0.34845001,39531,1547.959915,0.041175717,1518,2738,0.002879075,307376,0.32321346,37594000000,8421.470419,0.224011024,5412.696503,0.143977669,4452.910297,0.118447367,13190.87897,71.61446754,951000,72.09527145,0
9,Chaiyaphum,Chaiyaphum,2017,0.32452622,40398,1421.95294,0.037168438,12383,14306,0.015106653,267530,0.28250264,38257000000,8872.179578,0.231909966,5312.570759,0.138865326,4434.288039,0.115907887,13190.87897,71.61446754,947000,71.79203161,0
9,Chaiyaphum,Chaiyaphum,2018,0.3235001,42916,1574.130253,0.038937597,0,248,0.00026327,255353,0.271075372,40427000000,9719.44753,0.240419708,6535.119725,0.161652354,4735.87637,0.117146372,13190.87897,71.61446754,942000,71.41298181,0
9,Chaiyaphum,Chaiyaphum,2019,0.32245016,41576,1691.25064,0.043460122,664,1338,0.001429487,303172,0.323901709,38915000000,8517.990238,0.218887068,5879.264763,0.151079655,5039.793182,0.129507727,13190.87897,71.61446754,936000,70.95812206,0
9,Chaiyaphum,Chaiyaphum,2020,0.31775254,41781,1976.17851,0.050804116,0,1669,0.001792696,284527,0.305614393,38898000000,8865.348226,0.227912701,5002.707759,0.128610925,4941.045105,0.127025685,13190.87897,71.61446754,931000,70.57907226,0
9,Chaiyaphum,Chaiyaphum,2021,0.30465087,42974,1857.201454,0.046670389,0,1639,0.001769978,323416,0.349261339,39794000000,8838.533021,0.222107177,5054.761511,0.127023207,5151.473956,0.129453535,13190.87897,71.61446754,926000,70.20002246,0
71,Chanthaburi,Chanthaburi,2014,0.56314075,104292,1639.607518,0.030350175,0,1569,0.003028958,205406,0.39653668,54023000000,26647.64091,0.493264737,3192.606684,0.059097175,3423.54462,0.063371983,6072.524257,18.60376119,518000,85.30225291,0
71,Chanthaburi,Chanthaburi,2015,0.54567993,101422,2174.189366,0.040754843,833,3514,0.006680608,210338,0.399882129,53348000000,24708.39337,0.463155008,3228.332265,0.060514588,3815.98351,0.07153002,6072.524257,18.60376119,526000,86.61966223,0
71,Chanthaburi,Chanthaburi,2016,0.5353598,95312,2716.425454,0.053271601,0,1524,0.002848598,244682,0.457349533,50992000000,21638.19625,0.424344922,3379.628438,0.066277621,4207.719857,0.082517255,6072.524257,18.60376119,535000,88.1017477,0
71,Chanthaburi,Chanthaburi,2017,0.51837534,109884,2329.110987,0.03896333,2796,6578,0.012091912,278980,0.512830882,59777000000,26123.27966,0.437012223,4270.279986,0.07143684,4486.271603,0.07505013,6072.524257,18.60376119,544000,89.58383318,0
71,Chanthaburi,Chanthaburi,2018,0.51250046,95421,2448.851817,0.046407895,50,5634,0.010188065,285188,0.515710669,52768000000,21494.44825,0.407338695,3806.080547,0.072128573,4832.704612,0.091584002,6072.524257,18.60376119,553000,91.06591865,0
71,Chanthaburi,Chanthaburi,2019,0.50904775,100232,2884.651176,0.051669404,922,6261,0.011240575,283443,0.508874327,55829000000,22269.58599,0.398889215,3646.712296,0.06531932,5192.102212,0.093000093,6072.524257,18.60376119,557000,91.72462331,0
71,Chanthaburi,Chanthaburi,2020,0.49817783,105018,2462.564197,0.041798595,0,4752,0.008470588,284317,0.506803922,58915000000,23582.81764,0.400285456,3592.366763,0.060975418,5504.90778,0.093438136,6072.524257,18.60376119,561000,92.38332796,0
71,Chanthaburi,Chanthaburi,2021,0.49691957,103087,2455.332111,0.042081549,535,8190,0.014469965,290766,0.513720848,58347000000,23600.12809,0.404478861,3409.026043,0.058426758,5613.77793,0.096213652,6072.524257,18.60376119,566000,93.20670878,0
65,Chiang Mai,Chiang Mai,2014,0.72241485,69873,7473.204394,0.060267777,7785,122600,0.069265537,1053680,0.595299435,1.24E+11,16474.05974,0.13285532,11254.77837,0.090764342,14872.494,0.119939468,22765.23009,169.3392027,1770000,77.75014762,0
65,Chiang Mai,Chiang Mai,2015,0.71793824,71636,8634.855602,0.067990989,34109,168778,0.0948724,1091822,0.613727937,1.27E+11,15077.23326,0.118718372,11492.23939,0.090490074,15993.76167,0.125935131,22765.23009,170.6231794,1779000,78.14548735,0
65,Chiang Mai,Chiang Mai,2016,0.71412355,75741,9979.512145,0.073922312,3878,16030,0.008970341,991174,0.554658086,1.35E+11,15481.43373,0.114677287,11958.94675,0.088584791,17515.76936,0.12974644,22765.23009,171.0511691,1787000,78.49690045,0
65,Chiang Mai,Chiang Mai,2017,0.7023654,78560,10003.95032,0.070950002,23187,141921,0.079020601,990000,0.551224944,1.41E+11,16065.05931,0.113936591,12600.93466,0.089368331,18424.23782,0.130668353,22765.23009,171.0511691,1796000,78.89224018,0
65,Chiang Mai,Chiang Mai,2018,0.69997901,81583,9966.533197,0.067799546,11946,109062,0.060422161,990329,0.548658726,1.47E+11,17667.56668,0.120187528,12118.97279,0.082441992,20738.78788,0.14108019,22765.23009,171.0511691,1805000,79.28757991,0
65,Chiang Mai,Chiang Mai,2019,0.70464849,84295,9055.843571,0.059577918,8209,104330,0.05786467,1013557,0.562150305,1.52E+11,17953.50527,0.118115166,12064.33085,0.079370598,21491.19905,0.141389467,22765.23009,171.4791621,1803000,79.19972664,0
65,Chiang Mai,Chiang Mai,2020,0.6945889,79278,9088.007979,0.063552503,13742,100001,0.055525264,1157610,0.642759578,1.43E+11,17015.64375,0.118990516,11881.4137,0.083086809,19875.32589,0.138988293,22765.23009,173.4051237,1801000,79.11187336,0
65,Chiang Mai,Chiang Mai,2021,0.68949378,78810,8648.685181,0.060906234,15168,89705,0.049891546,1232495,0.68548109,1.42E+11,17516.81594,0.123357859,12987.88055,0.091463948,18649.31169,0.131333181,22765.23009,173.6191189,1798000,78.98009345,0
25,Chiang Rai,Chiang Rai,2014,0.45132861,43259,2360.02421,0.046868654,0,12354,0.010613402,321385,0.276103952,50354000000,11891.02533,0.236148575,2633.934456,0.052308346,5523.022642,0.109683891,11444.2486,163.1356278,1164000,101.7104784,0
25,Chiang Rai,Chiang Rai,2015,0.42977497,44163,3040.143182,0.059242418,2603,15461,0.013305508,349289,0.300592943,51317000000,11149.17552,0.217260859,2554.069151,0.04977043,6000.259347,0.116925373,11444.2486,163.5637073,1162000,101.5357181,0
25,Chiang Rai,Chiang Rai,2016,0.41578653,45229,3460.968218,0.065965925,0,5776,0.00497931,345565,0.297900862,52466000000,10568.8075,0.201441076,2776.857612,0.052926802,6242.02068,0.118972681,11444.2486,163.5637073,1160000,101.3609579,0
25,Chiang Rai,Chiang Rai,2017,0.40340728,47342,3387.502646,0.061790935,16143,27642,0.023870466,396733,0.3426019,54822000000,11164.13721,0.203643377,2939.788366,0.053624245,6616.639644,0.120693146,11444.2486,163.5637073,1158000,101.1861976,0
25,Chiang Rai,Chiang Rai,2018,0.40119529,47210,3799.879215,0.069626738,0,25530,0.022084775,429109,0.371201557,54575000000,10133.14932,0.185673831,2891.482548,0.052981815,7004.840451,0.128352551,11444.2486,163.5637073,1156000,101.0114373,0
25,Chiang Rai,Chiang Rai,2019,0.4063811,47142,3801.368647,0.070057106,1296,31774,0.02760556,405843,0.352600348,54261000000,9338.669453,0.172106475,2773.284951,0.051110097,7307.805128,0.134678777,11444.2486,163.991786,1151000,100.5745366,0
25,Chiang Rai,Chiang Rai,2020,0.37616932,45177,3696.872922,0.071343412,4483,28909,0.02520401,429281,0.374264167,51818000000,8573.415024,0.165452449,3067.993892,0.059207107,7170.727121,0.138382939,11444.2486,164.8479353,1147000,100.2250161,0
25,Chiang Rai,Chiang Rai,2021,0.37699872,46202,3751.274843,0.071096694,878,26059,0.022818739,378787,0.331687391,52763000000,8546.202642,0.161973403,3502.359722,0.066379086,7230.465708,0.137036668,11444.2486,164.8479353,1142000,99.7881154,0
20,Kalasin,Kalasin,2014,0.2784943,38090,1759.986151,0.056695105,2591,3690,0.004527607,193311,0.237191411,31043000000,6375.326845,0.205370835,5004.36146,0.161207405,2693.732389,0.086774229,6872.625577,50.80666093,815000,118.5864108,0
20,Kalasin,Kalasin,2015,0.28975046,39121,1877.845887,0.059042474,0,567,0.000697417,225096,0.276870849,31805000000,6428.20374,0.202112993,5030.02476,0.158152013,2943.833504,0.092558827,6872.625577,51.02058955,813000,118.2954012,0
20,Kalasin,Kalasin,2016,0.31906334,40414,1899.109087,0.058085612,0,0,0,249754,0.308719407,32695000000,6620.323123,0.202487326,5058.366963,0.154713778,3502.85227,0.107137246,6872.625577,51.02058955,809000,117.713382,0
20,Kalasin,Kalasin,2017,0.2818031,41306,1852.339229,0.055707775,0,42,5.22E-05,245417,0.304865839,33251000000,6462.593566,0.194357871,4859.697199,0.146151911,3499.362171,0.10524081,6872.625577,51.02058955,805000,117.1313628,0
20,Kalasin,Kalasin,2018,0.26645744,46222,1815.877426,0.049045955,0,1868,0.002332085,271426,0.338858926,37024000000,7237.820865,0.195489976,7024.342975,0.189724043,3738.290844,0.100969394,6872.625577,51.02058955,801000,116.5493436,0
20,Kalasin,Kalasin,2019,0.26058382,45300,1779.042183,0.049275487,0,5445,0.00683187,272208,0.341540778,36104000000,6884.35948,0.190681351,7011.787801,0.19421083,3740.317702,0.10359843,6872.625577,51.02058955,797000,115.9673244,0
20,Kalasin,Kalasin,2020,0.2661505,43643,1902.273122,0.055034663,1908,10575,0.013352273,271762,0.343133838,34565000000,6776.740052,0.196057864,5318.934739,0.153882099,3821.60189,0.110562763,6872.625577,51.02058955,792000,115.2398004,0
20,Kalasin,Kalasin,2021,0.27755103,45368,2011.385471,0.056262531,0,6363,0.008074873,298970,0.379403553,35750000000,6787.97654,0.18987347,6211.376338,0.173744793,3917.968383,0.109593521,6872.625577,51.02058955,788000,114.6577812,0
36,Kam Phaeng Phet,Kam Phaeng Phet,2014,0.3994154,74881,1437.455765,0.024330254,0,4066,0.005153359,139849,0.177248416,59081000000,9896.010577,0.167499037,16223.09674,0.274590761,2826.229397,0.047836519,8474.278354,18.8172245,789000,93.10527304,0
36,Kam Phaeng Phet,Kam Phaeng Phet,2015,0.35949838,77276,1242.682543,0.02043348,600,15117,0.019208386,170110,0.216149936,60816000000,8837.746511,0.145319431,19717.62331,0.324217695,3174.381847,0.052196492,8474.278354,18.8172245,787000,92.86926475,0
36,Kam Phaeng Phet,Kam Phaeng Phet,2016,0.37977195,82396,1513.671825,0.023402109,0,1267,0.001614013,242975,0.309522293,64681000000,8110.890617,0.125398349,25237.68746,0.390187033,3242.206614,0.050126105,8474.278354,18.8172245,785000,92.63325645,0
36,Kam Phaeng Phet,Kam Phaeng Phet,2017,0.35758975,83635,1372.872259,0.020964363,1930,6594,0.008421456,257241,0.328532567,65486000000,9197.938093,0.140456557,23486.17201,0.358644168,3353.044987,0.051202471,8474.278354,18.8172245,783000,92.39724815,0
36,Kam Phaeng Phet,Kam Phaeng Phet,2018,0.35219154,87439,1452.469642,0.021269141,2678,7810,0.01,257279,0.329422535,68290000000,10247.80599,0.150063054,24115.76158,0.353137525,3552.655293,0.052023068,8474.278354,18.8172245,781000,92.16123986,0
36,Kam Phaeng Phet,Kam Phaeng Phet,2019,0.35778818,89836,1555.601856,0.022171572,7869,13420,0.017183099,258766,0.331326504,70162000000,9587.060631,0.136641781,26606.93227,0.379221406,3617.592144,0.051560562,8474.278354,18.8172245,781000,92.16123986,0
36,Kam Phaeng Phet,Kam Phaeng Phet,2020,0.35943681,82572,2098.788398,0.032544905,2838,8154,0.010440461,287147,0.367665813,64489000000,7963.731464,0.123489765,23321.70941,0.361638565,3734.591857,0.057910525,8474.278354,18.8172245,781000,92.16123986,0
36,Kam Phaeng Phet,Kam Phaeng Phet,2021,0.33484441,81036,2110.613702,0.033348824,5749,8247,0.010559539,314464,0.402642766,63289000000,8178.969611,0.129232088,22483.1806,0.355246261,3546.190551,0.056031705,8474.278354,19.24507512,781000,92.16123986,0
73,Kanchanaburi,Kanchanaburi,2014,0.53656113,71139,1565.004046,0.026993067,1180,3675,0.004509202,264057,0.323996319,57978000000,11203.84349,0.193243014,16606.98394,0.286435957,3202.563073,0.055237557,19620.41338,49.4032089,815000,41.53837048,0
73,Kanchanaburi,Kanchanaburi,2015,0.52263921,71198,1574.485268,0.027034431,0,1515,0.001852078,310951,0.380135697,58240000000,10728.25063,0.1842076,16196.30426,0.278095884,3853.857269,0.066172,19620.41338,49.4032089,818000,41.69127246,0
73,Kanchanaburi,Kanchanaburi,2016,0.52198786,71521,1843.446303,0.03135646,0,0,0,281697,0.34269708,58790000000,9987.590659,0.169885876,16085.12763,0.273603123,4569.48083,0.077725478,19620.41338,49.4032089,822000,41.89514176,0
73,Kanchanaburi,Kanchanaburi,2017,0.51093119,73279,2159.558537,0.035721752,0,2343,0.00284,270536,0.327922424,60455000000,10544.10574,0.174412468,16092.79241,0.266194565,4770.624352,0.07891199,19620.41338,49.4032089,825000,42.04804374,0
73,Kanchanaburi,Kanchanaburi,2018,0.50745869,82084,2763.906708,0.040617016,2800,6294,0.00759228,287776,0.347136309,68048000000,12498.95246,0.183678469,18808.96552,0.276407323,4849.180729,0.071261179,19620.41338,49.4032089,829000,42.25191304,0
73,Kanchanaburi,Kanchanaburi,2019,0.50550443,82706,2976.826153,0.043364889,1860,2775,0.003343373,289195,0.348427711,68646000000,13321.55687,0.194061662,17434.05192,0.253970398,5026.94225,0.073229937,19620.41338,49.4032089,830000,42.30288037,0
73,Kanchanaburi,Kanchanaburi,2020,0.5064742,76210,2985.818842,0.047089735,888,1430,0.00171875,342927,0.412171875,63407000000,11291.57615,0.178080908,15607.28614,0.246144529,4618.926542,0.072845688,19620.41338,49.4032089,832000,42.40481502,0
73,Kanchanaburi,Kanchanaburi,2021,0.50902081,77421,2999.68464,0.046512508,0,1216,0.001459784,373664,0.44857623,64492000000,11825.54594,0.18336454,16468.17715,0.255352248,4586.533409,0.071117866,19620.41338,49.4032089,833000,42.45578235,0
15,Khon Kaen,Khon Kaen,2014,0.5378409,72260,5118.092184,0.040944737,405,75380,0.043597455,667044,0.385797571,1.25E+11,10799.77651,0.086398212,52481.81006,0.41985448,8287.569455,0.066300556,10765.33812,89.45511316,1729000,160.6080534,0
15,Khon Kaen,Khon Kaen,2015,0.52368128,73342,5465.179405,0.043032909,0,29312,0.016982619,680668,0.39436153,1.27E+11,9997.600279,0.078721262,51104.92807,0.402401008,8911.116874,0.070166275,10765.33812,90.31081949,1726000,160.3293813,0
15,Khon Kaen,Khon Kaen,2016,0.52840567,73575,5246.970309,0.041314727,23,509,0.000295415,690610,0.40081834,1.27E+11,10477.3822,0.082499072,47460.84712,0.373707458,9535.634712,0.075083738,10765.33812,90.31081949,1723000,160.0507091,0
15,Khon Kaen,Khon Kaen,2017,0.4873893,76715,4956.433068,0.037548735,2803,15585,0.009055782,668449,0.388407321,1.32E+11,10788.45847,0.081730746,50362.48409,0.38153397,10083.18271,0.076387748,10765.33812,90.9526058,1721000,159.8649277,0
15,Khon Kaen,Khon Kaen,2018,0.47518355,79656,4971.811374,0.036290594,0,3411,0.001985448,674905,0.392843423,1.37E+11,11466.94998,0.083700365,51990.7428,0.379494473,10932.20903,0.079797146,10765.33812,90.9526058,1718000,159.5862555,0
15,Khon Kaen,Khon Kaen,2019,0.47649172,78770,4985.884863,0.03693248,0,1868,0.001088578,732944,0.427123543,1.35E+11,10021.91091,0.074236377,49332.96024,0.365429335,11836.79757,0.087679982,10765.33812,91.16653387,1716000,159.4004741,0
15,Khon Kaen,Khon Kaen,2020,0.45903483,76391,5293.796693,0.040410662,213,7114,0.004150525,756002,0.441074679,1.31E+11,10450.55854,0.079775256,43166.49496,0.329515229,11896.54827,0.090813346,10765.33812,91.59437466,1714000,159.2146926,0
15,Khon Kaen,Khon Kaen,2021,0.45936117,77507,5551.636307,0.041741626,0,9677,0.005655757,911734,0.53286616,1.33E+11,10843.77088,0.081532112,44432.21628,0.334076814,11890.5286,0.089402471,10765.33812,92.02222941,1711000,158.9360205,0
63,Krabi,Krabi,2014,0.4389672,123152,1421.236692,0.029216501,0,2284,0.005782278,173086,0.438192405,48645000000,15101.09134,0.310434605,1981.230363,0.040728345,3918.524016,0.08055348,4360.740117,17.66966684,395000,90.58095401,0
63,Krabi,Krabi,2015,0.42136332,121114,1832.63491,0.037547069,0,2707,0.006717122,158592,0.393528536,48809000000,13379.1747,0.274112862,1968.935311,0.040339595,4323.912079,0.088588418,4360.740117,17.66966684,403000,92.41550498,0
63,Krabi,Krabi,2016,0.40048048,121680,2058.477014,0.04126114,0,510,0.001243902,159498,0.389019512,49889000000,12545.58575,0.251469978,1906.929324,0.038223443,4493.597731,0.090071914,4360.740117,17.66966684,410000,94.02073708,0
63,Krabi,Krabi,2017,0.3586908,126161,1580.942191,0.030195431,2724,4735,0.011409639,175202,0.422173494,52357000000,13445.51938,0.256804618,2136.840589,0.040812892,5148.46999,0.098333938,4360.740117,17.66966684,415000,95.16733143,0
63,Krabi,Krabi,2018,0.33923379,124603,1734.069197,0.033293702,3820,5595,0.013385167,182785,0.437284689,52084000000,13426.55358,0.257786529,2009.363023,0.038579276,5666.517449,0.108795742,4360.740117,18.09717794,418000,95.85528804,0
63,Krabi,Krabi,2019,0.35590953,122499,1817.618468,0.035244289,3980,15324,0.03639905,190311,0.452045131,51572000000,13781.58104,0.267229912,2062.498552,0.039992604,5824.32194,0.112935739,4360.740117,18.09717794,421000,96.54324466,0
63,Krabi,Krabi,2020,0.33507133,98559,1691.909774,0.040486965,0,1188,0.002801887,202069,0.47657783,41789000000,13477.19331,0.322505763,2041.767128,0.048858961,3742.365222,0.089553835,4360.740117,18.09717794,424000,97.23120127,0
63,Krabi,Krabi,2021,0.3014589,94759,1715.230718,0.042291854,0,633,0.001478972,202409,0.472918224,40557000000,13713.08485,0.338118817,2436.914751,0.060086169,3398.175676,0.083787649,4360.740117,18.09717794,428000,98.14847675,0
37,Lampang,Lampang,2014,0.46574298,55940,2315.996611,0.056559456,23753,45701,0.06243306,341687,0.466785519,40948000000,2863.199481,0.069922816,5244.445434,0.128075741,3377.810133,0.082490235,12694.18812,81.66573739,732000,57.66418404,0
37,Lampang,Lampang,2015,0.4622089,55399,2233.891942,0.055313523,16371,38570,0.052908093,357339,0.490176955,40386000000,2950.263867,0.073051648,5281.657647,0.13077942,3447.072555,0.085353156,12694.18812,81.66573739,729000,57.42785542,0
37,Lampang,Lampang,2016,0.46243533,56953,2318.838933,0.056313936,11070,23150,0.032019364,393407,0.544131397,41177000000,2846.308471,0.069123746,5286.976572,0.128396352,3547.611271,0.086155166,12694.18812,81.66573739,723000,56.95519817,0
37,Lampang,Lampang,2017,0.43253487,58433,2339.547319,0.055608179,4211,14880,0.020666667,458240,0.636444444,42072000000,2997.685858,0.071251328,5558.621158,0.132121629,3854.958717,0.091627655,12694.18812,81.87971787,720000,56.71886955,0
37,Lampang,Lampang,2018,0.4296287,59328,2457.807852,0.058021904,13192,29917,0.04190056,428784,0.600537815,42360000000,2801.844562,0.066143639,5651.81511,0.133423397,4175.115745,0.098562695,12694.18812,81.87971787,714000,56.2462123,0
37,Lampang,Lampang,2019,0.43148538,58990,2443.051968,0.058412681,8542,20797,0.029332863,372172,0.524925247,41824000000,2946.848751,0.070458319,5814.257969,0.139017262,4312.75143,0.103116666,12694.18812,81.87971787,709000,55.85233126,0
37,Lampang,Lampang,2020,0.43082675,57930,2550.213014,0.062531276,9209,22371,0.031776989,425716,0.604710227,40783000000,2811.855394,0.068946752,5728.471836,0.140462247,4293.115377,0.105267277,12694.18812,82.09369823,704000,55.45845023,0
37,Lampang,Lampang,2021,0.43332502,59822,2660.54744,0.06371653,13161,25810,0.036977077,497955,0.713402579,41756000000,2929.80155,0.070164804,5718.28506,0.136945231,4202.243557,0.100638077,12694.18812,82.30767933,698000,54.98579298,0
16,Loei,Loei,2014,0.36206999,47691,1260.718831,0.048593849,0,1315,0.002417279,108212,0.198919118,25944000000,6846.427187,0.263892506,3068.045944,0.118256473,2147.647825,0.082780135,10478.24096,31.65537633,544000,51.91711109,0
16,Loei,Loei,2015,0.36011907,49074,1251.98937,0.046898014,0,602,0.001106618,132389,0.243362132,26696000000,7272.337589,0.272413005,2942.173345,0.110210269,2378.384325,0.089091412,10478.24096,31.8693338,544000,51.91711109,0
16,Loei,Loei,2016,0.33888569,51890,1404.235108,0.049746178,0,81,0.000148897,135326,0.248761029,28228000000,7878.622756,0.279106658,2935.459539,0.103991056,2468.870999,0.087461776,10478.24096,31.8693338,544000,51.91711109,0
16,Loei,Loei,2017,0.30812234,56300,1493.346055,0.048759136,1269,2150,0.003952206,158341,0.291068015,30627000000,8265.679618,0.269882118,3636.743051,0.118743039,2667.734908,0.087104023,10478.24096,31.8693338,544000,51.91711109,0
16,Loei,Loei,2018,0.29999545,62604,1486.268322,0.04372149,393,1255,0.002311234,168636,0.310563536,33994000000,9242.419085,0.271883835,5038.788377,0.148225816,2914.790773,0.085744272,10478.24096,31.8693338,543000,51.82167523,0
16,Loei,Loei,2019,0.3263717,61330,1543.846263,0.046444038,0,408,0.000752768,193918,0.357782288,33241000000,9010.106696,0.271054021,4204.025657,0.126471095,2975.853401,0.089523582,10478.24096,31.8693338,542000,51.72623936,0
16,Loei,Loei,2020,0.32785678,58217,1432.418225,0.045564724,0,0,0,210499,0.389812963,31437000000,8416.896393,0.267738537,2956.384221,0.09404155,3071.122763,0.097691343,10478.24096,31.8693338,540000,51.53536763,0
16,Loei,Loei,2021,0.3203266,60755,1414.478568,0.043274753,15242,15468,0.028750929,187105,0.34777881,32686000000,8845.531279,0.270621406,3633.954813,0.111177716,2961.806352,0.090613913,10478.24096,32.08328616,538000,51.3444959,0
62,Lop Buri,Lop Buri,2014,0.40129572,77538,1436.796592,0.023848434,197,6083,0.007828829,323588,0.416458172,60247000000,8216.277274,0.136376538,19778.66145,0.328292885,3431.297781,0.056953836,6017.834568,72.83593765,777000,129.1162114,0
62,Lop Buri,Lop Buri,2015,0.39292449,75273,1519.627579,0.025915406,0,8860,0.011373556,367570,0.471848524,58638000000,7497.028419,0.127852731,19951.05158,0.340240997,3602.714992,0.061439936,6017.834568,72.83593765,779000,129.4485568,0
62,Lop Buri,Lop Buri,2016,0.39163831,77190,1548.763997,0.025756498,359,643,0.000825417,346900,0.445314506,60131000000,8010.43126,0.133216332,20010.73713,0.332785703,3944.868113,0.065604565,6017.834568,72.83593765,779000,129.4485568,0
62,Lop Buri,Lop Buri,2017,0.34183934,82539,1437.311574,0.022382801,1035,6396,0.00822108,342471,0.440194087,64215000000,8816.256633,0.137292792,21690.21166,0.337774845,4164.382633,0.064850621,6017.834568,72.83593765,778000,129.2823841,0
62,Lop Buri,Lop Buri,2018,0.35699615,83031,1791.932812,0.027775445,0,9686,0.012465894,357349,0.459908623,64515000000,10197.44029,0.158063091,19095.26479,0.295981784,4373.029845,0.067783149,6017.834568,73.04982307,777000,129.1162114,0
62,Lop Buri,Lop Buri,2019,0.36167729,83919,1973.274239,0.030301658,0,3945,0.005083763,416326,0.536502577,65121000000,10400.50155,0.159710409,18366.27507,0.282033063,4448.904904,0.068317515,6017.834568,73.26371503,776000,128.9500386,0
62,Lop Buri,Lop Buri,2020,0.3496857,78844,2206.088013,0.036103823,1345,10256,0.013233548,461692,0.595731613,61104000000,8407.326297,0.137590441,17356.05033,0.284041148,4970.078689,0.081338025,6017.834568,73.26371503,775000,128.7838659,0
62,Lop Buri,Lop Buri,2021,0.33677819,80665,1631.028551,0.026123625,0,2451,0.003166667,402122,0.519537468,62435000000,8842.378072,0.14162534,18037.44345,0.288899551,4764.775147,0.076315771,6017.834568,73.47760085,774000,128.6176932,0
74,Mae Hong Son,Mae Hong Son,2014,0.3450574,26304,551.339544,0.093574261,0,27,0.000120536,50974,0.2275625,5892000000,1110.191368,0.188423518,212.79278,0.036115543,688.441427,0.116843419,13443.01606,16.90619647,224000,16.66292735,0
74,Mae Hong Son,Mae Hong Son,2015,0.34652266,28693,915.51716,0.139944537,0,100,0.000438596,57553,0.252425439,6542000000,1168.240163,0.178575384,232.558613,0.03554855,785.073204,0.120005076,13443.01606,16.90619647,228000,16.96047963,0
74,Mae Hong Son,Mae Hong Son,2016,0.33962902,28707,575.016304,0.087468254,0,0,0,60711,0.265113537,6574000000,1179.801632,0.179464806,260.357829,0.039604172,824.37947,0.12539998,13443.01606,16.90619647,229000,17.03486769,0
74,Mae Hong Son,Mae Hong Son,2017,0.33467847,29146,722.508939,0.106392128,0,667,0.002862661,59088,0.253596567,6791000000,1161.678928,0.171061541,261.695458,0.038535629,902.741266,0.132932008,13443.01606,16.90619647,233000,17.33241997,0
74,Mae Hong Son,Mae Hong Son,2018,0.29603124,29962,638.116713,0.090628705,0,550,0.002340426,63920,0.272,7041000000,1270.945112,0.180506336,270.029915,0.038351074,964.915981,0.137042463,13443.01606,16.90619647,235000,17.48119611,0
74,Mae Hong Son,Mae Hong Son,2019,0.31551084,33013,614.510867,0.078541777,0,408,0.001721519,71365,0.301118143,7824000000,1719.945821,0.219829476,267.61162,0.034203939,1020.259925,0.13040132,13443.01606,16.90619647,237000,17.62997224,0
74,Mae Hong Son,Mae Hong Son,2020,0.3149533,32213,600.750676,0.078029702,0,1004,0.004200837,63604,0.266125523,7699000000,1613.839324,0.209616746,280.023583,0.036371423,979.806326,0.127264103,13443.01606,16.90619647,239000,17.77874838,0
74,Mae Hong Son,Mae Hong Son,2021,0.31151319,32398,660.421741,0.084582702,990,1261,0.005232365,64009,0.26559751,7808000000,1653.598054,0.211782538,290.477044,0.03720249,962.599501,0.123283748,13443.01606,16.90619647,241000,17.92752452,0
46,Maha Sarakham,Maha Sarakham,2014,0.41412213,36376,1349.529194,0.045689447,269,5678,0.006992611,232343,0.2861367,29537000000,5792.295259,0.196103032,3215.254666,0.108855153,3240.746181,0.10971819,5763.754571,43.68446838,812000,140.8803914,0
46,Maha Sarakham,Maha Sarakham,2015,0.38146383,37601,1761.189843,0.05789769,4253,10316,0.012751545,262938,0.325016069,30419000000,5202.072238,0.171013914,3579.397945,0.11766981,3576.499185,0.117574515,5763.754571,44.54015644,809000,140.3598974,0
46,Maha Sarakham,Maha Sarakham,2016,0.4009687,40039,2068.85079,0.064428102,1467,2530,0.003154613,296910,0.37021197,32111000000,5428.999715,0.16906978,3804.962363,0.118494048,3940.086993,0.122702096,5763.754571,44.75407877,802000,139.1454112,0
46,Maha Sarakham,Maha Sarakham,2017,0.33815166,42048,2091.507826,0.062410713,476,5144,0.006454203,252033,0.316227102,33512000000,5556.994286,0.165821028,4036.650357,0.120453878,4225.48392,0.126088682,5763.754571,44.75407877,797000,138.2779211,0
46,Maha Sarakham,Maha Sarakham,2018,0.33031505,43423,2307.170453,0.06708646,5694,10498,0.013255051,326042,0.411669192,34391000000,5653.99072,0.164403208,4622.235388,0.134402471,4717.002722,0.137158057,5763.754571,44.96800099,792000,137.410431,0
46,Maha Sarakham,Maha Sarakham,2019,0.33555868,42999,2119.930923,0.062725417,1634,6467,0.008227735,305274,0.388389313,33797000000,5321.806921,0.157463885,4505.885952,0.133322069,4743.649473,0.140357117,5763.754571,45.18192242,786000,136.3694429,0
46,Maha Sarakham,Maha Sarakham,2020,0.30926248,45127,2344.324481,0.066602019,2126,6260,0.008025641,334331,0.428629487,35199000000,5992.232393,0.170238711,4301.749399,0.122212262,4831.975918,0.137275943,5763.754571,45.18192242,780000,135.3284548,0
46,Maha Sarakham,Maha Sarakham,2021,0.28888631,47658,2479.289275,0.067125742,2988,8222,0.010609032,363226,0.46867871,36935000000,6311.139105,0.170871507,4697.061917,0.127171028,4969.89551,0.134557886,5763.754571,45.39582655,775000,134.4609647,0
61,Mukdahan,Mukdahan,2014,0.39237228,37293,830.761251,0.058777505,0,0,0,105229,0.277649077,14134000000,3386.333144,0.239587742,2098.011937,0.148437239,1124.545943,0.079563177,4098.340498,8.368463193,379000,92.47645484,0
61,Mukdahan,Mukdahan,2015,0.37416536,37961,969.51751,0.066337154,0,0,0,108806,0.282612987,14615000000,3459.184953,0.236687304,2029.810244,0.138885408,1237.951943,0.084704204,4098.340498,8.582394302,385000,93.94046205,0
61,Mukdahan,Mukdahan,2016,0.38330007,38476,871.236371,0.057912548,0,0,0,107075,0.273849105,15044000000,3611.936707,0.240091512,2013.023507,0.133809061,1279.441385,0.085046622,4098.340498,8.582394302,391000,95.40446925,0
61,Mukdahan,Mukdahan,2017,0.33110166,40794,829.950046,0.051117889,0,119,0.000298995,113190,0.284396985,16236000000,3725.974721,0.229488465,1882.779253,0.115963245,1368.640856,0.084296678,4098.340498,8.582394302,398000,97.11247765,0
61,Mukdahan,Mukdahan,2018,0.33248386,40916,722.959881,0.04373623,0,0,0,122113,0.302259901,16530000000,4096.011734,0.247792603,2431.689252,0.147107638,1518.379361,0.091855981,4098.340498,8.582394302,404000,98.57648485,0
61,Mukdahan,Mukdahan,2019,0.34024128,42241,799.546829,0.046165877,0,0,0,98915,0.241256098,17319000000,4000.947388,0.231014919,2256.210798,0.130273734,1605.7738,0.092717466,4098.340498,8.582394302,410000,100.040492,0
61,Mukdahan,Mukdahan,2020,0.30737621,38998,761.775664,0.046956522,0,563,0.001353365,123091,0.295891827,16223000000,3706.68702,0.228483451,1540.567556,0.09496194,1588.983983,0.097946371,4098.340498,8.582394302,416000,101.5044992,0
61,Mukdahan,Mukdahan,2021,0.28465456,41550,812.985764,0.046366246,0,0,0,125432,0.297232227,17534000000,3968.772655,0.226347248,1699.878659,0.096947568,1724.111629,0.098329624,4098.340498,8.796325537,422000,102.9685064,0
60,Nakhon Nayok,Nakhon Nayok,2014,0.22195846,58634,864.632154,0.058056278,0,0,0,109070,0.429409449,14893000000,3327.632979,0.223436042,1433.496658,0.096253049,1178.479619,0.079129767,2194.471865,3.224875977,254000,115.7453892,0
60,Nakhon Nayok,Nakhon Nayok,2015,0.20743701,59875,1439.645782,0.093922611,0,0,0,115244,0.450171875,15328000000,3083.343267,0.201157572,1461.494964,0.095348053,1370.371214,0.089403132,2194.471865,3.224875977,256000,116.6567702,0
60,Nakhon Nayok,Nakhon Nayok,2016,0.21781301,61453,1843.469197,0.117179583,0,311,0.001214844,129557,0.506082031,15732000000,2879.678109,0.183045901,1581.239747,0.100511044,1414.041938,0.089883164,2194.471865,3.224875977,256000,116.6567702,0
60,Nakhon Nayok,Nakhon Nayok,2017,0.21414451,62864,1561.708763,0.096288844,0,0,0,127958,0.49596124,16219000000,3202.085664,0.197428057,1592.625241,0.098195033,1503.241417,0.092683977,2194.471865,3.224875977,258000,117.5681512,0
60,Nakhon Nayok,Nakhon Nayok,2018,0.21466124,69776,1521.487987,0.084190349,0,47,0.000181467,124378,0.480223938,18072000000,3503.114875,0.193842125,1633.629254,0.090395598,1618.332247,0.08954915,2194.471865,3.224875977,259000,118.0238417,0
60,Nakhon Nayok,Nakhon Nayok,2019,0.21018788,70392,1559.528245,0.08521081,0,335,0.001288462,147076,0.565676923,18302000000,3663.531097,0.200171079,1574.947719,0.086053312,1607.621323,0.08783856,2194.471865,3.224875977,260000,118.4795322,0
60,Nakhon Nayok,Nakhon Nayok,2020,0.20921494,71215,1717.004237,0.09237662,0,1043,0.003996169,173914,0.666337165,18587000000,3678.165013,0.197889117,1534.435571,0.082554235,1548.167224,0.083293013,2194.471865,3.224875977,261000,118.9352227,0
60,Nakhon Nayok,Nakhon Nayok,2021,0.19786897,68737,1695.574637,0.094151515,0,1706,0.00651145,187680,0.716335878,18009000000,3426.698643,0.190277008,1416.806645,0.078672144,1512.763465,0.084000415,2194.471865,3.224875977,262000,119.3909132,0
72,Nakhon Phanom,Nakhon Phanom,2014,0.41108599,38520,1329.721272,0.060035273,0,543,0.000944348,144581,0.251445217,22149000000,5779.613144,0.260942397,1043.073712,0.04709349,1811.288141,0.081777423,5586.936704,26.23315909,575000,102.918653,0
72,Nakhon Phanom,Nakhon Phanom,2015,0.41225064,39901,1520.167673,0.066490298,1095,2985,0.005209424,150372,0.262429319,22863000000,6144.219514,0.268740739,1129.500571,0.04940299,2033.580182,0.08894634,5586.936704,26.23315909,573000,102.5606751,0
72,Nakhon Phanom,Nakhon Phanom,2016,0.42471272,42592,1753.97464,0.072502259,0,0,0,161859,0.284963028,24192000000,6508.238896,0.269024425,1101.599013,0.045535673,2233.229615,0.092312732,5586.936704,26.23315909,568000,101.6657303,0
72,Nakhon Phanom,Nakhon Phanom,2017,0.3732807,43106,1548.986044,0.06360033,0,163,0.000288496,176813,0.312943363,24355000000,6525.219525,0.267921147,1098.95158,0.045122216,2222.633083,0.091259827,5586.936704,26.23315909,565000,101.1287634,0
72,Nakhon Phanom,Nakhon Phanom,2018,0.38791242,42357,1723.063567,0.072513407,657,2472,0.004406417,188328,0.335700535,23762000000,6192.620205,0.260610227,1094.7122,0.046069868,2265.795653,0.095353743,5586.936704,26.23315909,561000,100.4128075,0
72,Nakhon Phanom,Nakhon Phanom,2019,0.3991116,43571,1671.631494,0.06887929,0,279,0.000500898,190807,0.342561939,24269000000,6590.130052,0.271545183,1174.591452,0.04839884,2215.799067,0.091301622,5586.936704,26.23315909,557000,99.69685169,0
72,Nakhon Phanom,Nakhon Phanom,2020,0.38284725,45384,1796.316645,0.071703522,0,511,0.000925725,238563,0.432179348,25052000000,6934.149314,0.276790249,1148.887182,0.045860098,2256.489826,0.090072243,5586.936704,26.23315909,552000,98.80190688,0
72,Nakhon Phanom,Nakhon Phanom,2021,0.37460145,47522,1883.476779,0.072324583,0,1925,0.003512774,236741,0.432009124,26042000000,7248.720047,0.278347287,1171.484,0.04498441,2383.492792,0.091524952,5586.936704,26.23315909,548000,98.08595104,0
6,Nakhon Ratchasima,Nakhon Ratchasima,2014,0.62736648,63828,8807.857896,0.054707192,3326,45805,0.018176587,900320,0.357269841,1.61E+11,21117.12682,0.131162278,48566.52305,0.301655423,11181.63026,0.06945112,20804.28446,194.9758376,2520000,121.1288956,0
6,Nakhon Ratchasima,Nakhon Ratchasima,2015,0.61084652,64849,9151.200168,0.056142332,2034,53073,0.021077442,847491,0.336573074,1.63E+11,20755.51426,0.127334443,48532.29947,0.297744169,11912.62869,0.073083612,20804.28446,194.9758376,2518000,121.0327615,0
6,Nakhon Ratchasima,Nakhon Ratchasima,2016,0.61634266,67081,10316.83967,0.061046389,0,16906,0.006716726,909027,0.361154946,1.69E+11,20841.14558,0.123320388,49963.47621,0.295641871,12880.98295,0.076218834,20804.28446,194.9758376,2517000,120.9846945,0
6,Nakhon Ratchasima,Nakhon Ratchasima,2017,0.58929282,70361,10407.93208,0.058801876,11319,105781,0.042043323,978529,0.388922496,1.77E+11,21137.59269,0.119421428,55634.99211,0.314321989,13738.27233,0.077617358,20804.28446,194.9758376,2516000,120.9366275,0
6,Nakhon Ratchasima,Nakhon Ratchasima,2018,0.58801585,74548,9924.046148,0.053069765,8115,82711,0.032887078,883138,0.35114831,1.87E+11,22308.36494,0.119296069,61001.40212,0.326210707,14816.31122,0.079231611,20804.28446,194.9758376,2515000,120.8885605,0
6,Nakhon Ratchasima,Nakhon Ratchasima,2019,0.5839662,74036,9931.51294,0.053395231,10201,67597,0.02692035,967583,0.385337714,1.86E+11,19970.33494,0.107367392,58042.87793,0.312058483,15697.51792,0.084395258,20804.28446,194.9758376,2511000,120.6962924,0
6,Nakhon Ratchasima,Nakhon Ratchasima,2020,0.56636745,73377,9266.952848,0.050363874,5560,89656,0.035762266,981099,0.391343837,1.84E+11,21014.50704,0.114209277,54549.62647,0.296465361,15800.05923,0.085869887,20804.28446,194.9758376,2507000,120.5040243,0
6,Nakhon Ratchasima,Nakhon Ratchasima,2021,0.55722696,77540,9724.624723,0.050126932,4330,71451,0.028557554,1019142,0.407330935,1.94E+11,22448.374,0.115713268,60352.01381,0.311092855,15861.66295,0.081761149,20804.28446,194.9758376,2502000,120.2636892,0
2,Nakhon Sawan,Nakhon Sawan,2014,0.49586245,63448,1816.507442,0.029484928,0,1260,0.001297631,304116,0.313198764,61608000000,13712.27652,0.222572986,12804.79252,0.207843016,5434.518997,0.088211255,9747.798748,86.91229639,971000,99.61223299,0
2,Nakhon Sawan,Nakhon Sawan,2015,0.469863,61903,2608.975443,0.043675094,3305,3405,0.003528497,333097,0.345178238,59736000000,12435.17618,0.208168879,11955.10362,0.200132309,5746.715952,0.096201888,9747.798748,87.12619678,965000,98.99670941,0
2,Nakhon Sawan,Nakhon Sawan,2016,0.49431184,58936,1960.029764,0.034787458,0,0,0,391896,0.409933054,56343000000,10596.73345,0.188075421,12461.76685,0.221176843,5847.877752,0.103790671,9747.798748,87.12619678,956000,98.07342403,0
2,Nakhon Sawan,Nakhon Sawan,2017,0.46146005,62617,2142.356335,0.036128644,0,4746,0.005011616,373446,0.394346357,59298000000,11797.2117,0.198947885,12472.9256,0.210343108,6166.902113,0.103998484,9747.798748,87.12619678,947000,97.15013866,0
2,Nakhon Sawan,Nakhon Sawan,2018,0.44846746,67569,1764.556995,0.027840912,0,5801,0.006184435,432941,0.461557569,63380000000,13528.02119,0.213443061,13497.60349,0.212963135,6412.013899,0.10116778,9747.798748,87.34010642,938000,96.22685329,0
2,Nakhon Sawan,Nakhon Sawan,2019,0.45204303,67266,2008.488301,0.032140955,0,475,0.000511302,477226,0.513698601,62490000000,12989.57773,0.207866502,12822.62001,0.205194751,6496.3178,0.103957718,9747.798748,87.34010642,929000,95.30356791,0
2,Nakhon Sawan,Nakhon Sawan,2020,0.43203592,63684,2480.500363,0.042337305,23601,36546,0.039723913,497195,0.540429348,58589000000,11288.99324,0.192681105,11127.33564,0.189921925,6715.078928,0.114613305,9747.798748,88.1957414,920000,94.38028254,0
2,Nakhon Sawan,Nakhon Sawan,2021,0.41560215,63686,2691.2689,0.046335679,11466,47629,0.052224781,476171,0.522117325,58082000000,10757.29678,0.185208787,11588.55466,0.199520586,6628.071385,0.114115757,9747.798748,89.05138347,912000,93.55958443,0
59,Nakhon Si Thammarat,Nakhon Si Thammarat,2014,0.48429194,61396,2887.357412,0.031818714,0,1348,0.000912043,609167,0.412156292,90744000000,22666.78684,0.249788271,11705.47187,0.128994444,6175.602682,0.068055218,10181.71885,46.59965727,1478000,145.1621305,0
59,Nakhon Si Thammarat,Nakhon Si Thammarat,2015,0.48765543,60521,3911.102385,0.043518102,2491,13726,0.009243098,712225,0.479612795,89873000000,20579.47286,0.228983931,11533.17791,0.128327506,6524.941703,0.072601801,10181.71885,47.02717841,1485000,145.8496372,0
59,Nakhon Si Thammarat,Nakhon Si Thammarat,2016,0.48098573,61365,4411.939174,0.048155812,7790,14459,0.009684528,781237,0.523266577,91618000000,20824.02882,0.227291895,10674.85234,0.116514793,7416.832099,0.080953875,10181.71885,47.2409388,1493000,146.6353591,0
59,Nakhon Si Thammarat,Nakhon Si Thammarat,2017,0.45593613,62899,4056.10087,0.042990396,10324,23950,0.015966667,800860,0.533906667,94349000000,22114.28806,0.234388155,10609.71925,0.112451846,7766.966971,0.082321667,10181.71885,47.2409388,1500000,147.3228658,0
59,Nakhon Si Thammarat,Nakhon Si Thammarat,2018,0.46195072,64141,4115.055612,0.042572477,1760,9611,0.006377571,774008,0.513608494,96660000000,24270.8086,0.251094647,10289.31015,0.106448481,8293.862755,0.085804498,10181.71885,47.45469883,1507000,148.0103725,0
59,Nakhon Si Thammarat,Nakhon Si Thammarat,2019,0.45734572,69235,4705.939138,0.044818468,2074,13011,0.008610854,797585,0.527852416,1.05E+11,27053.40238,0.257651451,11258.5702,0.107224478,8153.621667,0.07765354,10181.71885,47.88221902,1511000,148.4032335,0
59,Nakhon Si Thammarat,Nakhon Si Thammarat,2020,0.4443264,68881,4889.190661,0.047011449,5604,28464,0.018788119,854595,0.564089109,1.04E+11,25298.41693,0.243254009,10624.64598,0.102160058,8379.807955,0.080575076,10181.71885,48.09598006,1515000,148.7960945,0
59,Nakhon Si Thammarat,Nakhon Si Thammarat,2021,0.41492504,69614,5034.734582,0.047497496,998,11960,0.007873601,995556,0.655402238,1.06E+11,27129.50641,0.25593874,10656.97293,0.10053748,8701.651218,0.082091049,10181.71885,48.73726094,1519000,149.1889555,0
70,Nan,Nan,2014,0.45736453,34747,926.026399,0.059091724,0,2324,0.005152993,137999,0.305984479,15671000000,3403.756545,0.217200979,826.784643,0.052758895,1968.272823,0.125599695,12281.87353,20.97221692,451000,36.72078196,0
70,Nan,Nan,2015,0.45408663,36811,1138.904611,0.068753674,1348,3184,0.007075556,201963,0.448806667,16565000000,3434.784672,0.207351927,872.229361,0.052654957,2204.089281,0.133057005,12281.87353,20.97221692,450000,36.63936116,0
70,Nan,Nan,2016,0.48133406,38033,1320.798979,0.077516226,0,269,0.000600446,193545,0.432020089,17039000000,3286.982826,0.192909374,950.317518,0.05577308,2324.311081,0.136411238,12281.87353,20.97221692,448000,36.47651956,0
70,Nan,Nan,2017,0.44217899,39488,1317.463363,0.074639588,286,2022,0.00452349,167427,0.374557047,17651000000,3549.714041,0.201105549,1015.62022,0.057538962,2442.560908,0.13838088,12281.87353,20.97221692,447000,36.39509875,0
70,Nan,Nan,2018,0.42659491,41737,1343.374445,0.072329427,0,680,0.00152809,184317,0.414195506,18573000000,3830.878599,0.206260626,1170.620697,0.063028089,2652.414025,0.14281021,12281.87353,20.97221692,445000,36.23225715,0
70,Nan,Nan,2019,0.40594903,41673,1365.251158,0.073953261,0,1635,0.003690745,217226,0.490352144,18461000000,3757.134133,0.203517368,1160.439782,0.062858988,2667.222429,0.144478762,12281.87353,20.97221692,443000,36.06941554,0
70,Nan,Nan,2020,0.38644665,42102,1464.715046,0.078888083,0,281,0.000637188,244618,0.554689342,18567000000,3698.224805,0.199182679,1100.434618,0.059268305,2729.922347,0.14703088,12281.87353,20.97221692,441000,35.90657394,0
70,Nan,Nan,2021,0.38646546,43326,1802.280121,0.094757104,295,1088,0.00247836,221376,0.504273349,19020000000,3887.573427,0.204393976,1129.936932,0.05940783,2644.195505,0.139021846,12281.87353,20.97221692,439000,35.74373233,0
40,Narathiwat,Narathiwat,2014,0.44540516,30429,1081.523826,0.050701975,0,0,0,235224,0.335554922,21331000000,7317.25978,0.343034072,981.077629,0.045993044,1521.584716,0.071332086,4407.022466,31.05168608,701000,159.0643128,0
40,Narathiwat,Narathiwat,2015,0.44493043,29731,1415.626273,0.067158132,0,0,0,216601,0.305502116,21079000000,6313.339657,0.299508499,1007.48993,0.047795907,1652.925583,0.078415749,4407.022466,31.05168608,709000,160.8795974,0
40,Narathiwat,Narathiwat,2016,0.4429459,30392,1536.599769,0.070811049,0,0,0,198277,0.27769888,21700000000,6302.15552,0.290421913,1058.49324,0.04877849,1734.336585,0.079923345,4407.022466,31.05168608,714000,162.0141503,0
40,Narathiwat,Narathiwat,2017,0.43481731,28392,1472.797226,0.072348442,0,0,0,230320,0.321227336,20357000000,4913.081298,0.241346038,1053.97487,0.051774567,1910.466969,0.093848159,4407.022466,31.05168608,717000,162.694882,0
40,Narathiwat,Narathiwat,2018,0.42217746,31950,1468.822832,0.063762061,0,0,0,263740,0.365797503,23036000000,6844.547438,0.297123955,1030.450186,0.044732166,2068.329364,0.089786828,4407.022466,31.05168608,721000,163.6025243,0
40,Narathiwat,Narathiwat,2019,0.43002325,31364,1729.51162,0.076059265,0,0,0,253504,0.34966069,22739000000,6371.449544,0.280199197,1022.129159,0.044950489,2148.128286,0.094468899,4407.022466,31.05168608,725000,164.5101666,0
40,Narathiwat,Narathiwat,2020,0.39761701,29346,1785.065536,0.083441571,0,0,0,243992,0.334694102,21393000000,5142.044908,0.240361095,1003.456985,0.046905856,2174.94135,0.101666029,4407.022466,31.05168608,729000,165.4178089,0
40,Narathiwat,Narathiwat,2021,0.41184041,30536,2023.340181,0.090396291,0,0,0,248861,0.339510232,22383000000,5572.051597,0.248941232,1059.301845,0.047326178,2266.731787,0.10127024,4407.022466,31.05168608,733000,166.3254512,0
13,Nong Khai,Nong Khai,2014,0.45758927,47123,1100.36952,0.051096797,0,1242,0.002717724,122020,0.267002188,21535000000,4498.996544,0.208915558,3353.772657,0.155735902,2056.85871,0.095512362,3324.614466,24.2347984,457000,137.4595475,0
13,Nong Khai,Nong Khai,2015,0.44351643,49190,1234.289255,0.054906106,0,1299,0.002842451,120966,0.264695842,22480000000,4586.139256,0.204009753,3543.131733,0.157612622,2247.072443,0.099958739,3324.614466,25.09067371,457000,137.4595475,0
13,Nong Khai,Nong Khai,2016,0.45285422,50827,1195.638076,0.051474,0,0,0,157415,0.344452954,23228000000,4763.287126,0.205066606,3724.742589,0.160355717,2398.820975,0.103272816,3324.614466,25.09067371,457000,137.4595475,0
13,Nong Khai,Nong Khai,2017,0.39356801,51934,1058.744766,0.044608779,0,1043,0.002282276,175254,0.383487965,23734000000,4946.005406,0.20839325,3936.725113,0.16586859,2466.235834,0.103911512,3324.614466,25.09067371,457000,137.4595475,0
13,Nong Khai,Nong Khai,2018,0.41565421,51596,1017.497837,0.043246253,0,1536,0.003368421,180188,0.395149123,23528000000,4546.548334,0.193239899,3845.789067,0.163455843,2631.921629,0.111863381,3324.614466,25.09067371,456000,137.1587607,0
13,Nong Khai,Nong Khai,2019,0.42647886,52434,896.011277,0.037474332,885,1963,0.004304825,184560,0.404736842,23910000000,4682.509579,0.195838962,3992.782256,0.166992148,2677.679508,0.111989942,3324.614466,25.5186113,456000,137.1587607,0
13,Nong Khai,Nong Khai,2020,0.39740533,53053,1000.545635,0.041449341,403,2519,0.005536264,169320,0.372131868,24139000000,4891.402017,0.202634824,3938.06763,0.163141291,2699.281813,0.111822437,3324.614466,25.5186113,455000,136.857974,0
13,Nong Khai,Nong Khai,2021,0.39714324,55156,1053.345378,0.04197264,0,2515,0.005527473,191491,0.420859341,25096000000,5133.581057,0.204557741,4538.210741,0.180834027,2582.171233,0.102891745,3324.614466,25.5186113,455000,136.857974,0
3,Nongbua Lamphu,Nongbua Lamphu,2014,0.35349441,31808,575.972941,0.037412987,0,574,0.00118595,95783,0.19789876,15395000000,2728.391821,0.177225841,3830.64201,0.248823775,1280.26273,0.083160944,4329.991886,19.89732995,484000,111.7785005,0
3,Nongbua Lamphu,Nongbua Lamphu,2015,0.30589887,32901,790.896834,0.049770111,1096,3430,0.007101449,124134,0.257006211,15891000000,2807.277697,0.176658341,3602.822963,0.226720972,1441.218609,0.090694016,4329.991886,19.89732995,483000,111.5475531,0
3,Nongbua Lamphu,Nongbua Lamphu,2016,0.33579099,35266,837.384743,0.049365368,0,0,0,133818,0.2782079,16963000000,2938.868997,0.173251724,3533.242682,0.208291144,1604.912228,0.094612523,4329.991886,19.89732995,481000,111.0856585,0
3,Nongbua Lamphu,Nongbua Lamphu,2017,0.26832607,35733,749.385049,0.043690826,0,620,0.001291667,133446,0.2780125,17152000000,3057.646171,0.178267617,3332.509021,0.194292737,1735.289541,0.101171265,4329.991886,19.89732995,480000,110.8547112,0
3,Nongbua Lamphu,Nongbua Lamphu,2018,0.25983435,38814,928.00521,0.050019146,0,558,0.001167364,134091,0.280525105,18553000000,3463.775692,0.186696259,3854.570951,0.207759982,1881.318084,0.101402365,4329.991886,19.89732995,478000,110.3928166,0
3,Nongbua Lamphu,Nongbua Lamphu,2019,0.28877038,37983,934.058409,0.051662523,0,253,0.000531513,135358,0.284365546,18080000000,3185.419397,0.176184701,3957.444591,0.21888521,1870.6928,0.103467522,4329.991886,19.89732995,476000,109.9309219,0
3,Nongbua Lamphu,Nongbua Lamphu,2020,0.27523217,36359,1008.497185,0.058517882,0,798,0.001683544,174051,0.367196203,17234000000,2887.485577,0.167545873,3099.149336,0.179827628,2001.378712,0.116129669,4329.991886,19.89732995,474000,109.4690273,0
3,Nongbua Lamphu,Nongbua Lamphu,2021,0.27353075,38265,1114.251596,0.061693793,0,517,0.001095339,171632,0.363627119,18061000000,3104.38049,0.17188309,3338.841198,0.184864692,1953.446715,0.108158281,4329.991886,19.89732995,472000,109.0071327,0
57,Pattani,Pattani,2014,0.51104701,57568,1087.059059,0.030068295,0,65,0.000103503,222154,0.353748408,36153000000,15336.06789,0.42419904,3748.615899,0.103687547,1499.565724,0.041478321,1938.00129,16.00032618,628000,324.0451919,0
57,Pattani,Pattani,2015,0.5015015,56413,1141.761478,0.032024275,0,0,0,226539,0.358447785,35653000000,13337.2104,0.374083819,3680.41529,0.103228769,1655.721378,0.046439889,1938.00129,16.00032618,632000,326.1091741,0
57,Pattani,Pattani,2016,0.49437201,58954,1316.098903,0.03515597,0,47,7.40E-05,238886,0.376198425,37436000000,13112.96437,0.350276856,4406.96426,0.117719956,1639.571608,0.043796656,1938.00129,16.00032618,635000,327.6571606,0
57,Pattani,Pattani,2017,0.45992586,47803,1186.885599,0.03885568,360,360,0.00056338,247785,0.387769953,30546000000,8487.154829,0.277848322,2748.143112,0.089967364,1759.207808,0.057592084,1938.00129,16.00032618,639000,329.7211428,0
57,Pattani,Pattani,2018,0.46593377,50559,1285.456622,0.039664793,0,0,0,215446,0.336109204,32408000000,9840.201716,0.303634958,2513.728774,0.07756507,1869.186359,0.057676696,1938.00129,16.00032618,641000,330.7531338,0
57,Pattani,Pattani,2019,0.47315714,51016,1509.981426,0.045960353,0,64,9.94E-05,206177,0.320150621,32854000000,9586.593804,0.291793809,2271.351742,0.069134709,1951.915917,0.059411819,1938.00129,16.00032618,644000,332.3011204,0
57,Pattani,Pattani,2020,0.44897351,48522,1524.039184,0.048621445,0,0,0,241839,0.374363777,31345000000,8226.412161,0.262447349,1982.019769,0.063232406,2079.809916,0.066352207,1938.00129,16.00032618,646000,333.3331115,0
57,Pattani,Pattani,2021,0.44976309,49404,1704.678733,0.053247914,0,1975,0.00304784,235681,0.363705247,32014000000,8363.411653,0.261242321,1987.3156,0.062076454,2117.513316,0.066143353,1938.00129,16.00032618,648000,334.3651025,0
56,Phangnga,Phangnga,2014,0.28316066,110913,493.287121,0.017509837,273,340,0.001338583,114675,0.451476378,28172000000,7837.803755,0.278212543,1079.339466,0.03831249,2712.153664,0.09627125,3839.465663,3.420181188,254000,66.15503882,0
56,Phangnga,Phangnga,2015,0.28491324,136980,612.814842,0.017682792,0,259,0.001023715,115374,0.456023715,34656000000,7206.340067,0.207939176,997.402927,0.028780094,3177.912552,0.091698769,3839.465663,3.420181188,253000,65.89458592,0
56,Phangnga,Phangnga,2016,0.2911742,144833,796.840185,0.021832434,495,1086,0.004309524,125847,0.499392857,36498000000,7219.254572,0.197798635,977.555237,0.026783803,3287.788608,0.090081336,3839.465663,3.420181188,252000,65.63413301,0
56,Phangnga,Phangnga,2017,0.29314446,158693,727.027904,0.018252358,360,562,0.002239044,135793,0.541007968,39832000000,8663.435161,0.217499376,899.504926,0.02258247,3613.23184,0.090711785,3839.465663,3.420181188,251000,65.3736801,0
56,Phangnga,Phangnga,2018,0.28678632,162916,809.144441,0.019866543,400,986,0.003944,147830,0.59132,40729000000,9295.480089,0.228227555,973.174199,0.023893889,3942.964566,0.096809756,3839.465663,3.420181188,250000,65.11322719,0
56,Phangnga,Phangnga,2019,0.2671409,166824,841.806955,0.020184313,612,2277,0.009108,148029,0.592116,41706000000,9244.738271,0.221664467,929.139991,0.022278329,4029.891705,0.096626186,3839.465663,3.420181188,250000,65.11322719,0
56,Phangnga,Phangnga,2020,0.2456601,118012,999.809353,0.033888396,3585,4076,0.016304,138197,0.552788,29503000000,9698.300474,0.328722519,810.863002,0.027484086,2537.111864,0.085995047,3839.465663,3.420181188,250000,65.11322719,0
56,Phangnga,Phangnga,2021,0.23206496,106056,991.42471,0.03754259,249,1086,0.004361446,138927,0.557939759,26408000000,8696.171268,0.329300639,890.630489,0.033725783,2373.255747,0.089868818,3839.465663,3.420181188,249000,64.85277428,0
55,Phatthalung,Phatthalung,2014,0.58260208,37899,1069.278445,0.058053013,0,108,0.000222222,231875,0.477109053,18419000000,5584.968547,0.303217794,901.671907,0.048953358,2213.706868,0.120186051,3318.812962,12.39741622,486000,146.4378998,0
55,Phatthalung,Phatthalung,2015,0.57539743,38037,1145.670071,0.061721262,0,0,0,231708,0.474811475,18562000000,5716.914851,0.307990241,835.295339,0.045000288,2584.430216,0.139232314,3318.812962,12.39741622,488000,147.0405249,0
55,Phatthalung,Phatthalung,2016,0.57018477,41012,1153.205337,0.057502136,0,0,0,261105,0.533957055,20055000000,5879.35891,0.293161751,836.854477,0.041727972,2725.409128,0.13589674,3318.812962,12.39741622,489000,147.3418375,0
55,Phatthalung,Phatthalung,2017,0.52926934,39663,1059.526615,0.05451642,0,222,0.000453061,268163,0.547271429,19435000000,5614.688847,0.288895747,930.334096,0.047869004,2865.259764,0.147427824,3318.812962,12.39741622,490000,147.64315,0
55,Phatthalung,Phatthalung,2018,0.51609677,41872,1090.314114,0.0529253,0,0,0,258993,0.526408537,20601000000,6511.653411,0.316084336,879.346708,0.042684661,3109.296883,0.150929415,3318.812962,12.39741622,492000,148.2457751,0
55,Phatthalung,Phatthalung,2019,0.49666998,41846,1155.022403,0.056101729,1680,2439,0.004957317,286411,0.582136179,20588000000,6628.298393,0.321949601,792.232458,0.038480302,3104.66252,0.150799617,3318.812962,12.39741622,492000,148.2457751,0
55,Phatthalung,Phatthalung,2020,0.47294566,41998,1417.682882,0.068609732,279,948,0.001926829,324630,0.659817073,20663000000,6358.685025,0.307732905,801.933188,0.038810104,3126.301199,0.151299482,3318.812962,12.39741622,492000,148.2457751,0
55,Phatthalung,Phatthalung,2021,0.46164998,43018,1442.438456,0.068152065,312,1106,0.002247967,334099,0.679063008,21165000000,6523.822848,0.308236374,870.83685,0.041145138,2962.058664,0.139950799,3318.812962,12.39741622,492000,148.2457751,0
1,Phayao,Phayao,2014,0.40780541,41894,779.204925,0.046038696,0,649,0.001606436,119101,0.294804455,16925000000,4556.545682,0.269219834,867.375539,0.051248185,1921.647709,0.113539008,6066.03576,27.73988248,404000,66.60033274,0
1,Phayao,Phayao,2015,0.39214322,43244,997.042925,0.057496276,6147,9080,0.022643392,134830,0.336234414,17341000000,4176.586242,0.240850369,914.909859,0.052759925,2055.27374,0.118521062,6066.03576,27.95389033,401000,66.10577581,0
1,Phayao,Phayao,2016,0.40275159,44185,1441.478843,0.082800784,1299,10567,0.026819797,152519,0.387104061,17409000000,3823.497373,0.219627628,893.014434,0.051296136,2151.664384,0.123594944,6066.03576,27.95389033,394000,64.95180965,0
1,Phayao,Phayao,2017,0.35535163,47036,1325.514623,0.072444369,3873,6611,0.016994859,163906,0.421352185,18297000000,4241.796875,0.231830184,888.060739,0.048535866,2279.981805,0.124609597,6066.03576,27.95389033,389000,64.1275481,0
1,Phayao,Phayao,2018,0.35925764,47029,1302.032587,0.072286952,7133,7326,0.019127937,186551,0.487078329,18012000000,4010.009294,0.222629874,790.270823,0.043874685,2459.960038,0.136573398,6066.03576,27.95389033,383000,63.13843425,0
1,Phayao,Phayao,2019,0.32202375,47556,1380.903028,0.076819261,5052,6221,0.016457672,202244,0.535037037,17976000000,3677.862575,0.204598497,779.189749,0.043346114,2469.806344,0.137394656,6066.03576,27.95389033,378000,62.31417271,0
1,Phayao,Phayao,2020,0.31248477,46699,1377.933477,0.079319219,1748,3961,0.010647849,195986,0.526844086,17372000000,3538.567916,0.203693755,800.233895,0.046064581,2387.836688,0.137453183,6066.03576,27.95389033,372000,61.32505886,0
1,Phayao,Phayao,2021,0.3137382,48019,1318.341035,0.07480798,1653,3441,0.009376022,174912,0.476599455,17623000000,3588.355265,0.203617731,905.8951,0.051404137,2496.442134,0.141658182,6066.03576,27.95389033,367000,60.50079731,0
10,Phetchabun,Phetchabun,2014,0.17243341,45090,1538.999764,0.036504655,0,185,0.000197861,213785,0.228647059,42159000000,10673.19574,0.253165297,5237.495535,0.124231968,3092.563336,0.07335476,12491.47562,50.42019601,935000,74.8510447,0
10,Phetchabun,Phetchabun,2015,0.16037659,44672,1749.661421,0.041934173,6790,7809,0.008360814,305211,0.326778373,41724000000,10186.71137,0.244145129,5128.852851,0.122923326,3398.006513,0.081440095,12491.47562,50.42019601,934000,74.77099011,0
10,Phetchabun,Phetchabun,2016,0.17583065,46461,1876.325354,0.043471696,0,136,0.000146394,323704,0.348443488,43162000000,10187.00396,0.236017885,5243.087323,0.121474615,3737.844463,0.086600354,12491.47562,50.42019601,929000,74.37071714,0
10,Phetchabun,Phetchabun,2017,0.19522706,44629,1803.193035,0.043679886,900,2432,0.002629189,311190,0.336421622,41282000000,10314.21648,0.24984779,5548.847228,0.134413236,3872.097601,0.09379627,12491.47562,50.42019601,925000,74.05049877,0
10,Phetchabun,Phetchabun,2018,0.20682277,46924,1940.47598,0.044900756,4811,7497,0.008140065,336135,0.364967427,43217000000,10746.23313,0.248657545,6433.540384,0.148865964,4201.409483,0.097216593,12491.47562,50.42019601,921000,73.73028039,0
10,Phetchabun,Phetchabun,2019,0.22072066,47714,1980.244475,0.045308298,159,2173,0.002372271,349018,0.381024017,43706000000,11220.45201,0.256725667,6083.520207,0.139191878,4378.797849,0.100187568,12491.47562,50.63410381,916000,73.33000743,0
10,Phetchabun,Phetchabun,2020,0.21121855,45445,2207.307246,0.0533166,2961,4383,0.004811196,357544,0.392474204,41400000000,10223.75706,0.246950654,4880.701423,0.117891339,4496.024951,0.108599636,12491.47562,50.63410381,911000,72.92973446,0
10,Phetchabun,Phetchabun,2021,0.21711767,45446,2151.268879,0.052248236,191,2207,0.002435982,454107,0.501221854,41174000000,10124.15765,0.245887153,5197.442341,0.126231174,4601.32073,0.111753066,12491.47562,50.63410381,906000,72.5294615,0
8,Phetchaburi,Phetchaburi,2014,0.36548856,78748,2204.220824,0.057358267,830,9542,0.019553279,233080,0.477622951,38429000000,4327.204444,0.112602577,8939.094606,0.232613251,3104.686875,0.080790207,6249.398042,35.49840964,488000,78.08752087,0
8,Phetchaburi,Phetchaburi,2015,0.36176744,78447,2422.680848,0.062770257,1530,4489,0.009123984,239905,0.487611789,38596000000,3674.922547,0.095215114,9086.34158,0.235421846,3460.950816,0.089671231,6249.398042,35.49840964,492000,78.72758251,0
8,Phetchaburi,Phetchaburi,2016,0.35865346,79069,2407.644818,0.061391321,0,1662,0.003350806,227629,0.458929435,39218000000,3686.776366,0.094007251,9434.161866,0.240556935,3679.661309,0.093825828,6249.398042,35.49840964,496000,79.36764416,0
8,Phetchaburi,Phetchaburi,2017,0.34624946,85406,2379.443966,0.055944794,487,2333,0.004684739,245814,0.49360241,42532000000,3821.358951,0.089846679,10810.74218,0.254179022,3853.712665,0.09060737,6249.398042,35.49840964,498000,79.68767498,0
8,Phetchaburi,Phetchaburi,2018,0.34409797,86862,2534.600773,0.058476393,4607,7194,0.014416834,255738,0.512501002,43344000000,4397.342085,0.101452152,10065.81432,0.232230858,4234.021891,0.097684152,6249.398042,35.71224936,499000,79.84769039,0
8,Phetchaburi,Phetchaburi,2019,0.34970847,90820,2876.051518,0.063335202,951,5308,0.010616,274114,0.548228,45410000000,5556.381228,0.1223603,9705.337505,0.213726877,4514.060609,0.099406752,6249.398042,35.71224936,500000,80.0077058,0
8,Phetchaburi,Phetchaburi,2020,0.34259254,85788,2768.665442,0.06441753,979,5161,0.010301397,289586,0.578015968,42980000000,4709.649509,0.109577699,9809.477377,0.228233536,4282.75402,0.099645277,6249.398042,35.71224936,501000,80.16772122,0
8,Phetchaburi,Phetchaburi,2021,0.3377516,86725,2943.561697,0.06761213,617,3213,0.006400398,275113,0.548033865,43536000000,4679.373465,0.107482852,10488.71343,0.240920467,4116.2288,0.094547703,6249.398042,35.71224936,502000,80.32773663,0
54,Phichit,Phichit,2014,0.3299132,43213,1142.30668,0.049409865,0,2621,0.004899065,182894,0.341857944,23119000000,6834.914239,0.295640566,2106.419266,0.091112041,2198.950461,0.095114428,4255.046654,23.74577044,535000,125.7330515,0
54,Phichit,Phichit,2015,0.30988777,39378,1118.757143,0.053403845,0,199,0.00037406,174944,0.328842105,20949000000,5770.890231,0.275473303,2180.325421,0.10407778,2394.7508,0.114313371,4255.046654,23.74577044,532000,125.0280063,0
54,Phichit,Phichit,2016,0.30657414,38634,1190.832269,0.058488815,0,0,0,191380,0.363149905,20360000000,5490.503675,0.269671104,2000.129438,0.098238185,2414.465013,0.118588655,4255.046654,23.74577044,527000,123.8529311,0
54,Phichit,Phichit,2017,0.27951384,41295,1269.125966,0.058875764,7037,11013,0.021097701,214876,0.411639847,21556000000,6061.28279,0.281187734,2020.138405,0.093715829,2523.595045,0.117071583,4255.046654,23.74577044,522000,122.6778558,0
54,Phichit,Phichit,2018,0.28522944,45844,1302.393178,0.054844535,3501,11591,0.022376448,213966,0.413061776,23747000000,6793.510922,0.286078701,2116.23834,0.089116029,2725.692483,0.114780498,4255.046654,23.74577044,518000,121.7377956,0
54,Phichit,Phichit,2019,0.29111597,44814,1269.075251,0.054988312,1910,4527,0.008790291,212134,0.41191068,23079000000,6507.513509,0.281966875,2101.395334,0.09105227,2747.651433,0.119054181,4255.046654,23.74577044,515000,121.0327505,0
54,Phichit,Phichit,2020,0.25954503,43115,1486.85266,0.06748605,25963,27642,0.054093933,262705,0.514099804,22032000000,5922.161726,0.26879819,1873.653673,0.085042378,2811.57796,0.127613379,4255.046654,23.74577044,511000,120.0926903,0
54,Phichit,Phichit,2021,0.24321739,43744,1221.131564,0.055060491,3735,5503,0.010854043,261375,0.515532544,22178000000,6094.393569,0.274794552,1935.540728,0.087273006,2914.767893,0.131426093,4255.046654,23.74577044,507000,119.1526301,0
21,Phitsanulok,Phitsanulok,2014,0.59468412,52046,2862.885815,0.061051454,0,115,0.000127636,414344,0.459871254,46893000000,9502.114747,0.20263397,3988.724892,0.085060135,5105.867693,0.108883366,10703.28817,62.04294384,901000,84.17973857,0
21,Phitsanulok,Phitsanulok,2015,0.58076918,51349,3550.628822,0.077001774,6313,10117,0.011266147,440044,0.490026726,46111000000,8083.24137,0.175299633,4383.723758,0.095068937,5362.179298,0.116288506,10703.28817,62.8986982,898000,83.89945087,0
21,Phitsanulok,Phitsanulok,2016,0.58201581,51437,3604.055235,0.078026742,4870,4870,0.005423163,432872,0.482040089,46190000000,7703.224699,0.166772563,4452.131017,0.096387335,5370.543953,0.116270707,10703.28817,63.11263653,898000,83.89945087,0
21,Phitsanulok,Phitsanulok,2017,0.55090201,54958,3582.456491,0.072670882,6986,29926,0.033362319,444308,0.495326644,49297000000,8855.852868,0.179642836,4597.468684,0.093260618,5477.069991,0.111103515,10703.28817,63.32657544,897000,83.80602164,0
21,Phitsanulok,Phitsanulok,2018,0.54608256,56766,3288.539217,0.064656113,0,2090,0.002332589,418803,0.467414063,50862000000,9210.920084,0.181096301,5436.320978,0.106883744,5715.314141,0.112369041,10703.28817,63.32657544,896000,83.71259241,0
21,Phitsanulok,Phitsanulok,2019,0.54003608,57309,3448.048062,0.067149274,52,8825,0.00984933,449066,0.501189732,51349000000,9006.88077,0.175405184,5482.363122,0.106766697,5848.539792,0.113897832,10703.28817,63.75445198,896000,83.71259241,0
21,Phitsanulok,Phitsanulok,2020,0.52828979,54300,3367.372892,0.06921203,190,3473,0.003876116,513607,0.573222098,48653000000,7794.325602,0.160202364,4911.141831,0.10094222,5997.85522,0.12327822,10703.28817,63.75445198,896000,83.71259241,0
21,Phitsanulok,Phitsanulok,2021,0.52470595,56698,3379.113671,0.066590081,64,2194,0.002451397,558689,0.62423352,50745000000,8189.611929,0.161387564,5403.700231,0.106487343,6013.822059,0.118510633,10703.28817,63.75445198,895000,83.61916318,0
32,Phrae,Phrae,2014,0.41295049,38805,966.118598,0.060723985,0,1438,0.003507317,173820,0.42395122,15910000000,1992.263129,0.125220813,1439.969432,0.090507192,2026.369319,0.127364508,6614.733021,43.22303419,410000,61.9828493,0
32,Phrae,Phrae,2015,0.38382471,39022,886.679382,0.056104744,3776,6544,0.016158025,192037,0.474165432,15804000000,2020.153126,0.127825432,1572.395295,0.099493501,2078.563797,0.131521374,6614.733021,43.22303419,405000,61.22696089,0
32,Phrae,Phrae,2016,0.36833051,42519,1067.48715,0.062922909,0,214,0.000536341,207527,0.520117794,16965000000,2220.981829,0.130915522,1580.539573,0.093164726,2194.563479,0.129358295,6614.733021,43.22303419,399000,60.31989481,0
32,Phrae,Phrae,2017,0.35355911,43536,1089.050182,0.063490362,0,748,0.001898477,206892,0.525106599,17153000000,2283.815112,0.133143771,1615.973383,0.094209373,2345.669887,0.136749833,6614.733021,43.22303419,394000,59.5640064,0
32,Phrae,Phrae,2018,0.34330705,45840,1068.690592,0.060086056,0,1067,0.00275,230233,0.593384021,17786000000,2423.740019,0.13627235,1749.134448,0.098343329,2513.667345,0.141328424,6614.733021,43.22303419,388000,58.65694031,0
32,Phrae,Phrae,2019,0.32691255,46258,1119.463452,0.063185836,0,525,0.001370757,268243,0.700373368,17717000000,2352.704572,0.13279362,1723.335745,0.097270178,2610.985795,0.147371778,6614.733021,43.22303419,383000,57.90105191,0
32,Phrae,Phrae,2020,0.30269173,46325,1111.420881,0.063469869,0,912,0.002412698,242089,0.64044709,17511000000,2380.151211,0.135923203,1711.243535,0.097723918,2597.771372,0.148350829,6614.733021,43.43701083,378000,57.1451635,0
32,Phrae,Phrae,2021,0.31280851,46691,1104.990988,0.063618573,366,1855,0.004986559,232724,0.625602151,17369000000,2341.608422,0.134815385,1713.743519,0.098666793,2700.057862,0.155452695,6614.733021,43.65098722,372000,56.23809741,0
22,Ranong,Ranong,2014,0.38820323,66996,442.664403,0.025510858,0,24,9.27E-05,92407,0.356783784,17352000000,8355.773982,0.481545296,1011.56046,0.058296476,1006.919159,0.058028997,3181.183863,10.00513054,259000,81.41623092,0
22,Ranong,Ranong,2015,0.38678378,64146,621.414499,0.037117101,0,272,0.001042146,92562,0.354643678,16742000000,7569.174856,0.452106968,874.907673,0.052258253,1098.261445,0.065599178,3181.183863,10.00513054,261000,82.04492769,0
22,Ranong,Ranong,2016,0.38557082,67962,751.481263,0.041883918,1184,1437,0.005443182,102172,0.387015152,17942000000,8094.571453,0.451152126,832.37564,0.046392578,1173.283859,0.065393148,3181.183863,10.00513054,264000,82.98797283,0
22,Ranong,Ranong,2017,0.33969283,69963,744.372881,0.039848655,158,158,0.00059176,106586,0.399198502,18680000000,8240.327474,0.441131021,960.622068,0.051425164,1197.076406,0.064083319,3181.183863,10.00513054,267000,83.93101798,0
22,Ranong,Ranong,2018,0.32380989,72253,757.664291,0.038982522,0,264,0.000981413,107061,0.397996283,19436000000,9028.833846,0.46454177,1189.238468,0.061187408,1240.906675,0.063845785,3181.183863,10.00513054,269000,84.55971474,0
22,Ranong,Ranong,2019,0.32575831,68073,890.677553,0.047752389,0,357,0.00130292,115195,0.420419708,18652000000,8254.608431,0.442558891,1043.288325,0.055934394,1255.446761,0.067308962,3181.183863,10.00513054,274000,86.13145665,0
22,Ranong,Ranong,2020,0.29998818,69857,760.17951,0.039003566,296,848,0.003039427,126955,0.455035842,19490000000,9108.17217,0.467325406,1101.357039,0.056508827,1225.048363,0.062855226,3181.183863,10.00513054,279000,87.70319856,0
22,Ranong,Ranong,2021,0.28841549,65834,706.605691,0.037926343,0,183,0.000646643,110352,0.389936396,18631000000,8638.232638,0.463648362,936.497112,0.050265531,1355.8651,0.072774682,3181.183863,10.00513054,283000,88.96059209,0
0,Roi Et,Roi Et,2014,0.43905029,37089,1681.372801,0.041821033,1518,3340,0.003081181,336383,0.310316421,40204000000,6678.849992,0.166124017,3661.494654,0.091072895,4206.759194,0.10463534,7745.022817,83.82355295,1084000,139.960853,0
0,Roi Et,Roi Et,2015,0.40417463,37706,1812.245343,0.044338447,761,4632,0.004273063,336053,0.310011993,40873000000,6470.082825,0.158297234,3767.382164,0.092172881,4833.855829,0.118265257,7745.022817,84.25138859,1084000,139.960853,0
0,Roi Et,Roi Et,2016,0.42439681,39151,1925.434777,0.045578893,0,1096,0.001015755,335383,0.310827618,42244000000,6764.129259,0.160120473,3819.106077,0.090405882,5253.689179,0.124365334,7745.022817,84.46529628,1079000,139.3152771,0
0,Roi Et,Roi Et,2017,0.367715,40904,1751.385651,0.039903979,3132,6786,0.006324324,336068,0.313204101,43890000000,6529.007032,0.14875842,3972.246947,0.090504601,5590.161255,0.127367538,7745.022817,84.46529628,1073000,138.540586,0
0,Roi Et,Roi Et,2018,0.35817629,42326,1922.984923,0.04254015,1460,3182,0.002979401,316751,0.296583333,45204000000,6762.637011,0.149602624,4096.631257,0.090625415,6100.580081,0.134956643,7745.022817,84.46529628,1068000,137.8950102,0
0,Roi Et,Roi Et,2019,0.36841315,41608,1956.157677,0.04426898,362,2053,0.001933145,353460,0.332824859,44188000000,5791.065111,0.131055153,4184.504263,0.094697752,6122.99582,0.138566937,7745.022817,84.89313258,1062000,137.1203191,0
0,Roi Et,Roi Et,2020,0.35311922,43163,1954.032929,0.042870402,0,2709,0.002565341,402616,0.381265152,45580000000,6714.288457,0.147307777,3909.38381,0.085769719,6413.02101,0.140698135,7745.022817,84.89313258,1056000,136.345628,0
0,Roi Et,Roi Et,2021,0.35136956,44408,1973.225806,0.042318474,347,2499,0.00238,334650,0.318714286,46628000000,6959.287873,0.149251263,4134.530134,0.088670544,7008.498896,0.150306659,7745.022817,84.89313258,1050000,135.570937,0
75,Sa Kaew,Sa Kaew,2014,0.29374909,38905,915.285409,0.039874767,0,821,0.001391525,194111,0.329001695,22954000000,5376.730049,0.23423935,4024.439573,0.175326286,1712.346678,0.074599054,6359.594713,31.84902756,590000,92.77320751,0
75,Sa Kaew,Sa Kaew,2015,0.27378154,40314,1167.762403,0.048358556,0,6710,0.011202003,188200,0.314190317,24148000000,5471.636527,0.226587565,4270.422684,0.176843742,1927.247947,0.079809837,6359.594713,31.84902756,599000,94.18839203,0
75,Sa Kaew,Sa Kaew,2016,0.24907055,40967,1386.805793,0.055677124,17923,18573,0.030547697,198479,0.326445724,24908000000,5526.984182,0.221895944,4376.828798,0.175719801,2039.791293,0.081893018,6359.594713,31.84902756,608000,95.60357655,0
75,Sa Kaew,Sa Kaew,2017,0.26500741,42692,1733.919533,0.06540131,1200,3601,0.005798712,213461,0.34373752,26512000000,6149.882572,0.231965999,4244.193285,0.160085746,2168.655122,0.081799001,6359.594713,31.84902756,621000,97.64773197,0
75,Sa Kaew,Sa Kaew,2018,0.32629046,46938,1393.53292,0.047124985,0,2953,0.004687302,215478,0.342028571,29571000000,7334.489412,0.248029807,4905.097441,0.165875264,2317.486194,0.078370234,6359.594713,32.27674534,630000,99.0629165,0
75,Sa Kaew,Sa Kaew,2019,0.32488224,46239,1410.854473,0.0477495,0,0,0,225625,0.353090767,29547000000,7310.957696,0.247434856,5053.734496,0.171040529,2338.234113,0.079136092,6359.594713,32.27674534,639000,100.478101,0
75,Sa Kaew,Sa Kaew,2020,0.27589032,43624,1694.450004,0.060033658,0,334,0.000516229,238549,0.368700155,28225000000,6298.441133,0.223151147,4740.019985,0.167936935,2469.294236,0.087486067,6359.594713,32.27674534,647000,101.7360428,0
75,Sa Kaew,Sa Kaew,2021,0.28464088,44220,1450.626269,0.0500078,0,4129,0.006294207,247755,0.377675305,29008000000,6957.57764,0.239850305,5148.985055,0.177502243,2490.375257,0.085851326,6359.594713,32.35557968,656000,103.1512273,0
24,Sakon Nakhon,Sakon Nakhon,2014,0.52114111,31909,1797.806545,0.06012932,256,6494,0.00693063,256716,0.273976521,29899000000,6611.535485,0.221128984,1674.768241,0.056014189,3076.245052,0.102887891,9593.107454,42.44773233,937000,97.67429423,0
24,Sakon Nakhon,Sakon Nakhon,2015,0.50268996,32904,1820.809129,0.059121019,0,1491,0.001592949,205077,0.219099359,30798000000,6957.071409,0.22589361,1799.857335,0.058440721,3475.733533,0.11285582,9593.107454,42.44773233,936000,97.57005272,0
24,Sakon Nakhon,Sakon Nakhon,2016,0.51431745,35576,1906.158279,0.057488864,0,0,0,212793,0.22831867,33157000000,7819.333191,0.235827523,2015.121097,0.060775133,3880.777325,0.117042474,9593.107454,42.44773233,932000,97.15308668,0
24,Sakon Nakhon,Sakon Nakhon,2017,0.44120958,36247,1810.59837,0.053770034,0,3175,0.003417653,220609,0.237469322,33673000000,7597.843852,0.225636084,2070.48939,0.061488118,4179.578692,0.124122552,9593.107454,42.44773233,929000,96.84036215,0
24,Sakon Nakhon,Sakon Nakhon,2018,0.44175276,37611,1981.553997,0.056957574,960,3836,0.004147027,197275,0.21327027,34790000000,8063.206519,0.231767937,2140.499982,0.0615263,4448.515269,0.127867642,9593.107454,42.44773233,925000,96.42339611,0
24,Sakon Nakhon,Sakon Nakhon,2019,0.44377241,37574,2051.909339,0.059230128,0,2184,0.002368764,212707,0.230701735,34643000000,7659.636706,0.221102003,2331.450879,0.067299335,4514.387266,0.130311672,9593.107454,42.87562925,922000,96.11067159,0
24,Sakon Nakhon,Sakon Nakhon,2020,0.4184247,39624,2120.155324,0.058286057,720,4216,0.004592593,264917,0.28858061,36375000000,8614.955455,0.236837263,2422.082347,0.066586456,4635.874505,0.127446722,9593.107454,43.08957747,918000,95.69370555,0
24,Sakon Nakhon,Sakon Nakhon,2021,0.38563502,40563,2068.862703,0.055802096,0,4319,0.004725383,302269,0.330710066,37075000000,8660.849811,0.233603501,2469.421826,0.066606118,4798.447561,0.129425423,9593.107454,43.08957747,914000,95.27673951,0
50,Samut Songkhram,Samut Songkhram,2014,0.2001701,66514,688.46674,0.055950162,420,7439,0.040210811,88723,0.479583784,12305000000,1199.366,0.097469809,2717.547734,0.220849064,1128.311035,0.09169533,410.4443946,12.59049486,185000,450.7309697,0
50,Samut Songkhram,Samut Songkhram,2015,0.18887764,67757,631.447579,0.050374757,20,144,0.000778378,96572,0.522010811,12535000000,1086.04399,0.086640925,2731.91761,0.217943168,1267.406667,0.101109427,410.4443946,13.01820136,185000,450.7309697,0
50,Samut Songkhram,Samut Songkhram,2016,0.18353812,68516,754.039149,0.059811148,0,70,0.000380435,102462,0.556858696,12607000000,1028.291319,0.081565108,2812.500346,0.223090374,1325.731566,0.10515837,410.4443946,14.30132086,184000,448.2945861,0
50,Samut Songkhram,Samut Songkhram,2017,0.17495604,81055,924.321568,0.062315214,0,2357,0.012879781,106097,0.579765027,14833000000,1997.647382,0.134675884,2832.688907,0.190972083,1430.225292,0.096421849,410.4443946,14.30132086,183000,445.8582025,0
50,Samut Songkhram,Samut Songkhram,2018,0.15685257,85022,785.880519,0.05078716,2480,5208,0.028615385,107057,0.588225275,15474000000,2264.570623,0.146346815,2886.93413,0.186566766,1495.212487,0.096627406,410.4443946,14.51517345,182000,443.4218189,0
50,Samut Songkhram,Samut Songkhram,2019,0.14021377,88525,788.108543,0.049186079,0,2800,0.015469613,105657,0.583740331,16023000000,2276.919884,0.142103219,3456.719914,0.215734876,1579.448243,0.098573815,410.4443946,14.51517345,181000,440.9854353,0
50,Samut Songkhram,Samut Songkhram,2020,0.12609066,89966,744.901611,0.046255689,0,4046,0.022603352,110270,0.61603352,16104000000,2367.121587,0.146989666,3398.972995,0.211063897,1670.483275,0.103730953,410.4443946,14.51517345,179000,436.112668,0
50,Samut Songkhram,Samut Songkhram,2021,0.12951972,94719,823.525765,0.048844945,50,3385,0.019016854,127072,0.71388764,16860000000,2451.120855,0.145380834,3808.953543,0.22591658,1621.203032,0.096156763,410.4443946,14.51517345,178000,433.6762844,0
76,Satun,Satun,2014,0.21795282,79790,879.565303,0.03922953,4755,6670,0.023736655,110570,0.393487544,22421000000,10921.90039,0.487128156,2001.966066,0.089289776,1139.270101,0.050812636,2601.080262,7.267080109,281000,108.0320373,0
76,Satun,Satun,2015,0.21147165,79463,778.677323,0.034626348,7610,8810,0.031130742,126938,0.44854417,22488000000,10278.33552,0.457058677,1916.393064,0.085218475,1206.690992,0.053659329,2601.080262,7.267080109,283000,108.8009486,0
76,Satun,Satun,2016,0.18802752,76497,889.88209,0.040674746,1035,1485,0.005192308,143129,0.500451049,21878000000,9564.590702,0.437178476,1758.210185,0.080364301,1274.416083,0.058251032,2601.080262,7.267080109,286000,109.9543156,0
76,Satun,Satun,2017,0.17530821,71632,899.947456,0.043623241,0,442,0.001534722,144414,0.5014375,20630000000,8104.389113,0.392844843,2010.327311,0.097446792,1359.584795,0.065903286,2601.080262,7.267080109,288000,110.7232269,0
76,Satun,Satun,2018,0.17617917,69469,932.84647,0.046304302,0,31,0.000106897,148176,0.510951724,20146000000,8107.267094,0.402425647,1914.916613,0.095051951,1481.557055,0.073541003,2601.080262,7.267080109,290000,111.4921382,0
76,Satun,Satun,2019,0.15585007,69915,893.400009,0.0436124,0,765,0.002610922,149237,0.509341297,20485000000,8479.166727,0.413920758,1905.284639,0.093008769,1536.96091,0.075028602,2601.080262,7.267080109,293000,112.6455051,0
76,Satun,Satun,2020,0.15930191,71864,992.70014,0.046825478,0,219,0.000742373,146372,0.496176271,21200000000,9271.383673,0.437329419,1882.455196,0.088795056,1472.559184,0.069460339,2601.080262,7.267080109,295000,113.4144164,0
76,Satun,Satun,2021,0.16721162,70633,1047.828626,0.049948929,0,534,0.00179798,154168,0.519084175,20978000000,9025.341868,0.4302289,2009.004487,0.095767208,1464.190442,0.069796474,2601.080262,7.267080109,297000,114.1833277,0
12,Si Sa Ket,Si Sa Ket,2014,0.40384108,35853,1813.447666,0.049202259,0,621,0.000604086,235154,0.228749027,36857000000,8186.690507,0.222120371,2008.633543,0.054498021,3608.775549,0.097912894,8949.275223,73.36315286,1028000,114.8696374,0
12,Si Sa Ket,Si Sa Ket,2015,0.38286105,37309,1753.648098,0.046037176,0,176,0.00017238,239046,0.234129285,38092000000,8424.811246,0.221170095,2128.421496,0.055875814,4034.100445,0.105904139,8949.275223,73.36315286,1021000,114.0874512,0
12,Si Sa Ket,Si Sa Ket,2016,0.41089621,39358,1955.170445,0.049380473,0,0,0,245610,0.244145129,39594000000,8942.210376,0.225847613,2122.263662,0.053600638,4405.978885,0.111278954,8949.275223,73.36315286,1006000,112.4113378,0
12,Si Sa Ket,Si Sa Ket,2017,0.34630939,41130,2037.507082,0.049887544,0,459,0.000462236,254429,0.256222558,40842000000,9294.538786,0.227573057,2212.328066,0.054167966,4701.413778,0.115112232,8949.275223,73.36315286,993000,110.9587062,0
12,Si Sa Ket,Si Sa Ket,2018,0.32659179,42660,2113.415362,0.050551711,0,7202,0.00734898,263925,0.269311224,41807000000,9823.820069,0.234980268,2208.630887,0.052829213,5076.869425,0.12143587,8949.275223,73.57704648,980000,109.5060746,0
12,Si Sa Ket,Si Sa Ket,2019,0.32744133,41385,2027.204406,0.050602941,0,149,0.000153926,236477,0.244294421,40061000000,8557.786713,0.213618899,2185.237261,0.054547746,5255.130453,0.131178215,8949.275223,73.57704648,968000,108.1651839,0
12,Si Sa Ket,Si Sa Ket,2020,0.31304225,43878,2114.436443,0.050407334,0,45,4.71E-05,242264,0.253414226,41947000000,9601.117296,0.228886864,2141.189211,0.05104511,5556.937414,0.132475205,8949.275223,73.57704648,956000,106.8242932,0
12,Si Sa Ket,Si Sa Ket,2021,0.30552998,45178,1989.939308,0.046659616,0,50,5.30E-05,273363,0.289579449,42648000000,9772.237102,0.229137055,2256.380004,0.052907053,5641.567588,0.132282114,8949.275223,73.57704648,944000,105.4834025,0
49,Singburi,Singburi,2014,0.28527677,83203,511.71596,0.031219325,0,0,0,106992,0.543106599,16391000000,1708.979537,0.104263287,5851.911723,0.357019811,1095.979482,0.066864711,849.8216919,17.22685375,197000,231.8133343,0
49,Singburi,Singburi,2015,0.27758399,79112,534.530905,0.034472521,0,25,0.000127551,116742,0.595622449,15506000000,1145.996645,0.073906658,5820.377056,0.375362895,1173.444223,0.075676785,849.8216919,17.22685375,196000,230.6366169,0
49,Singburi,Singburi,2016,0.2947236,80139,571.63715,0.036768325,0,0,0,135101,0.696396907,15547000000,1109.449195,0.071360983,5683.254483,0.365553128,1259.230515,0.08099508,849.8216919,17.22685375,194000,228.283182,0
49,Singburi,Singburi,2017,0.28880543,84474,568.027128,0.035022327,0,1210,0.006302083,135636,0.7064375,16219000000,1580.024544,0.097418123,5303.096511,0.326968155,1328.161917,0.081889261,849.8216919,17.22685375,192000,225.9297472,0
49,Singburi,Singburi,2018,0.28515542,88705,574.859457,0.034108191,0,0,0,129879,0.683573684,16854000000,1869.595042,0.110928862,5341.20962,0.316910503,1363.672601,0.080910917,849.8216919,17.22685375,190000,223.5763123,0
49,Singburi,Singburi,2019,0.2598823,88450,549.602745,0.032876877,0,0,0,132652,0.701862434,16717000000,1733.513639,0.103697651,5515.73917,0.329947908,1399.052091,0.083690381,849.8216919,17.22685375,189000,222.3995949,0
49,Singburi,Singburi,2020,0.23810641,82647,669.266742,0.043304221,0,128,0.000684492,140775,0.752807487,15455000000,1141.198655,0.073840094,5208.324627,0.336999329,1432.110703,0.092663261,849.8216919,17.22685375,187000,220.04616,0
49,Singburi,Singburi,2021,0.21347825,83952,685.613606,0.043907372,0,890,0.004784946,155584,0.836473118,15615000000,1283.682004,0.082208262,5253.369886,0.336430989,1421.739768,0.091049617,849.8216919,17.22685375,186000,218.8694426,0
43,Songkhla,Songkhla,2014,0.49517262,99051,6678.557474,0.043087468,2518,6747,0.004313939,1136074,0.726390026,1.55E+11,25946.8562,0.167399072,29498.06851,0.190310119,11175.87541,0.072102422,7380.355144,98.89465027,1564000,211.9139214,0
43,Songkhla,Songkhla,2015,0.49214113,102688,6598.170811,0.040479576,283,5042,0.003181073,1090397,0.687947634,1.63E+11,25093.41965,0.15394736,29390.38557,0.180309114,11397.35537,0.069922426,7380.355144,99.32213743,1585000,214.7593129,0
43,Songkhla,Songkhla,2016,0.48701742,102724,7494.285592,0.045419913,0,2051,0.001276291,1077901,0.670753578,1.65E+11,25264.14772,0.153116047,29350.59697,0.177882406,11590.3824,0.070244742,7380.355144,99.32213743,1607000,217.7401993,0
43,Songkhla,Songkhla,2017,0.47032481,98669,7705.063074,0.048156644,2615,16694,0.010304938,1111166,0.685904938,1.60E+11,22474.87754,0.140467985,32398.8039,0.202492524,12280.61792,0.076753862,7380.355144,99.53587968,1620000,219.5016322,0
43,Songkhla,Songkhla,2018,0.47154999,101807,7469.310711,0.044995848,8727,20545,0.012565749,969010,0.592666667,1.66E+11,25160.25946,0.151567828,30962.14448,0.186518943,12922.05654,0.077843714,7380.355144,99.53587968,1635000,221.5340547,0
43,Songkhla,Songkhla,2019,0.47611269,97371,7924.5208,0.049220626,2580,10724,0.006503335,953924,0.578486355,1.61E+11,22849.70786,0.141923651,28147.55447,0.174829531,13391.41415,0.083176485,7380.355144,99.9633659,1649000,223.4309824,0
43,Songkhla,Songkhla,2020,0.46809745,93574,7623.290407,0.048867246,1463,5419,0.003258569,1155539,0.694852075,1.56E+11,21238.71183,0.136145589,28312.94464,0.181493235,13261.54405,0.085009898,7380.355144,100.1771075,1663000,225.32791,0
43,Songkhla,Songkhla,2021,0.46426311,94557,8143.789263,0.05154297,631,2584,0.001541766,1264848,0.754682578,1.58E+11,22358.45532,0.141509211,27930.56904,0.176775753,13258.21783,0.083912771,7380.355144,100.390849,1676000,227.0893429,0
7,Sukhothai,Sukhothai,2014,0.44401327,39673,1212.527301,0.049215704,0,1060,0.001706924,200001,0.322062802,24637000000,6386.805306,0.259236324,2572.570638,0.104418989,2015.789731,0.08181961,7104.327079,53.9152707,621000,87.41151598,0
7,Sukhothai,Sukhothai,2015,0.43184471,38707,1302.482009,0.054449313,0,1009,0.001632686,226082,0.365828479,23921000000,5397.361982,0.225632791,2358.988151,0.098615783,2541.025369,0.106225717,7104.327079,53.9152707,618000,86.98923813,0
7,Sukhothai,Sukhothai,2016,0.4619973,40468,1420.752701,0.056994251,640,655,0.001063312,265958,0.43175,24928000000,5971.716493,0.239558588,2405.847015,0.096511835,2625.442706,0.105321033,7104.327079,53.9152707,616000,86.70771956,0
7,Sukhothai,Sukhothai,2017,0.44227338,42571,1392.625931,0.053192236,10310,12454,0.020250407,295641,0.480717073,26181000000,6777.206118,0.258859712,2166.223374,0.082740284,2781.036469,0.106223462,7104.327079,53.9152707,615000,86.56696027,0
7,Sukhothai,Sukhothai,2018,0.42738399,46129,1546.148481,0.05467866,15472,25402,0.041438825,281456,0.459145188,28277000000,7600.96118,0.268803663,2683.292588,0.094893114,2950.582396,0.104345666,7104.327079,53.9152707,613000,86.2854417,0
7,Sukhothai,Sukhothai,2019,0.41383123,44840,1633.883665,0.059539526,5912,8436,0.013784314,255896,0.418130719,27442000000,7085.448091,0.258197219,2697.551677,0.098300112,2956.391112,0.107732349,7104.327079,53.9152707,612000,86.14468242,0
7,Sukhothai,Sukhothai,2020,0.40818396,42192,1876.218901,0.072899674,5553,7674,0.012580328,284128,0.465783607,25737000000,6274.062437,0.243775982,2069.679206,0.08041649,2950.496086,0.114640249,7104.327079,53.9152707,610000,85.86316385,0
7,Sukhothai,Sukhothai,2021,0.39385507,42645,1728.791153,0.06667661,7457,11613,0.019100329,261588,0.430243421,25928000000,6304.49437,0.243153902,2417.98435,0.09325765,2936.441791,0.113253695,7104.327079,53.9152707,608000,85.58164528,0
48,Suphan Buri,Suphan Buri,2014,0.41052496,55256,1813.06453,0.038602123,840,4525,0.005323529,201352,0.236884706,46968000000,12587.75679,0.268007085,6779.854168,0.144350498,3737.228858,0.079569683,5402.091474,78.98835498,850000,157.3464655,0
48,Suphan Buri,Suphan Buri,2015,0.39743099,58034,2238.224205,0.045320109,1398,3360,0.003948296,242692,0.285184489,49387000000,11978.64061,0.242546431,7081.933943,0.143396723,4110.10549,0.083222417,5402.091474,79.62997695,851000,157.531579,0
48,Suphan Buri,Suphan Buri,2016,0.39647412,54419,2556.861755,0.055146377,0,0,0,281885,0.330850939,46365000000,10797.4377,0.232879062,7097.47048,0.153078194,4212.867992,0.090863108,5402.091474,79.62997695,852000,157.7166925,0
48,Suphan Buri,Suphan Buri,2017,0.35757011,57321,2422.205339,0.049538917,1949,2409,0.00282415,251856,0.295259086,48895000000,11853.7469,0.242432701,7044.119131,0.144066247,4463.172596,0.091280757,5402.091474,79.62997695,853000,157.901806,0
48,Suphan Buri,Suphan Buri,2018,0.36089319,61604,2578.115977,0.049004295,376,1307,0.001530445,293460,0.343629977,52610000000,13119.45876,0.249371959,7888.911934,0.149950807,4728.701869,0.089882187,5402.091474,79.62997695,854000,158.0869195,0
48,Suphan Buri,Suphan Buri,2019,0.34854406,60737,2338.761986,0.045142002,359,2996,0.003512309,333397,0.390852286,51809000000,12622.61788,0.243637551,7509.220727,0.144940468,4869.658182,0.093992514,5402.091474,79.62997695,853000,157.901806,0
48,Suphan Buri,Suphan Buri,2020,0.33765927,57316,2882.378437,0.059025217,0,5108,0.005995305,325738,0.382321596,48833000000,10743.80213,0.220011102,6780.686253,0.138854591,4956.043419,0.101489636,5402.091474,79.84384904,852000,157.7166925,0
48,Suphan Buri,Suphan Buri,2021,0.32868931,58634,2428.713801,0.04873119,2047,6676,0.007854118,281748,0.331468235,49839000000,11640.75122,0.23356711,7134.992212,0.143160822,4810.364396,0.096518076,5402.091474,79.84384904,850000,157.3464655,0
11,Surat Thani,Surat Thani,2014,0.59614116,101444,3238.163051,0.029437846,979,5576,0.005120294,504064,0.462868687,1.10E+11,23613.99857,0.214672714,17031.84032,0.154834912,8322.647593,0.075660433,13434.91298,77.23613786,1089000,81.05746584,0
11,Surat Thani,Surat Thani,2015,0.59250361,103695,3230.946489,0.028095187,0,9621,0.008675383,532105,0.479806132,1.15E+11,22814.22259,0.198384544,18314.52347,0.159256726,8765.836719,0.076224667,13434.91298,77.66368016,1109000,82.54612454,0
11,Surat Thani,Surat Thani,2016,0.58849299,104307,3227.029187,0.027347705,1381,3128,0.00277305,433482,0.384292553,1.18E+11,21557.6362,0.182691832,18351.49151,0.155521114,8888.359785,0.075325083,13434.91298,78.73254955,1128000,83.9603503,0
11,Surat Thani,Surat Thani,2017,0.57518834,109546,2755.686767,0.022403957,900,900,0.00079929,490877,0.435947602,1.23E+11,21583.50727,0.175475669,20524.42351,0.166865232,9795.943123,0.079641814,13434.91298,79.16009178,1126000,83.81148443,0
11,Surat Thani,Surat Thani,2018,0.57601297,109314,2891.282877,0.023316797,0,0,0,544033,0.479746914,1.24E+11,22320.63101,0.180005089,17660.3526,0.142422198,10468.27909,0.084421606,13434.91298,79.58763459,1134000,84.4069479,0
11,Surat Thani,Surat Thani,2019,0.58292305,108761,3560.436219,0.028713195,0,451,0.000394921,553761,0.484904553,1.24E+11,21989.66634,0.177336019,17159.85623,0.138385937,11090.35059,0.089438311,13434.91298,80.22894944,1142000,85.00241138,0
11,Surat Thani,Surat Thani,2020,0.57753944,92177,4359.908382,0.041131211,4050,11007,0.009571304,601064,0.522664348,1.06E+11,20295.75017,0.191469341,16680.29383,0.157361263,9884.675943,0.09325166,13434.91298,80.44272016,1150000,85.59787486,0
11,Surat Thani,Surat Thani,2021,0.58975625,89067,4504.398739,0.043732027,1665,7566,0.006539326,570086,0.492727744,1.03E+11,21569.59616,0.209413555,17417.64385,0.169103338,9880.28272,0.095925075,13434.91298,80.87026291,1157000,86.1189054,0
5,Surin,Surin,2014,0.39587417,36602,1912.273054,0.047237613,815,10501,0.009494575,262150,0.237025316,40482000000,7604.380888,0.187845978,4566.247555,0.112796985,4233.006697,0.104565157,8750.428499,86.73012307,1106000,126.3938103,0
5,Surin,Surin,2015,0.39139354,38607,1879.434957,0.044215757,17673,25869,0.023495913,259775,0.235944596,42506000000,7976.578521,0.187657708,4751.964416,0.111795145,4789.987518,0.11268968,8750.428499,86.94401087,1101000,125.8224097,0
5,Surin,Surin,2016,0.40930444,39882,2169.971125,0.049825977,71312,84370,0.077261905,263576,0.241369963,43551000000,8134.731215,0.186786324,4410.246655,0.101266255,5068.862895,0.116389128,8750.428499,86.94401087,1092000,124.7938887,0
5,Surin,Surin,2017,0.37241638,41142,2264.020056,0.050765058,9989,34363,0.031700185,325599,0.300368081,44598000000,8188.780384,0.183613175,4913.719481,0.110178023,5299.670182,0.118832014,8750.428499,86.94401087,1084000,123.8796477,0
5,Surin,Surin,2018,0.36951098,44141,2449.951186,0.051582263,2787,21017,0.019532528,379869,0.353038104,47496000000,8678.86806,0.182728399,6161.282538,0.129722135,5710.724773,0.12023591,8750.428499,86.94401087,1076000,122.9654068,0
5,Surin,Surin,2019,0.38546589,44244,2766.344152,0.058599054,2314,11359,0.010645736,327838,0.307252109,47208000000,8312.23404,0.17607681,5925.52543,0.125519519,5818.332788,0.123248873,8750.428499,86.94401087,1067000,121.9368857,0
5,Surin,Surin,2020,0.35907587,46555,2953.028478,0.059953882,3400,12467,0.011783554,362742,0.342856333,49255000000,9272.461699,0.188254222,6031.437787,0.12245331,6059.363305,0.123020268,8750.428499,86.94401087,1058000,120.9083647,0
5,Surin,Surin,2021,0.31303537,47257,3247.307273,0.065443516,6277,25652,0.024430476,364515,0.347157143,49620000000,9499.826981,0.191451572,5690.867097,0.114688978,6194.00932,0.124828886,8750.428499,86.94401087,1050000,119.9941237,0
26,Tak,Tak,2014,0.41507381,48376,1514.58019,0.059184096,0,1161,0.002194707,167324,0.316302457,25591000000,4124.099205,0.161154281,6222.365286,0.243146625,2033.480743,0.079460777,16128.33628,42.52691391,529000,32.79941532,0
26,Tak,Tak,2015,0.41795245,50304,1469.279109,0.055109677,6472,9582,0.018079245,159836,0.301577358,26661000000,4149.989644,0.155657689,6447.086123,0.241817116,2215.946437,0.083115653,16128.33628,43.04539414,530000,32.86141799,0
26,Tak,Tak,2016,0.4277041,50475,1335.230883,0.04981833,0,662,0.001246704,169576,0.319352166,26802000000,4020.551823,0.150009396,6575.4004,0.245332453,2347.926352,0.087602655,16128.33628,43.04539414,531000,32.92342067,0
26,Tak,Tak,2017,0.42317969,51004,1310.446832,0.048386325,2020,3639,0.006853107,197575,0.372080979,27083000000,4141.808189,0.152930185,6710.375527,0.247770761,2431.510917,0.08977997,16128.33628,43.25933028,531000,32.92342067,0
26,Tak,Tak,2018,0.44342285,59150,1357.136545,0.043127512,0,7108,0.013360902,178347,0.335238722,31468000000,6261.848906,0.198991004,7399.077864,0.235130223,2613.456272,0.083051235,16128.33628,43.27946538,532000,32.98542334,0
26,Tak,Tak,2019,0.4567863,65547,1520.555952,0.043441973,15,5391,0.010095506,177928,0.333198502,35002000000,7459.698134,0.213122054,8243.989663,0.235529103,2789.593474,0.079698117,16128.33628,43.3784628,534000,33.10942869,0
26,Tak,Tak,2020,0.48238766,60821,1673.143255,0.051419627,90,3559,0.006652336,208828,0.39033271,32539000000,6295.390209,0.193472148,7934.000951,0.24383051,2803.905327,0.086170605,16128.33628,43.49759548,535000,33.17143137,0
26,Tak,Tak,2021,0.46879339,58457,1674.847785,0.053453158,0,1973,0.00368097,232989,0.43468097,31333000000,6089.531172,0.194348807,7150.477176,0.228209146,2683.207654,0.085635198,16128.33628,43.49759548,536000,33.23343404,0
47,Trang,Trang,2014,0.45235124,64591,1308.338568,0.032776475,0,444,0.000718447,248795,0.402580906,39917000000,13346.89007,0.334366061,5352.904153,0.134100863,3444.450302,0.08629031,4724.649599,27.10332119,618000,130.803351,0
47,Trang,Trang,2015,0.45355949,62344,1516.693045,0.039112204,0,52,8.36E-05,280430,0.45085209,38778000000,12086.40251,0.311681946,5481.811037,0.141363944,3743.117418,0.09652683,4724.649599,27.53081855,622000,131.6499747,0
47,Trang,Trang,2016,0.45184949,64626,1922.967788,0.047608818,770,2379,0.0038064,321224,0.5139584,40391000000,12067.31071,0.298762366,5428.40156,0.134396315,3755.056525,0.092967654,4724.649599,27.53081855,625000,132.2849424,0
47,Trang,Trang,2017,0.41784719,64599,1663.974458,0.041016921,0,546,0.000869427,353068,0.562210191,40568000000,11011.46861,0.271432376,6098.700555,0.150332788,3936.040388,0.097023279,4724.649599,27.53081855,628000,132.9199101,0
47,Trang,Trang,2018,0.41483179,61635,1808.031374,0.046562745,0,391,0.000620635,368983,0.585687302,38830000000,11607.52585,0.298931904,4986.363638,0.128415237,4262.503446,0.10977346,4724.649599,27.53081855,630000,133.3432219,0
47,Trang,Trang,2019,0.42060187,60333,1810.765405,0.047564103,0,513,0.000812995,340546,0.539692552,38070000000,11144.19587,0.292729075,4746.816384,0.124686535,4724.77023,0.12410744,4724.649599,27.74456725,631000,133.5548778,0
47,Trang,Trang,2020,0.40174314,60959,1796.723804,0.046636656,326,890,0.001408228,335797,0.531324367,38526000000,11455.04225,0.297332769,4992.295524,0.129582503,4355.114565,0.113043518,4724.649599,27.74456725,632000,133.7665337,0
47,Trang,Trang,2021,0.38167548,62215,1727.371154,0.043931108,0,2507,0.003966772,387592,0.613278481,39320000000,11322.89962,0.287967946,5719.797024,0.14546788,4273.477876,0.108684585,4724.649599,27.74456725,632000,133.7665337,0
29,Trat,Trat,2014,0.32815406,96576,781.53113,0.031487959,0,1473,0.005731518,113079,0.439996109,24820000000,12358.47076,0.497923882,676.016041,0.027236746,1312.910297,0.052897272,2766.718454,28.20948357,257000,92.88982752,0
29,Trat,Trat,2015,0.30331439,93884,927.773563,0.038154859,14,2769,0.01069112,136691,0.527764479,24316000000,11383.52084,0.468149401,678.32596,0.027896281,1419.690892,0.058385051,2766.718454,28.20948357,259000,93.61270556,0
29,Trat,Trat,2016,0.28403729,86298,1052.364635,0.046544212,576,1127,0.004301527,134996,0.515251908,22610000000,9250.342338,0.409126154,700.643513,0.030988214,1486.472295,0.06574402,2766.718454,28.20948357,262000,94.69702261,0
29,Trat,Trat,2017,0.28093591,99515,962.975907,0.036654077,0,3268,0.012378788,128173,0.485503788,26272000000,11399.28959,0.433895006,978.843569,0.037258053,1594.324344,0.060685305,2766.718454,28.20948357,264000,95.41990065,0
29,Trat,Trat,2018,0.31805265,90876,974.993403,0.040182715,0,2520,0.009438202,134317,0.503059925,24264000000,9761.369597,0.40229845,993.746813,0.040955606,1705.198681,0.070276899,2766.718454,28.20948357,267000,96.5042177,0
29,Trat,Trat,2019,0.32213566,93885,1005.985107,0.039685396,0,1857,0.006877778,140407,0.520025926,25349000000,10271.14772,0.405189464,1193.780343,0.047093784,1843.87022,0.072739367,2766.718454,28.20948357,270000,97.58853475,0
29,Trat,Trat,2020,0.37441856,97195,1091.044658,0.041269609,596,4934,0.018139706,148436,0.545720588,26437000000,10814.30601,0.4090595,1582.377547,0.059854656,1681.983018,0.06362231,2766.718454,28.20948357,272000,98.31141279,0
29,Trat,Trat,2021,0.37797955,90858,1019.654408,0.040809029,390,1924,0.006996364,165172,0.600625455,24986000000,9926.835897,0.397295922,1496.083109,0.059876855,1668.528537,0.066778537,2766.718454,28.20948357,275000,99.39572984,0
41,Ubon Ratchathani,Ubon Ratchathani,2014,0.62164462,37510,2701.894147,0.041349405,0,2484,0.001425947,457637,0.262707807,65343000000,10332.43131,0.158126063,8908.922037,0.136340879,6541.190776,0.100105455,15381.51653,124.0674182,1742000,113.252812,0
41,Ubon Ratchathani,Ubon Ratchathani,2015,0.60058677,40082,3346.635446,0.047957747,0,8505,0.004885123,519770,0.298546812,69783000000,10884.40515,0.155975025,11234.94311,0.160998282,6953.550986,0.099645343,15381.51653,124.4952106,1741000,113.1877989,0
41,Ubon Ratchathani,Ubon Ratchathani,2016,0.61083359,41970,3805.261559,0.05213687,17347,23571,0.013554342,535502,0.307936745,72986000000,11464.77554,0.157081845,12004.43964,0.164475922,7471.099404,0.102363459,15381.51653,124.4952106,1739000,113.0577727,0
41,Ubon Ratchathani,Ubon Ratchathani,2017,0.56880164,44319,4027.673342,0.052259937,74065,91747,0.052758482,504573,0.290151236,77070000000,12216.52357,0.158512048,12794.07316,0.16600588,7768.244676,0.100794663,15381.51653,124.4952106,1739000,113.0577727,0
41,Ubon Ratchathani,Ubon Ratchathani,2018,0.57842803,44007,4038.253342,0.052797978,50727,56648,0.032593786,493041,0.283682969,76485000000,12653.53913,0.165438179,10377.73102,0.135683219,8325.502271,0.108851438,15381.51653,124.7091059,1738000,112.9927596,0
41,Ubon Ratchathani,Ubon Ratchathani,2019,0.58802956,44059,3904.054943,0.051012726,39116,57679,0.033206102,437491,0.251865861,76531000000,11910.18328,0.155625606,10401.628,0.135913917,8540.622184,0.111596898,15381.51653,124.7091059,1737000,112.9277465,0
41,Ubon Ratchathani,Ubon Ratchathani,2020,0.56092465,45030,3800.369551,0.048643485,56581,64510,0.037181556,451189,0.260051297,78127000000,13468.96861,0.172398385,10166.49607,0.130127818,8560.755324,0.109574863,15381.51653,125.1368899,1735000,112.7977203,0
41,Ubon Ratchathani,Ubon Ratchathani,2021,0.54356349,46426,4127.045814,0.051295687,26554,40038,0.023103289,557921,0.321939411,80456000000,13752.68431,0.170934229,10124.71489,0.125841639,8968.328604,0.111468736,15381.51653,125.3507854,1733000,112.6676942,0
23,Udon Thani,Udon Thani,2014,0.53576803,51334,3268.987466,0.04975022,0,58858,0.045982813,433971,0.339039844,65708000000,9133.681302,0.139004098,8640.064906,0.131491826,6582.294696,0.100174936,10817.21024,102.5950958,1280000,118.3299549,0
23,Udon Thani,Udon Thani,2015,0.51972598,52946,3365.362986,0.049735653,0,478,0.000374022,443751,0.347223005,67665000000,9505.494706,0.140478751,8711.641754,0.128746645,6618.43644,0.097811815,10817.21024,103.6648549,1278000,118.1450644,0
23,Udon Thani,Udon Thani,2016,0.53024137,53625,3417.22844,0.050059013,0,0,0,417515,0.327977219,68264000000,9854.578766,0.14435982,8731.734951,0.12791127,7344.383787,0.10758795,10817.21024,104.0927579,1273000,117.682838,0
23,Udon Thani,Udon Thani,2017,0.48507825,54549,3222.131986,0.046510848,88,88,6.93E-05,354812,0.279379528,69277000000,10100.456,0.145798115,8759.20464,0.126437413,7674.804056,0.110784302,10817.21024,104.0927579,1270000,117.4055021,0
23,Udon Thani,Udon Thani,2018,0.47594526,56378,2184.224389,0.030602093,30202,60019,0.047408373,456399,0.360504739,71375000000,11013.75284,0.154308271,10283.43464,0.144076142,8260.705342,0.115736677,10817.21024,104.0927579,1266000,117.035721,0
23,Udon Thani,Udon Thani,2019,0.47947419,56835,2252.719007,0.031407286,0,106,8.40E-05,516791,0.409501585,71726000000,10818.67328,0.150833356,9955.022462,0.138792383,8541.377915,0.119083427,10817.21024,104.0927579,1262000,116.6659399,0
23,Udon Thani,Udon Thani,2020,0.46212867,54889,2398.842828,0.034768358,1176,1502,0.001194909,503686,0.400704853,68995000000,10402.9758,0.150778691,7562.424692,0.1096083,8660.485959,0.125523385,10817.21024,104.0927579,1257000,116.2037135,0
23,Udon Thani,Udon Thani,2021,0.45920393,56735,2576.762803,0.036246997,1129,3937,0.003142059,500206,0.399206704,71089000000,10905.78053,0.15341024,8614.047076,0.121172714,8474.753396,0.119213288,10817.21024,104.3067047,1253000,115.8339324,0
18,Uthai Thani,Uthai Thani,2014,0.52255082,55979,764.947966,0.047120116,0,354,0.00122069,86757,0.299162069,16234000000,4730.168162,0.291374163,4080.844018,0.251376372,1255.652257,0.077347065,6519.93822,7.824489681,290000,44.47894907,0
18,Uthai Thani,Uthai Thani,2015,0.5205341,53361,741.378524,0.048241705,0,2728,0.009472222,92440,0.320972222,15368000000,4201.069453,0.273364748,3801.35574,0.247355267,1355.149032,0.088179921,6519.93822,7.824489681,288000,44.17219769,0
18,Uthai Thani,Uthai Thani,2016,0.53841376,51944,880.389995,0.059469738,632,1386,0.004863158,104575,0.366929825,14804000000,3751.966834,0.253442775,3862.706045,0.260923132,1394.753585,0.094214644,6519.93822,7.824489681,285000,43.71207063,0
18,Uthai Thani,Uthai Thani,2017,0.51829994,56163,826.263449,0.051985872,540,1517,0.005360424,105793,0.373826855,15894000000,4267.022705,0.268467516,4074.03017,0.256325039,1509.260462,0.094957875,6519.93822,8.038390275,283000,43.40531926,0
18,Uthai Thani,Uthai Thani,2018,0.5414167,62498,864.917218,0.049249358,0,472,0.001679715,112490,0.400320285,17562000000,4681.616259,0.266576487,5080.013367,0.289261665,1645.938905,0.093721609,6519.93822,8.038390275,281000,43.09856789,0
18,Uthai Thani,Uthai Thani,2019,0.54492545,57333,996.035761,0.062267802,175,1064,0.00381362,125418,0.449526882,15996000000,3891.302586,0.243267228,4369.007577,0.273131256,1609.282147,0.100605286,6519.93822,8.038390275,279000,42.79181652,0
18,Uthai Thani,Uthai Thani,2020,0.53877187,50101,991.353365,0.071691739,0,9,3.26E-05,127462,0.461818841,13828000000,3237.881765,0.234154018,2569.652902,0.185829686,1635.612273,0.118282635,6519.93822,8.252290665,276000,42.33168946,0
18,Uthai Thani,Uthai Thani,2021,0.48394442,55821,975.530969,0.063781038,0,158,0.000576642,129695,0.473339416,15295000000,3766.434289,0.24625265,2827.687398,0.184876587,1697.101013,0.110957896,6519.93822,8.252290665,274000,42.02493808,0
34,Uttaradit,Uttaradit,2014,0.47565165,46758,1114.328085,0.055552524,2978,9069,0.02113986,171774,0.400405594,20059000000,4113.227053,0.205056436,3380.306775,0.16851821,2036.460548,0.101523533,7772.852939,45.78807006,429000,55.19209013,0
34,Uttaradit,Uttaradit,2015,0.4518379,43321,1128.623204,0.061013256,0,2083,0.00487822,187159,0.438311475,18498000000,3172.831823,0.171522966,3206.669804,0.173352244,2290.9778,0.123850027,7772.852939,46.00203148,427000,54.93478435,0
34,Uttaradit,Uttaradit,2016,0.44917113,44946,1312.186636,0.069018864,0,0,0,202265,0.478167849,19012000000,3166.596782,0.166557794,3267.204448,0.171849592,2411.863233,0.126860048,7772.852939,46.00203148,423000,54.42017279,0
34,Uttaradit,Uttaradit,2017,0.40626329,54064,1361.619458,0.060107688,1274,6445,0.015381862,204675,0.488484487,22653000000,4909.587696,0.216730133,3195.688441,0.141071312,2536.499316,0.111971894,7772.852939,46.00203148,419000,53.90556123,0
34,Uttaradit,Uttaradit,2018,0.40427396,56236,1553.141279,0.066390582,8797,13446,0.032322115,202205,0.486069712,23394000000,5023.05184,0.21471539,3683.288884,0.157445879,2687.304259,0.114871517,7772.852939,46.00203148,416000,53.51960255,0
34,Uttaradit,Uttaradit,2019,0.40411001,53765,1456.479714,0.065752323,6972,12698,0.030820388,206462,0.501121359,22151000000,4287.038403,0.193537014,4084.646849,0.184400111,2786.304586,0.125786853,7772.852939,46.00203148,412000,53.00499099,0
34,Uttaradit,Uttaradit,2020,0.4001894,51746,1606.486618,0.075906569,1192,6524,0.0159511,229425,0.56094132,21164000000,4029.544969,0.19039619,3083.560672,0.145698387,2929.935403,0.138439586,7772.852939,46.00203148,409000,52.61903232,0
34,Uttaradit,Uttaradit,2021,0.41551867,54669,1801.609883,0.081369852,845,7802,0.019264198,236903,0.584945679,22141000000,4441.489818,0.200600236,3352.15612,0.151400394,2888.332096,0.130451745,7772.852939,46.00203148,405000,52.10442075,0
33,Yala,Yala,2014,0.47783345,50035,1240.621856,0.054734927,0,172,0.000379691,105022,0.231836645,22666000000,6774.076132,0.29886509,1689.332369,0.074531561,2020.613849,0.089147351,4535.025548,22.01467717,453000,99.88918369,0
33,Yala,Yala,2015,0.49074805,48179,1613.845716,0.072978462,0,825,0.001797386,113664,0.247633987,22114000000,5699.275264,0.257722495,1643.988927,0.074341545,2264.648062,0.102407889,4535.025548,22.22841336,459000,101.2122192,0
33,Yala,Yala,2016,0.47575864,50762,1739.332032,0.074165616,27,274,0.000593074,128408,0.277939394,23452000000,6249.155577,0.266465784,1618.404281,0.069009222,2328.571099,0.099290939,4535.025548,22.22841336,462000,101.873737,0
33,Yala,Yala,2017,0.46373034,48282,1643.306829,0.073195262,3332,3834,0.008245161,117635,0.252978495,22451000000,5195.048291,0.231394962,1690.9499,0.075317353,2577.151838,0.114790069,4535.025548,22.65588611,465000,102.5352548,0
33,Yala,Yala,2018,0.45942676,53062,1661.36951,0.066901684,525,556,0.001188034,100058,0.213799145,24833000000,6679.458093,0.268975077,1604.904505,0.064627895,2662.45138,0.107214246,4535.025548,22.65588611,468000,103.1967726,0
33,Yala,Yala,2019,0.4747113,52511,1687.118458,0.068070142,1140,1203,0.002548729,111409,0.236036017,24785000000,6338.851681,0.255753548,1561.908614,0.063018302,2818.524066,0.113718946,4535.025548,22.86962234,472000,104.0787963,0
33,Yala,Yala,2020,0.44812164,53373,1815.776808,0.071622626,240,482,0.001014737,106052,0.223267368,25352000000,6361.857665,0.250941057,1664.764823,0.065666015,2942.62655,0.116070785,4535.025548,22.86962234,475000,104.740314,0
33,Yala,Yala,2021,0.43351558,54151,1992.721783,0.076986624,500,682,0.001426778,117880,0.246610879,25884000000,6622.26181,0.255843834,1658.272406,0.064065539,3020.267262,0.116684719,4535.025548,23.08335872,478000,105.4018318,0
31,Yasothon,Yasothon,2014,0.42200267,32862,938.204082,0.05985353,0,379,0.000794549,121731,0.255201258,15675000000,3200.563222,0.204182662,1363.79836,0.08700468,1652.58663,0.105428174,4094.547994,31.73003541,477000,116.4963754,0
31,Yasothon,Yasothon,2015,0.39277339,32500,806.357295,0.052343869,0,50,0.000105485,141533,0.298592827,15405000000,3063.357749,0.198854771,1367.562685,0.088773949,1838.637207,0.119353275,4094.547994,31.73003541,474000,115.7636937,0
31,Yasothon,Yasothon,2016,0.4010545,34338,925.563849,0.057349517,0,0,0,133509,0.284061702,16139000000,3189.244768,0.197611052,1399.10714,0.086691068,1995.72169,0.123658324,4094.547994,31.73003541,470000,114.7867849,0
31,Yasothon,Yasothon,2017,0.32106075,34743,832.269451,0.051295498,0,0,0,125144,0.267974304,16225000000,3200.946901,0.197284863,1497.616076,0.092302994,2081.596243,0.128295608,4094.547994,31.73003541,467000,114.0541033,0
31,Yasothon,Yasothon,2018,0.3152962,36240,599.366258,0.035721214,0,54,0.000116631,130121,0.281038877,16779000000,3561.352682,0.212250592,1514.496664,0.090261438,2228.691219,0.132826224,4094.547994,31.73003541,463000,113.0771945,0
31,Yasothon,Yasothon,2019,0.32744965,36359,1026.267839,0.061493669,0,0,0,146315,0.318769063,16689000000,3132.823731,0.187717882,1542.864201,0.092447972,2284.920754,0.136911783,4094.547994,31.73003541,459000,112.1002857,0
31,Yasothon,Yasothon,2020,0.30085912,38760,1015.466019,0.057579157,0,0,0,176046,0.386914286,17636000000,3763.729908,0.213411766,1550.6033,0.087922619,2312.294361,0.131112177,4094.547994,31.73003541,455000,111.1233769,0
31,Yasothon,Yasothon,2021,0.31035909,40601,1106.634808,0.06043552,0,1377,0.003053215,158566,0.351587583,18311000000,3736.354291,0.204049713,1700.581185,0.092872109,2528.729749,0.138098943,4094.547994,31.73003541,451000,110.1464681,0
