system:index,agriculture,country,level,id,name,system:time_start,total_area,urban,year,.geo
2001_01_01_00000000000000000c18,7538.70826,Thailand,Admin1,0,Roi Et,9.78E+11,7745.022817,81.89830019,2001,
2001_01_01_00000000000000000c19,2235.280688,Thailand,Admin1,1,Phayao,9.78E+11,6066.03576,27.73988248,2001,
2001_01_01_00000000000000000c1a,8867.30005,Thailand,Admin1,2,Nakhon Sawan,9.78E+11,9747.798748,84.98711912,2001,
2001_01_01_00000000000000000c1b,3817.838444,Thailand,Admin1,3,Nongbua Lamphu,9.78E+11,4329.991886,19.25548116,2001,
2001_01_01_00000000000000000c1c,3715.50451,Thailand,Admin1,4,Chachoengsao,9.78E+11,5526.224678,53.86117877,2001,
2001_01_01_00000000000000000c1d,8012.423093,Thailand,Admin1,5,Surin,9.78E+11,8750.428499,86.08845979,2001,
2001_01_01_00000000000000000c1e,17610.32451,Thailand,Admin1,6,Nakhon Ratchasima,9.78E+11,20804.28446,193.9063713,2001,
2001_01_01_00000000000000000c1f,4199.567992,Thailand,Admin1,7,Sukhothai,9.78E+11,7104.327079,53.70132202,2001,
2001_01_01_00000000000000000c20,2148.005212,Thailand,Admin1,8,Phetchaburi,9.78E+11,6249.398042,35.28456392,2001,
2001_01_01_00000000000000000c21,9251.73759,Thailand,Admin1,9,Chaiyaphum,9.78E+11,13190.87897,70.97271501,2001,
2001_01_01_00000000000000000c22,7777.558171,Thailand,Admin1,10,Phetchabun,9.78E+11,12491.47562,50.42019601,2001,
2001_01_01_00000000000000000c23,1528.356756,Thailand,Admin1,11,Surat Thani,9.78E+11,13434.91298,66.76132005,2001,
2001_01_01_00000000000000000c24,7782.437755,Thailand,Admin1,12,Si Sa Ket,9.78E+11,8949.275223,73.36315286,2001,
2001_01_01_00000000000000000c25,2651.169953,Thailand,Admin1,13,Nong Khai,9.78E+11,3324.614466,22.84441996,2001,
2001_01_01_00000000000000000c26,283.2635864,Thailand,Admin1,14,Bangkok,9.78E+11,1575.248239,898.8091035,2001,
2001_01_01_00000000000000000c27,9574.412047,Thailand,Admin1,15,Khon Kaen,9.78E+11,10765.33812,79.6144226,2001,
2001_01_01_00000000000000000c28,3465.249903,Thailand,Admin1,16,Loei,9.78E+11,10478.24096,31.44141886,2001,
2001_01_01_00000000000000000c29,2564.558639,Thailand,Admin1,17,Saraburi,9.78E+11,3500.60375,91.29105143,2001,
2001_01_01_00000000000000000c2a,3308.417965,Thailand,Admin1,18,Uthai Thani,9.78E+11,6519.93822,7.824489681,2001,
2001_01_01_00000000000000000c2b,1293.165903,Thailand,Admin1,19,Chumphon,9.78E+11,5803.750933,24.77045383,2001,
2001_01_01_00000000000000000c2c,6108.609128,Thailand,Admin1,20,Kalasin,9.78E+11,6872.625577,50.37880175,2001,
2001_01_01_00000000000000000c2d,5407.471997,Thailand,Admin1,21,Phitsanulok,9.78E+11,10703.28817,60.33144413,2001,
2001_01_01_00000000000000000c2e,172.7355401,Thailand,Admin1,22,Ranong,9.78E+11,3181.183863,9.577561307,2001,
2001_01_01_00000000000000000c2f,9588.040978,Thailand,Admin1,23,Udon Thani,9.78E+11,10817.21024,100.4555463,2001,
2001_01_01_00000000000000000c30,7095.914138,Thailand,Admin1,24,Sakon Nakhon,9.78E+11,9593.107454,42.23378387,2001,
2001_01_01_00000000000000000c31,4833.220339,Thailand,Admin1,25,Chiang Rai,9.78E+11,11444.2486,160.9951467,2001,
2001_01_01_00000000000000000c32,1438.585617,Thailand,Admin1,26,Tak,9.78E+11,16128.33628,42.08310144,2001,
2001_01_01_00000000000000000c33,913.728622,Thailand,Admin1,27,Nakhon Pathom,9.78E+11,2094.368392,175.8043707,2001,
2001_01_01_00000000000000000c34,801.9527381,Thailand,Admin1,28,Lamphun,9.78E+11,4194.94845,65.06612208,2001,
2001_01_01_00000000000000000c35,614.6499859,Thailand,Admin1,29,Trat,9.78E+11,2766.718454,28.20948357,2001,
2001_01_01_00000000000000000c36,3114.637164,Thailand,Admin1,30,Ratchaburi,9.78E+11,5312.479906,60.61597404,2001,
2001_01_01_00000000000000000c37,3947.108091,Thailand,Admin1,31,Yasothon,9.78E+11,4094.547994,31.73003541,2001,
2001_01_01_00000000000000000c38,1102.777407,Thailand,Admin1,32,Phrae,9.78E+11,6614.733021,43.0090578,2001,
2001_01_01_00000000000000000c39,217.6342049,Thailand,Admin1,33,Yala,9.78E+11,4535.025548,21.37346814,2001,
2001_01_01_00000000000000000c3a,2120.500878,Thailand,Admin1,34,Uttaradit,9.78E+11,7772.852939,45.78807006,2001,
2001_01_01_00000000000000000c3b,9207.346297,Thailand,Admin1,35,Buri Ram,9.78E+11,10011.91984,107.4501988,2001,
2001_01_01_00000000000000000c3c,6138.621816,Thailand,Admin1,36,Kam Phaeng Phet,9.78E+11,8474.278354,17.74758551,2001,
2001_01_01_00000000000000000c3d,1707.654937,Thailand,Admin1,37,Lampang,9.78E+11,12694.18812,81.66573739,2001,
2001_01_01_00000000000000000c3e,314.9583184,Thailand,Admin1,38,Nonthaburi,9.78E+11,646.5730953,182.2432003,2001,
2001_01_01_00000000000000000c3f,3104.655314,Thailand,Admin1,39,Bueng Kan,9.78E+11,4037.46209,10.90192955,2001,
2001_01_01_00000000000000000c40,505.8306198,Thailand,Admin1,40,Narathiwat,9.78E+11,4407.022466,30.11125246,2001,
2001_01_01_00000000000000000c41,11948.86394,Thailand,Admin1,41,Ubon Ratchathani,9.78E+11,15381.51653,122.3562498,2001,
2001_01_01_00000000000000000c42,2802.793596,Thailand,Admin1,42,Phachuap Khiri Khan,9.78E+11,6413.263472,22.75958617,2001,
2001_01_01_00000000000000000c43,1350.907777,Thailand,Admin1,43,Songkhla,9.78E+11,7380.355144,92.40780395,2001,
2001_01_01_00000000000000000c44,106.8996211,Thailand,Admin1,44,Phuket,9.78E+11,505.8057687,34.50564179,2001,
2001_01_01_00000000000000000c45,849.1064216,Thailand,Admin1,45,Ang Thong,9.78E+11,982.3283513,15.70814469,2001,
2001_01_01_00000000000000000c46,5688.901451,Thailand,Admin1,46,Maha Sarakham,9.78E+11,5763.754571,40.47563852,2001,
2001_01_01_00000000000000000c47,485.5681562,Thailand,Admin1,47,Trang,9.78E+11,4724.649599,26.51069369,2001,
2001_01_01_00000000000000000c48,4217.643995,Thailand,Admin1,48,Suphan Buri,9.78E+11,5402.091474,78.1328444,2001,
2001_01_01_00000000000000000c49,812.7649106,Thailand,Admin1,49,Singburi,9.78E+11,849.8216919,17.22685375,2001,
2001_01_01_00000000000000000c4a,34.25593322,Thailand,Admin1,50,Samut Songkhram,9.78E+11,410.4443946,12.16278845,2001,
2001_01_01_00000000000000000c4b,1503.491369,Thailand,Admin1,51,Rayong,9.78E+11,3682.324334,97.39778892,2001,
2001_01_01_00000000000000000c4c,3596.583918,Thailand,Admin1,52,Prachin Buri,9.78E+11,5586.900948,28.01663127,2001,
2001_01_01_00000000000000000c4d,1793.31697,Thailand,Admin1,53,Phra Nakhon Sri Ayuthaya,9.78E+11,2481.938592,106.2347718,2001,
2001_01_01_00000000000000000c4e,4178.862952,Thailand,Admin1,54,Phichit,9.78E+11,4255.046654,23.53184194,2001,
2001_01_01_00000000000000000c4f,1618.510819,Thailand,Admin1,55,Phatthalung,9.78E+11,3318.812962,11.75616802,2001,
2001_01_01_00000000000000000c50,152.6268967,Thailand,Admin1,56,Phangnga,9.78E+11,3839.465663,3.206420313,2001,
2001_01_01_00000000000000000c51,483.2705598,Thailand,Admin1,57,Pattani,9.78E+11,1938.00129,15.15374644,2001,
2001_01_01_00000000000000000c52,974.6947168,Thailand,Admin1,58,Pathum Thani,9.78E+11,1517.672916,232.653035,2001,
2001_01_01_00000000000000000c53,2868.530089,Thailand,Admin1,59,Nakhon Si Thammarat,9.78E+11,10181.71885,44.03453519,2001,
2001_01_01_00000000000000000c54,1197.593453,Thailand,Admin1,60,Nakhon Nayok,9.78E+11,2194.471865,3.224875977,2001,
2001_01_01_00000000000000000c55,2468.600476,Thailand,Admin1,61,Mukdahan,9.78E+11,4098.340498,8.154531849,2001,
2001_01_01_00000000000000000c56,5530.097019,Thailand,Admin1,62,Lop Buri,9.78E+11,6017.834568,72.40816679,2001,
2001_01_01_00000000000000000c57,252.5932366,Thailand,Admin1,63,Krabi,9.78E+11,4360.740117,17.455911,2001,
2001_01_01_00000000000000000c58,3325.446374,Thailand,Admin1,64,Chon Buri,9.78E+11,4395.2836,226.9972257,2001,
2001_01_01_00000000000000000c59,2447.290191,Thailand,Admin1,65,Chiang Mai,9.78E+11,22765.23009,165.2732525,2001,
2001_01_01_00000000000000000c5a,2432.482295,Thailand,Admin1,66,Chai Nat,9.78E+11,2494.56793,18.63981878,2001,
2001_01_01_00000000000000000c5b,2831.708103,Thailand,Admin1,67,Amnat Chareon,9.78E+11,3264.555754,9.88117209,2001,
2001_01_01_00000000000000000c5c,39.99721166,Thailand,Admin1,68,Samut Sakhon,9.78E+11,839.3838122,154.7776433,2001,
2001_01_01_00000000000000000c5d,75.76109385,Thailand,Admin1,69,Samut Prakan,9.78E+11,941.2893751,302.7755221,2001,
2001_01_01_00000000000000000c5e,755.0503595,Thailand,Admin1,70,Nan,9.78E+11,12281.87353,20.97221692,2001,
2001_01_01_00000000000000000c5f,1342.162254,Thailand,Admin1,71,Chanthaburi,9.78E+11,6072.524257,18.38992584,2001,
2001_01_01_00000000000000000c60,3536.94627,Thailand,Admin1,72,Nakhon Phanom,9.78E+11,5586.936704,26.23315909,2001,
2001_01_01_00000000000000000c61,5891.110262,Thailand,Admin1,73,Kanchanaburi,9.78E+11,19620.41338,48.54774457,2001,
2001_01_01_00000000000000000c62,200.6174661,Thailand,Admin1,74,Mae Hong Son,9.78E+11,13443.01606,16.90619647,2001,
2001_01_01_00000000000000000c63,4789.740026,Thailand,Admin1,75,Sa Kaew,9.78E+11,6359.594713,30.31091922,2001,
2001_01_01_00000000000000000c64,192.7904691,Thailand,Admin1,76,Satun,9.78E+11,2601.080262,6.625868734,2001,
2002_01_01_00000000000000000c18,7508.201657,Thailand,Admin1,0,Roi Et,1.01E+12,7745.022817,82.11220798,2002,
2002_01_01_00000000000000000c19,2130.830781,Thailand,Admin1,1,Phayao,1.01E+12,6066.03576,27.73988248,2002,
2002_01_01_00000000000000000c1a,8846.862666,Thailand,Admin1,2,Nakhon Sawan,1.01E+12,9747.798748,84.98711912,2002,
2002_01_01_00000000000000000c1b,3750.890089,Thailand,Admin1,3,Nongbua Lamphu,1.01E+12,4329.991886,19.46943067,2002,
2002_01_01_00000000000000000c1c,3820.824714,Thailand,Admin1,4,Chachoengsao,1.01E+12,5526.224678,54.50274918,2002,
2002_01_01_00000000000000000c1d,8013.144216,Thailand,Admin1,5,Surin,1.01E+12,8750.428499,86.08845979,2002,
2002_01_01_00000000000000000c1e,17426.84143,Thailand,Admin1,6,Nakhon Ratchasima,1.01E+12,20804.28446,194.1202758,2002,
2002_01_01_00000000000000000c1f,4049.767027,Thailand,Admin1,7,Sukhothai,1.01E+12,7104.327079,53.70132202,2002,
2002_01_01_00000000000000000c20,2149.816096,Thailand,Admin1,8,Phetchaburi,1.01E+12,6249.398042,35.28456392,2002,
2002_01_01_00000000000000000c21,8997.877853,Thailand,Admin1,9,Chaiyaphum,1.01E+12,13190.87897,71.1866264,2002,
2002_01_01_00000000000000000c22,7062.759646,Thailand,Admin1,10,Phetchabun,1.01E+12,12491.47562,50.42019601,2002,
2002_01_01_00000000000000000c23,1313.880948,Thailand,Admin1,11,Surat Thani,1.01E+12,13434.91298,67.61640559,2002,
2002_01_01_00000000000000000c24,7761.447766,Thailand,Admin1,12,Si Sa Ket,1.01E+12,8949.275223,73.36315286,2002,
2002_01_01_00000000000000000c25,2672.666762,Thailand,Admin1,13,Nong Khai,1.01E+12,3324.614466,22.95098621,2002,
2002_01_01_00000000000000000c26,243.006016,Thailand,Admin1,14,Bangkok,1.01E+12,1575.248239,901.7914236,2002,
2002_01_01_00000000000000000c27,9556.324182,Thailand,Admin1,15,Khon Kaen,1.01E+12,10765.33812,80.04227804,2002,
2002_01_01_00000000000000000c28,2734.028107,Thailand,Admin1,16,Loei,1.01E+12,10478.24096,31.44141886,2002,
2002_01_01_00000000000000000c29,2391.22759,Thailand,Admin1,17,Saraburi,1.01E+12,3500.60375,91.93269757,2002,
2002_01_01_00000000000000000c2a,3118.248373,Thailand,Admin1,18,Uthai Thani,1.01E+12,6519.93822,7.824489681,2002,
2002_01_01_00000000000000000c2b,1055.66656,Thailand,Admin1,19,Chumphon,1.01E+12,5803.750933,24.77045383,2002,
2002_01_01_00000000000000000c2c,6125.724013,Thailand,Admin1,20,Kalasin,1.01E+12,6872.625577,50.37880175,2002,
2002_01_01_00000000000000000c2d,5202.786712,Thailand,Admin1,21,Phitsanulok,1.01E+12,10703.28817,60.54538095,2002,
2002_01_01_00000000000000000c2e,263.3418911,Thailand,Admin1,22,Ranong,1.01E+12,3181.183863,9.577561307,2002,
2002_01_01_00000000000000000c2f,9524.807539,Thailand,Admin1,23,Udon Thani,1.01E+12,10817.21024,100.6695008,2002,
2002_01_01_00000000000000000c30,7319.627524,Thailand,Admin1,24,Sakon Nakhon,1.01E+12,9593.107454,42.23378387,2002,
2002_01_01_00000000000000000c31,4425.135147,Thailand,Admin1,25,Chiang Rai,1.01E+12,11444.2486,161.2091952,2002,
2002_01_01_00000000000000000c32,1400.079667,Thailand,Admin1,26,Tak,1.01E+12,16128.33628,42.08310144,2002,
2002_01_01_00000000000000000c33,759.5902585,Thailand,Admin1,27,Nakhon Pathom,1.01E+12,2094.368392,176.6598117,2002,
2002_01_01_00000000000000000c34,734.7992921,Thailand,Admin1,28,Lamphun,1.01E+12,4194.94845,65.06612208,2002,
2002_01_01_00000000000000000c35,511.8423035,Thailand,Admin1,29,Trat,1.01E+12,2766.718454,28.20948357,2002,
2002_01_01_00000000000000000c36,2898.417393,Thailand,Admin1,30,Ratchaburi,1.01E+12,5312.479906,60.61597404,2002,
2002_01_01_00000000000000000c37,3932.381511,Thailand,Admin1,31,Yasothon,1.01E+12,4094.547994,31.73003541,2002,
2002_01_01_00000000000000000c38,995.5540085,Thailand,Admin1,32,Phrae,1.01E+12,6614.733021,43.0090578,2002,
2002_01_01_00000000000000000c39,181.8386581,Thailand,Admin1,33,Yala,1.01E+12,4535.025548,21.37346814,2002,
2002_01_01_00000000000000000c3a,2030.393666,Thailand,Admin1,34,Uttaradit,1.01E+12,7772.852939,45.78807006,2002,
2002_01_01_00000000000000000c3b,9198.205576,Thailand,Admin1,35,Buri Ram,1.01E+12,10011.91984,107.4501988,2002,
2002_01_01_00000000000000000c3c,6047.568022,Thailand,Admin1,36,Kam Phaeng Phet,1.01E+12,8474.278354,17.74758551,2002,
2002_01_01_00000000000000000c3d,1544.99794,Thailand,Admin1,37,Lampang,1.01E+12,12694.18812,81.66573739,2002,
2002_01_01_00000000000000000c3e,221.4448265,Thailand,Admin1,38,Nonthaburi,1.01E+12,646.5730953,182.6709267,2002,
2002_01_01_00000000000000000c3f,3223.342194,Thailand,Admin1,39,Bueng Kan,1.01E+12,4037.46209,10.90192955,2002,
2002_01_01_00000000000000000c40,395.0619945,Thailand,Admin1,40,Narathiwat,1.01E+12,4407.022466,30.11125246,2002,
2002_01_01_00000000000000000c41,12121.64444,Thailand,Admin1,41,Ubon Ratchathani,1.01E+12,15381.51653,122.3562498,2002,
2002_01_01_00000000000000000c42,2774.45775,Thailand,Admin1,42,Phachuap Khiri Khan,1.01E+12,6413.263472,22.75958617,2002,
2002_01_01_00000000000000000c43,1327.560054,Thailand,Admin1,43,Songkhla,1.01E+12,7380.355144,92.62154757,2002,
2002_01_01_00000000000000000c44,119.7810129,Thailand,Admin1,44,Phuket,1.01E+12,505.8057687,35.36065154,2002,
2002_01_01_00000000000000000c45,816.6032379,Thailand,Admin1,45,Ang Thong,1.01E+12,982.3283513,15.70814469,2002,
2002_01_01_00000000000000000c46,5683.37832,Thailand,Admin1,46,Maha Sarakham,1.01E+12,5763.754571,40.47563852,2002,
2002_01_01_00000000000000000c47,297.3780281,Thailand,Admin1,47,Trang,1.01E+12,4724.649599,26.67582355,2002,
2002_01_01_00000000000000000c48,4239.693336,Thailand,Admin1,48,Suphan Buri,1.01E+12,5402.091474,78.1328444,2002,
2002_01_01_00000000000000000c49,806.0000813,Thailand,Admin1,49,Singburi,1.01E+12,849.8216919,17.22685375,2002,
2002_01_01_00000000000000000c4a,36.39443678,Thailand,Admin1,50,Samut Songkhram,1.01E+12,410.4443946,12.16278845,2002,
2002_01_01_00000000000000000c4b,1470.157292,Thailand,Admin1,51,Rayong,1.01E+12,3682.324334,98.0393084,2002,
2002_01_01_00000000000000000c4c,3591.91609,Thailand,Admin1,52,Prachin Buri,1.01E+12,5586.900948,28.01663127,2002,
2002_01_01_00000000000000000c4d,1738.642719,Thailand,Admin1,53,Phra Nakhon Sri Ayuthaya,1.01E+12,2481.938592,106.6625194,2002,
2002_01_01_00000000000000000c4e,4177.304161,Thailand,Admin1,54,Phichit,1.01E+12,4255.046654,23.53184194,2002,
2002_01_01_00000000000000000c4f,1585.888644,Thailand,Admin1,55,Phatthalung,1.01E+12,3318.812962,11.75616802,2002,
2002_01_01_00000000000000000c50,191.5710412,Thailand,Admin1,56,Phangnga,1.01E+12,3839.465663,3.206420313,2002,
2002_01_01_00000000000000000c51,382.2819666,Thailand,Admin1,57,Pattani,1.01E+12,1938.00129,15.35994354,2002,
2002_01_01_00000000000000000c52,793.63948,Thailand,Admin1,58,Pathum Thani,1.01E+12,1517.672916,235.230341,2002,
2002_01_01_00000000000000000c53,2682.468051,Thailand,Admin1,59,Nakhon Si Thammarat,1.01E+12,10181.71885,44.03453519,2002,
2002_01_01_00000000000000000c54,1166.566502,Thailand,Admin1,60,Nakhon Nayok,1.01E+12,2194.471865,3.224875977,2002,
2002_01_01_00000000000000000c55,2507.704976,Thailand,Admin1,61,Mukdahan,1.01E+12,4098.340498,8.154531849,2002,
2002_01_01_00000000000000000c56,5365.63128,Thailand,Admin1,62,Lop Buri,1.01E+12,6017.834568,72.40816679,2002,
2002_01_01_00000000000000000c57,231.4163651,Thailand,Admin1,63,Krabi,1.01E+12,4360.740117,17.455911,2002,
2002_01_01_00000000000000000c58,3328.753786,Thailand,Admin1,64,Chon Buri,1.01E+12,4395.2836,238.2743061,2002,
2002_01_01_00000000000000000c59,2274.099554,Thailand,Admin1,65,Chiang Mai,1.01E+12,22765.23009,165.2732525,2002,
2002_01_01_00000000000000000c5a,2424.465921,Thailand,Admin1,66,Chai Nat,1.01E+12,2494.56793,18.63981878,2002,
2002_01_01_00000000000000000c5b,2848.481701,Thailand,Admin1,67,Amnat Chareon,1.01E+12,3264.555754,9.88117209,2002,
2002_01_01_00000000000000000c5c,40.82994506,Thailand,Admin1,68,Samut Sakhon,1.01E+12,839.3838122,155.6330744,2002,
2002_01_01_00000000000000000c5d,112.1378941,Thailand,Admin1,69,Samut Prakan,1.01E+12,941.2893751,305.1388574,2002,
2002_01_01_00000000000000000c5e,738.472069,Thailand,Admin1,70,Nan,1.01E+12,12281.87353,20.97221692,2002,
2002_01_01_00000000000000000c5f,1079.9703,Thailand,Admin1,71,Chanthaburi,1.01E+12,6072.524257,18.38992584,2002,
2002_01_01_00000000000000000c60,3677.923782,Thailand,Admin1,72,Nakhon Phanom,1.01E+12,5586.936704,26.23315909,2002,
2002_01_01_00000000000000000c61,5711.91102,Thailand,Admin1,73,Kanchanaburi,1.01E+12,19620.41338,48.54774457,2002,
2002_01_01_00000000000000000c62,188.1961498,Thailand,Admin1,74,Mae Hong Son,1.01E+12,13443.01606,16.90619647,2002,
2002_01_01_00000000000000000c63,4826.229756,Thailand,Admin1,75,Sa Kaew,1.01E+12,6359.594713,30.52477825,2002,
2002_01_01_00000000000000000c64,168.6345145,Thailand,Admin1,76,Satun,1.01E+12,2601.080262,6.625868734,2002,
2003_01_01_00000000000000000c18,7517.176016,Thailand,Admin1,0,Roi Et,1.04E+12,7745.022817,82.11220798,2003,
2003_01_01_00000000000000000c19,2153.255271,Thailand,Admin1,1,Phayao,1.04E+12,6066.03576,27.73988248,2003,
2003_01_01_00000000000000000c1a,8846.941171,Thailand,Admin1,2,Nakhon Sawan,1.04E+12,9747.798748,85.2010254,2003,
2003_01_01_00000000000000000c1b,3768.309355,Thailand,Admin1,3,Nongbua Lamphu,1.04E+12,4329.991886,19.68338031,2003,
2003_01_01_00000000000000000c1c,3766.413778,Thailand,Admin1,4,Chachoengsao,1.04E+12,5526.224678,54.71660677,2003,
2003_01_01_00000000000000000c1d,8079.78345,Thailand,Admin1,5,Surin,1.04E+12,8750.428499,86.08845979,2003,
2003_01_01_00000000000000000c1e,17424.0263,Thailand,Admin1,6,Nakhon Ratchasima,1.04E+12,20804.28446,194.1202758,2003,
2003_01_01_00000000000000000c1f,4162.077616,Thailand,Admin1,7,Sukhothai,1.04E+12,7104.327079,53.9152707,2003,
2003_01_01_00000000000000000c20,2176.734063,Thailand,Admin1,8,Phetchaburi,1.04E+12,6249.398042,35.28456392,2003,
2003_01_01_00000000000000000c21,9110.173014,Thailand,Admin1,9,Chaiyaphum,1.04E+12,13190.87897,71.4005379,2003,
2003_01_01_00000000000000000c22,7249.319528,Thailand,Admin1,10,Phetchabun,1.04E+12,12491.47562,50.42019601,2003,
2003_01_01_00000000000000000c23,1215.228297,Thailand,Admin1,11,Surat Thani,1.04E+12,13434.91298,68.2577197,2003,
2003_01_01_00000000000000000c24,7838.86273,Thailand,Admin1,12,Si Sa Ket,1.04E+12,8949.275223,73.36315286,2003,
2003_01_01_00000000000000000c25,2785.365541,Thailand,Admin1,13,Nong Khai,1.04E+12,3324.614466,22.95098621,2003,
2003_01_01_00000000000000000c26,197.7893999,Thailand,Admin1,14,Bangkok,1.04E+12,1575.248239,906.0954897,2003,
2003_01_01_00000000000000000c27,9583.432723,Thailand,Admin1,15,Khon Kaen,1.04E+12,10765.33812,80.68406119,2003,
2003_01_01_00000000000000000c28,3021.006721,Thailand,Admin1,16,Loei,1.04E+12,10478.24096,31.44141886,2003,
2003_01_01_00000000000000000c29,2421.936468,Thailand,Admin1,17,Saraburi,1.04E+12,3500.60375,92.78821322,2003,
2003_01_01_00000000000000000c2a,3115.530594,Thailand,Admin1,18,Uthai Thani,1.04E+12,6519.93822,7.824489681,2003,
2003_01_01_00000000000000000c2b,845.1925177,Thailand,Admin1,19,Chumphon,1.04E+12,5803.750933,24.77045383,2003,
2003_01_01_00000000000000000c2c,6167.81496,Thailand,Admin1,20,Kalasin,1.04E+12,6872.625577,50.37880175,2003,
2003_01_01_00000000000000000c2d,5384.334511,Thailand,Admin1,21,Phitsanulok,1.04E+12,10703.28817,60.54538095,2003,
2003_01_01_00000000000000000c2e,238.7968973,Thailand,Admin1,22,Ranong,1.04E+12,3181.183863,9.791345964,2003,
2003_01_01_00000000000000000c2f,9637.532664,Thailand,Admin1,23,Udon Thani,1.04E+12,10817.21024,101.0974105,2003,
2003_01_01_00000000000000000c30,7664.678023,Thailand,Admin1,24,Sakon Nakhon,1.04E+12,9593.107454,42.23378387,2003,
2003_01_01_00000000000000000c31,4436.95642,Thailand,Admin1,25,Chiang Rai,1.04E+12,11444.2486,161.2091952,2003,
2003_01_01_00000000000000000c32,1496.720934,Thailand,Admin1,26,Tak,1.04E+12,16128.33628,42.08310144,2003,
2003_01_01_00000000000000000c33,706.2798157,Thailand,Admin1,27,Nakhon Pathom,1.04E+12,2094.368392,177.0875319,2003,
2003_01_01_00000000000000000c34,797.5379898,Thailand,Admin1,28,Lamphun,1.04E+12,4194.94845,65.06612208,2003,
2003_01_01_00000000000000000c35,555.9241983,Thailand,Admin1,29,Trat,1.04E+12,2766.718454,28.20948357,2003,
2003_01_01_00000000000000000c36,2751.060057,Thailand,Admin1,30,Ratchaburi,1.04E+12,5312.479906,60.61597404,2003,
2003_01_01_00000000000000000c37,3940.427192,Thailand,Admin1,31,Yasothon,1.04E+12,4094.547994,31.73003541,2003,
2003_01_01_00000000000000000c38,1007.459102,Thailand,Admin1,32,Phrae,1.04E+12,6614.733021,43.0090578,2003,
2003_01_01_00000000000000000c39,163.3382127,Thailand,Admin1,33,Yala,1.04E+12,4535.025548,21.37346814,2003,
2003_01_01_00000000000000000c3a,2114.414784,Thailand,Admin1,34,Uttaradit,1.04E+12,7772.852939,45.78807006,2003,
2003_01_01_00000000000000000c3b,9213.451488,Thailand,Admin1,35,Buri Ram,1.04E+12,10011.91984,107.4501988,2003,
2003_01_01_00000000000000000c3c,6068.758435,Thailand,Admin1,36,Kam Phaeng Phet,1.04E+12,8474.278354,17.74758551,2003,
2003_01_01_00000000000000000c3d,1657.322993,Thailand,Admin1,37,Lampang,1.04E+12,12694.18812,81.66573739,2003,
2003_01_01_00000000000000000c3e,235.2370982,Thailand,Admin1,38,Nonthaburi,1.04E+12,646.5730953,184.5680175,2003,
2003_01_01_00000000000000000c3f,3500.094675,Thailand,Admin1,39,Bueng Kan,1.04E+12,4037.46209,10.90192955,2003,
2003_01_01_00000000000000000c40,311.3478972,Thailand,Admin1,40,Narathiwat,1.04E+12,4407.022466,30.11125246,2003,
2003_01_01_00000000000000000c41,12391.53599,Thailand,Admin1,41,Ubon Ratchathani,1.04E+12,15381.51653,122.3562498,2003,
2003_01_01_00000000000000000c42,2624.828707,Thailand,Admin1,42,Phachuap Khiri Khan,1.04E+12,6413.263472,22.75958617,2003,
2003_01_01_00000000000000000c43,1344.487597,Thailand,Admin1,43,Songkhla,1.04E+12,7380.355144,92.83528534,2003,
2003_01_01_00000000000000000c44,107.0538793,Thailand,Admin1,44,Phuket,1.04E+12,505.8057687,38.33977732,2003,
2003_01_01_00000000000000000c45,815.0374232,Thailand,Admin1,45,Ang Thong,1.04E+12,982.3283513,15.70814469,2003,
2003_01_01_00000000000000000c46,5686.012419,Thailand,Admin1,46,Maha Sarakham,1.04E+12,5763.754571,40.68955617,2003,
2003_01_01_00000000000000000c47,307.2529275,Thailand,Admin1,47,Trang,1.04E+12,4724.649599,26.67582355,2003,
2003_01_01_00000000000000000c48,4178.262104,Thailand,Admin1,48,Suphan Buri,1.04E+12,5402.091474,78.1328444,2003,
2003_01_01_00000000000000000c49,805.4783121,Thailand,Admin1,49,Singburi,1.04E+12,849.8216919,17.22685375,2003,
2003_01_01_00000000000000000c4a,30.90049371,Thailand,Admin1,50,Samut Songkhram,1.04E+12,410.4443946,12.16278845,2003,
2003_01_01_00000000000000000c4b,1425.327813,Thailand,Admin1,51,Rayong,1.04E+12,3682.324334,98.25314579,2003,
2003_01_01_00000000000000000c4c,3617.18039,Thailand,Admin1,52,Prachin Buri,1.04E+12,5586.900948,28.23049961,2003,
2003_01_01_00000000000000000c4d,1774.308215,Thailand,Admin1,53,Phra Nakhon Sri Ayuthaya,1.04E+12,2481.938592,107.0902695,2003,
2003_01_01_00000000000000000c4e,4183.611181,Thailand,Admin1,54,Phichit,1.04E+12,4255.046654,23.53184194,2003,
2003_01_01_00000000000000000c4f,1613.190373,Thailand,Admin1,55,Phatthalung,1.04E+12,3318.812962,11.75616802,2003,
2003_01_01_00000000000000000c50,178.4200249,Thailand,Admin1,56,Phangnga,1.04E+12,3839.465663,3.206420313,2003,
2003_01_01_00000000000000000c51,301.2346797,Thailand,Admin1,57,Pattani,1.04E+12,1938.00129,15.35994354,2003,
2003_01_01_00000000000000000c52,757.9177019,Thailand,Admin1,58,Pathum Thani,1.04E+12,1517.672916,238.4383446,2003,
2003_01_01_00000000000000000c53,2611.692968,Thailand,Admin1,59,Nakhon Si Thammarat,1.04E+12,10181.71885,44.24829564,2003,
2003_01_01_00000000000000000c54,1146.440396,Thailand,Admin1,60,Nakhon Nayok,1.04E+12,2194.471865,3.224875977,2003,
2003_01_01_00000000000000000c55,2583.659768,Thailand,Admin1,61,Mukdahan,1.04E+12,4098.340498,8.154531849,2003,
2003_01_01_00000000000000000c56,5386.618555,Thailand,Admin1,62,Lop Buri,1.04E+12,6017.834568,72.40816679,2003,
2003_01_01_00000000000000000c57,193.1697751,Thailand,Admin1,63,Krabi,1.04E+12,4360.740117,17.455911,2003,
2003_01_01_00000000000000000c58,3274.9435,Thailand,Admin1,64,Chon Buri,1.04E+12,4395.2836,239.5574063,2003,
2003_01_01_00000000000000000c59,2265.731906,Thailand,Admin1,65,Chiang Mai,1.04E+12,22765.23009,165.4872476,2003,
2003_01_01_00000000000000000c5a,2419.189857,Thailand,Admin1,66,Chai Nat,1.04E+12,2494.56793,18.85371429,2003,
2003_01_01_00000000000000000c5b,2859.722051,Thailand,Admin1,67,Amnat Chareon,1.04E+12,3264.555754,9.88117209,2003,
2003_01_01_00000000000000000c5c,45.18422199,Thailand,Admin1,68,Samut Sakhon,1.04E+12,839.3838122,157.3439353,2003,
2003_01_01_00000000000000000c5d,103.4007475,Thailand,Admin1,69,Samut Prakan,1.04E+12,941.2893751,307.7051532,2003,
2003_01_01_00000000000000000c5e,808.511582,Thailand,Admin1,70,Nan,1.04E+12,12281.87353,20.97221692,2003,
2003_01_01_00000000000000000c5f,994.7233115,Thailand,Admin1,71,Chanthaburi,1.04E+12,6072.524257,18.38992584,2003,
2003_01_01_00000000000000000c60,4155.276003,Thailand,Admin1,72,Nakhon Phanom,1.04E+12,5586.936704,26.23315909,2003,
2003_01_01_00000000000000000c61,5702.55243,Thailand,Admin1,73,Kanchanaburi,1.04E+12,19620.41338,48.54774457,2003,
2003_01_01_00000000000000000c62,195.6026443,Thailand,Admin1,74,Mae Hong Son,1.04E+12,13443.01606,16.90619647,2003,
2003_01_01_00000000000000000c63,4856.672155,Thailand,Admin1,75,Sa Kaew,1.04E+12,6359.594713,30.53819684,2003,
2003_01_01_00000000000000000c64,191.9112632,Thailand,Admin1,76,Satun,1.04E+12,2601.080262,6.625868734,2003,
2004_01_01_00000000000000000c18,7520.627949,Thailand,Admin1,0,Roi Et,1.07E+12,7745.022817,82.3261263,2004,
2004_01_01_00000000000000000c19,2243.955283,Thailand,Admin1,1,Phayao,1.07E+12,6066.03576,27.73988248,2004,
2004_01_01_00000000000000000c1a,8890.810789,Thailand,Admin1,2,Nakhon Sawan,1.07E+12,9747.798748,85.2010254,2004,
2004_01_01_00000000000000000c1b,3799.289054,Thailand,Admin1,3,Nongbua Lamphu,1.07E+12,4329.991886,19.68338031,2004,
2004_01_01_00000000000000000c1c,3799.547492,Thailand,Admin1,4,Chachoengsao,1.07E+12,5526.224678,55.35817168,2004,
2004_01_01_00000000000000000c1d,8090.441393,Thailand,Admin1,5,Surin,1.07E+12,8750.428499,86.08845979,2004,
2004_01_01_00000000000000000c1e,17544.13815,Thailand,Admin1,6,Nakhon Ratchasima,1.07E+12,20804.28446,194.3341677,2004,
2004_01_01_00000000000000000c1f,4338.237576,Thailand,Admin1,7,Sukhothai,1.07E+12,7104.327079,53.9152707,2004,
2004_01_01_00000000000000000c20,2246.455448,Thailand,Admin1,8,Phetchaburi,1.07E+12,6249.398042,35.28456392,2004,
2004_01_01_00000000000000000c21,9229.840086,Thailand,Admin1,9,Chaiyaphum,1.07E+12,13190.87897,71.4005379,2004,
2004_01_01_00000000000000000c22,7399.338108,Thailand,Admin1,10,Phetchabun,1.07E+12,12491.47562,50.42019601,2004,
2004_01_01_00000000000000000c23,1143.377527,Thailand,Admin1,11,Surat Thani,1.07E+12,13434.91298,69.11280467,2004,
2004_01_01_00000000000000000c24,7899.19851,Thailand,Admin1,12,Si Sa Ket,1.07E+12,8949.275223,73.36315286,2004,
2004_01_01_00000000000000000c25,2860.061717,Thailand,Admin1,13,Nong Khai,1.07E+12,3324.614466,22.95098621,2004,
2004_01_01_00000000000000000c26,147.3763057,Thailand,Admin1,14,Bangkok,1.07E+12,1575.248239,912.1272277,2004,
2004_01_01_00000000000000000c27,9607.504852,Thailand,Admin1,15,Khon Kaen,1.07E+12,10765.33812,81.11191696,2004,
2004_01_01_00000000000000000c28,3488.785906,Thailand,Admin1,16,Loei,1.07E+12,10478.24096,31.44141886,2004,
2004_01_01_00000000000000000c29,2468.920789,Thailand,Admin1,17,Saraburi,1.07E+12,3500.60375,92.78821322,2004,
2004_01_01_00000000000000000c2a,3207.405933,Thailand,Admin1,18,Uthai Thani,1.07E+12,6519.93822,7.824489681,2004,
2004_01_01_00000000000000000c2b,754.7399137,Thailand,Admin1,19,Chumphon,1.07E+12,5803.750933,24.77045383,2004,
2004_01_01_00000000000000000c2c,6183.637047,Thailand,Admin1,20,Kalasin,1.07E+12,6872.625577,50.37880175,2004,
2004_01_01_00000000000000000c2d,5645.027186,Thailand,Admin1,21,Phitsanulok,1.07E+12,10703.28817,60.97325473,2004,
2004_01_01_00000000000000000c2e,202.3425447,Thailand,Admin1,22,Ranong,1.07E+12,3181.183863,9.791345964,2004,
2004_01_01_00000000000000000c2f,9710.828121,Thailand,Admin1,23,Udon Thani,1.07E+12,10817.21024,101.3113656,2004,
2004_01_01_00000000000000000c30,7783.703921,Thailand,Admin1,24,Sakon Nakhon,1.07E+12,9593.107454,42.23378387,2004,
2004_01_01_00000000000000000c31,4591.612546,Thailand,Admin1,25,Chiang Rai,1.07E+12,11444.2486,161.2091952,2004,
2004_01_01_00000000000000000c32,1841.431373,Thailand,Admin1,26,Tak,1.07E+12,16128.33628,42.08310144,2004,
2004_01_01_00000000000000000c33,627.0648405,Thailand,Admin1,27,Nakhon Pathom,1.07E+12,2094.368392,177.5152527,2004,
2004_01_01_00000000000000000c34,896.8304669,Thailand,Admin1,28,Lamphun,1.07E+12,4194.94845,65.06612208,2004,
2004_01_01_00000000000000000c35,588.0273364,Thailand,Admin1,29,Trat,1.07E+12,2766.718454,28.20948357,2004,
2004_01_01_00000000000000000c36,2837.381918,Thailand,Admin1,30,Ratchaburi,1.07E+12,5312.479906,60.61597404,2004,
2004_01_01_00000000000000000c37,3948.282202,Thailand,Admin1,31,Yasothon,1.07E+12,4094.547994,31.73003541,2004,
2004_01_01_00000000000000000c38,1050.826939,Thailand,Admin1,32,Phrae,1.07E+12,6614.733021,43.0090578,2004,
2004_01_01_00000000000000000c39,143.211936,Thailand,Admin1,33,Yala,1.07E+12,4535.025548,21.37346814,2004,
2004_01_01_00000000000000000c3a,2186.671564,Thailand,Admin1,34,Uttaradit,1.07E+12,7772.852939,45.78807006,2004,
2004_01_01_00000000000000000c3b,9218.930589,Thailand,Admin1,35,Buri Ram,1.07E+12,10011.91984,107.4501988,2004,
2004_01_01_00000000000000000c3c,6208.536536,Thailand,Admin1,36,Kam Phaeng Phet,1.07E+12,8474.278354,17.74758551,2004,
2004_01_01_00000000000000000c3d,1900.10516,Thailand,Admin1,37,Lampang,1.07E+12,12694.18812,81.66573739,2004,
2004_01_01_00000000000000000c3e,216.1377083,Thailand,Admin1,38,Nonthaburi,1.07E+12,646.5730953,187.7759712,2004,
2004_01_01_00000000000000000c3f,3639.848821,Thailand,Admin1,39,Bueng Kan,1.07E+12,4037.46209,10.90192955,2004,
2004_01_01_00000000000000000c40,287.1264909,Thailand,Admin1,40,Narathiwat,1.07E+12,4407.022466,30.32498543,2004,
2004_01_01_00000000000000000c41,12647.35922,Thailand,Admin1,41,Ubon Ratchathani,1.07E+12,15381.51653,122.5701453,2004,
2004_01_01_00000000000000000c42,2640.38658,Thailand,Admin1,42,Phachuap Khiri Khan,1.07E+12,6413.263472,22.75958617,2004,
2004_01_01_00000000000000000c43,1311.220875,Thailand,Admin1,43,Songkhla,1.07E+12,7380.355144,93.46058367,2004,
2004_01_01_00000000000000000c44,106.2290231,Thailand,Admin1,44,Phuket,1.07E+12,505.8057687,39.1947885,2004,
2004_01_01_00000000000000000c45,804.9390109,Thailand,Admin1,45,Ang Thong,1.07E+12,982.3283513,15.70814469,2004,
2004_01_01_00000000000000000c46,5688.579385,Thailand,Admin1,46,Maha Sarakham,1.07E+12,5763.754571,40.68955617,2004,
2004_01_01_00000000000000000c47,346.6473976,Thailand,Admin1,47,Trang,1.07E+12,4724.649599,26.67582355,2004,
2004_01_01_00000000000000000c48,4202.697661,Thailand,Admin1,48,Suphan Buri,1.07E+12,5402.091474,78.1328444,2004,
2004_01_01_00000000000000000c49,799.8702518,Thailand,Admin1,49,Singburi,1.07E+12,849.8216919,17.22685375,2004,
2004_01_01_00000000000000000c4a,20.90642502,Thailand,Admin1,50,Samut Songkhram,1.07E+12,410.4443946,12.16278845,2004,
2004_01_01_00000000000000000c4b,1467.231787,Thailand,Admin1,51,Rayong,1.07E+12,3682.324334,98.25314579,2004,
2004_01_01_00000000000000000c4c,3648.039226,Thailand,Admin1,52,Prachin Buri,1.07E+12,5586.900948,28.23049961,2004,
2004_01_01_00000000000000000c4d,1758.744961,Thailand,Admin1,53,Phra Nakhon Sri Ayuthaya,1.07E+12,2481.938592,107.3041438,2004,
2004_01_01_00000000000000000c4e,4193.850226,Thailand,Admin1,54,Phichit,1.07E+12,4255.046654,23.53184194,2004,
2004_01_01_00000000000000000c4f,1612.776241,Thailand,Admin1,55,Phatthalung,1.07E+12,3318.812962,11.75616802,2004,
2004_01_01_00000000000000000c50,180.7309155,Thailand,Admin1,56,Phangnga,1.07E+12,3839.465663,3.206420313,2004,
2004_01_01_00000000000000000c51,321.3027257,Thailand,Admin1,57,Pattani,1.07E+12,1938.00129,15.35994354,2004,
2004_01_01_00000000000000000c52,712.4319441,Thailand,Admin1,58,Pathum Thani,1.07E+12,1517.672916,243.4981734,2004,
2004_01_01_00000000000000000c53,2562.765016,Thailand,Admin1,59,Nakhon Si Thammarat,1.07E+12,10181.71885,44.46205633,2004,
2004_01_01_00000000000000000c54,1146.296968,Thailand,Admin1,60,Nakhon Nayok,1.07E+12,2194.471865,3.224875977,2004,
2004_01_01_00000000000000000c55,2620.558377,Thailand,Admin1,61,Mukdahan,1.07E+12,4098.340498,8.154531849,2004,
2004_01_01_00000000000000000c56,5421.543689,Thailand,Admin1,62,Lop Buri,1.07E+12,6017.834568,72.40816679,2004,
2004_01_01_00000000000000000c57,177.160514,Thailand,Admin1,63,Krabi,1.07E+12,4360.740117,17.455911,2004,
2004_01_01_00000000000000000c58,3275.131499,Thailand,Admin1,64,Chon Buri,1.07E+12,4395.2836,247.4698608,2004,
2004_01_01_00000000000000000c59,2470.603853,Thailand,Admin1,65,Chiang Mai,1.07E+12,22765.23009,165.4872476,2004,
2004_01_01_00000000000000000c5a,2423.222785,Thailand,Admin1,66,Chai Nat,1.07E+12,2494.56793,18.85371429,2004,
2004_01_01_00000000000000000c5b,2875.26262,Thailand,Admin1,67,Amnat Chareon,1.07E+12,3264.555754,9.88117209,2004,
2004_01_01_00000000000000000c5c,33.55040593,Thailand,Admin1,68,Samut Sakhon,1.07E+12,839.3838122,158.1993619,2004,
2004_01_01_00000000000000000c5d,102.4312712,Thailand,Admin1,69,Samut Prakan,1.07E+12,941.2893751,312.2238446,2004,
2004_01_01_00000000000000000c5e,876.8354871,Thailand,Admin1,70,Nan,1.07E+12,12281.87353,20.97221692,2004,
2004_01_01_00000000000000000c5f,1044.373821,Thailand,Admin1,71,Chanthaburi,1.07E+12,6072.524257,18.60376119,2004,
2004_01_01_00000000000000000c60,4413.661176,Thailand,Admin1,72,Nakhon Phanom,1.07E+12,5586.936704,26.23315909,2004,
2004_01_01_00000000000000000c61,6072.957262,Thailand,Admin1,73,Kanchanaburi,1.07E+12,19620.41338,48.54774457,2004,
2004_01_01_00000000000000000c62,213.5127813,Thailand,Admin1,74,Mae Hong Son,1.07E+12,13443.01606,16.90619647,2004,
2004_01_01_00000000000000000c63,4895.277695,Thailand,Admin1,75,Sa Kaew,1.07E+12,6359.594713,30.53819684,2004,
2004_01_01_00000000000000000c64,189.6297546,Thailand,Admin1,76,Satun,1.07E+12,2601.080262,7.053343016,2004,
2005_01_01_00000000000000000c18,7527.702954,Thailand,Admin1,0,Roi Et,1.10E+12,7745.022817,82.75396216,2005,
2005_01_01_00000000000000000c19,2247.557061,Thailand,Admin1,1,Phayao,1.10E+12,6066.03576,27.73988248,2005,
2005_01_01_00000000000000000c1a,8881.606102,Thailand,Admin1,2,Nakhon Sawan,1.10E+12,9747.798748,85.2010254,2005,
2005_01_01_00000000000000000c1b,3853.090465,Thailand,Admin1,3,Nongbua Lamphu,1.10E+12,4329.991886,19.68338031,2005,
2005_01_01_00000000000000000c1c,3814.913115,Thailand,Admin1,4,Chachoengsao,1.10E+12,5526.224678,55.35817168,2005,
2005_01_01_00000000000000000c1d,8107.130839,Thailand,Admin1,5,Surin,1.10E+12,8750.428499,86.08845979,2005,
2005_01_01_00000000000000000c1e,17598.83089,Thailand,Admin1,6,Nakhon Ratchasima,1.10E+12,20804.28446,194.3341677,2005,
2005_01_01_00000000000000000c1f,4401.34737,Thailand,Admin1,7,Sukhothai,1.10E+12,7104.327079,53.9152707,2005,
2005_01_01_00000000000000000c20,2248.83848,Thailand,Admin1,8,Phetchaburi,1.10E+12,6249.398042,35.28456392,2005,
2005_01_01_00000000000000000c21,9258.94631,Thailand,Admin1,9,Chaiyaphum,1.10E+12,13190.87897,71.4005379,2005,
2005_01_01_00000000000000000c22,7436.393866,Thailand,Admin1,10,Phetchabun,1.10E+12,12491.47562,50.42019601,2005,
2005_01_01_00000000000000000c23,1171.376958,Thailand,Admin1,11,Surat Thani,1.10E+12,13434.91298,69.54034662,2005,
2005_01_01_00000000000000000c24,7909.707071,Thailand,Admin1,12,Si Sa Ket,1.10E+12,8949.275223,73.36315286,2005,
2005_01_01_00000000000000000c25,2895.002185,Thailand,Admin1,13,Nong Khai,1.10E+12,3324.614466,23.16495513,2005,
2005_01_01_00000000000000000c26,135.9888146,Thailand,Admin1,14,Bangkok,1.10E+12,1575.248239,916.812868,2005,
2005_01_01_00000000000000000c27,9645.44245,Thailand,Admin1,15,Khon Kaen,1.10E+12,10765.33812,81.7537001,2005,
2005_01_01_00000000000000000c28,4036.974425,Thailand,Admin1,16,Loei,1.10E+12,10478.24096,31.44141886,2005,
2005_01_01_00000000000000000c29,2461.672242,Thailand,Admin1,17,Saraburi,1.10E+12,3500.60375,92.78821322,2005,
2005_01_01_00000000000000000c2a,3189.91242,Thailand,Admin1,18,Uthai Thani,1.10E+12,6519.93822,7.824489681,2005,
2005_01_01_00000000000000000c2b,677.104785,Thailand,Admin1,19,Chumphon,1.10E+12,5803.750933,24.77045383,2005,
2005_01_01_00000000000000000c2c,6203.037254,Thailand,Admin1,20,Kalasin,1.10E+12,6872.625577,50.37880175,2005,
2005_01_01_00000000000000000c2d,5854.864859,Thailand,Admin1,21,Phitsanulok,1.10E+12,10703.28817,60.97325473,2005,
2005_01_01_00000000000000000c2e,219.0776767,Thailand,Admin1,22,Ranong,1.10E+12,3181.183863,9.791345964,2005,
2005_01_01_00000000000000000c2f,9767.77203,Thailand,Admin1,23,Udon Thani,1.10E+12,10817.21024,101.3113656,2005,
2005_01_01_00000000000000000c30,7887.374934,Thailand,Admin1,24,Sakon Nakhon,1.10E+12,9593.107454,42.23378387,2005,
2005_01_01_00000000000000000c31,4623.234917,Thailand,Admin1,25,Chiang Rai,1.10E+12,11444.2486,161.2091952,2005,
2005_01_01_00000000000000000c32,2021.006323,Thailand,Admin1,26,Tak,1.10E+12,16128.33628,42.08310144,2005,
2005_01_01_00000000000000000c33,579.9009744,Thailand,Admin1,27,Nakhon Pathom,1.10E+12,2094.368392,177.5152527,2005,
2005_01_01_00000000000000000c34,898.9635565,Thailand,Admin1,28,Lamphun,1.10E+12,4194.94845,65.06612208,2005,
2005_01_01_00000000000000000c35,530.5918729,Thailand,Admin1,29,Trat,1.10E+12,2766.718454,28.20948357,2005,
2005_01_01_00000000000000000c36,2829.901379,Thailand,Admin1,30,Ratchaburi,1.10E+12,5312.479906,60.61597404,2005,
2005_01_01_00000000000000000c37,3953.928679,Thailand,Admin1,31,Yasothon,1.10E+12,4094.547994,31.73003541,2005,
2005_01_01_00000000000000000c38,1094.105372,Thailand,Admin1,32,Phrae,1.10E+12,6614.733021,43.0090578,2005,
2005_01_01_00000000000000000c39,136.5443659,Thailand,Admin1,33,Yala,1.10E+12,4535.025548,21.37346814,2005,
2005_01_01_00000000000000000c3a,2243.683381,Thailand,Admin1,34,Uttaradit,1.10E+12,7772.852939,45.78807006,2005,
2005_01_01_00000000000000000c3b,9231.573494,Thailand,Admin1,35,Buri Ram,1.10E+12,10011.91984,107.4501988,2005,
2005_01_01_00000000000000000c3c,6210.603646,Thailand,Admin1,36,Kam Phaeng Phet,1.10E+12,8474.278354,17.74758551,2005,
2005_01_01_00000000000000000c3d,2016.686339,Thailand,Admin1,37,Lampang,1.10E+12,12694.18812,81.66573739,2005,
2005_01_01_00000000000000000c3e,192.4993458,Thailand,Admin1,38,Nonthaburi,1.10E+12,646.5730953,190.7700631,2005,
2005_01_01_00000000000000000c3f,3649.871394,Thailand,Admin1,39,Bueng Kan,1.10E+12,4037.46209,10.90192955,2005,
2005_01_01_00000000000000000c40,266.7286958,Thailand,Admin1,40,Narathiwat,1.10E+12,4407.022466,30.32498543,2005,
2005_01_01_00000000000000000c41,12751.92957,Thailand,Admin1,41,Ubon Ratchathani,1.10E+12,15381.51653,122.5701453,2005,
2005_01_01_00000000000000000c42,2743.364349,Thailand,Admin1,42,Phachuap Khiri Khan,1.10E+12,6413.263472,22.75958617,2005,
2005_01_01_00000000000000000c43,1321.770892,Thailand,Admin1,43,Songkhla,1.10E+12,7380.355144,93.92159903,2005,
2005_01_01_00000000000000000c44,114.1697686,Thailand,Admin1,44,Phuket,1.10E+12,505.8057687,40.04980012,2005,
2005_01_01_00000000000000000c45,801.0496894,Thailand,Admin1,45,Ang Thong,1.10E+12,982.3283513,15.70814469,2005,
2005_01_01_00000000000000000c46,5693.071695,Thailand,Admin1,46,Maha Sarakham,1.10E+12,5763.754571,40.68955617,2005,
2005_01_01_00000000000000000c47,319.9713809,Thailand,Admin1,47,Trang,1.10E+12,4724.649599,26.67582355,2005,
2005_01_01_00000000000000000c48,4144.589668,Thailand,Admin1,48,Suphan Buri,1.10E+12,5402.091474,78.1328444,2005,
2005_01_01_00000000000000000c49,800.1571294,Thailand,Admin1,49,Singburi,1.10E+12,849.8216919,17.22685375,2005,
2005_01_01_00000000000000000c4a,16.32158713,Thailand,Admin1,50,Samut Songkhram,1.10E+12,410.4443946,12.16278845,2005,
2005_01_01_00000000000000000c4b,1423.655943,Thailand,Admin1,51,Rayong,1.10E+12,3682.324334,98.25314579,2005,
2005_01_01_00000000000000000c4c,3657.105306,Thailand,Admin1,52,Prachin Buri,1.10E+12,5586.900948,28.23049961,2005,
2005_01_01_00000000000000000c4d,1757.512388,Thailand,Admin1,53,Phra Nakhon Sri Ayuthaya,1.10E+12,2481.938592,107.7318928,2005,
2005_01_01_00000000000000000c4e,4193.432374,Thailand,Admin1,54,Phichit,1.10E+12,4255.046654,23.53184194,2005,
2005_01_01_00000000000000000c4f,1583.130445,Thailand,Admin1,55,Phatthalung,1.10E+12,3318.812962,11.75616802,2005,
2005_01_01_00000000000000000c50,206.6153168,Thailand,Admin1,56,Phangnga,1.10E+12,3839.465663,3.206420313,2005,
2005_01_01_00000000000000000c51,386.3019923,Thailand,Admin1,57,Pattani,1.10E+12,1938.00129,15.35994354,2005,
2005_01_01_00000000000000000c52,702.5328367,Thailand,Admin1,58,Pathum Thani,1.10E+12,1517.672916,245.850697,2005,
2005_01_01_00000000000000000c53,2564.478369,Thailand,Admin1,59,Nakhon Si Thammarat,1.10E+12,10181.71885,44.67581684,2005,
2005_01_01_00000000000000000c54,1169.071102,Thailand,Admin1,60,Nakhon Nayok,1.10E+12,2194.471865,3.224875977,2005,
2005_01_01_00000000000000000c55,2637.013569,Thailand,Admin1,61,Mukdahan,1.10E+12,4098.340498,8.154531849,2005,
2005_01_01_00000000000000000c56,5372.218577,Thailand,Admin1,62,Lop Buri,1.10E+12,6017.834568,72.40816679,2005,
2005_01_01_00000000000000000c57,198.8562415,Thailand,Admin1,63,Krabi,1.10E+12,4360.740117,17.455911,2005,
2005_01_01_00000000000000000c58,3261.95307,Thailand,Admin1,64,Chon Buri,1.10E+12,4395.2836,248.8930061,2005,
2005_01_01_00000000000000000c59,2408.237831,Thailand,Admin1,65,Chiang Mai,1.10E+12,22765.23009,165.7012432,2005,
2005_01_01_00000000000000000c5a,2428.826861,Thailand,Admin1,66,Chai Nat,1.10E+12,2494.56793,18.85371429,2005,
2005_01_01_00000000000000000c5b,2897.271681,Thailand,Admin1,67,Amnat Chareon,1.10E+12,3264.555754,9.88117209,2005,
2005_01_01_00000000000000000c5c,26.08719767,Thailand,Admin1,68,Samut Sakhon,1.10E+12,839.3838122,160.3379337,2005,
2005_01_01_00000000000000000c5d,108.0896767,Thailand,Admin1,69,Samut Prakan,1.10E+12,941.2893751,315.4501558,2005,
2005_01_01_00000000000000000c5e,996.0387782,Thailand,Admin1,70,Nan,1.10E+12,12281.87353,20.97221692,2005,
2005_01_01_00000000000000000c5f,986.9689944,Thailand,Admin1,71,Chanthaburi,1.10E+12,6072.524257,18.60376119,2005,
2005_01_01_00000000000000000c60,4549.329459,Thailand,Admin1,72,Nakhon Phanom,1.10E+12,5586.936704,26.23315909,2005,
2005_01_01_00000000000000000c61,6037.639638,Thailand,Admin1,73,Kanchanaburi,1.10E+12,19620.41338,48.54774457,2005,
2005_01_01_00000000000000000c62,221.8629802,Thailand,Admin1,74,Mae Hong Son,1.10E+12,13443.01606,16.90619647,2005,
2005_01_01_00000000000000000c63,4923.314873,Thailand,Admin1,75,Sa Kaew,1.10E+12,6359.594713,30.53819684,2005,
2005_01_01_00000000000000000c64,204.3911761,Thailand,Admin1,76,Satun,1.10E+12,2601.080262,7.053343016,2005,
2006_01_01_00000000000000000c18,7520.388738,Thailand,Admin1,0,Roi Et,1.14E+12,7745.022817,83.18179834,2006,
2006_01_01_00000000000000000c19,2266.377096,Thailand,Admin1,1,Phayao,1.14E+12,6066.03576,27.73988248,2006,
2006_01_01_00000000000000000c1a,8887.458789,Thailand,Admin1,2,Nakhon Sawan,1.14E+12,9747.798748,85.2010254,2006,
2006_01_01_00000000000000000c1b,3831.814099,Thailand,Admin1,3,Nongbua Lamphu,1.14E+12,4329.991886,19.68338031,2006,
2006_01_01_00000000000000000c1c,3679.889238,Thailand,Admin1,4,Chachoengsao,1.14E+12,5526.224678,55.7858863,2006,
2006_01_01_00000000000000000c1d,8098.551139,Thailand,Admin1,5,Surin,1.14E+12,8750.428499,86.51623538,2006,
2006_01_01_00000000000000000c1e,17510.6122,Thailand,Admin1,6,Nakhon Ratchasima,1.14E+12,20804.28446,194.5480559,2006,
2006_01_01_00000000000000000c1f,4431.820855,Thailand,Admin1,7,Sukhothai,1.14E+12,7104.327079,53.9152707,2006,
2006_01_01_00000000000000000c20,2232.01113,Thailand,Admin1,8,Phetchaburi,1.14E+12,6249.398042,35.28456392,2006,
2006_01_01_00000000000000000c21,9182.76556,Thailand,Admin1,9,Chaiyaphum,1.14E+12,13190.87897,71.4005379,2006,
2006_01_01_00000000000000000c22,7439.660036,Thailand,Admin1,10,Phetchabun,1.14E+12,12491.47562,50.42019601,2006,
2006_01_01_00000000000000000c23,1067.69457,Thailand,Admin1,11,Surat Thani,1.14E+12,13434.91298,71.46429366,2006,
2006_01_01_00000000000000000c24,7893.457674,Thailand,Admin1,12,Si Sa Ket,1.14E+12,8949.275223,73.36315286,2006,
2006_01_01_00000000000000000c25,2890.992299,Thailand,Admin1,13,Nong Khai,1.14E+12,3324.614466,23.16495513,2006,
2006_01_01_00000000000000000c26,80.96402758,Thailand,Admin1,14,Bangkok,1.14E+12,1575.248239,922.7523242,2006,
2006_01_01_00000000000000000c27,9644.575229,Thailand,Admin1,15,Khon Kaen,1.14E+12,10765.33812,82.82333902,2006,
2006_01_01_00000000000000000c28,4120.911116,Thailand,Admin1,16,Loei,1.14E+12,10478.24096,31.44141886,2006,
2006_01_01_00000000000000000c29,2407.145991,Thailand,Admin1,17,Saraburi,1.14E+12,3500.60375,93.0020964,2006,
2006_01_01_00000000000000000c2a,3139.517984,Thailand,Admin1,18,Uthai Thani,1.14E+12,6519.93822,7.824489681,2006,
2006_01_01_00000000000000000c2b,623.4014713,Thailand,Admin1,19,Chumphon,1.14E+12,5803.750933,24.77045383,2006,
2006_01_01_00000000000000000c2c,6169.797384,Thailand,Admin1,20,Kalasin,1.14E+12,6872.625577,50.59273299,2006,
2006_01_01_00000000000000000c2d,5957.042207,Thailand,Admin1,21,Phitsanulok,1.14E+12,10703.28817,61.82900517,2006,
2006_01_01_00000000000000000c2e,218.9183674,Thailand,Admin1,22,Ranong,1.14E+12,3181.183863,9.791345964,2006,
2006_01_01_00000000000000000c2f,9713.929242,Thailand,Admin1,23,Udon Thani,1.14E+12,10817.21024,101.7392763,2006,
2006_01_01_00000000000000000c30,7805.297521,Thailand,Admin1,24,Sakon Nakhon,1.14E+12,9593.107454,42.23378387,2006,
2006_01_01_00000000000000000c31,4654.736495,Thailand,Admin1,25,Chiang Rai,1.14E+12,11444.2486,161.2091952,2006,
2006_01_01_00000000000000000c32,2129.822467,Thailand,Admin1,26,Tak,1.14E+12,16128.33628,42.08310144,2006,
2006_01_01_00000000000000000c33,530.8795736,Thailand,Admin1,27,Nakhon Pathom,1.14E+12,2094.368392,178.2239286,2006,
2006_01_01_00000000000000000c34,929.1411162,Thailand,Admin1,28,Lamphun,1.14E+12,4194.94845,65.06612208,2006,
2006_01_01_00000000000000000c35,510.9598213,Thailand,Admin1,29,Trat,1.14E+12,2766.718454,28.20948357,2006,
2006_01_01_00000000000000000c36,2795.852915,Thailand,Admin1,30,Ratchaburi,1.14E+12,5312.479906,60.82982965,2006,
2006_01_01_00000000000000000c37,3954.823043,Thailand,Admin1,31,Yasothon,1.14E+12,4094.547994,31.73003541,2006,
2006_01_01_00000000000000000c38,1127.742068,Thailand,Admin1,32,Phrae,1.14E+12,6614.733021,43.0090578,2006,
2006_01_01_00000000000000000c39,120.4246388,Thailand,Admin1,33,Yala,1.14E+12,4535.025548,21.37346814,2006,
2006_01_01_00000000000000000c3a,2265.529074,Thailand,Admin1,34,Uttaradit,1.14E+12,7772.852939,45.78807006,2006,
2006_01_01_00000000000000000c3b,9215.555612,Thailand,Admin1,35,Buri Ram,1.14E+12,10011.91984,107.4501988,2006,
2006_01_01_00000000000000000c3c,6203.79608,Thailand,Admin1,36,Kam Phaeng Phet,1.14E+12,8474.278354,17.96150706,2006,
2006_01_01_00000000000000000c3d,2119.985554,Thailand,Admin1,37,Lampang,1.14E+12,12694.18812,81.66573739,2006,
2006_01_01_00000000000000000c3e,141.7066186,Thailand,Admin1,38,Nonthaburi,1.14E+12,646.5730953,193.9780255,2006,
2006_01_01_00000000000000000c3f,3629.504671,Thailand,Admin1,39,Bueng Kan,1.14E+12,4037.46209,10.90192955,2006,
2006_01_01_00000000000000000c40,256.6036072,Thailand,Admin1,40,Narathiwat,1.14E+12,4407.022466,30.53872152,2006,
2006_01_01_00000000000000000c41,12829.17493,Thailand,Admin1,41,Ubon Ratchathani,1.14E+12,15381.51653,122.7840434,2006,
2006_01_01_00000000000000000c42,2759.517581,Thailand,Admin1,42,Phachuap Khiri Khan,1.14E+12,6413.263472,22.97342072,2006,
2006_01_01_00000000000000000c43,1212.745122,Thailand,Admin1,43,Songkhla,1.14E+12,7380.355144,94.95845482,2006,
2006_01_01_00000000000000000c44,89.70791442,Thailand,Admin1,44,Phuket,1.14E+12,505.8057687,40.90481246,2006,
2006_01_01_00000000000000000c45,784.5422595,Thailand,Admin1,45,Ang Thong,1.14E+12,982.3283513,15.70814469,2006,
2006_01_01_00000000000000000c46,5691.574226,Thailand,Admin1,46,Maha Sarakham,1.14E+12,5763.754571,41.11739994,2006,
2006_01_01_00000000000000000c47,313.0701595,Thailand,Admin1,47,Trang,1.14E+12,4724.649599,26.67582355,2006,
2006_01_01_00000000000000000c48,4118.955557,Thailand,Admin1,48,Suphan Buri,1.14E+12,5402.091474,78.1328444,2006,
2006_01_01_00000000000000000c49,798.9124031,Thailand,Admin1,49,Singburi,1.14E+12,849.8216919,17.22685375,2006,
2006_01_01_00000000000000000c4a,15.94840165,Thailand,Admin1,50,Samut Songkhram,1.14E+12,410.4443946,12.16278845,2006,
2006_01_01_00000000000000000c4b,1348.443255,Thailand,Admin1,51,Rayong,1.14E+12,3682.324334,98.25314579,2006,
2006_01_01_00000000000000000c4c,3608.839168,Thailand,Admin1,52,Prachin Buri,1.14E+12,5586.900948,28.65822877,2006,
2006_01_01_00000000000000000c4d,1720.397063,Thailand,Admin1,53,Phra Nakhon Sri Ayuthaya,1.14E+12,2481.938592,107.7318928,2006,
2006_01_01_00000000000000000c4e,4198.691666,Thailand,Admin1,54,Phichit,1.14E+12,4255.046654,23.53184194,2006,
2006_01_01_00000000000000000c4f,1553.231859,Thailand,Admin1,55,Phatthalung,1.14E+12,3318.812962,11.75616802,2006,
2006_01_01_00000000000000000c50,173.2953793,Thailand,Admin1,56,Phangnga,1.14E+12,3839.465663,3.206420313,2006,
2006_01_01_00000000000000000c51,308.8337867,Thailand,Admin1,57,Pattani,1.14E+12,1938.00129,15.35994354,2006,
2006_01_01_00000000000000000c52,583.2706633,Thailand,Admin1,58,Pathum Thani,1.14E+12,1517.672916,248.8448375,2006,
2006_01_01_00000000000000000c53,2529.049761,Thailand,Admin1,59,Nakhon Si Thammarat,1.14E+12,10181.71885,44.88957633,2006,
2006_01_01_00000000000000000c54,1147.000605,Thailand,Admin1,60,Nakhon Nayok,1.14E+12,2194.471865,3.224875977,2006,
2006_01_01_00000000000000000c55,2621.349201,Thailand,Admin1,61,Mukdahan,1.14E+12,4098.340498,8.154531849,2006,
2006_01_01_00000000000000000c56,5339.256259,Thailand,Admin1,62,Lop Buri,1.14E+12,6017.834568,72.40816679,2006,
2006_01_01_00000000000000000c57,142.981253,Thailand,Admin1,63,Krabi,1.14E+12,4360.740117,17.455911,2006,
2006_01_01_00000000000000000c58,3165.402785,Thailand,Admin1,64,Chon Buri,1.14E+12,4395.2836,255.3084908,2006,
2006_01_01_00000000000000000c59,2404.380029,Thailand,Admin1,65,Chiang Mai,1.14E+12,22765.23009,165.9152399,2006,
2006_01_01_00000000000000000c5a,2426.916123,Thailand,Admin1,66,Chai Nat,1.14E+12,2494.56793,18.85371429,2006,
2006_01_01_00000000000000000c5b,2897.353013,Thailand,Admin1,67,Amnat Chareon,1.14E+12,3264.555754,9.88117209,2006,
2006_01_01_00000000000000000c5c,24.73694687,Thailand,Admin1,68,Samut Sakhon,1.14E+12,839.3838122,162.3976685,2006,
2006_01_01_00000000000000000c5d,97.39007164,Thailand,Admin1,69,Samut Prakan,1.14E+12,941.2893751,319.3767496,2006,
2006_01_01_00000000000000000c5e,997.587391,Thailand,Admin1,70,Nan,1.14E+12,12281.87353,20.97221692,2006,
2006_01_01_00000000000000000c5f,936.491683,Thailand,Admin1,71,Chanthaburi,1.14E+12,6072.524257,18.60376119,2006,
2006_01_01_00000000000000000c60,4542.281839,Thailand,Admin1,72,Nakhon Phanom,1.14E+12,5586.936704,26.23315909,2006,
2006_01_01_00000000000000000c61,5875.571919,Thailand,Admin1,73,Kanchanaburi,1.14E+12,19620.41338,48.76160987,2006,
2006_01_01_00000000000000000c62,230.1846327,Thailand,Admin1,74,Mae Hong Son,1.14E+12,13443.01606,16.90619647,2006,
2006_01_01_00000000000000000c63,4902.506581,Thailand,Admin1,75,Sa Kaew,1.14E+12,6359.594713,30.53819684,2006,
2006_01_01_00000000000000000c64,182.702033,Thailand,Admin1,76,Satun,1.14E+12,2601.080262,7.267080109,2006,
2007_01_01_00000000000000000c18,7522.783677,Thailand,Admin1,0,Roi Et,1.17E+12,7745.022817,83.39571633,2007,
2007_01_01_00000000000000000c19,2308.578247,Thailand,Admin1,1,Phayao,1.17E+12,6066.03576,27.73988248,2007,
2007_01_01_00000000000000000c1a,8879.487114,Thailand,Admin1,2,Nakhon Sawan,1.17E+12,9747.798748,85.2010254,2007,
2007_01_01_00000000000000000c1b,3817.081535,Thailand,Admin1,3,Nongbua Lamphu,1.17E+12,4329.991886,19.68338031,2007,
2007_01_01_00000000000000000c1c,3719.451773,Thailand,Admin1,4,Chachoengsao,1.17E+12,5526.224678,56.42746177,2007,
2007_01_01_00000000000000000c1d,8091.457809,Thailand,Admin1,5,Surin,1.17E+12,8750.428499,86.51623538,2007,
2007_01_01_00000000000000000c1e,17476.35967,Thailand,Admin1,6,Nakhon Ratchasima,1.17E+12,20804.28446,194.761948,2007,
2007_01_01_00000000000000000c1f,4445.614919,Thailand,Admin1,7,Sukhothai,1.17E+12,7104.327079,53.9152707,2007,
2007_01_01_00000000000000000c20,2290.271275,Thailand,Admin1,8,Phetchaburi,1.17E+12,6249.398042,35.49840964,2007,
2007_01_01_00000000000000000c21,9199.237619,Thailand,Admin1,9,Chaiyaphum,1.17E+12,13190.87897,71.61446754,2007,
2007_01_01_00000000000000000c22,7466.334498,Thailand,Admin1,10,Phetchabun,1.17E+12,12491.47562,50.42019601,2007,
2007_01_01_00000000000000000c23,996.73298,Thailand,Admin1,11,Surat Thani,1.17E+12,13434.91298,71.89184941,2007,
2007_01_01_00000000000000000c24,7877.480081,Thailand,Admin1,12,Si Sa Ket,1.17E+12,8949.275223,73.36315286,2007,
2007_01_01_00000000000000000c25,2895.347867,Thailand,Admin1,13,Nong Khai,1.17E+12,3324.614466,23.37892344,2007,
2007_01_01_00000000000000000c26,104.0428849,Thailand,Admin1,14,Bangkok,1.17E+12,1575.248239,930.2374669,2007,
2007_01_01_00000000000000000c27,9627.460469,Thailand,Admin1,15,Khon Kaen,1.17E+12,10765.33812,83.25119515,2007,
2007_01_01_00000000000000000c28,4243.084214,Thailand,Admin1,16,Loei,1.17E+12,10478.24096,31.44141886,2007,
2007_01_01_00000000000000000c29,2421.202528,Thailand,Admin1,17,Saraburi,1.17E+12,3500.60375,93.4298515,2007,
2007_01_01_00000000000000000c2a,3143.799308,Thailand,Admin1,18,Uthai Thani,1.17E+12,6519.93822,7.824489681,2007,
2007_01_01_00000000000000000c2b,579.6784711,Thailand,Admin1,19,Chumphon,1.17E+12,5803.750933,24.77045383,2007,
2007_01_01_00000000000000000c2c,6181.379407,Thailand,Admin1,20,Kalasin,1.17E+12,6872.625577,50.59273299,2007,
2007_01_01_00000000000000000c2d,6018.107627,Thailand,Admin1,21,Phitsanulok,1.17E+12,10703.28817,61.82900517,2007,
2007_01_01_00000000000000000c2e,195.190382,Thailand,Admin1,22,Ranong,1.17E+12,3181.183863,9.791345964,2007,
2007_01_01_00000000000000000c2f,9703.818221,Thailand,Admin1,23,Udon Thani,1.17E+12,10817.21024,101.7392763,2007,
2007_01_01_00000000000000000c30,7833.870448,Thailand,Admin1,24,Sakon Nakhon,1.17E+12,9593.107454,42.23378387,2007,
2007_01_01_00000000000000000c31,4753.121047,Thailand,Admin1,25,Chiang Rai,1.17E+12,11444.2486,161.4232435,2007,
2007_01_01_00000000000000000c32,2185.975506,Thailand,Admin1,26,Tak,1.17E+12,16128.33628,42.08310144,2007,
2007_01_01_00000000000000000c33,551.8033069,Thailand,Admin1,27,Nakhon Pathom,1.17E+12,2094.368392,178.4377895,2007,
2007_01_01_00000000000000000c34,956.5237209,Thailand,Admin1,28,Lamphun,1.17E+12,4194.94845,65.06612208,2007,
2007_01_01_00000000000000000c35,486.0043615,Thailand,Admin1,29,Trat,1.17E+12,2766.718454,28.20948357,2007,
2007_01_01_00000000000000000c36,2830.485312,Thailand,Admin1,30,Ratchaburi,1.17E+12,5312.479906,60.82982965,2007,
2007_01_01_00000000000000000c37,3958.438746,Thailand,Admin1,31,Yasothon,1.17E+12,4094.547994,31.73003541,2007,
2007_01_01_00000000000000000c38,1195.274087,Thailand,Admin1,32,Phrae,1.17E+12,6614.733021,43.0090578,2007,
2007_01_01_00000000000000000c39,118.3116403,Thailand,Admin1,33,Yala,1.17E+12,4535.025548,21.37346814,2007,
2007_01_01_00000000000000000c3a,2328.342851,Thailand,Admin1,34,Uttaradit,1.17E+12,7772.852939,45.78807006,2007,
2007_01_01_00000000000000000c3b,9202.3618,Thailand,Admin1,35,Buri Ram,1.17E+12,10011.91984,107.4501988,2007,
2007_01_01_00000000000000000c3c,6209.752541,Thailand,Admin1,36,Kam Phaeng Phet,1.17E+12,8474.278354,17.96150706,2007,
2007_01_01_00000000000000000c3d,2177.793313,Thailand,Admin1,37,Lampang,1.17E+12,12694.18812,81.66573739,2007,
2007_01_01_00000000000000000c3e,152.1592341,Thailand,Admin1,38,Nonthaburi,1.17E+12,646.5730953,196.3305135,2007,
2007_01_01_00000000000000000c3f,3615.362911,Thailand,Admin1,39,Bueng Kan,1.17E+12,4037.46209,10.90192955,2007,
2007_01_01_00000000000000000c40,262.4531341,Thailand,Admin1,40,Narathiwat,1.17E+12,4407.022466,30.75245771,2007,
2007_01_01_00000000000000000c41,12803.33365,Thailand,Admin1,41,Ubon Ratchathani,1.17E+12,15381.51653,122.7840434,2007,
2007_01_01_00000000000000000c42,2982.441662,Thailand,Admin1,42,Phachuap Khiri Khan,1.17E+12,6413.263472,22.97342072,2007,
2007_01_01_00000000000000000c43,1156.983235,Thailand,Admin1,43,Songkhla,1.17E+12,7380.355144,95.38593805,2007,
2007_01_01_00000000000000000c44,75.80974319,Thailand,Admin1,44,Phuket,1.17E+12,505.8057687,41.7598247,2007,
2007_01_01_00000000000000000c45,791.2145818,Thailand,Admin1,45,Ang Thong,1.17E+12,982.3283513,15.70814469,2007,
2007_01_01_00000000000000000c46,5692.002153,Thailand,Admin1,46,Maha Sarakham,1.17E+12,5763.754571,41.33132192,2007,
2007_01_01_00000000000000000c47,304.3022949,Thailand,Admin1,47,Trang,1.17E+12,4724.649599,26.67582355,2007,
2007_01_01_00000000000000000c48,4074.445203,Thailand,Admin1,48,Suphan Buri,1.17E+12,5402.091474,78.1328444,2007,
2007_01_01_00000000000000000c49,801.3725393,Thailand,Admin1,49,Singburi,1.17E+12,849.8216919,17.22685375,2007,
2007_01_01_00000000000000000c4a,17.99803931,Thailand,Admin1,50,Samut Songkhram,1.17E+12,410.4443946,12.16278845,2007,
2007_01_01_00000000000000000c4b,1349.479215,Thailand,Admin1,51,Rayong,1.17E+12,3682.324334,98.46698318,2007,
2007_01_01_00000000000000000c4c,3595.351395,Thailand,Admin1,52,Prachin Buri,1.17E+12,5586.900948,28.65822877,2007,
2007_01_01_00000000000000000c4d,1748.006752,Thailand,Admin1,53,Phra Nakhon Sri Ayuthaya,1.17E+12,2481.938592,109.2290095,2007,
2007_01_01_00000000000000000c4e,4199.804083,Thailand,Admin1,54,Phichit,1.17E+12,4255.046654,23.53184194,2007,
2007_01_01_00000000000000000c4f,1520.282896,Thailand,Admin1,55,Phatthalung,1.17E+12,3318.812962,11.75616802,2007,
2007_01_01_00000000000000000c50,158.2338468,Thailand,Admin1,56,Phangnga,1.17E+12,3839.465663,3.206420313,2007,
2007_01_01_00000000000000000c51,288.6426374,Thailand,Admin1,57,Pattani,1.17E+12,1938.00129,15.57368438,2007,
2007_01_01_00000000000000000c52,578.4654305,Thailand,Admin1,58,Pathum Thani,1.17E+12,1517.672916,250.7696451,2007,
2007_01_01_00000000000000000c53,2455.193437,Thailand,Admin1,59,Nakhon Si Thammarat,1.17E+12,10181.71885,45.31709536,2007,
2007_01_01_00000000000000000c54,1167.895234,Thailand,Admin1,60,Nakhon Nayok,1.17E+12,2194.471865,3.224875977,2007,
2007_01_01_00000000000000000c55,2642.246544,Thailand,Admin1,61,Mukdahan,1.17E+12,4098.340498,8.154531849,2007,
2007_01_01_00000000000000000c56,5353.51824,Thailand,Admin1,62,Lop Buri,1.17E+12,6017.834568,72.40816679,2007,
2007_01_01_00000000000000000c57,119.0842107,Thailand,Admin1,63,Krabi,1.17E+12,4360.740117,17.455911,2007,
2007_01_01_00000000000000000c58,3149.385723,Thailand,Admin1,64,Chon Buri,1.17E+12,4395.2836,262.5794249,2007,
2007_01_01_00000000000000000c59,2437.071951,Thailand,Admin1,65,Chiang Mai,1.17E+12,22765.23009,166.1292359,2007,
2007_01_01_00000000000000000c5a,2425.551327,Thailand,Admin1,66,Chai Nat,1.17E+12,2494.56793,18.85371429,2007,
2007_01_01_00000000000000000c5b,2929.862737,Thailand,Admin1,67,Amnat Chareon,1.17E+12,3264.555754,9.88117209,2007,
2007_01_01_00000000000000000c5c,27.30659158,Thailand,Admin1,68,Samut Sakhon,1.17E+12,839.3838122,163.6808108,2007,
2007_01_01_00000000000000000c5d,103.9450218,Thailand,Admin1,69,Samut Prakan,1.17E+12,941.2893751,322.5846111,2007,
2007_01_01_00000000000000000c5e,1065.727767,Thailand,Admin1,70,Nan,1.17E+12,12281.87353,20.97221692,2007,
2007_01_01_00000000000000000c5f,898.7795176,Thailand,Admin1,71,Chanthaburi,1.17E+12,6072.524257,18.60376119,2007,
2007_01_01_00000000000000000c60,4620.345095,Thailand,Admin1,72,Nakhon Phanom,1.17E+12,5586.936704,26.23315909,2007,
2007_01_01_00000000000000000c61,5923.811711,Thailand,Admin1,73,Kanchanaburi,1.17E+12,19620.41338,48.97547517,2007,
2007_01_01_00000000000000000c62,241.4795602,Thailand,Admin1,74,Mae Hong Son,1.17E+12,13443.01606,16.90619647,2007,
2007_01_01_00000000000000000c63,4891.482449,Thailand,Admin1,75,Sa Kaew,1.17E+12,6359.594713,30.53819684,2007,
2007_01_01_00000000000000000c64,190.7562385,Thailand,Admin1,76,Satun,1.17E+12,2601.080262,7.267080109,2007,
2008_01_01_00000000000000000c18,7518.450991,Thailand,Admin1,0,Roi Et,1.20E+12,7745.022817,83.39571633,2008,
2008_01_01_00000000000000000c19,2288.963318,Thailand,Admin1,1,Phayao,1.20E+12,6066.03576,27.73988248,2008,
2008_01_01_00000000000000000c1a,8871.919076,Thailand,Admin1,2,Nakhon Sawan,1.20E+12,9747.798748,85.2010254,2008,
2008_01_01_00000000000000000c1b,3790.395062,Thailand,Admin1,3,Nongbua Lamphu,1.20E+12,4329.991886,19.89732995,2008,
2008_01_01_00000000000000000c1c,3702.339892,Thailand,Admin1,4,Chachoengsao,1.20E+12,5526.224678,56.85517724,2008,
2008_01_01_00000000000000000c1d,8082.572223,Thailand,Admin1,5,Surin,1.20E+12,8750.428499,86.51623538,2008,
2008_01_01_00000000000000000c1e,17475.96302,Thailand,Admin1,6,Nakhon Ratchasima,1.20E+12,20804.28446,194.761948,2008,
2008_01_01_00000000000000000c1f,4455.575718,Thailand,Admin1,7,Sukhothai,1.20E+12,7104.327079,53.9152707,2008,
2008_01_01_00000000000000000c20,2285.137795,Thailand,Admin1,8,Phetchaburi,1.20E+12,6249.398042,35.49840964,2008,
2008_01_01_00000000000000000c21,9166.068341,Thailand,Admin1,9,Chaiyaphum,1.20E+12,13190.87897,71.61446754,2008,
2008_01_01_00000000000000000c22,7396.833311,Thailand,Admin1,10,Phetchabun,1.20E+12,12491.47562,50.42019601,2008,
2008_01_01_00000000000000000c23,945.6395614,Thailand,Admin1,11,Surat Thani,1.20E+12,13434.91298,71.89184941,2008,
2008_01_01_00000000000000000c24,7841.08839,Thailand,Admin1,12,Si Sa Ket,1.20E+12,8949.275223,73.36315286,2008,
2008_01_01_00000000000000000c25,2866.898597,Thailand,Admin1,13,Nong Khai,1.20E+12,3324.614466,23.37892344,2008,
2008_01_01_00000000000000000c26,114.9648458,Thailand,Admin1,14,Bangkok,1.20E+12,1575.248239,933.3774508,2008,
2008_01_01_00000000000000000c27,9594.288764,Thailand,Admin1,15,Khon Kaen,1.20E+12,10765.33812,83.25119515,2008,
2008_01_01_00000000000000000c28,4043.262178,Thailand,Admin1,16,Loei,1.20E+12,10478.24096,31.44141886,2008,
2008_01_01_00000000000000000c29,2419.273832,Thailand,Admin1,17,Saraburi,1.20E+12,3500.60375,93.85760982,2008,
2008_01_01_00000000000000000c2a,3135.714053,Thailand,Admin1,18,Uthai Thani,1.20E+12,6519.93822,7.824489681,2008,
2008_01_01_00000000000000000c2b,574.0890483,Thailand,Admin1,19,Chumphon,1.20E+12,5803.750933,24.77045383,2008,
2008_01_01_00000000000000000c2c,6175.311338,Thailand,Admin1,20,Kalasin,1.20E+12,6872.625577,50.59273299,2008,
2008_01_01_00000000000000000c2d,6008.716102,Thailand,Admin1,21,Phitsanulok,1.20E+12,10703.28817,61.82900517,2008,
2008_01_01_00000000000000000c2e,185.7642207,Thailand,Admin1,22,Ranong,1.20E+12,3181.183863,9.791345964,2008,
2008_01_01_00000000000000000c2f,9631.303764,Thailand,Admin1,23,Udon Thani,1.20E+12,10817.21024,101.7392763,2008,
2008_01_01_00000000000000000c30,7790.556098,Thailand,Admin1,24,Sakon Nakhon,1.20E+12,9593.107454,42.23378387,2008,
2008_01_01_00000000000000000c31,4695.140502,Thailand,Admin1,25,Chiang Rai,1.20E+12,11444.2486,161.4232435,2008,
2008_01_01_00000000000000000c32,2235.264057,Thailand,Admin1,26,Tak,1.20E+12,16128.33628,42.51097362,2008,
2008_01_01_00000000000000000c33,559.8643396,Thailand,Admin1,27,Nakhon Pathom,1.20E+12,2094.368392,179.0793718,2008,
2008_01_01_00000000000000000c34,950.9195107,Thailand,Admin1,28,Lamphun,1.20E+12,4194.94845,65.06612208,2008,
2008_01_01_00000000000000000c35,482.2972748,Thailand,Admin1,29,Trat,1.20E+12,2766.718454,28.20948357,2008,
2008_01_01_00000000000000000c36,2855.105706,Thailand,Admin1,30,Ratchaburi,1.20E+12,5312.479906,60.82982965,2008,
2008_01_01_00000000000000000c37,3956.247528,Thailand,Admin1,31,Yasothon,1.20E+12,4094.547994,31.73003541,2008,
2008_01_01_00000000000000000c38,1223.271626,Thailand,Admin1,32,Phrae,1.20E+12,6614.733021,43.0090578,2008,
2008_01_01_00000000000000000c39,123.5544251,Thailand,Admin1,33,Yala,1.20E+12,4535.025548,21.37346814,2008,
2008_01_01_00000000000000000c3a,2336.743418,Thailand,Admin1,34,Uttaradit,1.20E+12,7772.852939,45.78807006,2008,
2008_01_01_00000000000000000c3b,9176.209802,Thailand,Admin1,35,Buri Ram,1.20E+12,10011.91984,107.4501988,2008,
2008_01_01_00000000000000000c3c,6194.01479,Thailand,Admin1,36,Kam Phaeng Phet,1.20E+12,8474.278354,17.96150706,2008,
2008_01_01_00000000000000000c3d,2152.825791,Thailand,Admin1,37,Lampang,1.20E+12,12694.18812,81.66573739,2008,
2008_01_01_00000000000000000c3e,119.0895282,Thailand,Admin1,38,Nonthaburi,1.20E+12,646.5730953,198.0414255,2008,
2008_01_01_00000000000000000c3f,3487.863276,Thailand,Admin1,39,Bueng Kan,1.20E+12,4037.46209,10.90192955,2008,
2008_01_01_00000000000000000c40,245.1541276,Thailand,Admin1,40,Narathiwat,1.20E+12,4407.022466,30.96619385,2008,
2008_01_01_00000000000000000c41,12768.47541,Thailand,Admin1,41,Ubon Ratchathani,1.20E+12,15381.51653,123.4257298,2008,
2008_01_01_00000000000000000c42,2818.736543,Thailand,Admin1,42,Phachuap Khiri Khan,1.20E+12,6413.263472,22.97342072,2008,
2008_01_01_00000000000000000c43,1140.626985,Thailand,Admin1,43,Songkhla,1.20E+12,7380.355144,95.81342205,2008,
2008_01_01_00000000000000000c44,63.77159202,Thailand,Admin1,44,Phuket,1.20E+12,505.8057687,42.61483656,2008,
2008_01_01_00000000000000000c45,732.9694498,Thailand,Admin1,45,Ang Thong,1.20E+12,982.3283513,15.70814469,2008,
2008_01_01_00000000000000000c46,5687.831938,Thailand,Admin1,46,Maha Sarakham,1.20E+12,5763.754571,41.33132192,2008,
2008_01_01_00000000000000000c47,347.4067706,Thailand,Admin1,47,Trang,1.20E+12,4724.649599,26.67582355,2008,
2008_01_01_00000000000000000c48,4008.488091,Thailand,Admin1,48,Suphan Buri,1.20E+12,5402.091474,78.1328444,2008,
2008_01_01_00000000000000000c49,800.7694747,Thailand,Admin1,49,Singburi,1.20E+12,849.8216919,17.22685375,2008,
2008_01_01_00000000000000000c4a,27.57449146,Thailand,Admin1,50,Samut Songkhram,1.20E+12,410.4443946,12.16278845,2008,
2008_01_01_00000000000000000c4b,1331.633846,Thailand,Admin1,51,Rayong,1.20E+12,3682.324334,98.89466446,2008,
2008_01_01_00000000000000000c4c,3595.273149,Thailand,Admin1,52,Prachin Buri,1.20E+12,5586.900948,28.65822877,2008,
2008_01_01_00000000000000000c4d,1698.322855,Thailand,Admin1,53,Phra Nakhon Sri Ayuthaya,1.20E+12,2481.938592,110.2983777,2008,
2008_01_01_00000000000000000c4e,4202.793227,Thailand,Admin1,54,Phichit,1.20E+12,4255.046654,23.53184194,2008,
2008_01_01_00000000000000000c4f,1561.913306,Thailand,Admin1,55,Phatthalung,1.20E+12,3318.812962,11.96991738,2008,
2008_01_01_00000000000000000c50,140.9628274,Thailand,Admin1,56,Phangnga,1.20E+12,3839.465663,3.206420313,2008,
2008_01_01_00000000000000000c51,255.4176207,Thailand,Admin1,57,Pattani,1.20E+12,1938.00129,15.78658707,2008,
2008_01_01_00000000000000000c52,550.9663356,Thailand,Admin1,58,Pathum Thani,1.20E+12,1517.672916,252.905788,2008,
2008_01_01_00000000000000000c53,2421.790204,Thailand,Admin1,59,Nakhon Si Thammarat,1.20E+12,10181.71885,45.53085497,2008,
2008_01_01_00000000000000000c54,1174.493339,Thailand,Admin1,60,Nakhon Nayok,1.20E+12,2194.471865,3.224875977,2008,
2008_01_01_00000000000000000c55,2632.111292,Thailand,Admin1,61,Mukdahan,1.20E+12,4098.340498,8.154531849,2008,
2008_01_01_00000000000000000c56,5333.890985,Thailand,Admin1,62,Lop Buri,1.20E+12,6017.834568,72.40816679,2008,
2008_01_01_00000000000000000c57,115.1653791,Thailand,Admin1,63,Krabi,1.20E+12,4360.740117,17.66966684,2008,
2008_01_01_00000000000000000c58,3115.045374,Thailand,Admin1,64,Chon Buri,1.20E+12,4395.2836,267.7118101,2008,
2008_01_01_00000000000000000c59,2414.493943,Thailand,Admin1,65,Chiang Mai,1.20E+12,22765.23009,166.1292359,2008,
2008_01_01_00000000000000000c5a,2424.849246,Thailand,Admin1,66,Chai Nat,1.20E+12,2494.56793,18.85371429,2008,
2008_01_01_00000000000000000c5b,2944.392467,Thailand,Admin1,67,Amnat Chareon,1.20E+12,3264.555754,9.88117209,2008,
2008_01_01_00000000000000000c5c,27.08687922,Thailand,Admin1,68,Samut Sakhon,1.20E+12,839.3838122,164.9639535,2008,
2008_01_01_00000000000000000c5d,104.9916974,Thailand,Admin1,69,Samut Prakan,1.20E+12,941.2893751,326.7166717,2008,
2008_01_01_00000000000000000c5e,1067.987501,Thailand,Admin1,70,Nan,1.20E+12,12281.87353,20.97221692,2008,
2008_01_01_00000000000000000c5f,910.1333546,Thailand,Admin1,71,Chanthaburi,1.20E+12,6072.524257,18.60376119,2008,
2008_01_01_00000000000000000c60,4576.391092,Thailand,Admin1,72,Nakhon Phanom,1.20E+12,5586.936704,26.23315909,2008,
2008_01_01_00000000000000000c61,5942.218718,Thailand,Admin1,73,Kanchanaburi,1.20E+12,19620.41338,48.97547517,2008,
2008_01_01_00000000000000000c62,246.4739789,Thailand,Admin1,74,Mae Hong Son,1.20E+12,13443.01606,16.90619647,2008,
2008_01_01_00000000000000000c63,4880.000276,Thailand,Admin1,75,Sa Kaew,1.20E+12,6359.594713,30.53819684,2008,
2008_01_01_00000000000000000c64,172.4139782,Thailand,Admin1,76,Satun,1.20E+12,2601.080262,7.267080109,2008,
2009_01_01_00000000000000000c18,7517.322669,Thailand,Admin1,0,Roi Et,1.23E+12,7745.022817,83.39571633,2009,
2009_01_01_00000000000000000c19,2293.314146,Thailand,Admin1,1,Phayao,1.23E+12,6066.03576,27.73988248,2009,
2009_01_01_00000000000000000c1a,8850.878798,Thailand,Admin1,2,Nakhon Sawan,1.23E+12,9747.798748,85.62885105,2009,
2009_01_01_00000000000000000c1b,3789.610123,Thailand,Admin1,3,Nongbua Lamphu,1.23E+12,4329.991886,19.89732995,2009,
2009_01_01_00000000000000000c1c,3720.661069,Thailand,Admin1,4,Chachoengsao,1.23E+12,5526.224678,57.28289166,2009,
2009_01_01_00000000000000000c1d,8068.179347,Thailand,Admin1,5,Surin,1.23E+12,8750.428499,86.51623538,2009,
2009_01_01_00000000000000000c1e,17406.58953,Thailand,Admin1,6,Nakhon Ratchasima,1.23E+12,20804.28446,194.761948,2009,
2009_01_01_00000000000000000c1f,4411.633426,Thailand,Admin1,7,Sukhothai,1.23E+12,7104.327079,53.9152707,2009,
2009_01_01_00000000000000000c20,2291.514369,Thailand,Admin1,8,Phetchaburi,1.23E+12,6249.398042,35.49840964,2009,
2009_01_01_00000000000000000c21,9095.982327,Thailand,Admin1,9,Chaiyaphum,1.23E+12,13190.87897,71.61446754,2009,
2009_01_01_00000000000000000c22,7306.43702,Thailand,Admin1,10,Phetchabun,1.23E+12,12491.47562,50.42019601,2009,
2009_01_01_00000000000000000c23,991.7876612,Thailand,Admin1,11,Surat Thani,1.23E+12,13434.91298,71.89184941,2009,
2009_01_01_00000000000000000c24,7773.363024,Thailand,Admin1,12,Si Sa Ket,1.23E+12,8949.275223,73.36315286,2009,
2009_01_01_00000000000000000c25,2820.876784,Thailand,Admin1,13,Nong Khai,1.23E+12,3324.614466,23.37892344,2009,
2009_01_01_00000000000000000c26,165.2075246,Thailand,Admin1,14,Bangkok,1.23E+12,1575.248239,934.8744745,2009,
2009_01_01_00000000000000000c27,9591.86936,Thailand,Admin1,15,Khon Kaen,1.23E+12,10765.33812,84.53476382,2009,
2009_01_01_00000000000000000c28,3835.355132,Thailand,Admin1,16,Loei,1.23E+12,10478.24096,31.44141886,2009,
2009_01_01_00000000000000000c29,2400.188419,Thailand,Admin1,17,Saraburi,1.23E+12,3500.60375,93.85760982,2009,
2009_01_01_00000000000000000c2a,3138.744456,Thailand,Admin1,18,Uthai Thani,1.23E+12,6519.93822,7.824489681,2009,
2009_01_01_00000000000000000c2b,591.6306603,Thailand,Admin1,19,Chumphon,1.23E+12,5803.750933,24.77045383,2009,
2009_01_01_00000000000000000c2c,6186.879263,Thailand,Admin1,20,Kalasin,1.23E+12,6872.625577,50.59273299,2009,
2009_01_01_00000000000000000c2d,5944.341857,Thailand,Admin1,21,Phitsanulok,1.23E+12,10703.28817,61.82900517,2009,
2009_01_01_00000000000000000c2e,181.4804225,Thailand,Admin1,22,Ranong,1.23E+12,3181.183863,9.791345964,2009,
2009_01_01_00000000000000000c2f,9584.474595,Thailand,Admin1,23,Udon Thani,1.23E+12,10817.21024,101.9532321,2009,
2009_01_01_00000000000000000c30,7858.990194,Thailand,Admin1,24,Sakon Nakhon,1.23E+12,9593.107454,42.44773233,2009,
2009_01_01_00000000000000000c31,4701.356141,Thailand,Admin1,25,Chiang Rai,1.23E+12,11444.2486,161.4232435,2009,
2009_01_01_00000000000000000c32,2175.733343,Thailand,Admin1,26,Tak,1.23E+12,16128.33628,42.51097362,2009,
2009_01_01_00000000000000000c33,603.1280525,Thailand,Admin1,27,Nakhon Pathom,1.23E+12,2094.368392,179.7209541,2009,
2009_01_01_00000000000000000c34,941.9472305,Thailand,Admin1,28,Lamphun,1.23E+12,4194.94845,65.06612208,2009,
2009_01_01_00000000000000000c35,435.3698961,Thailand,Admin1,29,Trat,1.23E+12,2766.718454,28.20948357,2009,
2009_01_01_00000000000000000c36,2875.911933,Thailand,Admin1,30,Ratchaburi,1.23E+12,5312.479906,60.82982965,2009,
2009_01_01_00000000000000000c37,3954.288021,Thailand,Admin1,31,Yasothon,1.23E+12,4094.547994,31.73003541,2009,
2009_01_01_00000000000000000c38,1199.224185,Thailand,Admin1,32,Phrae,1.23E+12,6614.733021,43.0090578,2009,
2009_01_01_00000000000000000c39,127.4260022,Thailand,Admin1,33,Yala,1.23E+12,4535.025548,21.37346814,2009,
2009_01_01_00000000000000000c3a,2315.989362,Thailand,Admin1,34,Uttaradit,1.23E+12,7772.852939,45.78807006,2009,
2009_01_01_00000000000000000c3b,9147.52303,Thailand,Admin1,35,Buri Ram,1.23E+12,10011.91984,107.4501988,2009,
2009_01_01_00000000000000000c3c,6180.565595,Thailand,Admin1,36,Kam Phaeng Phet,1.23E+12,8474.278354,17.96150706,2009,
2009_01_01_00000000000000000c3d,2091.071678,Thailand,Admin1,37,Lampang,1.23E+12,12694.18812,81.66573739,2009,
2009_01_01_00000000000000000c3e,123.3022404,Thailand,Admin1,38,Nonthaburi,1.23E+12,646.5730953,202.5325822,2009,
2009_01_01_00000000000000000c3f,3265.885394,Thailand,Admin1,39,Bueng Kan,1.23E+12,4037.46209,10.90192955,2009,
2009_01_01_00000000000000000c40,251.1395588,Thailand,Admin1,40,Narathiwat,1.23E+12,4407.022466,30.96619385,2009,
2009_01_01_00000000000000000c41,12694.35095,Thailand,Admin1,41,Ubon Ratchathani,1.23E+12,15381.51653,123.4257298,2009,
2009_01_01_00000000000000000c42,2966.311363,Thailand,Admin1,42,Phachuap Khiri Khan,1.23E+12,6413.263472,22.97342072,2009,
2009_01_01_00000000000000000c43,1239.608626,Thailand,Admin1,43,Songkhla,1.23E+12,7380.355144,96.24090535,2009,
2009_01_01_00000000000000000c44,57.44952006,Thailand,Admin1,44,Phuket,1.23E+12,505.8057687,43.68360165,2009,
2009_01_01_00000000000000000c45,717.5097812,Thailand,Admin1,45,Ang Thong,1.23E+12,982.3283513,15.70814469,2009,
2009_01_01_00000000000000000c46,5687.660039,Thailand,Admin1,46,Maha Sarakham,1.23E+12,5763.754571,41.33132192,2009,
2009_01_01_00000000000000000c47,393.1573293,Thailand,Admin1,47,Trang,1.23E+12,4724.649599,26.67582355,2009,
2009_01_01_00000000000000000c48,4058.95721,Thailand,Admin1,48,Suphan Buri,1.23E+12,5402.091474,78.34672921,2009,
2009_01_01_00000000000000000c49,800.4868039,Thailand,Admin1,49,Singburi,1.23E+12,849.8216919,17.22685375,2009,
2009_01_01_00000000000000000c4a,41.29633031,Thailand,Admin1,50,Samut Songkhram,1.23E+12,410.4443946,12.16278845,2009,
2009_01_01_00000000000000000c4b,1319.920185,Thailand,Admin1,51,Rayong,1.23E+12,3682.324334,98.89466446,2009,
2009_01_01_00000000000000000c4c,3577.569275,Thailand,Admin1,52,Prachin Buri,1.23E+12,5586.900948,28.65822877,2009,
2009_01_01_00000000000000000c4d,1719.188451,Thailand,Admin1,53,Phra Nakhon Sri Ayuthaya,1.23E+12,2481.938592,111.1538751,2009,
2009_01_01_00000000000000000c4e,4202.13046,Thailand,Admin1,54,Phichit,1.23E+12,4255.046654,23.53184194,2009,
2009_01_01_00000000000000000c4f,1564.551656,Thailand,Admin1,55,Phatthalung,1.23E+12,3318.812962,11.96991738,2009,
2009_01_01_00000000000000000c50,141.4449796,Thailand,Admin1,56,Phangnga,1.23E+12,3839.465663,3.206420313,2009,
2009_01_01_00000000000000000c51,229.9760518,Thailand,Admin1,57,Pattani,1.23E+12,1938.00129,15.78658707,2009,
2009_01_01_00000000000000000c52,557.0384103,Thailand,Admin1,58,Pathum Thani,1.23E+12,1517.672916,255.4721886,2009,
2009_01_01_00000000000000000c53,2424.184744,Thailand,Admin1,59,Nakhon Si Thammarat,1.23E+12,10181.71885,45.95837563,2009,
2009_01_01_00000000000000000c54,1176.215153,Thailand,Admin1,60,Nakhon Nayok,1.23E+12,2194.471865,3.224875977,2009,
2009_01_01_00000000000000000c55,2636.947675,Thailand,Admin1,61,Mukdahan,1.23E+12,4098.340498,8.154531849,2009,
2009_01_01_00000000000000000c56,5310.522938,Thailand,Admin1,62,Lop Buri,1.23E+12,6017.834568,72.40816679,2009,
2009_01_01_00000000000000000c57,122.9520168,Thailand,Admin1,63,Krabi,1.23E+12,4360.740117,17.66966684,2009,
2009_01_01_00000000000000000c58,3085.244966,Thailand,Admin1,64,Chon Buri,1.23E+12,4395.2836,271.1333849,2009,
2009_01_01_00000000000000000c59,2434.61145,Thailand,Admin1,65,Chiang Mai,1.23E+12,22765.23009,166.1292359,2009,
2009_01_01_00000000000000000c5a,2422.71368,Thailand,Admin1,66,Chai Nat,1.23E+12,2494.56793,18.85371429,2009,
2009_01_01_00000000000000000c5b,2965.026955,Thailand,Admin1,67,Amnat Chareon,1.23E+12,3264.555754,9.88117209,2009,
2009_01_01_00000000000000000c5c,38.37935678,Thailand,Admin1,68,Samut Sakhon,1.23E+12,839.3838122,165.6055256,2009,
2009_01_01_00000000000000000c5d,109.3175193,Thailand,Admin1,69,Samut Prakan,1.23E+12,941.2893751,328.2136728,2009,
2009_01_01_00000000000000000c5e,1035.523843,Thailand,Admin1,70,Nan,1.23E+12,12281.87353,20.97221692,2009,
2009_01_01_00000000000000000c5f,914.9302429,Thailand,Admin1,71,Chanthaburi,1.23E+12,6072.524257,18.60376119,2009,
2009_01_01_00000000000000000c60,4594.303751,Thailand,Admin1,72,Nakhon Phanom,1.23E+12,5586.936704,26.23315909,2009,
2009_01_01_00000000000000000c61,5928.803134,Thailand,Admin1,73,Kanchanaburi,1.23E+12,19620.41338,48.97547517,2009,
2009_01_01_00000000000000000c62,243.1123383,Thailand,Admin1,74,Mae Hong Son,1.23E+12,13443.01606,16.90619647,2009,
2009_01_01_00000000000000000c63,4849.409485,Thailand,Admin1,75,Sa Kaew,1.23E+12,6359.594713,30.53819684,2009,
2009_01_01_00000000000000000c64,168.1969043,Thailand,Admin1,76,Satun,1.23E+12,2601.080262,7.267080109,2009,
2010_01_01_00000000000000000c18,7515.488035,Thailand,Admin1,0,Roi Et,1.26E+12,7745.022817,83.39571633,2010,
2010_01_01_00000000000000000c19,2324.21772,Thailand,Admin1,1,Phayao,1.26E+12,6066.03576,27.73988248,2010,
2010_01_01_00000000000000000c1a,8850.101351,Thailand,Admin1,2,Nakhon Sawan,1.26E+12,9747.798748,85.62885105,2010,
2010_01_01_00000000000000000c1b,3776.268483,Thailand,Admin1,3,Nongbua Lamphu,1.26E+12,4329.991886,19.89732995,2010,
2010_01_01_00000000000000000c1c,3748.177063,Thailand,Admin1,4,Chachoengsao,1.26E+12,5526.224678,57.92446207,2010,
2010_01_01_00000000000000000c1d,8073.771379,Thailand,Admin1,5,Surin,1.26E+12,8750.428499,86.51623538,2010,
2010_01_01_00000000000000000c1e,17415.19713,Thailand,Admin1,6,Nakhon Ratchasima,1.26E+12,20804.28446,194.761948,2010,
2010_01_01_00000000000000000c1f,4409.770222,Thailand,Admin1,7,Sukhothai,1.26E+12,7104.327079,53.9152707,2010,
2010_01_01_00000000000000000c20,2298.360315,Thailand,Admin1,8,Phetchaburi,1.26E+12,6249.398042,35.49840964,2010,
2010_01_01_00000000000000000c21,9076.880773,Thailand,Admin1,9,Chaiyaphum,1.26E+12,13190.87897,71.61446754,2010,
2010_01_01_00000000000000000c22,7228.446471,Thailand,Admin1,10,Phetchabun,1.26E+12,12491.47562,50.42019601,2010,
2010_01_01_00000000000000000c23,926.9169445,Thailand,Admin1,11,Surat Thani,1.26E+12,13434.91298,73.3882483,2010,
2010_01_01_00000000000000000c24,7750.856644,Thailand,Admin1,12,Si Sa Ket,1.26E+12,8949.275223,73.36315286,2010,
2010_01_01_00000000000000000c25,2763.600422,Thailand,Admin1,13,Nong Khai,1.26E+12,3324.614466,23.37892344,2010,
2010_01_01_00000000000000000c26,228.5814558,Thailand,Admin1,14,Bangkok,1.26E+12,1575.248239,941.2341413,2010,
2010_01_01_00000000000000000c27,9589.388336,Thailand,Admin1,15,Khon Kaen,1.26E+12,10765.33812,86.24619268,2010,
2010_01_01_00000000000000000c28,3690.018354,Thailand,Admin1,16,Loei,1.26E+12,10478.24096,31.44141886,2010,
2010_01_01_00000000000000000c29,2402.569495,Thailand,Admin1,17,Saraburi,1.26E+12,3500.60375,94.07148913,2010,
2010_01_01_00000000000000000c2a,3134.81799,Thailand,Admin1,18,Uthai Thani,1.26E+12,6519.93822,7.824489681,2010,
2010_01_01_00000000000000000c2b,483.848631,Thailand,Admin1,19,Chumphon,1.26E+12,5803.750933,24.77045383,2010,
2010_01_01_00000000000000000c2c,6190.90456,Thailand,Admin1,20,Kalasin,1.26E+12,6872.625577,50.59273299,2010,
2010_01_01_00000000000000000c2d,5943.347918,Thailand,Admin1,21,Phitsanulok,1.26E+12,10703.28817,61.82900517,2010,
2010_01_01_00000000000000000c2e,156.2510133,Thailand,Admin1,22,Ranong,1.26E+12,3181.183863,9.791345964,2010,
2010_01_01_00000000000000000c2f,9533.287203,Thailand,Admin1,23,Udon Thani,1.26E+12,10817.21024,102.1671865,2010,
2010_01_01_00000000000000000c30,7874.778061,Thailand,Admin1,24,Sakon Nakhon,1.26E+12,9593.107454,42.44773233,2010,
2010_01_01_00000000000000000c31,4753.193457,Thailand,Admin1,25,Chiang Rai,1.26E+12,11444.2486,162.0653881,2010,
2010_01_01_00000000000000000c32,2179.886476,Thailand,Admin1,26,Tak,1.26E+12,16128.33628,42.51097362,2010,
2010_01_01_00000000000000000c33,671.740549,Thailand,Admin1,27,Nakhon Pathom,1.26E+12,2094.368392,180.3625393,2010,
2010_01_01_00000000000000000c34,915.8584443,Thailand,Admin1,28,Lamphun,1.26E+12,4194.94845,65.06612208,2010,
2010_01_01_00000000000000000c35,352.754438,Thailand,Admin1,29,Trat,1.26E+12,2766.718454,28.20948357,2010,
2010_01_01_00000000000000000c36,2897.79179,Thailand,Admin1,30,Ratchaburi,1.26E+12,5312.479906,60.82982965,2010,
2010_01_01_00000000000000000c37,3955.41214,Thailand,Admin1,31,Yasothon,1.26E+12,4094.547994,31.73003541,2010,
2010_01_01_00000000000000000c38,1198.564483,Thailand,Admin1,32,Phrae,1.26E+12,6614.733021,43.0090578,2010,
2010_01_01_00000000000000000c39,116.2689888,Thailand,Admin1,33,Yala,1.26E+12,4535.025548,21.37346814,2010,
2010_01_01_00000000000000000c3a,2331.583152,Thailand,Admin1,34,Uttaradit,1.26E+12,7772.852939,45.78807006,2010,
2010_01_01_00000000000000000c3b,9149.532238,Thailand,Admin1,35,Buri Ram,1.26E+12,10011.91984,107.4501988,2010,
2010_01_01_00000000000000000c3c,6199.228815,Thailand,Admin1,36,Kam Phaeng Phet,1.26E+12,8474.278354,17.96150706,2010,
2010_01_01_00000000000000000c3d,2089.671928,Thailand,Admin1,37,Lampang,1.26E+12,12694.18812,81.66573739,2010,
2010_01_01_00000000000000000c3e,165.0530521,Thailand,Admin1,38,Nonthaburi,1.26E+12,646.5730953,208.5207569,2010,
2010_01_01_00000000000000000c3f,2903.87938,Thailand,Admin1,39,Bueng Kan,1.26E+12,4037.46209,10.90192955,2010,
2010_01_01_00000000000000000c40,248.8337094,Thailand,Admin1,40,Narathiwat,1.26E+12,4407.022466,30.96619385,2010,
2010_01_01_00000000000000000c41,12782.18046,Thailand,Admin1,41,Ubon Ratchathani,1.26E+12,15381.51653,123.4257298,2010,
2010_01_01_00000000000000000c42,2924.065295,Thailand,Admin1,42,Phachuap Khiri Khan,1.26E+12,6413.263472,22.97342072,2010,
2010_01_01_00000000000000000c43,1173.914826,Thailand,Admin1,43,Songkhla,1.26E+12,7380.355144,96.45464755,2010,
2010_01_01_00000000000000000c44,51.8298839,Thailand,Admin1,44,Phuket,1.26E+12,505.8057687,44.11110726,2010,
2010_01_01_00000000000000000c45,780.4954537,Thailand,Admin1,45,Ang Thong,1.26E+12,982.3283513,15.70814469,2010,
2010_01_01_00000000000000000c46,5685.093021,Thailand,Admin1,46,Maha Sarakham,1.26E+12,5763.754571,41.54524503,2010,
2010_01_01_00000000000000000c47,327.7443305,Thailand,Admin1,47,Trang,1.26E+12,4724.649599,26.67582355,2010,
2010_01_01_00000000000000000c48,4187.020961,Thailand,Admin1,48,Suphan Buri,1.26E+12,5402.091474,78.34672921,2010,
2010_01_01_00000000000000000c49,803.6003542,Thailand,Admin1,49,Singburi,1.26E+12,849.8216919,17.22685375,2010,
2010_01_01_00000000000000000c4a,49.51920181,Thailand,Admin1,50,Samut Songkhram,1.26E+12,410.4443946,12.16278845,2010,
2010_01_01_00000000000000000c4b,1243.833449,Thailand,Admin1,51,Rayong,1.26E+12,3682.324334,99.9856565,2010,
2010_01_01_00000000000000000c4c,3565.591865,Thailand,Admin1,52,Prachin Buri,1.26E+12,5586.900948,28.65822877,2010,
2010_01_01_00000000000000000c4d,1805.422627,Thailand,Admin1,53,Phra Nakhon Sri Ayuthaya,1.26E+12,2481.938592,112.6509838,2010,
2010_01_01_00000000000000000c4e,4201.849438,Thailand,Admin1,54,Phichit,1.26E+12,4255.046654,23.74577044,2010,
2010_01_01_00000000000000000c4f,1498.684822,Thailand,Admin1,55,Phatthalung,1.26E+12,3318.812962,11.96991738,2010,
2010_01_01_00000000000000000c50,120.7264796,Thailand,Admin1,56,Phangnga,1.26E+12,3839.465663,3.420181188,2010,
2010_01_01_00000000000000000c51,224.3601693,Thailand,Admin1,57,Pattani,1.26E+12,1938.00129,15.78658707,2010,
2010_01_01_00000000000000000c52,584.2975857,Thailand,Admin1,58,Pathum Thani,1.26E+12,1517.672916,259.607791,2010,
2010_01_01_00000000000000000c53,2406.670245,Thailand,Admin1,59,Nakhon Si Thammarat,1.26E+12,10181.71885,45.95837563,2010,
2010_01_01_00000000000000000c54,1178.117977,Thailand,Admin1,60,Nakhon Nayok,1.26E+12,2194.471865,3.224875977,2010,
2010_01_01_00000000000000000c55,2658.195632,Thailand,Admin1,61,Mukdahan,1.26E+12,4098.340498,8.154531849,2010,
2010_01_01_00000000000000000c56,5291.68278,Thailand,Admin1,62,Lop Buri,1.26E+12,6017.834568,72.62205232,2010,
2010_01_01_00000000000000000c57,107.3797111,Thailand,Admin1,63,Krabi,1.26E+12,4360.740117,17.66966684,2010,
2010_01_01_00000000000000000c58,3034.039757,Thailand,Admin1,64,Chon Buri,1.26E+12,4395.2836,277.0440523,2010,
2010_01_01_00000000000000000c59,2432.162748,Thailand,Admin1,65,Chiang Mai,1.26E+12,22765.23009,166.1292359,2010,
2010_01_01_00000000000000000c5a,2427.224756,Thailand,Admin1,66,Chai Nat,1.26E+12,2494.56793,18.85371429,2010,
2010_01_01_00000000000000000c5b,3003.004705,Thailand,Admin1,67,Amnat Chareon,1.26E+12,3264.555754,9.88117209,2010,
2010_01_01_00000000000000000c5c,42.62292996,Thailand,Admin1,68,Samut Sakhon,1.26E+12,839.3838122,167.5302429,2010,
2010_01_01_00000000000000000c5d,112.9497454,Thailand,Admin1,69,Samut Prakan,1.26E+12,941.2893751,332.3323158,2010,
2010_01_01_00000000000000000c5e,1146.476951,Thailand,Admin1,70,Nan,1.26E+12,12281.87353,20.97221692,2010,
2010_01_01_00000000000000000c5f,859.5332853,Thailand,Admin1,71,Chanthaburi,1.26E+12,6072.524257,18.60376119,2010,
2010_01_01_00000000000000000c60,4546.497614,Thailand,Admin1,72,Nakhon Phanom,1.26E+12,5586.936704,26.23315909,2010,
2010_01_01_00000000000000000c61,5897.266814,Thailand,Admin1,73,Kanchanaburi,1.26E+12,19620.41338,49.18934193,2010,
2010_01_01_00000000000000000c62,254.1610238,Thailand,Admin1,74,Mae Hong Son,1.26E+12,13443.01606,16.90619647,2010,
2010_01_01_00000000000000000c63,4844.768218,Thailand,Admin1,75,Sa Kaew,1.26E+12,6359.594713,30.53819684,2010,
2010_01_01_00000000000000000c64,158.0061521,Thailand,Admin1,76,Satun,1.26E+12,2601.080262,7.267080109,2010,
2011_01_01_00000000000000000c18,7514.290969,Thailand,Admin1,0,Roi Et,1.29E+12,7745.022817,83.39571633,2011,
2011_01_01_00000000000000000c19,2332.240296,Thailand,Admin1,1,Phayao,1.29E+12,6066.03576,27.73988248,2011,
2011_01_01_00000000000000000c1a,8813.239523,Thailand,Admin1,2,Nakhon Sawan,1.29E+12,9747.798748,85.84275155,2011,
2011_01_01_00000000000000000c1b,3726.118657,Thailand,Admin1,3,Nongbua Lamphu,1.29E+12,4329.991886,19.89732995,2011,
2011_01_01_00000000000000000c1c,3679.706494,Thailand,Admin1,4,Chachoengsao,1.29E+12,5526.224678,59.18244661,2011,
2011_01_01_00000000000000000c1d,8060.258504,Thailand,Admin1,5,Surin,1.29E+12,8750.428499,86.51623538,2011,
2011_01_01_00000000000000000c1e,17341.80259,Thailand,Admin1,6,Nakhon Ratchasima,1.29E+12,20804.28446,194.761948,2011,
2011_01_01_00000000000000000c1f,4332.03219,Thailand,Admin1,7,Sukhothai,1.29E+12,7104.327079,53.9152707,2011,
2011_01_01_00000000000000000c20,2307.640097,Thailand,Admin1,8,Phetchaburi,1.29E+12,6249.398042,35.49840964,2011,
2011_01_01_00000000000000000c21,9021.477394,Thailand,Admin1,9,Chaiyaphum,1.29E+12,13190.87897,71.61446754,2011,
2011_01_01_00000000000000000c22,7102.935265,Thailand,Admin1,10,Phetchabun,1.29E+12,12491.47562,50.42019601,2011,
2011_01_01_00000000000000000c23,823.8344179,Thailand,Admin1,11,Surat Thani,1.29E+12,13434.91298,75.09842431,2011,
2011_01_01_00000000000000000c24,7702.939223,Thailand,Admin1,12,Si Sa Ket,1.29E+12,8949.275223,73.36315286,2011,
2011_01_01_00000000000000000c25,2714.597876,Thailand,Admin1,13,Nong Khai,1.29E+12,3324.614466,23.37892344,2011,
2011_01_01_00000000000000000c26,188.969914,Thailand,Admin1,14,Bangkok,1.29E+12,1575.248239,946.6536356,2011,
2011_01_01_00000000000000000c27,9541.267375,Thailand,Admin1,15,Khon Kaen,1.29E+12,10765.33812,87.52976496,2011,
2011_01_01_00000000000000000c28,3431.736393,Thailand,Admin1,16,Loei,1.29E+12,10478.24096,31.44141886,2011,
2011_01_01_00000000000000000c29,2348.787293,Thailand,Admin1,17,Saraburi,1.29E+12,3500.60375,94.07148913,2011,
2011_01_01_00000000000000000c2a,3084.791261,Thailand,Admin1,18,Uthai Thani,1.29E+12,6519.93822,7.824489681,2011,
2011_01_01_00000000000000000c2b,363.6333555,Thailand,Admin1,19,Chumphon,1.29E+12,5803.750933,24.77045383,2011,
2011_01_01_00000000000000000c2c,6186.842441,Thailand,Admin1,20,Kalasin,1.29E+12,6872.625577,50.59273299,2011,
2011_01_01_00000000000000000c2d,5763.753281,Thailand,Admin1,21,Phitsanulok,1.29E+12,10703.28817,61.82900517,2011,
2011_01_01_00000000000000000c2e,106.3468878,Thailand,Admin1,22,Ranong,1.29E+12,3181.183863,10.00513054,2011,
2011_01_01_00000000000000000c2f,9481.561931,Thailand,Admin1,23,Udon Thani,1.29E+12,10817.21024,102.5950958,2011,
2011_01_01_00000000000000000c30,7873.125508,Thailand,Admin1,24,Sakon Nakhon,1.29E+12,9593.107454,42.44773233,2011,
2011_01_01_00000000000000000c31,4684.097894,Thailand,Admin1,25,Chiang Rai,1.29E+12,11444.2486,162.7075315,2011,
2011_01_01_00000000000000000c32,2011.508804,Thailand,Admin1,26,Tak,1.29E+12,16128.33628,42.51097362,2011,
2011_01_01_00000000000000000c33,641.1216938,Thailand,Admin1,27,Nakhon Pathom,1.29E+12,2094.368392,181.2179861,2011,
2011_01_01_00000000000000000c34,843.3301252,Thailand,Admin1,28,Lamphun,1.29E+12,4194.94845,65.28011182,2011,
2011_01_01_00000000000000000c35,301.1305284,Thailand,Admin1,29,Trat,1.29E+12,2766.718454,28.20948357,2011,
2011_01_01_00000000000000000c36,2871.987195,Thailand,Admin1,30,Ratchaburi,1.29E+12,5312.479906,60.82982965,2011,
2011_01_01_00000000000000000c37,3955.646922,Thailand,Admin1,31,Yasothon,1.29E+12,4094.547994,31.73003541,2011,
2011_01_01_00000000000000000c38,1183.361161,Thailand,Admin1,32,Phrae,1.29E+12,6614.733021,43.0090578,2011,
2011_01_01_00000000000000000c39,112.4401715,Thailand,Admin1,33,Yala,1.29E+12,4535.025548,21.5872047,2011,
2011_01_01_00000000000000000c3a,2238.681306,Thailand,Admin1,34,Uttaradit,1.29E+12,7772.852939,45.78807006,2011,
2011_01_01_00000000000000000c3b,9137.347561,Thailand,Admin1,35,Buri Ram,1.29E+12,10011.91984,107.4501988,2011,
2011_01_01_00000000000000000c3c,6155.340085,Thailand,Admin1,36,Kam Phaeng Phet,1.29E+12,8474.278354,18.17543659,2011,
2011_01_01_00000000000000000c3d,1960.803388,Thailand,Admin1,37,Lampang,1.29E+12,12694.18812,81.66573739,2011,
2011_01_01_00000000000000000c3e,149.463475,Thailand,Admin1,38,Nonthaburi,1.29E+12,646.5730953,208.5207569,2011,
2011_01_01_00000000000000000c3f,2738.127121,Thailand,Admin1,39,Bueng Kan,1.29E+12,4037.46209,10.90192955,2011,
2011_01_01_00000000000000000c40,223.6608628,Thailand,Admin1,40,Narathiwat,1.29E+12,4407.022466,30.96619385,2011,
2011_01_01_00000000000000000c41,12792.2692,Thailand,Admin1,41,Ubon Ratchathani,1.29E+12,15381.51653,123.4257298,2011,
2011_01_01_00000000000000000c42,2810.008915,Thailand,Admin1,42,Phachuap Khiri Khan,1.29E+12,6413.263472,23.40107417,2011,
2011_01_01_00000000000000000c43,1144.035144,Thailand,Admin1,43,Songkhla,1.29E+12,7380.355144,96.88213223,2011,
2011_01_01_00000000000000000c44,45.11040307,Thailand,Admin1,44,Phuket,1.29E+12,505.8057687,44.75236778,2011,
2011_01_01_00000000000000000c45,743.2005032,Thailand,Admin1,45,Ang Thong,1.29E+12,982.3283513,15.70814469,2011,
2011_01_01_00000000000000000c46,5685.927757,Thailand,Admin1,46,Maha Sarakham,1.29E+12,5763.754571,41.75916803,2011,
2011_01_01_00000000000000000c47,279.7029982,Thailand,Admin1,47,Trang,1.29E+12,4724.649599,26.88957231,2011,
2011_01_01_00000000000000000c48,4097.80877,Thailand,Admin1,48,Suphan Buri,1.29E+12,5402.091474,78.56060701,2011,
2011_01_01_00000000000000000c49,806.6602573,Thailand,Admin1,49,Singburi,1.29E+12,849.8216919,17.22685375,2011,
2011_01_01_00000000000000000c4a,46.31055688,Thailand,Admin1,50,Samut Songkhram,1.29E+12,410.4443946,12.16278845,2011,
2011_01_01_00000000000000000c4b,1223.399027,Thailand,Admin1,51,Rayong,1.29E+12,3682.324334,100.8410134,2011,
2011_01_01_00000000000000000c4c,3537.739572,Thailand,Admin1,52,Prachin Buri,1.29E+12,5586.900948,29.2998173,2011,
2011_01_01_00000000000000000c4d,1772.406215,Thailand,Admin1,53,Phra Nakhon Sri Ayuthaya,1.29E+12,2481.938592,112.6509838,2011,
2011_01_01_00000000000000000c4e,4199.368759,Thailand,Admin1,54,Phichit,1.29E+12,4255.046654,23.74577044,2011,
2011_01_01_00000000000000000c4f,1463.537194,Thailand,Admin1,55,Phatthalung,1.29E+12,3318.812962,11.96991738,2011,
2011_01_01_00000000000000000c50,96.82850803,Thailand,Admin1,56,Phangnga,1.29E+12,3839.465663,3.420181188,2011,
2011_01_01_00000000000000000c51,186.2308634,Thailand,Admin1,57,Pattani,1.29E+12,1938.00129,15.78658707,2011,
2011_01_01_00000000000000000c52,492.0774054,Thailand,Admin1,58,Pathum Thani,1.29E+12,1517.672916,260.0355222,2011,
2011_01_01_00000000000000000c53,2349.530921,Thailand,Admin1,59,Nakhon Si Thammarat,1.29E+12,10181.71885,46.17213239,2011,
2011_01_01_00000000000000000c54,1149.121245,Thailand,Admin1,60,Nakhon Nayok,1.29E+12,2194.471865,3.224875977,2011,
2011_01_01_00000000000000000c55,2664.149689,Thailand,Admin1,61,Mukdahan,1.29E+12,4098.340498,8.154531849,2011,
2011_01_01_00000000000000000c56,5242.696967,Thailand,Admin1,62,Lop Buri,1.29E+12,6017.834568,72.62205232,2011,
2011_01_01_00000000000000000c57,71.22907529,Thailand,Admin1,63,Krabi,1.29E+12,4360.740117,17.66966684,2011,
2011_01_01_00000000000000000c58,2971.429962,Thailand,Admin1,64,Chon Buri,1.29E+12,4395.2836,282.7794193,2011,
2011_01_01_00000000000000000c59,2329.343599,Thailand,Admin1,65,Chiang Mai,1.29E+12,22765.23009,166.5572265,2011,
2011_01_01_00000000000000000c5a,2427.271721,Thailand,Admin1,66,Chai Nat,1.29E+12,2494.56793,18.85371429,2011,
2011_01_01_00000000000000000c5b,3030.370238,Thailand,Admin1,67,Amnat Chareon,1.29E+12,3264.555754,9.88117209,2011,
2011_01_01_00000000000000000c5c,43.15715655,Thailand,Admin1,68,Samut Sakhon,1.29E+12,839.3838122,169.668816,2011,
2011_01_01_00000000000000000c5d,108.5509741,Thailand,Admin1,69,Samut Prakan,1.29E+12,941.2893751,333.7790055,2011,
2011_01_01_00000000000000000c5e,1025.328639,Thailand,Admin1,70,Nan,1.29E+12,12281.87353,20.97221692,2011,
2011_01_01_00000000000000000c5f,845.166777,Thailand,Admin1,71,Chanthaburi,1.29E+12,6072.524257,18.60376119,2011,
2011_01_01_00000000000000000c60,4536.755625,Thailand,Admin1,72,Nakhon Phanom,1.29E+12,5586.936704,26.23315909,2011,
2011_01_01_00000000000000000c61,5785.745241,Thailand,Admin1,73,Kanchanaburi,1.29E+12,19620.41338,49.4032089,2011,
2011_01_01_00000000000000000c62,250.038099,Thailand,Admin1,74,Mae Hong Son,1.29E+12,13443.01606,16.90619647,2011,
2011_01_01_00000000000000000c63,4822.948352,Thailand,Admin1,75,Sa Kaew,1.29E+12,6359.594713,30.53819684,2011,
2011_01_01_00000000000000000c64,133.6649701,Thailand,Admin1,76,Satun,1.29E+12,2601.080262,7.267080109,2011,
2012_01_01_00000000000000000c18,7507.067294,Thailand,Admin1,0,Roi Et,1.33E+12,7745.022817,83.60963464,2012,
2012_01_01_00000000000000000c19,2291.937803,Thailand,Admin1,1,Phayao,1.33E+12,6066.03576,27.73988248,2012,
2012_01_01_00000000000000000c1a,8800.186936,Thailand,Admin1,2,Nakhon Sawan,1.33E+12,9747.798748,86.27056984,2012,
2012_01_01_00000000000000000c1b,3732.073401,Thailand,Admin1,3,Nongbua Lamphu,1.33E+12,4329.991886,19.89732995,2012,
2012_01_01_00000000000000000c1c,3611.734412,Thailand,Admin1,4,Chachoengsao,1.33E+12,5526.224678,60.251741,2012,
2012_01_01_00000000000000000c1d,8054.229577,Thailand,Admin1,5,Surin,1.33E+12,8750.428499,86.51623538,2012,
2012_01_01_00000000000000000c1e,17312.11233,Thailand,Admin1,6,Nakhon Ratchasima,1.33E+12,20804.28446,194.9758376,2012,
2012_01_01_00000000000000000c1f,4333.734759,Thailand,Admin1,7,Sukhothai,1.33E+12,7104.327079,53.9152707,2012,
2012_01_01_00000000000000000c20,2302.176072,Thailand,Admin1,8,Phetchaburi,1.33E+12,6249.398042,35.49840964,2012,
2012_01_01_00000000000000000c21,9034.022659,Thailand,Admin1,9,Chaiyaphum,1.33E+12,13190.87897,71.61446754,2012,
2012_01_01_00000000000000000c22,7093.840679,Thailand,Admin1,10,Phetchabun,1.33E+12,12491.47562,50.42019601,2012,
2012_01_01_00000000000000000c23,771.2699073,Thailand,Admin1,11,Surat Thani,1.33E+12,13434.91298,75.95351019,2012,
2012_01_01_00000000000000000c24,7659.288689,Thailand,Admin1,12,Si Sa Ket,1.33E+12,8949.275223,73.36315286,2012,
2012_01_01_00000000000000000c25,2661.387768,Thailand,Admin1,13,Nong Khai,1.33E+12,3324.614466,23.59289249,2012,
2012_01_01_00000000000000000c26,230.8225842,Thailand,Admin1,14,Bangkok,1.33E+12,1575.248239,956.9257002,2012,
2012_01_01_00000000000000000c27,9547.282086,Thailand,Admin1,15,Khon Kaen,1.33E+12,10765.33812,88.59940863,2012,
2012_01_01_00000000000000000c28,3346.428095,Thailand,Admin1,16,Loei,1.33E+12,10478.24096,31.65537633,2012,
2012_01_01_00000000000000000c29,2299.222229,Thailand,Admin1,17,Saraburi,1.33E+12,3500.60375,94.7131225,2012,
2012_01_01_00000000000000000c2a,3082.944168,Thailand,Admin1,18,Uthai Thani,1.33E+12,6519.93822,7.824489681,2012,
2012_01_01_00000000000000000c2b,305.1079584,Thailand,Admin1,19,Chumphon,1.33E+12,5803.750933,24.77045383,2012,
2012_01_01_00000000000000000c2c,6179.490056,Thailand,Admin1,20,Kalasin,1.33E+12,6872.625577,50.80666093,2012,
2012_01_01_00000000000000000c2d,5651.155355,Thailand,Admin1,21,Phitsanulok,1.33E+12,10703.28817,62.04294384,2012,
2012_01_01_00000000000000000c2e,89.6463913,Thailand,Admin1,22,Ranong,1.33E+12,3181.183863,10.00513054,2012,
2012_01_01_00000000000000000c2f,9427.942652,Thailand,Admin1,23,Udon Thani,1.33E+12,10817.21024,102.5950958,2012,
2012_01_01_00000000000000000c30,7862.55984,Thailand,Admin1,24,Sakon Nakhon,1.33E+12,9593.107454,42.44773233,2012,
2012_01_01_00000000000000000c31,4593.704682,Thailand,Admin1,25,Chiang Rai,1.33E+12,11444.2486,162.9215796,2012,
2012_01_01_00000000000000000c32,1983.2201,Thailand,Admin1,26,Tak,1.33E+12,16128.33628,42.51097362,2012,
2012_01_01_00000000000000000c33,651.1971792,Thailand,Admin1,27,Nakhon Pathom,1.33E+12,2094.368392,181.4318467,2012,
2012_01_01_00000000000000000c34,808.2930827,Thailand,Admin1,28,Lamphun,1.33E+12,4194.94845,65.28011182,2012,
2012_01_01_00000000000000000c35,224.5821543,Thailand,Admin1,29,Trat,1.33E+12,2766.718454,28.20948357,2012,
2012_01_01_00000000000000000c36,2907.112513,Thailand,Admin1,30,Ratchaburi,1.33E+12,5312.479906,60.82982965,2012,
2012_01_01_00000000000000000c37,3950.122818,Thailand,Admin1,31,Yasothon,1.33E+12,4094.547994,31.73003541,2012,
2012_01_01_00000000000000000c38,1161.567922,Thailand,Admin1,32,Phrae,1.33E+12,6614.733021,43.0090578,2012,
2012_01_01_00000000000000000c39,94.75457013,Thailand,Admin1,33,Yala,1.33E+12,4535.025548,21.80094098,2012,
2012_01_01_00000000000000000c3a,2212.618461,Thailand,Admin1,34,Uttaradit,1.33E+12,7772.852939,45.78807006,2012,
2012_01_01_00000000000000000c3b,9115.086359,Thailand,Admin1,35,Buri Ram,1.33E+12,10011.91984,107.4501988,2012,
2012_01_01_00000000000000000c3c,6161.192677,Thailand,Admin1,36,Kam Phaeng Phet,1.33E+12,8474.278354,18.38936612,2012,
2012_01_01_00000000000000000c3d,1920.351127,Thailand,Admin1,37,Lampang,1.33E+12,12694.18812,81.66573739,2012,
2012_01_01_00000000000000000c3e,158.6379402,Thailand,Admin1,38,Nonthaburi,1.33E+12,646.5730953,214.2950731,2012,
2012_01_01_00000000000000000c3f,2440.110556,Thailand,Admin1,39,Bueng Kan,1.33E+12,4037.46209,11.11591289,2012,
2012_01_01_00000000000000000c40,218.7574921,Thailand,Admin1,40,Narathiwat,1.33E+12,4407.022466,30.96619385,2012,
2012_01_01_00000000000000000c41,12759.71554,Thailand,Admin1,41,Ubon Ratchathani,1.33E+12,15381.51653,123.6396252,2012,
2012_01_01_00000000000000000c42,2579.310535,Thailand,Admin1,42,Phachuap Khiri Khan,1.33E+12,6413.263472,23.61490855,2012,
2012_01_01_00000000000000000c43,1121.657313,Thailand,Admin1,43,Songkhla,1.33E+12,7380.355144,97.75553277,2012,
2012_01_01_00000000000000000c44,39.00377483,Thailand,Admin1,44,Phuket,1.33E+12,505.8057687,46.46239221,2012,
2012_01_01_00000000000000000c45,758.325788,Thailand,Admin1,45,Ang Thong,1.33E+12,982.3283513,15.70814469,2012,
2012_01_01_00000000000000000c46,5684.321991,Thailand,Admin1,46,Maha Sarakham,1.33E+12,5763.754571,43.04269952,2012,
2012_01_01_00000000000000000c47,260.1446109,Thailand,Admin1,47,Trang,1.33E+12,4724.649599,26.88957231,2012,
2012_01_01_00000000000000000c48,4107.471946,Thailand,Admin1,48,Suphan Buri,1.33E+12,5402.091474,78.77448279,2012,
2012_01_01_00000000000000000c49,803.3445038,Thailand,Admin1,49,Singburi,1.33E+12,849.8216919,17.22685375,2012,
2012_01_01_00000000000000000c4a,43.83822755,Thailand,Admin1,50,Samut Songkhram,1.33E+12,410.4443946,12.16278845,2012,
2012_01_01_00000000000000000c4b,1133.727397,Thailand,Admin1,51,Rayong,1.33E+12,3682.324334,101.3206957,2012,
2012_01_01_00000000000000000c4c,3513.704236,Thailand,Admin1,52,Prachin Buri,1.33E+12,5586.900948,30.15529055,2012,
2012_01_01_00000000000000000c4d,1762.20064,Thailand,Admin1,53,Phra Nakhon Sri Ayuthaya,1.33E+12,2481.938592,114.5758503,2012,
2012_01_01_00000000000000000c4e,4197.789037,Thailand,Admin1,54,Phichit,1.33E+12,4255.046654,23.74577044,2012,
2012_01_01_00000000000000000c4f,1433.295651,Thailand,Admin1,55,Phatthalung,1.33E+12,3318.812962,12.1836668,2012,
2012_01_01_00000000000000000c50,85.01352565,Thailand,Admin1,56,Phangnga,1.33E+12,3839.465663,3.420181188,2012,
2012_01_01_00000000000000000c51,159.4104832,Thailand,Admin1,57,Pattani,1.33E+12,1938.00129,15.78658707,2012,
2012_01_01_00000000000000000c52,597.8362824,Thailand,Admin1,58,Pathum Thani,1.33E+12,1517.672916,265.0609583,2012,
2012_01_01_00000000000000000c53,2346.445151,Thailand,Admin1,59,Nakhon Si Thammarat,1.33E+12,10181.71885,46.17213239,2012,
2012_01_01_00000000000000000c54,1152.409598,Thailand,Admin1,60,Nakhon Nayok,1.33E+12,2194.471865,3.224875977,2012,
2012_01_01_00000000000000000c55,2661.48465,Thailand,Admin1,61,Mukdahan,1.33E+12,4098.340498,8.154531849,2012,
2012_01_01_00000000000000000c56,5235.654342,Thailand,Admin1,62,Lop Buri,1.33E+12,6017.834568,72.62205232,2012,
2012_01_01_00000000000000000c57,56.96872363,Thailand,Admin1,63,Krabi,1.33E+12,4360.740117,17.66966684,2012,
2012_01_01_00000000000000000c58,2874.855288,Thailand,Admin1,64,Chon Buri,1.33E+12,4395.2836,292.5812548,2012,
2012_01_01_00000000000000000c59,2310.908988,Thailand,Admin1,65,Chiang Mai,1.33E+12,22765.23009,167.1992143,2012,
2012_01_01_00000000000000000c5a,2425.147875,Thailand,Admin1,66,Chai Nat,1.33E+12,2494.56793,18.85371429,2012,
2012_01_01_00000000000000000c5b,3063.072388,Thailand,Admin1,67,Amnat Chareon,1.33E+12,3264.555754,9.88117209,2012,
2012_01_01_00000000000000000c5c,39.92161217,Thailand,Admin1,68,Samut Sakhon,1.33E+12,839.3838122,174.4340619,2012,
2012_01_01_00000000000000000c5d,106.1205416,Thailand,Admin1,69,Samut Prakan,1.33E+12,941.2893751,336.1708643,2012,
2012_01_01_00000000000000000c5e,970.126573,Thailand,Admin1,70,Nan,1.33E+12,12281.87353,20.97221692,2012,
2012_01_01_00000000000000000c5f,737.0489698,Thailand,Admin1,71,Chanthaburi,1.33E+12,6072.524257,18.60376119,2012,
2012_01_01_00000000000000000c60,4483.751303,Thailand,Admin1,72,Nakhon Phanom,1.33E+12,5586.936704,26.23315909,2012,
2012_01_01_00000000000000000c61,5772.122384,Thailand,Admin1,73,Kanchanaburi,1.33E+12,19620.41338,49.4032089,2012,
2012_01_01_00000000000000000c62,255.0540263,Thailand,Admin1,74,Mae Hong Son,1.33E+12,13443.01606,16.90619647,2012,
2012_01_01_00000000000000000c63,4795.306984,Thailand,Admin1,75,Sa Kaew,1.33E+12,6359.594713,30.53819684,2012,
2012_01_01_00000000000000000c64,109.8452194,Thailand,Admin1,76,Satun,1.33E+12,2601.080262,7.267080109,2012,
2013_01_01_00000000000000000c18,7506.919787,Thailand,Admin1,0,Roi Et,1.36E+12,7745.022817,83.60963464,2013,
2013_01_01_00000000000000000c19,2238.485751,Thailand,Admin1,1,Phayao,1.36E+12,6066.03576,27.73988248,2013,
2013_01_01_00000000000000000c1a,8799.250665,Thailand,Admin1,2,Nakhon Sawan,1.36E+12,9747.798748,86.91229639,2013,
2013_01_01_00000000000000000c1b,3726.293381,Thailand,Admin1,3,Nongbua Lamphu,1.36E+12,4329.991886,19.89732995,2013,
2013_01_01_00000000000000000c1c,3543.85999,Thailand,Admin1,4,Chachoengsao,1.36E+12,5526.224678,60.67945811,2013,
2013_01_01_00000000000000000c1d,8045.488072,Thailand,Admin1,5,Surin,1.36E+12,8750.428499,86.51623538,2013,
2013_01_01_00000000000000000c1e,17288.76942,Thailand,Admin1,6,Nakhon Ratchasima,1.36E+12,20804.28446,194.9758376,2013,
2013_01_01_00000000000000000c1f,4335.20161,Thailand,Admin1,7,Sukhothai,1.36E+12,7104.327079,53.9152707,2013,
2013_01_01_00000000000000000c20,2243.470111,Thailand,Admin1,8,Phetchaburi,1.36E+12,6249.398042,35.49840964,2013,
2013_01_01_00000000000000000c21,9023.463643,Thailand,Admin1,9,Chaiyaphum,1.36E+12,13190.87897,71.61446754,2013,
2013_01_01_00000000000000000c22,7035.763209,Thailand,Admin1,10,Phetchabun,1.36E+12,12491.47562,50.42019601,2013,
2013_01_01_00000000000000000c23,748.921924,Thailand,Admin1,11,Surat Thani,1.36E+12,13434.91298,77.02236681,2013,
2013_01_01_00000000000000000c24,7596.815597,Thailand,Admin1,12,Si Sa Ket,1.36E+12,8949.275223,73.36315286,2013,
2013_01_01_00000000000000000c25,2612.792979,Thailand,Admin1,13,Nong Khai,1.36E+12,3324.614466,23.59289249,2013,
2013_01_01_00000000000000000c26,259.4929793,Thailand,Admin1,14,Bangkok,1.36E+12,1575.248239,965.6084387,2013,
2013_01_01_00000000000000000c27,9559.717813,Thailand,Admin1,15,Khon Kaen,1.36E+12,10765.33812,88.59940863,2013,
2013_01_01_00000000000000000c28,3182.255838,Thailand,Admin1,16,Loei,1.36E+12,10478.24096,31.65537633,2013,
2013_01_01_00000000000000000c29,2260.359886,Thailand,Admin1,17,Saraburi,1.36E+12,3500.60375,95.56863343,2013,
2013_01_01_00000000000000000c2a,3096.94471,Thailand,Admin1,18,Uthai Thani,1.36E+12,6519.93822,7.824489681,2013,
2013_01_01_00000000000000000c2b,281.0487601,Thailand,Admin1,19,Chumphon,1.36E+12,5803.750933,24.77045383,2013,
2013_01_01_00000000000000000c2c,6192.761458,Thailand,Admin1,20,Kalasin,1.36E+12,6872.625577,50.80666093,2013,
2013_01_01_00000000000000000c2d,5525.196598,Thailand,Admin1,21,Phitsanulok,1.36E+12,10703.28817,62.04294384,2013,
2013_01_01_00000000000000000c2e,84.1449442,Thailand,Admin1,22,Ranong,1.36E+12,3181.183863,10.00513054,2013,
2013_01_01_00000000000000000c2f,9392.6148,Thailand,Admin1,23,Udon Thani,1.36E+12,10817.21024,102.5950958,2013,
2013_01_01_00000000000000000c30,7874.900089,Thailand,Admin1,24,Sakon Nakhon,1.36E+12,9593.107454,42.44773233,2013,
2013_01_01_00000000000000000c31,4449.423523,Thailand,Admin1,25,Chiang Rai,1.36E+12,11444.2486,163.1356278,2013,
2013_01_01_00000000000000000c32,1889.057846,Thailand,Admin1,26,Tak,1.36E+12,16128.33628,42.51097362,2013,
2013_01_01_00000000000000000c33,681.6795378,Thailand,Admin1,27,Nakhon Pathom,1.36E+12,2094.368392,182.5011503,2013,
2013_01_01_00000000000000000c34,764.8102125,Thailand,Admin1,28,Lamphun,1.36E+12,4194.94845,65.28011182,2013,
2013_01_01_00000000000000000c35,190.2845287,Thailand,Admin1,29,Trat,1.36E+12,2766.718454,28.20948357,2013,
2013_01_01_00000000000000000c36,2887.439615,Thailand,Admin1,30,Ratchaburi,1.36E+12,5312.479906,61.04368535,2013,
2013_01_01_00000000000000000c37,3946.618891,Thailand,Admin1,31,Yasothon,1.36E+12,4094.547994,31.73003541,2013,
2013_01_01_00000000000000000c38,1119.851461,Thailand,Admin1,32,Phrae,1.36E+12,6614.733021,43.22303419,2013,
2013_01_01_00000000000000000c39,83.15750121,Thailand,Admin1,33,Yala,1.36E+12,4535.025548,21.80094098,2013,
2013_01_01_00000000000000000c3a,2210.911533,Thailand,Admin1,34,Uttaradit,1.36E+12,7772.852939,45.78807006,2013,
2013_01_01_00000000000000000c3b,9096.447207,Thailand,Admin1,35,Buri Ram,1.36E+12,10011.91984,107.4501988,2013,
2013_01_01_00000000000000000c3c,6163.427914,Thailand,Admin1,36,Kam Phaeng Phet,1.36E+12,8474.278354,18.8172245,2013,
2013_01_01_00000000000000000c3d,1814.828849,Thailand,Admin1,37,Lampang,1.36E+12,12694.18812,81.66573739,2013,
2013_01_01_00000000000000000c3e,166.2741477,Thailand,Admin1,38,Nonthaburi,1.36E+12,646.5730953,225.284325,2013,
2013_01_01_00000000000000000c3f,2202.945742,Thailand,Admin1,39,Bueng Kan,1.36E+12,4037.46209,11.32989636,2013,
2013_01_01_00000000000000000c40,213.2280224,Thailand,Admin1,40,Narathiwat,1.36E+12,4407.022466,31.05168608,2013,
2013_01_01_00000000000000000c41,12686.36561,Thailand,Admin1,41,Ubon Ratchathani,1.36E+12,15381.51653,123.8535206,2013,
2013_01_01_00000000000000000c42,2489.217981,Thailand,Admin1,42,Phachuap Khiri Khan,1.36E+12,6413.263472,24.04257914,2013,
2013_01_01_00000000000000000c43,1041.20933,Thailand,Admin1,43,Songkhla,1.36E+12,7380.355144,98.61049866,2013,
2013_01_01_00000000000000000c44,45.76764481,Thailand,Admin1,44,Phuket,1.36E+12,505.8057687,46.67614525,2013,
2013_01_01_00000000000000000c45,826.6199587,Thailand,Admin1,45,Ang Thong,1.36E+12,982.3283513,15.70814469,2013,
2013_01_01_00000000000000000c46,5688.164886,Thailand,Admin1,46,Maha Sarakham,1.36E+12,5763.754571,43.47054505,2013,
2013_01_01_00000000000000000c47,245.8058766,Thailand,Admin1,47,Trang,1.36E+12,4724.649599,26.88957231,2013,
2013_01_01_00000000000000000c48,4226.382301,Thailand,Admin1,48,Suphan Buri,1.36E+12,5402.091474,78.98835498,2013,
2013_01_01_00000000000000000c49,806.5452858,Thailand,Admin1,49,Singburi,1.36E+12,849.8216919,17.22685375,2013,
2013_01_01_00000000000000000c4a,46.77684864,Thailand,Admin1,50,Samut Songkhram,1.36E+12,410.4443946,12.16278845,2013,
2013_01_01_00000000000000000c4b,1048.059999,Thailand,Admin1,51,Rayong,1.36E+12,3682.324334,102.6037405,2013,
2013_01_01_00000000000000000c4c,3477.617728,Thailand,Admin1,52,Prachin Buri,1.36E+12,5586.900948,30.36915878,2013,
2013_01_01_00000000000000000c4d,1779.410199,Thailand,Admin1,53,Phra Nakhon Sri Ayuthaya,1.36E+12,2481.938592,117.5700811,2013,
2013_01_01_00000000000000000c4e,4196.49878,Thailand,Admin1,54,Phichit,1.36E+12,4255.046654,23.74577044,2013,
2013_01_01_00000000000000000c4f,1382.895732,Thailand,Admin1,55,Phatthalung,1.36E+12,3318.812962,12.39741622,2013,
2013_01_01_00000000000000000c50,89.07411806,Thailand,Admin1,56,Phangnga,1.36E+12,3839.465663,3.420181188,2013,
2013_01_01_00000000000000000c51,134.9420741,Thailand,Admin1,57,Pattani,1.36E+12,1938.00129,16.00032618,2013,
2013_01_01_00000000000000000c52,679.1111964,Thailand,Admin1,58,Pathum Thani,1.36E+12,1517.672916,268.1859268,2013,
2013_01_01_00000000000000000c53,2318.022923,Thailand,Admin1,59,Nakhon Si Thammarat,1.36E+12,10181.71885,46.59965727,2013,
2013_01_01_00000000000000000c54,1165.860556,Thailand,Admin1,60,Nakhon Nayok,1.36E+12,2194.471865,3.224875977,2013,
2013_01_01_00000000000000000c55,2667.574724,Thailand,Admin1,61,Mukdahan,1.36E+12,4098.340498,8.368463193,2013,
2013_01_01_00000000000000000c56,5198.659438,Thailand,Admin1,62,Lop Buri,1.36E+12,6017.834568,72.83593765,2013,
2013_01_01_00000000000000000c57,65.1233144,Thailand,Admin1,63,Krabi,1.36E+12,4360.740117,17.66966684,2013,
2013_01_01_00000000000000000c58,2771.86508,Thailand,Admin1,64,Chon Buri,1.36E+12,4395.2836,296.4305765,2013,
2013_01_01_00000000000000000c59,2189.135634,Thailand,Admin1,65,Chiang Mai,1.36E+12,22765.23009,168.9112127,2013,
2013_01_01_00000000000000000c5a,2427.619857,Thailand,Admin1,66,Chai Nat,1.36E+12,2494.56793,18.85371429,2013,
2013_01_01_00000000000000000c5b,3072.627578,Thailand,Admin1,67,Amnat Chareon,1.36E+12,3264.555754,9.88117209,2013,
2013_01_01_00000000000000000c5c,38.48584627,Thailand,Admin1,68,Samut Sakhon,1.36E+12,839.3838122,180.931971,2013,
2013_01_01_00000000000000000c5d,100.647478,Thailand,Admin1,69,Samut Prakan,1.36E+12,941.2893751,339.3787265,2013,
2013_01_01_00000000000000000c5e,910.3499765,Thailand,Admin1,70,Nan,1.36E+12,12281.87353,20.97221692,2013,
2013_01_01_00000000000000000c5f,653.475779,Thailand,Admin1,71,Chanthaburi,1.36E+12,6072.524257,18.60376119,2013,
2013_01_01_00000000000000000c60,4443.579588,Thailand,Admin1,72,Nakhon Phanom,1.36E+12,5586.936704,26.23315909,2013,
2013_01_01_00000000000000000c61,5695.667652,Thailand,Admin1,73,Kanchanaburi,1.36E+12,19620.41338,49.4032089,2013,
2013_01_01_00000000000000000c62,245.6575858,Thailand,Admin1,74,Mae Hong Son,1.36E+12,13443.01606,16.90619647,2013,
2013_01_01_00000000000000000c63,4760.022874,Thailand,Admin1,75,Sa Kaew,1.36E+12,6359.594713,30.99359087,2013,
2013_01_01_00000000000000000c64,97.08455737,Thailand,Admin1,76,Satun,1.36E+12,2601.080262,7.267080109,2013,
2014_01_01_00000000000000000c18,7505.819126,Thailand,Admin1,0,Roi Et,1.39E+12,7745.022817,83.82355295,2014,
2014_01_01_00000000000000000c19,2240.423019,Thailand,Admin1,1,Phayao,1.39E+12,6066.03576,27.73988248,2014,
2014_01_01_00000000000000000c1a,8814.076448,Thailand,Admin1,2,Nakhon Sawan,1.39E+12,9747.798748,86.91229639,2014,
2014_01_01_00000000000000000c1b,3722.0948,Thailand,Admin1,3,Nongbua Lamphu,1.39E+12,4329.991886,19.89732995,2014,
2014_01_01_00000000000000000c1c,3501.831642,Thailand,Admin1,4,Chachoengsao,1.39E+12,5526.224678,61.10717628,2014,
2014_01_01_00000000000000000c1d,8033.247941,Thailand,Admin1,5,Surin,1.39E+12,8750.428499,86.73012307,2014,
2014_01_01_00000000000000000c1e,17306.93908,Thailand,Admin1,6,Nakhon Ratchasima,1.39E+12,20804.28446,194.9758376,2014,
2014_01_01_00000000000000000c1f,4367.836119,Thailand,Admin1,7,Sukhothai,1.39E+12,7104.327079,53.9152707,2014,
2014_01_01_00000000000000000c20,2296.47894,Thailand,Admin1,8,Phetchaburi,1.39E+12,6249.398042,35.49840964,2014,
2014_01_01_00000000000000000c21,9089.600731,Thailand,Admin1,9,Chaiyaphum,1.39E+12,13190.87897,71.61446754,2014,
2014_01_01_00000000000000000c22,7089.85586,Thailand,Admin1,10,Phetchabun,1.39E+12,12491.47562,50.42019601,2014,
2014_01_01_00000000000000000c23,705.2093765,Thailand,Admin1,11,Surat Thani,1.39E+12,13434.91298,77.23613786,2014,
2014_01_01_00000000000000000c24,7542.046333,Thailand,Admin1,12,Si Sa Ket,1.39E+12,8949.275223,73.36315286,2014,
2014_01_01_00000000000000000c25,2606.378587,Thailand,Admin1,13,Nong Khai,1.39E+12,3324.614466,24.2347984,2014,
2014_01_01_00000000000000000c26,250.4687947,Thailand,Admin1,14,Bangkok,1.39E+12,1575.248239,970.2513158,2014,
2014_01_01_00000000000000000c27,9567.052926,Thailand,Admin1,15,Khon Kaen,1.39E+12,10765.33812,89.45511316,2014,
2014_01_01_00000000000000000c28,3100.435458,Thailand,Admin1,16,Loei,1.39E+12,10478.24096,31.65537633,2014,
2014_01_01_00000000000000000c29,2336.725951,Thailand,Admin1,17,Saraburi,1.39E+12,3500.60375,95.7825098,2014,
2014_01_01_00000000000000000c2a,3141.699683,Thailand,Admin1,18,Uthai Thani,1.39E+12,6519.93822,7.824489681,2014,
2014_01_01_00000000000000000c2b,269.2751453,Thailand,Admin1,19,Chumphon,1.39E+12,5803.750933,24.77045383,2014,
2014_01_01_00000000000000000c2c,6204.903152,Thailand,Admin1,20,Kalasin,1.39E+12,6872.625577,50.80666093,2014,
2014_01_01_00000000000000000c2d,5513.380802,Thailand,Admin1,21,Phitsanulok,1.39E+12,10703.28817,62.04294384,2014,
2014_01_01_00000000000000000c2e,86.47536213,Thailand,Admin1,22,Ranong,1.39E+12,3181.183863,10.00513054,2014,
2014_01_01_00000000000000000c2f,9402.620914,Thailand,Admin1,23,Udon Thani,1.39E+12,10817.21024,102.5950958,2014,
2014_01_01_00000000000000000c30,7896.374509,Thailand,Admin1,24,Sakon Nakhon,1.39E+12,9593.107454,42.44773233,2014,
2014_01_01_00000000000000000c31,4370.490989,Thailand,Admin1,25,Chiang Rai,1.39E+12,11444.2486,163.1356278,2014,
2014_01_01_00000000000000000c32,1911.909398,Thailand,Admin1,26,Tak,1.39E+12,16128.33628,42.52691391,2014,
2014_01_01_00000000000000000c33,675.3160975,Thailand,Admin1,27,Nakhon Pathom,1.39E+12,2094.368392,183.9981852,2014,
2014_01_01_00000000000000000c34,774.6862167,Thailand,Admin1,28,Lamphun,1.39E+12,4194.94845,65.28011182,2014,
2014_01_01_00000000000000000c35,176.612733,Thailand,Admin1,29,Trat,1.39E+12,2766.718454,28.20948357,2014,
2014_01_01_00000000000000000c36,2953.955481,Thailand,Admin1,30,Ratchaburi,1.39E+12,5312.479906,61.04368535,2014,
2014_01_01_00000000000000000c37,3944.095559,Thailand,Admin1,31,Yasothon,1.39E+12,4094.547994,31.73003541,2014,
2014_01_01_00000000000000000c38,1152.179862,Thailand,Admin1,32,Phrae,1.39E+12,6614.733021,43.22303419,2014,
2014_01_01_00000000000000000c39,75.66584629,Thailand,Admin1,33,Yala,1.39E+12,4535.025548,22.01467717,2014,
2014_01_01_00000000000000000c3a,2259.69386,Thailand,Admin1,34,Uttaradit,1.39E+12,7772.852939,45.78807006,2014,
2014_01_01_00000000000000000c3b,9084.987467,Thailand,Admin1,35,Buri Ram,1.39E+12,10011.91984,107.4501988,2014,
2014_01_01_00000000000000000c3c,6184.340949,Thailand,Admin1,36,Kam Phaeng Phet,1.39E+12,8474.278354,18.8172245,2014,
2014_01_01_00000000000000000c3d,1868.767028,Thailand,Admin1,37,Lampang,1.39E+12,12694.18812,81.66573739,2014,
2014_01_01_00000000000000000c3e,142.3680243,Thailand,Admin1,38,Nonthaburi,1.39E+12,646.5730953,231.6465825,2014,
2014_01_01_00000000000000000c3f,2144.494195,Thailand,Admin1,39,Bueng Kan,1.39E+12,4037.46209,11.32989636,2014,
2014_01_01_00000000000000000c40,205.7523656,Thailand,Admin1,40,Narathiwat,1.39E+12,4407.022466,31.05168608,2014,
2014_01_01_00000000000000000c41,12652.87791,Thailand,Admin1,41,Ubon Ratchathani,1.39E+12,15381.51653,124.0674182,2014,
2014_01_01_00000000000000000c42,2497.862473,Thailand,Admin1,42,Phachuap Khiri Khan,1.39E+12,6413.263472,24.04257914,2014,
2014_01_01_00000000000000000c43,1052.686162,Thailand,Admin1,43,Songkhla,1.39E+12,7380.355144,98.89465027,2014,
2014_01_01_00000000000000000c44,54.08895163,Thailand,Admin1,44,Phuket,1.39E+12,505.8057687,46.67614525,2014,
2014_01_01_00000000000000000c45,821.6746894,Thailand,Admin1,45,Ang Thong,1.39E+12,982.3283513,15.70814469,2014,
2014_01_01_00000000000000000c46,5686.648883,Thailand,Admin1,46,Maha Sarakham,1.39E+12,5763.754571,43.68446838,2014,
2014_01_01_00000000000000000c47,231.5038897,Thailand,Admin1,47,Trang,1.39E+12,4724.649599,27.10332119,2014,
2014_01_01_00000000000000000c48,4252.305971,Thailand,Admin1,48,Suphan Buri,1.39E+12,5402.091474,78.98835498,2014,
2014_01_01_00000000000000000c49,803.19774,Thailand,Admin1,49,Singburi,1.39E+12,849.8216919,17.22685375,2014,
2014_01_01_00000000000000000c4a,56.35917364,Thailand,Admin1,50,Samut Songkhram,1.39E+12,410.4443946,12.59049486,2014,
2014_01_01_00000000000000000c4b,1060.531389,Thailand,Admin1,51,Rayong,1.39E+12,3682.324334,103.2452619,2014,
2014_01_01_00000000000000000c4c,3482.076556,Thailand,Admin1,52,Prachin Buri,1.39E+12,5586.900948,30.36915878,2014,
2014_01_01_00000000000000000c4d,1758.014067,Thailand,Admin1,53,Phra Nakhon Sri Ayuthaya,1.39E+12,2481.938592,119.4949538,2014,
2014_01_01_00000000000000000c4e,4199.919049,Thailand,Admin1,54,Phichit,1.39E+12,4255.046654,23.74577044,2014,
2014_01_01_00000000000000000c4f,1327.462034,Thailand,Admin1,55,Phatthalung,1.39E+12,3318.812962,12.39741622,2014,
2014_01_01_00000000000000000c50,104.081205,Thailand,Admin1,56,Phangnga,1.39E+12,3839.465663,3.420181188,2014,
2014_01_01_00000000000000000c51,127.5961302,Thailand,Admin1,57,Pattani,1.39E+12,1938.00129,16.00032618,2014,
2014_01_01_00000000000000000c52,662.0364822,Thailand,Admin1,58,Pathum Thani,1.39E+12,1517.672916,271.1800607,2014,
2014_01_01_00000000000000000c53,2300.346856,Thailand,Admin1,59,Nakhon Si Thammarat,1.39E+12,10181.71885,46.59965727,2014,
2014_01_01_00000000000000000c54,1190.304865,Thailand,Admin1,60,Nakhon Nayok,1.39E+12,2194.471865,3.224875977,2014,
2014_01_01_00000000000000000c55,2677.525556,Thailand,Admin1,61,Mukdahan,1.39E+12,4098.340498,8.368463193,2014,
2014_01_01_00000000000000000c56,5233.271536,Thailand,Admin1,62,Lop Buri,1.39E+12,6017.834568,72.83593765,2014,
2014_01_01_00000000000000000c57,70.46719758,Thailand,Admin1,63,Krabi,1.39E+12,4360.740117,17.66966684,2014,
2014_01_01_00000000000000000c58,2767.758911,Thailand,Admin1,64,Chon Buri,1.39E+12,4395.2836,299.6139975,2014,
2014_01_01_00000000000000000c59,2201.109169,Thailand,Admin1,65,Chiang Mai,1.39E+12,22765.23009,169.3392027,2014,
2014_01_01_00000000000000000c5a,2426.561271,Thailand,Admin1,66,Chai Nat,1.39E+12,2494.56793,18.85371429,2014,
2014_01_01_00000000000000000c5b,3088.754562,Thailand,Admin1,67,Amnat Chareon,1.39E+12,3264.555754,9.88117209,2014,
2014_01_01_00000000000000000c5c,39.92160647,Thailand,Admin1,68,Samut Sakhon,1.39E+12,839.3838122,184.5675358,2014,
2014_01_01_00000000000000000c5d,95.01086009,Thailand,Admin1,69,Samut Prakan,1.39E+12,941.2893751,343.075523,2014,
2014_01_01_00000000000000000c5e,970.1106231,Thailand,Admin1,70,Nan,1.39E+12,12281.87353,20.97221692,2014,
2014_01_01_00000000000000000c5f,660.4757088,Thailand,Admin1,71,Chanthaburi,1.39E+12,6072.524257,18.60376119,2014,
2014_01_01_00000000000000000c60,4444.726489,Thailand,Admin1,72,Nakhon Phanom,1.39E+12,5586.936704,26.23315909,2014,
2014_01_01_00000000000000000c61,5761.348883,Thailand,Admin1,73,Kanchanaburi,1.39E+12,19620.41338,49.4032089,2014,
2014_01_01_00000000000000000c62,244.87928,Thailand,Admin1,74,Mae Hong Son,1.39E+12,13443.01606,16.90619647,2014,
2014_01_01_00000000000000000c63,4766.466924,Thailand,Admin1,75,Sa Kaew,1.39E+12,6359.594713,31.84902756,2014,
2014_01_01_00000000000000000c64,102.6417669,Thailand,Admin1,76,Satun,1.39E+12,2601.080262,7.267080109,2014,
2015_01_01_00000000000000000c18,7509.913897,Thailand,Admin1,0,Roi Et,1.42E+12,7745.022817,84.25138859,2015,
2015_01_01_00000000000000000c19,2233.948776,Thailand,Admin1,1,Phayao,1.42E+12,6066.03576,27.95389033,2015,
2015_01_01_00000000000000000c1a,8812.288728,Thailand,Admin1,2,Nakhon Sawan,1.42E+12,9747.798748,87.12619678,2015,
2015_01_01_00000000000000000c1b,3744.581215,Thailand,Admin1,3,Nongbua Lamphu,1.42E+12,4329.991886,19.89732995,2015,
2015_01_01_00000000000000000c1c,3468.025056,Thailand,Admin1,4,Chachoengsao,1.42E+12,5526.224678,61.96260194,2015,
2015_01_01_00000000000000000c1d,8033.318748,Thailand,Admin1,5,Surin,1.42E+12,8750.428499,86.94401087,2015,
2015_01_01_00000000000000000c1e,17365.8861,Thailand,Admin1,6,Nakhon Ratchasima,1.42E+12,20804.28446,194.9758376,2015,
2015_01_01_00000000000000000c1f,4387.017083,Thailand,Admin1,7,Sukhothai,1.42E+12,7104.327079,53.9152707,2015,
2015_01_01_00000000000000000c20,2334.783127,Thailand,Admin1,8,Phetchaburi,1.42E+12,6249.398042,35.49840964,2015,
2015_01_01_00000000000000000c21,9132.415358,Thailand,Admin1,9,Chaiyaphum,1.42E+12,13190.87897,71.61446754,2015,
2015_01_01_00000000000000000c22,7119.174259,Thailand,Admin1,10,Phetchabun,1.42E+12,12491.47562,50.42019601,2015,
2015_01_01_00000000000000000c23,641.8302251,Thailand,Admin1,11,Surat Thani,1.42E+12,13434.91298,77.66368016,2015,
2015_01_01_00000000000000000c24,7536.162476,Thailand,Admin1,12,Si Sa Ket,1.42E+12,8949.275223,73.36315286,2015,
2015_01_01_00000000000000000c25,2574.326322,Thailand,Admin1,13,Nong Khai,1.42E+12,3324.614466,25.09067371,2015,
2015_01_01_00000000000000000c26,255.3616389,Thailand,Admin1,14,Bangkok,1.42E+12,1575.248239,976.7786945,2015,
2015_01_01_00000000000000000c27,9604.961223,Thailand,Admin1,15,Khon Kaen,1.42E+12,10765.33812,90.31081949,2015,
2015_01_01_00000000000000000c28,2956.174884,Thailand,Admin1,16,Loei,1.42E+12,10478.24096,31.8693338,2015,
2015_01_01_00000000000000000c29,2368.398496,Thailand,Admin1,17,Saraburi,1.42E+12,3500.60375,96.2102654,2015,
2015_01_01_00000000000000000c2a,3179.225684,Thailand,Admin1,18,Uthai Thani,1.42E+12,6519.93822,7.824489681,2015,
2015_01_01_00000000000000000c2b,253.0084587,Thailand,Admin1,19,Chumphon,1.42E+12,5803.750933,24.77045383,2015,
2015_01_01_00000000000000000c2c,6214.842879,Thailand,Admin1,20,Kalasin,1.42E+12,6872.625577,51.02058955,2015,
2015_01_01_00000000000000000c2d,5516.621975,Thailand,Admin1,21,Phitsanulok,1.42E+12,10703.28817,62.8986982,2015,
2015_01_01_00000000000000000c2e,83.38108632,Thailand,Admin1,22,Ranong,1.42E+12,3181.183863,10.00513054,2015,
2015_01_01_00000000000000000c2f,9354.944505,Thailand,Admin1,23,Udon Thani,1.42E+12,10817.21024,103.6648549,2015,
2015_01_01_00000000000000000c30,7949.704657,Thailand,Admin1,24,Sakon Nakhon,1.42E+12,9593.107454,42.44773233,2015,
2015_01_01_00000000000000000c31,4313.846739,Thailand,Admin1,25,Chiang Rai,1.42E+12,11444.2486,163.5637073,2015,
2015_01_01_00000000000000000c32,1895.474395,Thailand,Admin1,26,Tak,1.42E+12,16128.33628,43.04539414,2015,
2015_01_01_00000000000000000c33,666.2462643,Thailand,Admin1,27,Nakhon Pathom,1.42E+12,2094.368392,185.0674949,2015,
2015_01_01_00000000000000000c34,737.2938131,Thailand,Admin1,28,Lamphun,1.42E+12,4194.94845,65.28011182,2015,
2015_01_01_00000000000000000c35,179.051156,Thailand,Admin1,29,Trat,1.42E+12,2766.718454,28.20948357,2015,
2015_01_01_00000000000000000c36,3032.510818,Thailand,Admin1,30,Ratchaburi,1.42E+12,5312.479906,61.04368535,2015,
2015_01_01_00000000000000000c37,3946.90832,Thailand,Admin1,31,Yasothon,1.42E+12,4094.547994,31.73003541,2015,
2015_01_01_00000000000000000c38,1141.20588,Thailand,Admin1,32,Phrae,1.42E+12,6614.733021,43.22303419,2015,
2015_01_01_00000000000000000c39,71.46906815,Thailand,Admin1,33,Yala,1.42E+12,4535.025548,22.22841336,2015,
2015_01_01_00000000000000000c3a,2300.599486,Thailand,Admin1,34,Uttaradit,1.42E+12,7772.852939,46.00203148,2015,
2015_01_01_00000000000000000c3b,9085.316857,Thailand,Admin1,35,Buri Ram,1.42E+12,10011.91984,107.8779715,2015,
2015_01_01_00000000000000000c3c,6223.362987,Thailand,Admin1,36,Kam Phaeng Phet,1.42E+12,8474.278354,18.8172245,2015,
2015_01_01_00000000000000000c3d,1885.796662,Thailand,Admin1,37,Lampang,1.42E+12,12694.18812,81.66573739,2015,
2015_01_01_00000000000000000c3e,121.428441,Thailand,Admin1,38,Nonthaburi,1.42E+12,646.5730953,235.9238611,2015,
2015_01_01_00000000000000000c3f,2051.821127,Thailand,Admin1,39,Bueng Kan,1.42E+12,4037.46209,11.32989636,2015,
2015_01_01_00000000000000000c40,203.8882749,Thailand,Admin1,40,Narathiwat,1.42E+12,4407.022466,31.05168608,2015,
2015_01_01_00000000000000000c41,12741.04195,Thailand,Admin1,41,Ubon Ratchathani,1.42E+12,15381.51653,124.4952106,2015,
2015_01_01_00000000000000000c42,2538.747721,Thailand,Admin1,42,Phachuap Khiri Khan,1.42E+12,6413.263472,24.04257914,2015,
2015_01_01_00000000000000000c43,1037.483804,Thailand,Admin1,43,Songkhla,1.42E+12,7380.355144,99.32213743,2015,
2015_01_01_00000000000000000c44,49.85493401,Thailand,Admin1,44,Phuket,1.42E+12,505.8057687,46.67614525,2015,
2015_01_01_00000000000000000c45,839.6591322,Thailand,Admin1,45,Ang Thong,1.42E+12,982.3283513,15.70814469,2015,
2015_01_01_00000000000000000c46,5688.172471,Thailand,Admin1,46,Maha Sarakham,1.42E+12,5763.754571,44.54015644,2015,
2015_01_01_00000000000000000c47,201.2589076,Thailand,Admin1,47,Trang,1.42E+12,4724.649599,27.53081855,2015,
2015_01_01_00000000000000000c48,4345.457725,Thailand,Admin1,48,Suphan Buri,1.42E+12,5402.091474,79.62997695,2015,
2015_01_01_00000000000000000c49,805.9506258,Thailand,Admin1,49,Singburi,1.42E+12,849.8216919,17.22685375,2015,
2015_01_01_00000000000000000c4a,53.54888089,Thailand,Admin1,50,Samut Songkhram,1.42E+12,410.4443946,13.01820136,2015,
2015_01_01_00000000000000000c4b,1046.487492,Thailand,Admin1,51,Rayong,1.42E+12,3682.324334,104.1006109,2015,
2015_01_01_00000000000000000c4c,3494.496649,Thailand,Admin1,52,Prachin Buri,1.42E+12,5586.900948,30.36915878,2015,
2015_01_01_00000000000000000c4d,1753.708285,Thailand,Admin1,53,Phra Nakhon Sri Ayuthaya,1.42E+12,2481.938592,123.5216473,2015,
2015_01_01_00000000000000000c4e,4200.867839,Thailand,Admin1,54,Phichit,1.42E+12,4255.046654,23.74577044,2015,
2015_01_01_00000000000000000c4f,1259.184557,Thailand,Admin1,55,Phatthalung,1.42E+12,3318.812962,12.39741622,2015,
2015_01_01_00000000000000000c50,96.60382188,Thailand,Admin1,56,Phangnga,1.42E+12,3839.465663,3.420181188,2015,
2015_01_01_00000000000000000c51,139.0801337,Thailand,Admin1,57,Pattani,1.42E+12,1938.00129,16.00032618,2015,
2015_01_01_00000000000000000c52,684.6841756,Thailand,Admin1,58,Pathum Thani,1.42E+12,1517.672916,275.8398429,2015,
2015_01_01_00000000000000000c53,2282.201903,Thailand,Admin1,59,Nakhon Si Thammarat,1.42E+12,10181.71885,47.02717841,2015,
2015_01_01_00000000000000000c54,1202.077789,Thailand,Admin1,60,Nakhon Nayok,1.42E+12,2194.471865,3.224875977,2015,
2015_01_01_00000000000000000c55,2682.576122,Thailand,Admin1,61,Mukdahan,1.42E+12,4098.340498,8.582394302,2015,
2015_01_01_00000000000000000c56,5264.013259,Thailand,Admin1,62,Lop Buri,1.42E+12,6017.834568,72.83593765,2015,
2015_01_01_00000000000000000c57,69.78986073,Thailand,Admin1,63,Krabi,1.42E+12,4360.740117,17.66966684,2015,
2015_01_01_00000000000000000c58,2716.698277,Thailand,Admin1,64,Chon Buri,1.42E+12,4395.2836,304.4319028,2015,
2015_01_01_00000000000000000c59,2171.864044,Thailand,Admin1,65,Chiang Mai,1.42E+12,22765.23009,170.6231794,2015,
2015_01_01_00000000000000000c5a,2426.793525,Thailand,Admin1,66,Chai Nat,1.42E+12,2494.56793,18.85371429,2015,
2015_01_01_00000000000000000c5b,3097.990915,Thailand,Admin1,67,Amnat Chareon,1.42E+12,3264.555754,9.88117209,2015,
2015_01_01_00000000000000000c5c,38.10089776,Thailand,Admin1,68,Samut Sakhon,1.42E+12,839.3838122,187.0348571,2015,
2015_01_01_00000000000000000c5d,94.18477925,Thailand,Admin1,69,Samut Prakan,1.42E+12,941.2893751,347.3375772,2015,
2015_01_01_00000000000000000c5e,982.4545271,Thailand,Admin1,70,Nan,1.42E+12,12281.87353,20.97221692,2015,
2015_01_01_00000000000000000c5f,637.9871115,Thailand,Admin1,71,Chanthaburi,1.42E+12,6072.524257,18.60376119,2015,
2015_01_01_00000000000000000c60,4420.115236,Thailand,Admin1,72,Nakhon Phanom,1.42E+12,5586.936704,26.23315909,2015,
2015_01_01_00000000000000000c61,5830.551363,Thailand,Admin1,73,Kanchanaburi,1.42E+12,19620.41338,49.4032089,2015,
2015_01_01_00000000000000000c62,250.8989651,Thailand,Admin1,74,Mae Hong Son,1.42E+12,13443.01606,16.90619647,2015,
2015_01_01_00000000000000000c63,4802.036923,Thailand,Admin1,75,Sa Kaew,1.42E+12,6359.594713,31.84902756,2015,
2015_01_01_00000000000000000c64,103.3777362,Thailand,Admin1,76,Satun,1.42E+12,2601.080262,7.267080109,2015,
2016_01_01_00000000000000000c18,7507.561584,Thailand,Admin1,0,Roi Et,1.45E+12,7745.022817,84.46529628,2016,
2016_01_01_00000000000000000c19,2184.678822,Thailand,Admin1,1,Phayao,1.45E+12,6066.03576,27.95389033,2016,
2016_01_01_00000000000000000c1a,8847.661692,Thailand,Admin1,2,Nakhon Sawan,1.45E+12,9747.798748,87.12619678,2016,
2016_01_01_00000000000000000c1b,3726.150711,Thailand,Admin1,3,Nongbua Lamphu,1.45E+12,4329.991886,19.89732995,2016,
2016_01_01_00000000000000000c1c,3444.707762,Thailand,Admin1,4,Chachoengsao,1.45E+12,5526.224678,62.17645992,2016,
2016_01_01_00000000000000000c1d,8027.774207,Thailand,Admin1,5,Surin,1.45E+12,8750.428499,86.94401087,2016,
2016_01_01_00000000000000000c1e,17395.83264,Thailand,Admin1,6,Nakhon Ratchasima,1.45E+12,20804.28446,194.9758376,2016,
2016_01_01_00000000000000000c1f,4465.937275,Thailand,Admin1,7,Sukhothai,1.45E+12,7104.327079,53.9152707,2016,
2016_01_01_00000000000000000c20,2337.418373,Thailand,Admin1,8,Phetchaburi,1.45E+12,6249.398042,35.49840964,2016,
2016_01_01_00000000000000000c21,9123.005617,Thailand,Admin1,9,Chaiyaphum,1.45E+12,13190.87897,71.61446754,2016,
2016_01_01_00000000000000000c22,7086.435475,Thailand,Admin1,10,Phetchabun,1.45E+12,12491.47562,50.42019601,2016,
2016_01_01_00000000000000000c23,642.8808331,Thailand,Admin1,11,Surat Thani,1.45E+12,13434.91298,78.73254955,2016,
2016_01_01_00000000000000000c24,7496.336459,Thailand,Admin1,12,Si Sa Ket,1.45E+12,8949.275223,73.36315286,2016,
2016_01_01_00000000000000000c25,2455.722379,Thailand,Admin1,13,Nong Khai,1.45E+12,3324.614466,25.09067371,2016,
2016_01_01_00000000000000000c26,257.4784304,Thailand,Admin1,14,Bangkok,1.45E+12,1575.248239,983.1945166,2016,
2016_01_01_00000000000000000c27,9614.335571,Thailand,Admin1,15,Khon Kaen,1.45E+12,10765.33812,90.31081949,2016,
2016_01_01_00000000000000000c28,2644.07084,Thailand,Admin1,16,Loei,1.45E+12,10478.24096,31.8693338,2016,
2016_01_01_00000000000000000c29,2393.197612,Thailand,Admin1,17,Saraburi,1.45E+12,3500.60375,96.42414138,2016,
2016_01_01_00000000000000000c2a,3166.75819,Thailand,Admin1,18,Uthai Thani,1.45E+12,6519.93822,7.824489681,2016,
2016_01_01_00000000000000000c2b,268.9178548,Thailand,Admin1,19,Chumphon,1.45E+12,5803.750933,24.77045383,2016,
2016_01_01_00000000000000000c2c,6220.485621,Thailand,Admin1,20,Kalasin,1.45E+12,6872.625577,51.02058955,2016,
2016_01_01_00000000000000000c2d,5471.04363,Thailand,Admin1,21,Phitsanulok,1.45E+12,10703.28817,63.11263653,2016,
2016_01_01_00000000000000000c2e,80.59860908,Thailand,Admin1,22,Ranong,1.45E+12,3181.183863,10.00513054,2016,
2016_01_01_00000000000000000c2f,9278.403036,Thailand,Admin1,23,Udon Thani,1.45E+12,10817.21024,104.0927579,2016,
2016_01_01_00000000000000000c30,7862.070418,Thailand,Admin1,24,Sakon Nakhon,1.45E+12,9593.107454,42.44773233,2016,
2016_01_01_00000000000000000c31,4278.639244,Thailand,Admin1,25,Chiang Rai,1.45E+12,11444.2486,163.5637073,2016,
2016_01_01_00000000000000000c32,2009.488296,Thailand,Admin1,26,Tak,1.45E+12,16128.33628,43.04539414,2016,
2016_01_01_00000000000000000c33,710.0167714,Thailand,Admin1,27,Nakhon Pathom,1.45E+12,2094.368392,187.2061071,2016,
2016_01_01_00000000000000000c34,682.4813622,Thailand,Admin1,28,Lamphun,1.45E+12,4194.94845,65.28011182,2016,
2016_01_01_00000000000000000c35,136.8871028,Thailand,Admin1,29,Trat,1.45E+12,2766.718454,28.20948357,2016,
2016_01_01_00000000000000000c36,3047.135016,Thailand,Admin1,30,Ratchaburi,1.45E+12,5312.479906,61.04368535,2016,
2016_01_01_00000000000000000c37,3942.213193,Thailand,Admin1,31,Yasothon,1.45E+12,4094.547994,31.73003541,2016,
2016_01_01_00000000000000000c38,1127.833498,Thailand,Admin1,32,Phrae,1.45E+12,6614.733021,43.22303419,2016,
2016_01_01_00000000000000000c39,71.59982263,Thailand,Admin1,33,Yala,1.45E+12,4535.025548,22.22841336,2016,
2016_01_01_00000000000000000c3a,2309.215732,Thailand,Admin1,34,Uttaradit,1.45E+12,7772.852939,46.00203148,2016,
2016_01_01_00000000000000000c3b,9098.039291,Thailand,Admin1,35,Buri Ram,1.45E+12,10011.91984,107.8779715,2016,
2016_01_01_00000000000000000c3c,6286.074246,Thailand,Admin1,36,Kam Phaeng Phet,1.45E+12,8474.278354,18.8172245,2016,
2016_01_01_00000000000000000c3d,1874.300993,Thailand,Admin1,37,Lampang,1.45E+12,12694.18812,81.66573739,2016,
2016_01_01_00000000000000000c3e,118.1154537,Thailand,Admin1,38,Nonthaburi,1.45E+12,646.5730953,239.6945699,2016,
2016_01_01_00000000000000000c3f,1787.187824,Thailand,Admin1,39,Bueng Kan,1.45E+12,4037.46209,11.32989636,2016,
2016_01_01_00000000000000000c40,180.3197033,Thailand,Admin1,40,Narathiwat,1.45E+12,4407.022466,31.05168608,2016,
2016_01_01_00000000000000000c41,12666.99323,Thailand,Admin1,41,Ubon Ratchathani,1.45E+12,15381.51653,124.4952106,2016,
2016_01_01_00000000000000000c42,2503.613401,Thailand,Admin1,42,Phachuap Khiri Khan,1.45E+12,6413.263472,24.04257914,2016,
2016_01_01_00000000000000000c43,1032.270544,Thailand,Admin1,43,Songkhla,1.45E+12,7380.355144,99.32213743,2016,
2016_01_01_00000000000000000c44,43.3115458,Thailand,Admin1,44,Phuket,1.45E+12,505.8057687,46.67614525,2016,
2016_01_01_00000000000000000c45,867.1506925,Thailand,Admin1,45,Ang Thong,1.45E+12,982.3283513,15.70814469,2016,
2016_01_01_00000000000000000c46,5687.958601,Thailand,Admin1,46,Maha Sarakham,1.45E+12,5763.754571,44.75407877,2016,
2016_01_01_00000000000000000c47,216.9488114,Thailand,Admin1,47,Trang,1.45E+12,4724.649599,27.53081855,2016,
2016_01_01_00000000000000000c48,4495.013569,Thailand,Admin1,48,Suphan Buri,1.45E+12,5402.091474,79.62997695,2016,
2016_01_01_00000000000000000c49,812.2020387,Thailand,Admin1,49,Singburi,1.45E+12,849.8216919,17.22685375,2016,
2016_01_01_00000000000000000c4a,64.12922016,Thailand,Admin1,50,Samut Songkhram,1.45E+12,410.4443946,14.30132086,2016,
2016_01_01_00000000000000000c4b,1025.049848,Thailand,Admin1,51,Rayong,1.45E+12,3682.324334,104.1006109,2016,
2016_01_01_00000000000000000c4c,3478.706564,Thailand,Admin1,52,Prachin Buri,1.45E+12,5586.900948,30.36915878,2016,
2016_01_01_00000000000000000c4d,1838.937961,Thailand,Admin1,53,Phra Nakhon Sri Ayuthaya,1.45E+12,2481.938592,124.3771425,2016,
2016_01_01_00000000000000000c4e,4204.718522,Thailand,Admin1,54,Phichit,1.45E+12,4255.046654,23.74577044,2016,
2016_01_01_00000000000000000c4f,1238.338484,Thailand,Admin1,55,Phatthalung,1.45E+12,3318.812962,12.39741622,2016,
2016_01_01_00000000000000000c50,95.45367236,Thailand,Admin1,56,Phangnga,1.45E+12,3839.465663,3.420181188,2016,
2016_01_01_00000000000000000c51,142.2962856,Thailand,Admin1,57,Pattani,1.45E+12,1938.00129,16.00032618,2016,
2016_01_01_00000000000000000c52,719.3153262,Thailand,Admin1,58,Pathum Thani,1.45E+12,1517.672916,280.4090305,2016,
2016_01_01_00000000000000000c53,2308.027391,Thailand,Admin1,59,Nakhon Si Thammarat,1.45E+12,10181.71885,47.2409388,2016,
2016_01_01_00000000000000000c54,1218.170805,Thailand,Admin1,60,Nakhon Nayok,1.45E+12,2194.471865,3.224875977,2016,
2016_01_01_00000000000000000c55,2669.21308,Thailand,Admin1,61,Mukdahan,1.45E+12,4098.340498,8.582394302,2016,
2016_01_01_00000000000000000c56,5294.677506,Thailand,Admin1,62,Lop Buri,1.45E+12,6017.834568,72.83593765,2016,
2016_01_01_00000000000000000c57,74.15042946,Thailand,Admin1,63,Krabi,1.45E+12,4360.740117,17.66966684,2016,
2016_01_01_00000000000000000c58,2728.195512,Thailand,Admin1,64,Chon Buri,1.45E+12,4395.2836,306.3062225,2016,
2016_01_01_00000000000000000c59,2178.784098,Thailand,Admin1,65,Chiang Mai,1.45E+12,22765.23009,171.0511691,2016,
2016_01_01_00000000000000000c5a,2433.03515,Thailand,Admin1,66,Chai Nat,1.45E+12,2494.56793,18.85371429,2016,
2016_01_01_00000000000000000c5b,3101.494057,Thailand,Admin1,67,Amnat Chareon,1.45E+12,3264.555754,9.88117209,2016,
2016_01_01_00000000000000000c5c,42.87620682,Thailand,Admin1,68,Samut Sakhon,1.45E+12,839.3838122,191.9535806,2016,
2016_01_01_00000000000000000c5d,94.61920162,Thailand,Admin1,69,Samut Prakan,1.45E+12,941.2893751,353.1117235,2016,
2016_01_01_00000000000000000c5e,866.7577324,Thailand,Admin1,70,Nan,1.45E+12,12281.87353,20.97221692,2016,
2016_01_01_00000000000000000c5f,597.7133788,Thailand,Admin1,71,Chanthaburi,1.45E+12,6072.524257,18.60376119,2016,
2016_01_01_00000000000000000c60,4255.134712,Thailand,Admin1,72,Nakhon Phanom,1.45E+12,5586.936704,26.23315909,2016,
2016_01_01_00000000000000000c61,5839.685057,Thailand,Admin1,73,Kanchanaburi,1.45E+12,19620.41338,49.4032089,2016,
2016_01_01_00000000000000000c62,252.0729874,Thailand,Admin1,74,Mae Hong Son,1.45E+12,13443.01606,16.90619647,2016,
2016_01_01_00000000000000000c63,4805.27291,Thailand,Admin1,75,Sa Kaew,1.45E+12,6359.594713,31.84902756,2016,
2016_01_01_00000000000000000c64,113.7872493,Thailand,Admin1,76,Satun,1.45E+12,2601.080262,7.267080109,2016,
2017_01_01_00000000000000000c18,7503.484659,Thailand,Admin1,0,Roi Et,1.48E+12,7745.022817,84.46529628,2017,
2017_01_01_00000000000000000c19,2079.414857,Thailand,Admin1,1,Phayao,1.48E+12,6066.03576,27.95389033,2017,
2017_01_01_00000000000000000c1a,8824.207293,Thailand,Admin1,2,Nakhon Sawan,1.48E+12,9747.798748,87.12619678,2017,
2017_01_01_00000000000000000c1b,3664.460593,Thailand,Admin1,3,Nongbua Lamphu,1.48E+12,4329.991886,19.89732995,2017,
2017_01_01_00000000000000000c1c,3279.366795,Thailand,Admin1,4,Chachoengsao,1.48E+12,5526.224678,63.03188766,2017,
2017_01_01_00000000000000000c1d,7998.966678,Thailand,Admin1,5,Surin,1.48E+12,8750.428499,86.94401087,2017,
2017_01_01_00000000000000000c1e,17290.7985,Thailand,Admin1,6,Nakhon Ratchasima,1.48E+12,20804.28446,194.9758376,2017,
2017_01_01_00000000000000000c1f,4409.941332,Thailand,Admin1,7,Sukhothai,1.48E+12,7104.327079,53.9152707,2017,
2017_01_01_00000000000000000c20,2188.090722,Thailand,Admin1,8,Phetchaburi,1.48E+12,6249.398042,35.49840964,2017,
2017_01_01_00000000000000000c21,9034.356204,Thailand,Admin1,9,Chaiyaphum,1.48E+12,13190.87897,71.61446754,2017,
2017_01_01_00000000000000000c22,6995.978264,Thailand,Admin1,10,Phetchabun,1.48E+12,12491.47562,50.42019601,2017,
2017_01_01_00000000000000000c23,610.9717537,Thailand,Admin1,11,Surat Thani,1.48E+12,13434.91298,79.16009178,2017,
2017_01_01_00000000000000000c24,7457.793009,Thailand,Admin1,12,Si Sa Ket,1.48E+12,8949.275223,73.36315286,2017,
2017_01_01_00000000000000000c25,2371.497614,Thailand,Admin1,13,Nong Khai,1.48E+12,3324.614466,25.09067371,2017,
2017_01_01_00000000000000000c26,253.6809441,Thailand,Admin1,14,Bangkok,1.48E+12,1575.248239,990.3366251,2017,
2017_01_01_00000000000000000c27,9543.526669,Thailand,Admin1,15,Khon Kaen,1.48E+12,10765.33812,90.9526058,2017,
2017_01_01_00000000000000000c28,2424.845332,Thailand,Admin1,16,Loei,1.48E+12,10478.24096,31.8693338,2017,
2017_01_01_00000000000000000c29,2382.285293,Thailand,Admin1,17,Saraburi,1.48E+12,3500.60375,96.63802536,2017,
2017_01_01_00000000000000000c2a,3099.056153,Thailand,Admin1,18,Uthai Thani,1.48E+12,6519.93822,8.038390275,2017,
2017_01_01_00000000000000000c2b,245.9923727,Thailand,Admin1,19,Chumphon,1.48E+12,5803.750933,24.77045383,2017,
2017_01_01_00000000000000000c2c,6187.277617,Thailand,Admin1,20,Kalasin,1.48E+12,6872.625577,51.02058955,2017,
2017_01_01_00000000000000000c2d,5400.411702,Thailand,Admin1,21,Phitsanulok,1.48E+12,10703.28817,63.32657544,2017,
2017_01_01_00000000000000000c2e,62.70300432,Thailand,Admin1,22,Ranong,1.48E+12,3181.183863,10.00513054,2017,
2017_01_01_00000000000000000c2f,9211.777682,Thailand,Admin1,23,Udon Thani,1.48E+12,10817.21024,104.0927579,2017,
2017_01_01_00000000000000000c30,7791.315666,Thailand,Admin1,24,Sakon Nakhon,1.48E+12,9593.107454,42.44773233,2017,
2017_01_01_00000000000000000c31,4064.993569,Thailand,Admin1,25,Chiang Rai,1.48E+12,11444.2486,163.5637073,2017,
2017_01_01_00000000000000000c32,1958.605051,Thailand,Admin1,26,Tak,1.48E+12,16128.33628,43.25933028,2017,
2017_01_01_00000000000000000c33,663.3897632,Thailand,Admin1,27,Nakhon Pathom,1.48E+12,2094.368392,188.4565659,2017,
2017_01_01_00000000000000000c34,649.6039869,Thailand,Admin1,28,Lamphun,1.48E+12,4194.94845,65.28011182,2017,
2017_01_01_00000000000000000c35,129.2462003,Thailand,Admin1,29,Trat,1.48E+12,2766.718454,28.20948357,2017,
2017_01_01_00000000000000000c36,2897.669579,Thailand,Admin1,30,Ratchaburi,1.48E+12,5312.479906,61.25754171,2017,
2017_01_01_00000000000000000c37,3933.993805,Thailand,Admin1,31,Yasothon,1.48E+12,4094.547994,31.73003541,2017,
2017_01_01_00000000000000000c38,1103.683247,Thailand,Admin1,32,Phrae,1.48E+12,6614.733021,43.22303419,2017,
2017_01_01_00000000000000000c39,65.13917199,Thailand,Admin1,33,Yala,1.48E+12,4535.025548,22.65588611,2017,
2017_01_01_00000000000000000c3a,2295.807189,Thailand,Admin1,34,Uttaradit,1.48E+12,7772.852939,46.00203148,2017,
2017_01_01_00000000000000000c3b,9049.836024,Thailand,Admin1,35,Buri Ram,1.48E+12,10011.91984,108.5196435,2017,
2017_01_01_00000000000000000c3c,6232.714302,Thailand,Admin1,36,Kam Phaeng Phet,1.48E+12,8474.278354,18.8172245,2017,
2017_01_01_00000000000000000c3d,1740.894096,Thailand,Admin1,37,Lampang,1.48E+12,12694.18812,81.87971787,2017,
2017_01_01_00000000000000000c3e,112.593576,Thailand,Admin1,38,Nonthaburi,1.48E+12,646.5730953,246.5382113,2017,
2017_01_01_00000000000000000c3f,1548.795588,Thailand,Admin1,39,Bueng Kan,1.48E+12,4037.46209,11.54387995,2017,
2017_01_01_00000000000000000c40,178.841171,Thailand,Admin1,40,Narathiwat,1.48E+12,4407.022466,31.05168608,2017,
2017_01_01_00000000000000000c41,12578.40204,Thailand,Admin1,41,Ubon Ratchathani,1.48E+12,15381.51653,124.4952106,2017,
2017_01_01_00000000000000000c42,2364.605693,Thailand,Admin1,42,Phachuap Khiri Khan,1.48E+12,6413.263472,24.25639805,2017,
2017_01_01_00000000000000000c43,973.9275733,Thailand,Admin1,43,Songkhla,1.48E+12,7380.355144,99.53587968,2017,
2017_01_01_00000000000000000c44,37.7380161,Thailand,Admin1,44,Phuket,1.48E+12,505.8057687,46.67614525,2017,
2017_01_01_00000000000000000c45,863.3646026,Thailand,Admin1,45,Ang Thong,1.48E+12,982.3283513,15.70814469,2017,
2017_01_01_00000000000000000c46,5680.814369,Thailand,Admin1,46,Maha Sarakham,1.48E+12,5763.754571,44.75407877,2017,
2017_01_01_00000000000000000c47,215.5800579,Thailand,Admin1,47,Trang,1.48E+12,4724.649599,27.53081855,2017,
2017_01_01_00000000000000000c48,4394.233949,Thailand,Admin1,48,Suphan Buri,1.48E+12,5402.091474,79.62997695,2017,
2017_01_01_00000000000000000c49,813.3603964,Thailand,Admin1,49,Singburi,1.48E+12,849.8216919,17.22685375,2017,
2017_01_01_00000000000000000c4a,69.12079887,Thailand,Admin1,50,Samut Songkhram,1.48E+12,410.4443946,14.30132086,2017,
2017_01_01_00000000000000000c4b,999.9709585,Thailand,Admin1,51,Rayong,1.48E+12,3682.324334,104.3144496,2017,
2017_01_01_00000000000000000c4c,3430.427744,Thailand,Admin1,52,Prachin Buri,1.48E+12,5586.900948,30.36915878,2017,
2017_01_01_00000000000000000c4d,1802.759346,Thailand,Admin1,53,Phra Nakhon Sri Ayuthaya,1.48E+12,2481.938592,125.4465105,2017,
2017_01_01_00000000000000000c4e,4201.442534,Thailand,Admin1,54,Phichit,1.48E+12,4255.046654,23.74577044,2017,
2017_01_01_00000000000000000c4f,1207.290758,Thailand,Admin1,55,Phatthalung,1.48E+12,3318.812962,12.39741622,2017,
2017_01_01_00000000000000000c50,73.26737319,Thailand,Admin1,56,Phangnga,1.48E+12,3839.465663,3.420181188,2017,
2017_01_01_00000000000000000c51,132.8381707,Thailand,Admin1,57,Pattani,1.48E+12,1938.00129,16.00032618,2017,
2017_01_01_00000000000000000c52,739.7486696,Thailand,Admin1,58,Pathum Thani,1.48E+12,1517.672916,284.2586372,2017,
2017_01_01_00000000000000000c53,2298.355003,Thailand,Admin1,59,Nakhon Si Thammarat,1.48E+12,10181.71885,47.2409388,2017,
2017_01_01_00000000000000000c54,1214.710199,Thailand,Admin1,60,Nakhon Nayok,1.48E+12,2194.471865,3.224875977,2017,
2017_01_01_00000000000000000c55,2574.28042,Thailand,Admin1,61,Mukdahan,1.48E+12,4098.340498,8.582394302,2017,
2017_01_01_00000000000000000c56,5285.385742,Thailand,Admin1,62,Lop Buri,1.48E+12,6017.834568,72.83593765,2017,
2017_01_01_00000000000000000c57,55.82865434,Thailand,Admin1,63,Krabi,1.48E+12,4360.740117,17.66966684,2017,
2017_01_01_00000000000000000c58,2640.302143,Thailand,Admin1,64,Chon Buri,1.48E+12,4395.2836,310.9178062,2017,
2017_01_01_00000000000000000c59,2078.929542,Thailand,Admin1,65,Chiang Mai,1.48E+12,22765.23009,171.0511691,2017,
2017_01_01_00000000000000000c5a,2431.091618,Thailand,Admin1,66,Chai Nat,1.48E+12,2494.56793,18.85371429,2017,
2017_01_01_00000000000000000c5b,3103.640871,Thailand,Admin1,67,Amnat Chareon,1.48E+12,3264.555754,9.88117209,2017,
2017_01_01_00000000000000000c5c,44.38745598,Thailand,Admin1,68,Samut Sakhon,1.48E+12,839.3838122,193.6636014,2017,
2017_01_01_00000000000000000c5d,92.51499762,Thailand,Admin1,69,Samut Prakan,1.48E+12,941.2893751,358.5873167,2017,
2017_01_01_00000000000000000c5e,815.8968412,Thailand,Admin1,70,Nan,1.48E+12,12281.87353,20.97221692,2017,
2017_01_01_00000000000000000c5f,566.3448671,Thailand,Admin1,71,Chanthaburi,1.48E+12,6072.524257,18.60376119,2017,
2017_01_01_00000000000000000c60,4178.738582,Thailand,Admin1,72,Nakhon Phanom,1.48E+12,5586.936704,26.23315909,2017,
2017_01_01_00000000000000000c61,5640.456594,Thailand,Admin1,73,Kanchanaburi,1.48E+12,19620.41338,49.4032089,2017,
2017_01_01_00000000000000000c62,246.452987,Thailand,Admin1,74,Mae Hong Son,1.48E+12,13443.01606,16.90619647,2017,
2017_01_01_00000000000000000c63,4708.936334,Thailand,Admin1,75,Sa Kaew,1.48E+12,6359.594713,31.84902756,2017,
2017_01_01_00000000000000000c64,101.8178416,Thailand,Admin1,76,Satun,1.48E+12,2601.080262,7.267080109,2017,
2018_01_01_00000000000000000c18,7499.422603,Thailand,Admin1,0,Roi Et,1.51E+12,7745.022817,84.46529628,2018,
2018_01_01_00000000000000000c19,1975.45167,Thailand,Admin1,1,Phayao,1.51E+12,6066.03576,27.95389033,2018,
2018_01_01_00000000000000000c1a,8806.961389,Thailand,Admin1,2,Nakhon Sawan,1.51E+12,9747.798748,87.34010642,2018,
2018_01_01_00000000000000000c1b,3620.467908,Thailand,Admin1,3,Nongbua Lamphu,1.51E+12,4329.991886,19.89732995,2018,
2018_01_01_00000000000000000c1c,3015.551927,Thailand,Admin1,4,Chachoengsao,1.51E+12,5526.224678,65.81203484,2018,
2018_01_01_00000000000000000c1d,7976.979781,Thailand,Admin1,5,Surin,1.51E+12,8750.428499,86.94401087,2018,
2018_01_01_00000000000000000c1e,17173.60234,Thailand,Admin1,6,Nakhon Ratchasima,1.51E+12,20804.28446,194.9758376,2018,
2018_01_01_00000000000000000c1f,4395.320687,Thailand,Admin1,7,Sukhothai,1.51E+12,7104.327079,53.9152707,2018,
2018_01_01_00000000000000000c20,2084.131063,Thailand,Admin1,8,Phetchaburi,1.51E+12,6249.398042,35.71224936,2018,
2018_01_01_00000000000000000c21,8948.086702,Thailand,Admin1,9,Chaiyaphum,1.51E+12,13190.87897,71.61446754,2018,
2018_01_01_00000000000000000c22,6898.385195,Thailand,Admin1,10,Phetchabun,1.51E+12,12491.47562,50.42019601,2018,
2018_01_01_00000000000000000c23,591.4120047,Thailand,Admin1,11,Surat Thani,1.51E+12,13434.91298,79.58763459,2018,
2018_01_01_00000000000000000c24,7449.634074,Thailand,Admin1,12,Si Sa Ket,1.51E+12,8949.275223,73.57704648,2018,
2018_01_01_00000000000000000c25,2335.961463,Thailand,Admin1,13,Nong Khai,1.51E+12,3324.614466,25.09067371,2018,
2018_01_01_00000000000000000c26,232.7937112,Thailand,Admin1,14,Bangkok,1.51E+12,1575.248239,995.8533974,2018,
2018_01_01_00000000000000000c27,9528.931773,Thailand,Admin1,15,Khon Kaen,1.51E+12,10765.33812,90.9526058,2018,
2018_01_01_00000000000000000c28,2267.511247,Thailand,Admin1,16,Loei,1.51E+12,10478.24096,31.8693338,2018,
2018_01_01_00000000000000000c29,2309.033283,Thailand,Admin1,17,Saraburi,1.51E+12,3500.60375,97.70740719,2018,
2018_01_01_00000000000000000c2a,3080.606783,Thailand,Admin1,18,Uthai Thani,1.51E+12,6519.93822,8.038390275,2018,
2018_01_01_00000000000000000c2b,234.9760062,Thailand,Admin1,19,Chumphon,1.51E+12,5803.750933,24.77045383,2018,
2018_01_01_00000000000000000c2c,6094.4346,Thailand,Admin1,20,Kalasin,1.51E+12,6872.625577,51.02058955,2018,
2018_01_01_00000000000000000c2d,5273.211841,Thailand,Admin1,21,Phitsanulok,1.51E+12,10703.28817,63.32657544,2018,
2018_01_01_00000000000000000c2e,46.80169756,Thailand,Admin1,22,Ranong,1.51E+12,3181.183863,10.00513054,2018,
2018_01_01_00000000000000000c2f,9106.694415,Thailand,Admin1,23,Udon Thani,1.51E+12,10817.21024,104.0927579,2018,
2018_01_01_00000000000000000c30,7666.768516,Thailand,Admin1,24,Sakon Nakhon,1.51E+12,9593.107454,42.44773233,2018,
2018_01_01_00000000000000000c31,3914.016287,Thailand,Admin1,25,Chiang Rai,1.51E+12,11444.2486,163.5637073,2018,
2018_01_01_00000000000000000c32,1959.248083,Thailand,Admin1,26,Tak,1.51E+12,16128.33628,43.27946538,2018,
2018_01_01_00000000000000000c33,637.9706519,Thailand,Admin1,27,Nakhon Pathom,1.51E+12,2094.368392,191.0228973,2018,
2018_01_01_00000000000000000c34,644.8597193,Thailand,Admin1,28,Lamphun,1.51E+12,4194.94845,65.28011182,2018,
2018_01_01_00000000000000000c35,131.487876,Thailand,Admin1,29,Trat,1.51E+12,2766.718454,28.20948357,2018,
2018_01_01_00000000000000000c36,2800.296706,Thailand,Admin1,30,Ratchaburi,1.51E+12,5312.479906,61.4714041,2018,
2018_01_01_00000000000000000c37,3925.749957,Thailand,Admin1,31,Yasothon,1.51E+12,4094.547994,31.73003541,2018,
2018_01_01_00000000000000000c38,1094.88893,Thailand,Admin1,32,Phrae,1.51E+12,6614.733021,43.22303419,2018,
2018_01_01_00000000000000000c39,70.52858944,Thailand,Admin1,33,Yala,1.51E+12,4535.025548,22.65588611,2018,
2018_01_01_00000000000000000c3a,2220.927538,Thailand,Admin1,34,Uttaradit,1.51E+12,7772.852939,46.00203148,2018,
2018_01_01_00000000000000000c3b,9018.297806,Thailand,Admin1,35,Buri Ram,1.51E+12,10011.91984,108.7335341,2018,
2018_01_01_00000000000000000c3c,6236.839303,Thailand,Admin1,36,Kam Phaeng Phet,1.51E+12,8474.278354,18.8172245,2018,
2018_01_01_00000000000000000c3d,1669.959295,Thailand,Admin1,37,Lampang,1.51E+12,12694.18812,81.87971787,2018,
2018_01_01_00000000000000000c3e,115.598738,Thailand,Admin1,38,Nonthaburi,1.51E+12,646.5730953,250.3877644,2018,
2018_01_01_00000000000000000c3f,1465.91173,Thailand,Admin1,39,Bueng Kan,1.51E+12,4037.46209,11.75786342,2018,
2018_01_01_00000000000000000c40,180.9885551,Thailand,Admin1,40,Narathiwat,1.51E+12,4407.022466,31.05168608,2018,
2018_01_01_00000000000000000c41,12471.52021,Thailand,Admin1,41,Ubon Ratchathani,1.51E+12,15381.51653,124.7091059,2018,
2018_01_01_00000000000000000c42,2238.841893,Thailand,Admin1,42,Phachuap Khiri Khan,1.51E+12,6413.263472,24.4702325,2018,
2018_01_01_00000000000000000c43,978.2040731,Thailand,Admin1,43,Songkhla,1.51E+12,7380.355144,99.53587968,2018,
2018_01_01_00000000000000000c44,34.21234137,Thailand,Admin1,44,Phuket,1.51E+12,505.8057687,46.88989811,2018,
2018_01_01_00000000000000000c45,846.7901318,Thailand,Admin1,45,Ang Thong,1.51E+12,982.3283513,15.70814469,2018,
2018_01_01_00000000000000000c46,5677.473753,Thailand,Admin1,46,Maha Sarakham,1.51E+12,5763.754571,44.96800099,2018,
2018_01_01_00000000000000000c47,226.8047593,Thailand,Admin1,47,Trang,1.51E+12,4724.649599,27.53081855,2018,
2018_01_01_00000000000000000c48,4310.324738,Thailand,Admin1,48,Suphan Buri,1.51E+12,5402.091474,79.62997695,2018,
2018_01_01_00000000000000000c49,813.545696,Thailand,Admin1,49,Singburi,1.51E+12,849.8216919,17.22685375,2018,
2018_01_01_00000000000000000c4a,65.96328894,Thailand,Admin1,50,Samut Songkhram,1.51E+12,410.4443946,14.51517345,2018,
2018_01_01_00000000000000000c4b,982.2965915,Thailand,Admin1,51,Rayong,1.51E+12,3682.324334,104.3144496,2018,
2018_01_01_00000000000000000c4c,3308.591443,Thailand,Admin1,52,Prachin Buri,1.51E+12,5586.900948,30.36915878,2018,
2018_01_01_00000000000000000c4d,1717.944792,Thailand,Admin1,53,Phra Nakhon Sri Ayuthaya,1.51E+12,2481.938592,129.9378491,2018,
2018_01_01_00000000000000000c4e,4201.13546,Thailand,Admin1,54,Phichit,1.51E+12,4255.046654,23.74577044,2018,
2018_01_01_00000000000000000c4f,1235.23221,Thailand,Admin1,55,Phatthalung,1.51E+12,3318.812962,12.39741622,2018,
2018_01_01_00000000000000000c50,59.41865506,Thailand,Admin1,56,Phangnga,1.51E+12,3839.465663,3.420181188,2018,
2018_01_01_00000000000000000c51,138.4381901,Thailand,Admin1,57,Pattani,1.51E+12,1938.00129,16.00032618,2018,
2018_01_01_00000000000000000c52,725.883264,Thailand,Admin1,58,Pathum Thani,1.51E+12,1517.672916,287.2527779,2018,
2018_01_01_00000000000000000c53,2334.564598,Thailand,Admin1,59,Nakhon Si Thammarat,1.51E+12,10181.71885,47.45469883,2018,
2018_01_01_00000000000000000c54,1171.221393,Thailand,Admin1,60,Nakhon Nayok,1.51E+12,2194.471865,3.224875977,2018,
2018_01_01_00000000000000000c55,2496.498643,Thailand,Admin1,61,Mukdahan,1.51E+12,4098.340498,8.582394302,2018,
2018_01_01_00000000000000000c56,5258.666897,Thailand,Admin1,62,Lop Buri,1.51E+12,6017.834568,73.04982307,2018,
2018_01_01_00000000000000000c57,49.48646566,Thailand,Admin1,63,Krabi,1.51E+12,4360.740117,18.09717794,2018,
2018_01_01_00000000000000000c58,2511.925813,Thailand,Admin1,64,Chon Buri,1.51E+12,4395.2836,315.8363573,2018,
2018_01_01_00000000000000000c59,2032.74503,Thailand,Admin1,65,Chiang Mai,1.51E+12,22765.23009,171.0511691,2018,
2018_01_01_00000000000000000c5a,2420.224925,Thailand,Admin1,66,Chai Nat,1.51E+12,2494.56793,18.85371429,2018,
2018_01_01_00000000000000000c5b,3090.296602,Thailand,Admin1,67,Amnat Chareon,1.51E+12,3264.555754,9.88117209,2018,
2018_01_01_00000000000000000c5c,35.28132568,Thailand,Admin1,68,Samut Sakhon,1.51E+12,839.3838122,197.2991848,2018,
2018_01_01_00000000000000000c5d,78.20160599,Thailand,Admin1,69,Samut Prakan,1.51E+12,941.2893751,363.7609907,2018,
2018_01_01_00000000000000000c5e,711.5655047,Thailand,Admin1,70,Nan,1.51E+12,12281.87353,20.97221692,2018,
2018_01_01_00000000000000000c5f,556.6147817,Thailand,Admin1,71,Chanthaburi,1.51E+12,6072.524257,18.60376119,2018,
2018_01_01_00000000000000000c60,4135.962759,Thailand,Admin1,72,Nakhon Phanom,1.51E+12,5586.936704,26.23315909,2018,
2018_01_01_00000000000000000c61,5544.407922,Thailand,Admin1,73,Kanchanaburi,1.51E+12,19620.41338,49.4032089,2018,
2018_01_01_00000000000000000c62,240.450428,Thailand,Admin1,74,Mae Hong Son,1.51E+12,13443.01606,16.90619647,2018,
2018_01_01_00000000000000000c63,4607.303087,Thailand,Admin1,75,Sa Kaew,1.51E+12,6359.594713,32.27674534,2018,
2018_01_01_00000000000000000c64,101.9813093,Thailand,Admin1,76,Satun,1.51E+12,2601.080262,7.267080109,2018,
2019_01_01_00000000000000000c18,7500.633971,Thailand,Admin1,0,Roi Et,1.55E+12,7745.022817,84.89313258,2019,
2019_01_01_00000000000000000c19,2023.570188,Thailand,Admin1,1,Phayao,1.55E+12,6066.03576,27.95389033,2019,
2019_01_01_00000000000000000c1a,8820.596059,Thailand,Admin1,2,Nakhon Sawan,1.55E+12,9747.798748,87.34010642,2019,
2019_01_01_00000000000000000c1b,3692.51959,Thailand,Admin1,3,Nongbua Lamphu,1.55E+12,4329.991886,19.89732995,2019,
2019_01_01_00000000000000000c1c,2971.381411,Thailand,Admin1,4,Chachoengsao,1.55E+12,5526.224678,70.0673761,2019,
2019_01_01_00000000000000000c1d,7965.880264,Thailand,Admin1,5,Surin,1.55E+12,8750.428499,86.94401087,2019,
2019_01_01_00000000000000000c1e,17244.25398,Thailand,Admin1,6,Nakhon Ratchasima,1.55E+12,20804.28446,194.9758376,2019,
2019_01_01_00000000000000000c1f,4443.371489,Thailand,Admin1,7,Sukhothai,1.55E+12,7104.327079,53.9152707,2019,
2019_01_01_00000000000000000c20,2087.415556,Thailand,Admin1,8,Phetchaburi,1.55E+12,6249.398042,35.71224936,2019,
2019_01_01_00000000000000000c21,9066.353041,Thailand,Admin1,9,Chaiyaphum,1.55E+12,13190.87897,71.61446754,2019,
2019_01_01_00000000000000000c22,6981.919987,Thailand,Admin1,10,Phetchabun,1.55E+12,12491.47562,50.63410381,2019,
2019_01_01_00000000000000000c23,585.6080516,Thailand,Admin1,11,Surat Thani,1.55E+12,13434.91298,80.22894944,2019,
2019_01_01_00000000000000000c24,7439.731953,Thailand,Admin1,12,Si Sa Ket,1.55E+12,8949.275223,73.57704648,2019,
2019_01_01_00000000000000000c25,2340.159246,Thailand,Admin1,13,Nong Khai,1.55E+12,3324.614466,25.5186113,2019,
2019_01_01_00000000000000000c26,237.2923574,Thailand,Admin1,14,Bangkok,1.55E+12,1575.248239,1002.953587,2019,
2019_01_01_00000000000000000c27,9586.548449,Thailand,Admin1,15,Khon Kaen,1.55E+12,10765.33812,91.16653387,2019,
2019_01_01_00000000000000000c28,2383.024137,Thailand,Admin1,16,Loei,1.55E+12,10478.24096,31.8693338,2019,
2019_01_01_00000000000000000c29,2315.936147,Thailand,Admin1,17,Saraburi,1.55E+12,3500.60375,99.41841357,2019,
2019_01_01_00000000000000000c2a,3086.536333,Thailand,Admin1,18,Uthai Thani,1.55E+12,6519.93822,8.038390275,2019,
2019_01_01_00000000000000000c2b,247.744215,Thailand,Admin1,19,Chumphon,1.55E+12,5803.750933,24.77045383,2019,
2019_01_01_00000000000000000c2c,6125.170426,Thailand,Admin1,20,Kalasin,1.55E+12,6872.625577,51.02058955,2019,
2019_01_01_00000000000000000c2d,5325.689475,Thailand,Admin1,21,Phitsanulok,1.55E+12,10703.28817,63.75445198,2019,
2019_01_01_00000000000000000c2e,47.92852638,Thailand,Admin1,22,Ranong,1.55E+12,3181.183863,10.00513054,2019,
2019_01_01_00000000000000000c2f,9163.142803,Thailand,Admin1,23,Udon Thani,1.55E+12,10817.21024,104.0927579,2019,
2019_01_01_00000000000000000c30,7752.145183,Thailand,Admin1,24,Sakon Nakhon,1.55E+12,9593.107454,42.87562925,2019,
2019_01_01_00000000000000000c31,3969.207972,Thailand,Admin1,25,Chiang Rai,1.55E+12,11444.2486,163.991786,2019,
2019_01_01_00000000000000000c32,2089.725605,Thailand,Admin1,26,Tak,1.55E+12,16128.33628,43.3784628,2019,
2019_01_01_00000000000000000c33,646.0412872,Thailand,Admin1,27,Nakhon Pathom,1.55E+12,2094.368392,193.5892374,2019,
2019_01_01_00000000000000000c34,639.1261684,Thailand,Admin1,28,Lamphun,1.55E+12,4194.94845,65.28011182,2019,
2019_01_01_00000000000000000c35,156.2403521,Thailand,Admin1,29,Trat,1.55E+12,2766.718454,28.20948357,2019,
2019_01_01_00000000000000000c36,2771.292806,Thailand,Admin1,30,Ratchaburi,1.55E+12,5312.479906,61.68526737,2019,
2019_01_01_00000000000000000c37,3926.423595,Thailand,Admin1,31,Yasothon,1.55E+12,4094.547994,31.73003541,2019,
2019_01_01_00000000000000000c38,1126.75213,Thailand,Admin1,32,Phrae,1.55E+12,6614.733021,43.22303419,2019,
2019_01_01_00000000000000000c39,78.69743009,Thailand,Admin1,33,Yala,1.55E+12,4535.025548,22.86962234,2019,
2019_01_01_00000000000000000c3a,2274.740539,Thailand,Admin1,34,Uttaradit,1.55E+12,7772.852939,46.00203148,2019,
2019_01_01_00000000000000000c3b,9021.192281,Thailand,Admin1,35,Buri Ram,1.55E+12,10011.91984,108.7335341,2019,
2019_01_01_00000000000000000c3c,6275.579758,Thailand,Admin1,36,Kam Phaeng Phet,1.55E+12,8474.278354,18.8172245,2019,
2019_01_01_00000000000000000c3d,1789.609605,Thailand,Admin1,37,Lampang,1.55E+12,12694.18812,81.87971787,2019,
2019_01_01_00000000000000000c3e,128.1632445,Thailand,Admin1,38,Nonthaburi,1.55E+12,646.5730953,255.3745799,2019,
2019_01_01_00000000000000000c3f,1481.235537,Thailand,Admin1,39,Bueng Kan,1.55E+12,4037.46209,11.97184677,2019,
2019_01_01_00000000000000000c40,192.4841415,Thailand,Admin1,40,Narathiwat,1.55E+12,4407.022466,31.05168608,2019,
2019_01_01_00000000000000000c41,12439.68347,Thailand,Admin1,41,Ubon Ratchathani,1.55E+12,15381.51653,124.7091059,2019,
2019_01_01_00000000000000000c42,2150.045124,Thailand,Admin1,42,Phachuap Khiri Khan,1.55E+12,6413.263472,24.4702325,2019,
2019_01_01_00000000000000000c43,1014.644354,Thailand,Admin1,43,Songkhla,1.55E+12,7380.355144,99.9633659,2019,
2019_01_01_00000000000000000c44,42.92096134,Thailand,Admin1,44,Phuket,1.55E+12,505.8057687,46.88989811,2019,
2019_01_01_00000000000000000c45,829.4256386,Thailand,Admin1,45,Ang Thong,1.55E+12,982.3283513,15.92202541,2019,
2019_01_01_00000000000000000c46,5679.528206,Thailand,Admin1,46,Maha Sarakham,1.55E+12,5763.754571,45.18192242,2019,
2019_01_01_00000000000000000c47,230.3671995,Thailand,Admin1,47,Trang,1.55E+12,4724.649599,27.74456725,2019,
2019_01_01_00000000000000000c48,4331.071131,Thailand,Admin1,48,Suphan Buri,1.55E+12,5402.091474,79.62997695,2019,
2019_01_01_00000000000000000c49,808.0785494,Thailand,Admin1,49,Singburi,1.55E+12,849.8216919,17.22685375,2019,
2019_01_01_00000000000000000c4a,63.7064893,Thailand,Admin1,50,Samut Songkhram,1.55E+12,410.4443946,14.51517345,2019,
2019_01_01_00000000000000000c4b,1013.606938,Thailand,Admin1,51,Rayong,1.55E+12,3682.324334,104.528293,2019,
2019_01_01_00000000000000000c4c,3264.511084,Thailand,Admin1,52,Prachin Buri,1.55E+12,5586.900948,30.79689183,2019,
2019_01_01_00000000000000000c4d,1641.988067,Thailand,Admin1,53,Phra Nakhon Sri Ayuthaya,1.55E+12,2481.938592,133.359836,2019,
2019_01_01_00000000000000000c4e,4198.996182,Thailand,Admin1,54,Phichit,1.55E+12,4255.046654,23.74577044,2019,
2019_01_01_00000000000000000c4f,1284.772966,Thailand,Admin1,55,Phatthalung,1.55E+12,3318.812962,12.39741622,2019,
2019_01_01_00000000000000000c50,66.03360463,Thailand,Admin1,56,Phangnga,1.55E+12,3839.465663,3.420181188,2019,
2019_01_01_00000000000000000c51,170.1545075,Thailand,Admin1,57,Pattani,1.55E+12,1938.00129,16.00032618,2019,
2019_01_01_00000000000000000c52,728.8422687,Thailand,Admin1,58,Pathum Thani,1.55E+12,1517.672916,293.6000155,2019,
2019_01_01_00000000000000000c53,2381.206059,Thailand,Admin1,59,Nakhon Si Thammarat,1.55E+12,10181.71885,47.88221902,2019,
2019_01_01_00000000000000000c54,1153.307546,Thailand,Admin1,60,Nakhon Nayok,1.55E+12,2194.471865,3.224875977,2019,
2019_01_01_00000000000000000c55,2503.887359,Thailand,Admin1,61,Mukdahan,1.55E+12,4098.340498,8.582394302,2019,
2019_01_01_00000000000000000c56,5267.498463,Thailand,Admin1,62,Lop Buri,1.55E+12,6017.834568,73.26371503,2019,
2019_01_01_00000000000000000c57,56.2629138,Thailand,Admin1,63,Krabi,1.55E+12,4360.740117,18.09717794,2019,
2019_01_01_00000000000000000c58,2488.024779,Thailand,Admin1,64,Chon Buri,1.55E+12,4395.2836,318.4025991,2019,
2019_01_01_00000000000000000c59,1996.394371,Thailand,Admin1,65,Chiang Mai,1.55E+12,22765.23009,171.4791621,2019,
2019_01_01_00000000000000000c5a,2416.431801,Thailand,Admin1,66,Chai Nat,1.55E+12,2494.56793,18.85371429,2019,
2019_01_01_00000000000000000c5b,3092.24883,Thailand,Admin1,67,Amnat Chareon,1.55E+12,3264.555754,9.88117209,2019,
2019_01_01_00000000000000000c5c,34.69092272,Thailand,Admin1,68,Samut Sakhon,1.55E+12,839.3838122,202.6783198,2019,
2019_01_01_00000000000000000c5d,75.27974419,Thailand,Admin1,69,Samut Prakan,1.55E+12,941.2893751,369.6936685,2019,
2019_01_01_00000000000000000c5e,755.7403908,Thailand,Admin1,70,Nan,1.55E+12,12281.87353,20.97221692,2019,
2019_01_01_00000000000000000c5f,602.2063659,Thailand,Admin1,71,Chanthaburi,1.55E+12,6072.524257,18.60376119,2019,
2019_01_01_00000000000000000c60,4186.771447,Thailand,Admin1,72,Nakhon Phanom,1.55E+12,5586.936704,26.23315909,2019,
2019_01_01_00000000000000000c61,5602.829952,Thailand,Admin1,73,Kanchanaburi,1.55E+12,19620.41338,49.4032089,2019,
2019_01_01_00000000000000000c62,239.5611393,Thailand,Admin1,74,Mae Hong Son,1.55E+12,13443.01606,16.90619647,2019,
2019_01_01_00000000000000000c63,4588.648036,Thailand,Admin1,75,Sa Kaew,1.55E+12,6359.594713,32.27674534,2019,
2019_01_01_00000000000000000c64,111.6993477,Thailand,Admin1,76,Satun,1.55E+12,2601.080262,7.267080109,2019,
2020_01_01_00000000000000000c18,7501.991314,Thailand,Admin1,0,Roi Et,1.58E+12,7745.022817,84.89313258,2020,
2020_01_01_00000000000000000c19,2104.421159,Thailand,Admin1,1,Phayao,1.58E+12,6066.03576,27.95389033,2020,
2020_01_01_00000000000000000c1a,8808.379717,Thailand,Admin1,2,Nakhon Sawan,1.58E+12,9747.798748,88.1957414,2020,
2020_01_01_00000000000000000c1b,3713.127857,Thailand,Admin1,3,Nongbua Lamphu,1.58E+12,4329.991886,19.89732995,2020,
2020_01_01_00000000000000000c1c,2980.378217,Thailand,Admin1,4,Chachoengsao,1.58E+12,5526.224678,70.70894357,2020,
2020_01_01_00000000000000000c1d,7973.023333,Thailand,Admin1,5,Surin,1.58E+12,8750.428499,86.94401087,2020,
2020_01_01_00000000000000000c1e,17266.04698,Thailand,Admin1,6,Nakhon Ratchasima,1.58E+12,20804.28446,194.9758376,2020,
2020_01_01_00000000000000000c1f,4491.798741,Thailand,Admin1,7,Sukhothai,1.58E+12,7104.327079,53.9152707,2020,
2020_01_01_00000000000000000c20,2098.430067,Thailand,Admin1,8,Phetchaburi,1.58E+12,6249.398042,35.71224936,2020,
2020_01_01_00000000000000000c21,9070.769109,Thailand,Admin1,9,Chaiyaphum,1.58E+12,13190.87897,71.61446754,2020,
2020_01_01_00000000000000000c22,6959.185604,Thailand,Admin1,10,Phetchabun,1.58E+12,12491.47562,50.63410381,2020,
2020_01_01_00000000000000000c23,644.7375014,Thailand,Admin1,11,Surat Thani,1.58E+12,13434.91298,80.44272016,2020,
2020_01_01_00000000000000000c24,7452.942285,Thailand,Admin1,12,Si Sa Ket,1.58E+12,8949.275223,73.57704648,2020,
2020_01_01_00000000000000000c25,2357.329413,Thailand,Admin1,13,Nong Khai,1.58E+12,3324.614466,25.5186113,2020,
2020_01_01_00000000000000000c26,289.421965,Thailand,Admin1,14,Bangkok,1.58E+12,1575.248239,1009.725834,2020,
2020_01_01_00000000000000000c27,9625.194881,Thailand,Admin1,15,Khon Kaen,1.58E+12,10765.33812,91.59437466,2020,
2020_01_01_00000000000000000c28,2471.379582,Thailand,Admin1,16,Loei,1.58E+12,10478.24096,31.8693338,2020,
2020_01_01_00000000000000000c29,2378.115294,Thailand,Admin1,17,Saraburi,1.58E+12,3500.60375,99.41841357,2020,
2020_01_01_00000000000000000c2a,3108.711441,Thailand,Admin1,18,Uthai Thani,1.58E+12,6519.93822,8.252290665,2020,
2020_01_01_00000000000000000c2b,265.5268195,Thailand,Admin1,19,Chumphon,1.58E+12,5803.750933,24.77045383,2020,
2020_01_01_00000000000000000c2c,6138.025842,Thailand,Admin1,20,Kalasin,1.58E+12,6872.625577,51.02058955,2020,
2020_01_01_00000000000000000c2d,5465.481762,Thailand,Admin1,21,Phitsanulok,1.58E+12,10703.28817,63.75445198,2020,
2020_01_01_00000000000000000c2e,46.65253686,Thailand,Admin1,22,Ranong,1.58E+12,3181.183863,10.00513054,2020,
2020_01_01_00000000000000000c2f,9184.372269,Thailand,Admin1,23,Udon Thani,1.58E+12,10817.21024,104.0927579,2020,
2020_01_01_00000000000000000c30,7760.831022,Thailand,Admin1,24,Sakon Nakhon,1.58E+12,9593.107454,43.08957747,2020,
2020_01_01_00000000000000000c31,4025.950282,Thailand,Admin1,25,Chiang Rai,1.58E+12,11444.2486,164.8479353,2020,
2020_01_01_00000000000000000c32,2228.69437,Thailand,Admin1,26,Tak,1.58E+12,16128.33628,43.49759548,2020,
2020_01_01_00000000000000000c33,634.042805,Thailand,Admin1,27,Nakhon Pathom,1.58E+12,2094.368392,195.3001392,2020,
2020_01_01_00000000000000000c34,619.8317206,Thailand,Admin1,28,Lamphun,1.58E+12,4194.94845,65.28011182,2020,
2020_01_01_00000000000000000c35,185.3281613,Thailand,Admin1,29,Trat,1.58E+12,2766.718454,28.20948357,2020,
2020_01_01_00000000000000000c36,2746.663653,Thailand,Admin1,30,Ratchaburi,1.58E+12,5312.479906,62.11298268,2020,
2020_01_01_00000000000000000c37,3928.39077,Thailand,Admin1,31,Yasothon,1.58E+12,4094.547994,31.73003541,2020,
2020_01_01_00000000000000000c38,1183.034906,Thailand,Admin1,32,Phrae,1.58E+12,6614.733021,43.43701083,2020,
2020_01_01_00000000000000000c39,80.03105348,Thailand,Admin1,33,Yala,1.58E+12,4535.025548,22.86962234,2020,
2020_01_01_00000000000000000c3a,2375.77643,Thailand,Admin1,34,Uttaradit,1.58E+12,7772.852939,46.00203148,2020,
2020_01_01_00000000000000000c3b,9032.058433,Thailand,Admin1,35,Buri Ram,1.58E+12,10011.91984,108.7335341,2020,
2020_01_01_00000000000000000c3c,6309.845474,Thailand,Admin1,36,Kam Phaeng Phet,1.58E+12,8474.278354,18.8172245,2020,
2020_01_01_00000000000000000c3d,1931.448552,Thailand,Admin1,37,Lampang,1.58E+12,12694.18812,82.09369823,2020,
2020_01_01_00000000000000000c3e,125.0039183,Thailand,Admin1,38,Nonthaburi,1.58E+12,646.5730953,258.5825495,2020,
2020_01_01_00000000000000000c3f,1431.727733,Thailand,Admin1,39,Bueng Kan,1.58E+12,4037.46209,11.97184677,2020,
2020_01_01_00000000000000000c40,219.1480845,Thailand,Admin1,40,Narathiwat,1.58E+12,4407.022466,31.05168608,2020,
2020_01_01_00000000000000000c41,12478.35342,Thailand,Admin1,41,Ubon Ratchathani,1.58E+12,15381.51653,125.1368899,2020,
2020_01_01_00000000000000000c42,2206.894648,Thailand,Admin1,42,Phachuap Khiri Khan,1.58E+12,6413.263472,24.68406784,2020,
2020_01_01_00000000000000000c43,1043.55476,Thailand,Admin1,43,Songkhla,1.58E+12,7380.355144,100.1771075,2020,
2020_01_01_00000000000000000c44,47.08289746,Thailand,Admin1,44,Phuket,1.58E+12,505.8057687,47.31740367,2020,
2020_01_01_00000000000000000c45,855.0317365,Thailand,Admin1,45,Ang Thong,1.58E+12,982.3283513,16.13590633,2020,
2020_01_01_00000000000000000c46,5679.084485,Thailand,Admin1,46,Maha Sarakham,1.58E+12,5763.754571,45.18192242,2020,
2020_01_01_00000000000000000c47,277.9679174,Thailand,Admin1,47,Trang,1.58E+12,4724.649599,27.74456725,2020,
2020_01_01_00000000000000000c48,4411.57303,Thailand,Admin1,48,Suphan Buri,1.58E+12,5402.091474,79.84384904,2020,
2020_01_01_00000000000000000c49,812.9686394,Thailand,Admin1,49,Singburi,1.58E+12,849.8216919,17.22685375,2020,
2020_01_01_00000000000000000c4a,61.75579328,Thailand,Admin1,50,Samut Songkhram,1.58E+12,410.4443946,14.51517345,2020,
2020_01_01_00000000000000000c4b,1031.893925,Thailand,Admin1,51,Rayong,1.58E+12,3682.324334,104.7421306,2020,
2020_01_01_00000000000000000c4c,3272.274978,Thailand,Admin1,52,Prachin Buri,1.58E+12,5586.900948,31.43848598,2020,
2020_01_01_00000000000000000c4d,1768.137072,Thailand,Admin1,53,Phra Nakhon Sri Ayuthaya,1.58E+12,2481.938592,134.4292027,2020,
2020_01_01_00000000000000000c4e,4200.06583,Thailand,Admin1,54,Phichit,1.58E+12,4255.046654,23.74577044,2020,
2020_01_01_00000000000000000c4f,1428.86733,Thailand,Admin1,55,Phatthalung,1.58E+12,3318.812962,12.39741622,2020,
2020_01_01_00000000000000000c50,75.38222302,Thailand,Admin1,56,Phangnga,1.58E+12,3839.465663,3.420181188,2020,
2020_01_01_00000000000000000c51,202.7332797,Thailand,Admin1,57,Pattani,1.58E+12,1938.00129,16.00032618,2020,
2020_01_01_00000000000000000c52,789.9778693,Thailand,Admin1,58,Pathum Thani,1.58E+12,1517.672916,298.104636,2020,
2020_01_01_00000000000000000c53,2499.192941,Thailand,Admin1,59,Nakhon Si Thammarat,1.58E+12,10181.71885,48.09598006,2020,
2020_01_01_00000000000000000c54,1177.263699,Thailand,Admin1,60,Nakhon Nayok,1.58E+12,2194.471865,3.224875977,2020,
2020_01_01_00000000000000000c55,2512.977011,Thailand,Admin1,61,Mukdahan,1.58E+12,4098.340498,8.582394302,2020,
2020_01_01_00000000000000000c56,5271.52045,Thailand,Admin1,62,Lop Buri,1.58E+12,6017.834568,73.26371503,2020,
2020_01_01_00000000000000000c57,71.87458905,Thailand,Admin1,63,Krabi,1.58E+12,4360.740117,18.09717794,2020,
2020_01_01_00000000000000000c58,2505.200458,Thailand,Admin1,64,Chon Buri,1.58E+12,4395.2836,320.1134075,2020,
2020_01_01_00000000000000000c59,2008.492749,Thailand,Admin1,65,Chiang Mai,1.58E+12,22765.23009,173.4051237,2020,
2020_01_01_00000000000000000c5a,2420.936164,Thailand,Admin1,66,Chai Nat,1.58E+12,2494.56793,18.85371429,2020,
2020_01_01_00000000000000000c5b,3101.6923,Thailand,Admin1,67,Amnat Chareon,1.58E+12,3264.555754,9.88117209,2020,
2020_01_01_00000000000000000c5c,44.54261434,Thailand,Admin1,68,Samut Sakhon,1.58E+12,839.3838122,207.8796571,2020,
2020_01_01_00000000000000000c5d,87.26502084,Thailand,Admin1,69,Samut Prakan,1.58E+12,941.2893751,375.8972274,2020,
2020_01_01_00000000000000000c5e,880.3020313,Thailand,Admin1,70,Nan,1.58E+12,12281.87353,20.97221692,2020,
2020_01_01_00000000000000000c5f,658.8535588,Thailand,Admin1,71,Chanthaburi,1.58E+12,6072.524257,18.60376119,2020,
2020_01_01_00000000000000000c60,4170.636265,Thailand,Admin1,72,Nakhon Phanom,1.58E+12,5586.936704,26.23315909,2020,
2020_01_01_00000000000000000c61,5690.511192,Thailand,Admin1,73,Kanchanaburi,1.58E+12,19620.41338,49.4032089,2020,
2020_01_01_00000000000000000c62,260.7530944,Thailand,Admin1,74,Mae Hong Son,1.58E+12,13443.01606,16.90619647,2020,
2020_01_01_00000000000000000c63,4553.656919,Thailand,Admin1,75,Sa Kaew,1.58E+12,6359.594713,32.27674534,2020,
2020_01_01_00000000000000000c64,118.1131957,Thailand,Admin1,76,Satun,1.58E+12,2601.080262,7.267080109,2020,
2021_01_01_00000000000000000c18,7501.525741,Thailand,Admin1,0,Roi Et,1.61E+12,7745.022817,84.89313258,2021,
2021_01_01_00000000000000000c19,2121.562596,Thailand,Admin1,1,Phayao,1.61E+12,6066.03576,27.95389033,2021,
2021_01_01_00000000000000000c1a,8810.967957,Thailand,Admin1,2,Nakhon Sawan,1.61E+12,9747.798748,89.05138347,2021,
2021_01_01_00000000000000000c1b,3679.519465,Thailand,Admin1,3,Nongbua Lamphu,1.61E+12,4329.991886,19.89732995,2021,
2021_01_01_00000000000000000c1c,2927.19753,Thailand,Admin1,4,Chachoengsao,1.61E+12,5526.224678,72.22271185,2021,
2021_01_01_00000000000000000c1d,7964.192145,Thailand,Admin1,5,Surin,1.61E+12,8750.428499,86.94401087,2021,
2021_01_01_00000000000000000c1e,17175.60784,Thailand,Admin1,6,Nakhon Ratchasima,1.61E+12,20804.28446,194.9758376,2021,
2021_01_01_00000000000000000c1f,4526.218691,Thailand,Admin1,7,Sukhothai,1.61E+12,7104.327079,53.9152707,2021,
2021_01_01_00000000000000000c20,2093.048957,Thailand,Admin1,8,Phetchaburi,1.61E+12,6249.398042,35.71224936,2021,
2021_01_01_00000000000000000c21,9014.780521,Thailand,Admin1,9,Chaiyaphum,1.61E+12,13190.87897,71.61446754,2021,
2021_01_01_00000000000000000c22,6871.188925,Thailand,Admin1,10,Phetchabun,1.61E+12,12491.47562,50.63410381,2021,
2021_01_01_00000000000000000c23,787.8630364,Thailand,Admin1,11,Surat Thani,1.61E+12,13434.91298,80.87026291,2021,
2021_01_01_00000000000000000c24,7467.580934,Thailand,Admin1,12,Si Sa Ket,1.61E+12,8949.275223,73.57704648,2021,
2021_01_01_00000000000000000c25,2322.801559,Thailand,Admin1,13,Nong Khai,1.61E+12,3324.614466,25.5186113,2021,
2021_01_01_00000000000000000c26,281.5987934,Thailand,Admin1,14,Bangkok,1.61E+12,1575.248239,1015.360017,2021,
2021_01_01_00000000000000000c27,9585.476065,Thailand,Admin1,15,Khon Kaen,1.61E+12,10765.33812,92.02222941,2021,
2021_01_01_00000000000000000c28,2397.438192,Thailand,Admin1,16,Loei,1.61E+12,10478.24096,32.08328616,2021,
2021_01_01_00000000000000000c29,2382.8676,Thailand,Admin1,17,Saraburi,1.61E+12,3500.60375,99.63229277,2021,
2021_01_01_00000000000000000c2a,3099.633001,Thailand,Admin1,18,Uthai Thani,1.61E+12,6519.93822,8.252290665,2021,
2021_01_01_00000000000000000c2b,376.4361093,Thailand,Admin1,19,Chumphon,1.61E+12,5803.750933,24.77045383,2021,
2021_01_01_00000000000000000c2c,6137.799965,Thailand,Admin1,20,Kalasin,1.61E+12,6872.625577,51.02058955,2021,
2021_01_01_00000000000000000c2d,5398.452448,Thailand,Admin1,21,Phitsanulok,1.61E+12,10703.28817,63.75445198,2021,
2021_01_01_00000000000000000c2e,52.96965436,Thailand,Admin1,22,Ranong,1.61E+12,3181.183863,10.00513054,2021,
2021_01_01_00000000000000000c2f,9162.834762,Thailand,Admin1,23,Udon Thani,1.61E+12,10817.21024,104.3067047,2021,
2021_01_01_00000000000000000c30,7714.412078,Thailand,Admin1,24,Sakon Nakhon,1.61E+12,9593.107454,43.08957747,2021,
2021_01_01_00000000000000000c31,3990.543764,Thailand,Admin1,25,Chiang Rai,1.61E+12,11444.2486,164.8479353,2021,
2021_01_01_00000000000000000c32,2309.059466,Thailand,Admin1,26,Tak,1.61E+12,16128.33628,43.49759548,2021,
2021_01_01_00000000000000000c33,629.5300655,Thailand,Admin1,27,Nakhon Pathom,1.61E+12,2094.368392,196.5833169,2021,
2021_01_01_00000000000000000c34,615.5580124,Thailand,Admin1,28,Lamphun,1.61E+12,4194.94845,65.49410143,2021,
2021_01_01_00000000000000000c35,299.5690027,Thailand,Admin1,29,Trat,1.61E+12,2766.718454,28.20948357,2021,
2021_01_01_00000000000000000c36,2710.66359,Thailand,Admin1,30,Ratchaburi,1.61E+12,5312.479906,62.32684517,2021,
2021_01_01_00000000000000000c37,3924.391849,Thailand,Admin1,31,Yasothon,1.61E+12,4094.547994,31.73003541,2021,
2021_01_01_00000000000000000c38,1220.894915,Thailand,Admin1,32,Phrae,1.61E+12,6614.733021,43.65098722,2021,
2021_01_01_00000000000000000c39,93.55334349,Thailand,Admin1,33,Yala,1.61E+12,4535.025548,23.08335872,2021,
2021_01_01_00000000000000000c3a,2349.151455,Thailand,Admin1,34,Uttaradit,1.61E+12,7772.852939,46.00203148,2021,
2021_01_01_00000000000000000c3b,9021.032236,Thailand,Admin1,35,Buri Ram,1.61E+12,10011.91984,108.9474247,2021,
2021_01_01_00000000000000000c3c,6323.589558,Thailand,Admin1,36,Kam Phaeng Phet,1.61E+12,8474.278354,19.24507512,2021,
2021_01_01_00000000000000000c3d,2083.210322,Thailand,Admin1,37,Lampang,1.61E+12,12694.18812,82.30767933,2021,
2021_01_01_00000000000000000c3e,125.6924168,Thailand,Admin1,38,Nonthaburi,1.61E+12,646.5730953,260.1861121,2021,
2021_01_01_00000000000000000c3f,1356.197534,Thailand,Admin1,39,Bueng Kan,1.61E+12,4037.46209,11.97184677,2021,
2021_01_01_00000000000000000c40,241.8834051,Thailand,Admin1,40,Narathiwat,1.61E+12,4407.022466,31.05168608,2021,
2021_01_01_00000000000000000c41,12427.27764,Thailand,Admin1,41,Ubon Ratchathani,1.61E+12,15381.51653,125.3507854,2021,
2021_01_01_00000000000000000c42,2198.081168,Thailand,Admin1,42,Phachuap Khiri Khan,1.61E+12,6413.263472,24.89788667,2021,
2021_01_01_00000000000000000c43,1146.57887,Thailand,Admin1,43,Songkhla,1.61E+12,7380.355144,100.390849,2021,
2021_01_01_00000000000000000c44,51.94307438,Thailand,Admin1,44,Phuket,1.61E+12,505.8057687,47.31740367,2021,
2021_01_01_00000000000000000c45,861.6108246,Thailand,Admin1,45,Ang Thong,1.61E+12,982.3283513,16.13590633,2021,
2021_01_01_00000000000000000c46,5679.940289,Thailand,Admin1,46,Maha Sarakham,1.61E+12,5763.754571,45.39582655,2021,
2021_01_01_00000000000000000c47,343.2258907,Thailand,Admin1,47,Trang,1.61E+12,4724.649599,27.74456725,2021,
2021_01_01_00000000000000000c48,4411.291095,Thailand,Admin1,48,Suphan Buri,1.61E+12,5402.091474,79.84384904,2021,
2021_01_01_00000000000000000c49,808.993655,Thailand,Admin1,49,Singburi,1.61E+12,849.8216919,17.22685375,2021,
2021_01_01_00000000000000000c4a,66.78594994,Thailand,Admin1,50,Samut Songkhram,1.61E+12,410.4443946,14.51517345,2021,
2021_01_01_00000000000000000c4b,1136.140112,Thailand,Admin1,51,Rayong,1.61E+12,3682.324334,106.0251812,2021,
2021_01_01_00000000000000000c4c,3269.54685,Thailand,Admin1,52,Prachin Buri,1.61E+12,5586.900948,31.43848598,2021,
2021_01_01_00000000000000000c4d,1800.278955,Thailand,Admin1,53,Phra Nakhon Sri Ayuthaya,1.61E+12,2481.938592,135.7124454,2021,
2021_01_01_00000000000000000c4e,4198.529775,Thailand,Admin1,54,Phichit,1.61E+12,4255.046654,23.74577044,2021,
2021_01_01_00000000000000000c4f,1516.71192,Thailand,Admin1,55,Phatthalung,1.61E+12,3318.812962,12.39741622,2021,
2021_01_01_00000000000000000c50,77.75534431,Thailand,Admin1,56,Phangnga,1.61E+12,3839.465663,3.420181188,2021,
2021_01_01_00000000000000000c51,195.4284556,Thailand,Admin1,57,Pattani,1.61E+12,1938.00129,16.00032618,2021,
2021_01_01_00000000000000000c52,749.3511861,Thailand,Admin1,58,Pathum Thani,1.61E+12,1517.672916,300.2433051,2021,
2021_01_01_00000000000000000c53,2619.100736,Thailand,Admin1,59,Nakhon Si Thammarat,1.61E+12,10181.71885,48.73726094,2021,
2021_01_01_00000000000000000c54,1185.453771,Thailand,Admin1,60,Nakhon Nayok,1.61E+12,2194.471865,3.224875977,2021,
2021_01_01_00000000000000000c55,2477.506646,Thailand,Admin1,61,Mukdahan,1.61E+12,4098.340498,8.796325537,2021,
2021_01_01_00000000000000000c56,5235.393463,Thailand,Admin1,62,Lop Buri,1.61E+12,6017.834568,73.47760085,2021,
2021_01_01_00000000000000000c57,78.94947623,Thailand,Admin1,63,Krabi,1.61E+12,4360.740117,18.09717794,2021,
2021_01_01_00000000000000000c58,2511.521305,Thailand,Admin1,64,Chon Buri,1.61E+12,4395.2836,324.3904328,2021,
2021_01_01_00000000000000000c59,2078.305741,Thailand,Admin1,65,Chiang Mai,1.61E+12,22765.23009,173.6191189,2021,
2021_01_01_00000000000000000c5a,2417.766314,Thailand,Admin1,66,Chai Nat,1.61E+12,2494.56793,18.85371429,2021,
2021_01_01_00000000000000000c5b,3090.472935,Thailand,Admin1,67,Amnat Chareon,1.61E+12,3264.555754,9.88117209,2021,
2021_01_01_00000000000000000c5c,48.09433865,Thailand,Admin1,68,Samut Sakhon,1.61E+12,839.3838122,211.9748101,2021,
2021_01_01_00000000000000000c5d,85.16251546,Thailand,Admin1,69,Samut Prakan,1.61E+12,941.2893751,379.5160344,2021,
2021_01_01_00000000000000000c5e,820.5597315,Thailand,Admin1,70,Nan,1.61E+12,12281.87353,20.97221692,2021,
2021_01_01_00000000000000000c5f,901.0875334,Thailand,Admin1,71,Chanthaburi,1.61E+12,6072.524257,18.60376119,2021,
2021_01_01_00000000000000000c60,4133.916205,Thailand,Admin1,72,Nakhon Phanom,1.61E+12,5586.936704,26.23315909,2021,
2021_01_01_00000000000000000c61,5620.822319,Thailand,Admin1,73,Kanchanaburi,1.61E+12,19620.41338,49.4032089,2021,
2021_01_01_00000000000000000c62,315.1570673,Thailand,Admin1,74,Mae Hong Son,1.61E+12,13443.01606,16.90619647,2021,
2021_01_01_00000000000000000c63,4520.838542,Thailand,Admin1,75,Sa Kaew,1.61E+12,6359.594713,32.35557968,2021,
2021_01_01_00000000000000000c64,120.2505828,Thailand,Admin1,76,Satun,1.61E+12,2601.080262,7.267080109,2021,
2022_01_01_00000000000000000c18,7499.50882,Thailand,Admin1,0,Roi Et,1.64E+12,7745.022817,85.10703886,2022,
2022_01_01_00000000000000000c19,2115.86926,Thailand,Admin1,1,Phayao,1.64E+12,6066.03576,27.95389033,2022,
2022_01_01_00000000000000000c1a,8796.082695,Thailand,Admin1,2,Nakhon Sawan,1.64E+12,9747.798748,89.47919581,2022,
2022_01_01_00000000000000000c1b,3643.426032,Thailand,Admin1,3,Nongbua Lamphu,1.64E+12,4329.991886,19.89732995,2022,
2022_01_01_00000000000000000c1c,2910.359514,Thailand,Admin1,4,Chachoengsao,1.64E+12,5526.224678,73.50585459,2022,
2022_01_01_00000000000000000c1d,7956.566267,Thailand,Admin1,5,Surin,1.64E+12,8750.428499,86.94401087,2022,
2022_01_01_00000000000000000c1e,17120.00105,Thailand,Admin1,6,Nakhon Ratchasima,1.64E+12,20804.28446,194.9758376,2022,
2022_01_01_00000000000000000c1f,4473.353274,Thailand,Admin1,7,Sukhothai,1.64E+12,7104.327079,53.9152707,2022,
2022_01_01_00000000000000000c20,2027.335871,Thailand,Admin1,8,Phetchaburi,1.64E+12,6249.398042,35.71224936,2022,
2022_01_01_00000000000000000c21,8944.890877,Thailand,Admin1,9,Chaiyaphum,1.64E+12,13190.87897,71.61446754,2022,
2022_01_01_00000000000000000c22,6811.995809,Thailand,Admin1,10,Phetchabun,1.64E+12,12491.47562,50.84804156,2022,
2022_01_01_00000000000000000c23,1103.382382,Thailand,Admin1,11,Surat Thani,1.64E+12,13434.91298,81.08403389,2022,
2022_01_01_00000000000000000c24,7491.659205,Thailand,Admin1,12,Si Sa Ket,1.64E+12,8949.275223,73.57704648,2022,
2022_01_01_00000000000000000c25,2301.728276,Thailand,Admin1,13,Nong Khai,1.64E+12,3324.614466,25.5186113,2022,
2022_01_01_00000000000000000c26,263.7718472,Thailand,Admin1,14,Bangkok,1.64E+12,1575.248239,1017.148908,2022,
2022_01_01_00000000000000000c27,9531.816957,Thailand,Admin1,15,Khon Kaen,1.64E+12,10765.33812,92.87793655,2022,
2022_01_01_00000000000000000c28,2286.900724,Thailand,Admin1,16,Loei,1.64E+12,10478.24096,32.08328616,2022,
2022_01_01_00000000000000000c29,2320.013549,Thailand,Admin1,17,Saraburi,1.64E+12,3500.60375,100.9155592,2022,
2022_01_01_00000000000000000c2a,3085.30602,Thailand,Admin1,18,Uthai Thani,1.64E+12,6519.93822,8.252290665,2022,
2022_01_01_00000000000000000c2b,567.8746649,Thailand,Admin1,19,Chumphon,1.64E+12,5803.750933,24.77045383,2022,
2022_01_01_00000000000000000c2c,6131.455704,Thailand,Admin1,20,Kalasin,1.64E+12,6872.625577,51.02058955,2022,
2022_01_01_00000000000000000c2d,5266.441349,Thailand,Admin1,21,Phitsanulok,1.64E+12,10703.28817,63.75445198,2022,
2022_01_01_00000000000000000c2e,60.84375897,Thailand,Admin1,22,Ranong,1.64E+12,3181.183863,10.00513054,2022,
2022_01_01_00000000000000000c2f,9144.624309,Thailand,Admin1,23,Udon Thani,1.64E+12,10817.21024,104.7346145,2022,
2022_01_01_00000000000000000c30,7689.199311,Thailand,Admin1,24,Sakon Nakhon,1.64E+12,9593.107454,43.08957747,2022,
2022_01_01_00000000000000000c31,3964.733098,Thailand,Admin1,25,Chiang Rai,1.64E+12,11444.2486,165.0619683,2022,
2022_01_01_00000000000000000c32,2304.653257,Thailand,Admin1,26,Tak,1.64E+12,16128.33628,43.54541638,2022,
2022_01_01_00000000000000000c33,608.6551823,Thailand,Admin1,27,Nakhon Pathom,1.64E+12,2094.368392,196.7971782,2022,
2022_01_01_00000000000000000c34,601.5807105,Thailand,Admin1,28,Lamphun,1.64E+12,4194.94845,65.49410143,2022,
2022_01_01_00000000000000000c35,411.4575223,Thailand,Admin1,29,Trat,1.64E+12,2766.718454,28.20948357,2022,
2022_01_01_00000000000000000c36,2666.007079,Thailand,Admin1,30,Ratchaburi,1.64E+12,5312.479906,62.32684517,2022,
2022_01_01_00000000000000000c37,3918.404594,Thailand,Admin1,31,Yasothon,1.64E+12,4094.547994,31.73003541,2022,
2022_01_01_00000000000000000c38,1253.221357,Thailand,Admin1,32,Phrae,1.64E+12,6614.733021,43.65098722,2022,
2022_01_01_00000000000000000c39,137.7530528,Thailand,Admin1,33,Yala,1.64E+12,4535.025548,23.51083152,2022,
2022_01_01_00000000000000000c3a,2282.386472,Thailand,Admin1,34,Uttaradit,1.64E+12,7772.852939,46.00203148,2022,
2022_01_01_00000000000000000c3b,9028.150927,Thailand,Admin1,35,Buri Ram,1.64E+12,10011.91984,108.9474247,2022,
2022_01_01_00000000000000000c3c,6287.937957,Thailand,Admin1,36,Kam Phaeng Phet,1.64E+12,8474.278354,19.24507512,2022,
2022_01_01_00000000000000000c3d,2119.931526,Thailand,Admin1,37,Lampang,1.64E+12,12694.18812,82.52166017,2022,
2022_01_01_00000000000000000c3e,114.5879669,Thailand,Admin1,38,Nonthaburi,1.64E+12,646.5730953,261.2554332,2022,
2022_01_01_00000000000000000c3f,1365.029999,Thailand,Admin1,39,Bueng Kan,1.64E+12,4037.46209,11.97184677,2022,
2022_01_01_00000000000000000c40,302.9041146,Thailand,Admin1,40,Narathiwat,1.64E+12,4407.022466,31.05168608,2022,
2022_01_01_00000000000000000c41,12384.62468,Thailand,Admin1,41,Ubon Ratchathani,1.64E+12,15381.51653,125.3507854,2022,
2022_01_01_00000000000000000c42,2181.091229,Thailand,Admin1,42,Phachuap Khiri Khan,1.64E+12,6413.263472,24.89788667,2022,
2022_01_01_00000000000000000c43,1345.630694,Thailand,Admin1,43,Songkhla,1.64E+12,7380.355144,100.9423838,2022,
2022_01_01_00000000000000000c44,62.54695355,Thailand,Admin1,44,Phuket,1.64E+12,505.8057687,47.7449095,2022,
2022_01_01_00000000000000000c45,852.0977434,Thailand,Admin1,45,Ang Thong,1.64E+12,982.3283513,16.13590633,2022,
2022_01_01_00000000000000000c46,5678.329525,Thailand,Admin1,46,Maha Sarakham,1.64E+12,5763.754571,45.39582655,2022,
2022_01_01_00000000000000000c47,570.7200268,Thailand,Admin1,47,Trang,1.64E+12,4724.649599,27.74456725,2022,
2022_01_01_00000000000000000c48,4370.162478,Thailand,Admin1,48,Suphan Buri,1.64E+12,5402.091474,79.84384904,2022,
2022_01_01_00000000000000000c49,808.0550717,Thailand,Admin1,49,Singburi,1.64E+12,849.8216919,17.22685375,2022,
2022_01_01_00000000000000000c4a,58.98659509,Thailand,Admin1,50,Samut Songkhram,1.64E+12,410.4443946,15.15673273,2022,
2022_01_01_00000000000000000c4b,1228.329665,Thailand,Admin1,51,Rayong,1.64E+12,3682.324334,106.2390199,2022,
2022_01_01_00000000000000000c4c,3293.708439,Thailand,Admin1,52,Prachin Buri,1.64E+12,5586.900948,32.29394848,2022,
2022_01_01_00000000000000000c4d,1766.500241,Thailand,Admin1,53,Phra Nakhon Sri Ayuthaya,1.64E+12,2481.938592,137.4234213,2022,
2022_01_01_00000000000000000c4e,4197.887984,Thailand,Admin1,54,Phichit,1.64E+12,4255.046654,23.74577044,2022,
2022_01_01_00000000000000000c4f,1676.604235,Thailand,Admin1,55,Phatthalung,1.64E+12,3318.812962,12.61116553,2022,
2022_01_01_00000000000000000c50,81.35999592,Thailand,Admin1,56,Phangnga,1.64E+12,3839.465663,3.420181188,2022,
2022_01_01_00000000000000000c51,190.1704399,Thailand,Admin1,57,Pattani,1.64E+12,1938.00129,16.00032618,2022,
2022_01_01_00000000000000000c52,674.3570677,Thailand,Admin1,58,Pathum Thani,1.64E+12,1517.672916,302.8097046,2022,
2022_01_01_00000000000000000c53,2834.026673,Thailand,Admin1,59,Nakhon Si Thammarat,1.64E+12,10181.71885,49.37854163,2022,
2022_01_01_00000000000000000c54,1157.743768,Thailand,Admin1,60,Nakhon Nayok,1.64E+12,2194.471865,3.224875977,2022,
2022_01_01_00000000000000000c55,2457.63368,Thailand,Admin1,61,Mukdahan,1.64E+12,4098.340498,8.796325537,2022,
2022_01_01_00000000000000000c56,5213.528163,Thailand,Admin1,62,Lop Buri,1.64E+12,6017.834568,73.47760085,2022,
2022_01_01_00000000000000000c57,105.0125715,Thailand,Admin1,63,Krabi,1.64E+12,4360.740117,18.09717794,2022,
2022_01_01_00000000000000000c58,2499.345426,Thailand,Admin1,64,Chon Buri,1.64E+12,4395.2836,326.9566635,2022,
2022_01_01_00000000000000000c59,2036.834556,Thailand,Admin1,65,Chiang Mai,1.64E+12,22765.23009,173.8331503,2022,
2022_01_01_00000000000000000c5a,2417.323482,Thailand,Admin1,66,Chai Nat,1.64E+12,2494.56793,18.85371429,2022,
2022_01_01_00000000000000000c5b,3086.752472,Thailand,Admin1,67,Amnat Chareon,1.64E+12,3264.555754,9.88117209,2022,
2022_01_01_00000000000000000c5c,42.74288116,Thailand,Admin1,68,Samut Sakhon,1.64E+12,839.3838122,212.5375474,2022,
2022_01_01_00000000000000000c5d,71.27936614,Thailand,Admin1,69,Samut Prakan,1.64E+12,941.2893751,380.7991793,2022,
2022_01_01_00000000000000000c5e,761.3829813,Thailand,Admin1,70,Nan,1.64E+12,12281.87353,20.97221692,2022,
2022_01_01_00000000000000000c5f,1145.804998,Thailand,Admin1,71,Chanthaburi,1.64E+12,6072.524257,18.60376119,2022,
2022_01_01_00000000000000000c60,4139.5022,Thailand,Admin1,72,Nakhon Phanom,1.64E+12,5586.936704,26.23315909,2022,
2022_01_01_00000000000000000c61,5536.057729,Thailand,Admin1,73,Kanchanaburi,1.64E+12,19620.41338,49.4032089,2022,
2022_01_01_00000000000000000c62,350.5659149,Thailand,Admin1,74,Mae Hong Son,1.64E+12,13443.01606,16.90619647,2022,
2022_01_01_00000000000000000c63,4540.2796,Thailand,Admin1,75,Sa Kaew,1.64E+12,6359.594713,32.35557968,2022,
2022_01_01_00000000000000000c64,144.0921994,Thailand,Admin1,76,Satun,1.64E+12,2601.080262,7.267080109,2022,
