id,region,province,district,year,district_meansol
24,NE,Sakon Nakhon,Akat Amnuai,2014,0.100137558
24,NE,Sakon Nakhon,Akat Amnuai,2015,0.127155005
24,NE,Sakon Nakhon,Akat Amnuai,2016,0.122138214
24,NE,Sakon Nakhon,Akat Amnuai,2017,0.21444102
24,NE,Sakon Nakhon,Akat Amnuai,2018,0.238681377
24,NE,Sakon Nakhon,Akat Amnuai,2019,0.224758909
24,NE,Sakon Nakhon,Akat Amnuai,2020,0.288592621
24,NE,Sakon Nakhon,Akat Amnuai,2021,0.357077834
50,WE,Samut Songkhram,Amphawa,2014,1.436239449
50,WE,Samut Songkhram,Amphawa,2015,1.654438977
50,WE,Samut Songkhram,Amphawa,2016,1.78767992
50,WE,Samut Songkhram,Amphawa,2017,2.325210516
50,WE,Samut Songkhram,Amphawa,2018,3.005310152
50,WE,Samut Songkhram,Amphawa,2019,3.183497215
50,WE,Samut Songkhram,Amphawa,2020,3.344163257
50,WE,Samut Songkhram,Amphawa,2021,3.516894689
31,NE,Yasothon,Amphoe Muang Yasothon,2014,0.743148277
31,NE,Yasothon,Amphoe Muang Yasothon,2015,0.813719968
31,NE,Yasothon,Amphoe Muang Yasothon,2016,0.771032509
31,NE,Yasothon,Amphoe Muang Yasothon,2017,0.938344965
31,NE,Yasothon,Amphoe Muang Yasothon,2018,0.941166084
31,NE,Yasothon,Amphoe Muang Yasothon,2019,0.978941305
31,NE,Yasothon,Amphoe Muang Yasothon,2020,1.065532253
31,NE,Yasothon,Amphoe Muang Yasothon,2021,1.376145382
31,NE,Yasothon,Amphoe Sai Mun,2014,0.131328807
31,NE,Yasothon,Amphoe Sai Mun,2015,0.161741527
31,NE,Yasothon,Amphoe Sai Mun,2016,0.134406329
31,NE,Yasothon,Amphoe Sai Mun,2017,0.241680249
31,NE,Yasothon,Amphoe Sai Mun,2018,0.260913125
31,NE,Yasothon,Amphoe Sai Mun,2019,0.246941907
31,NE,Yasothon,Amphoe Sai Mun,2020,0.324750751
31,NE,Yasothon,Amphoe Sai Mun,2021,0.383481352
63,SO,Krabi,Ao Luk,2014,0.237529048
63,SO,Krabi,Ao Luk,2015,0.233630508
63,SO,Krabi,Ao Luk,2016,0.242780717
63,SO,Krabi,Ao Luk,2017,0.416366427
63,SO,Krabi,Ao Luk,2018,0.491410384
63,SO,Krabi,Ao Luk,2019,0.544373617
63,SO,Krabi,Ao Luk,2020,0.644472532
63,SO,Krabi,Ao Luk,2021,0.705468268
75,EA,Sa Kaew,Aranyaprathet,2014,0.441882716
75,EA,Sa Kaew,Aranyaprathet,2015,0.529075158
75,EA,Sa Kaew,Aranyaprathet,2016,0.610318651
75,EA,Sa Kaew,Aranyaprathet,2017,0.781684615
75,EA,Sa Kaew,Aranyaprathet,2018,1.122054435
75,EA,Sa Kaew,Aranyaprathet,2019,1.287144921
75,EA,Sa Kaew,Aranyaprathet,2020,1.085981125
75,EA,Sa Kaew,Aranyaprathet,2021,1.343906274
0,NE,Roi Et,At Samat,2014,0.163665374
0,NE,Roi Et,At Samat,2015,0.203893155
0,NE,Roi Et,At Samat,2016,0.196835842
0,NE,Roi Et,At Samat,2017,0.355429661
0,NE,Roi Et,At Samat,2018,0.36259005
0,NE,Roi Et,At Samat,2019,0.354648372
0,NE,Roi Et,At Samat,2020,0.433067726
0,NE,Roi Et,At Samat,2021,0.494945255
40,SO,Narathiwat,Bacho,2014,0.522651088
40,SO,Narathiwat,Bacho,2015,0.600094834
40,SO,Narathiwat,Bacho,2016,0.592080007
40,SO,Narathiwat,Bacho,2017,0.715023979
40,SO,Narathiwat,Bacho,2018,0.837849645
40,SO,Narathiwat,Bacho,2019,0.809575172
40,SO,Narathiwat,Bacho,2020,0.934231479
40,SO,Narathiwat,Bacho,2021,1.170413165
9,NE,Chaiyaphum,Bamnet Narong,2014,0.353978484
9,NE,Chaiyaphum,Bamnet Narong,2015,0.407525643
9,NE,Chaiyaphum,Bamnet Narong,2016,0.389487407
9,NE,Chaiyaphum,Bamnet Narong,2017,0.488612505
9,NE,Chaiyaphum,Bamnet Narong,2018,0.485260227
9,NE,Chaiyaphum,Bamnet Narong,2019,0.459502451
9,NE,Chaiyaphum,Bamnet Narong,2020,0.52333162
9,NE,Chaiyaphum,Bamnet Narong,2021,0.595250848
64,EA,Chon Buri,Ban Bung,2014,2.111910869
64,EA,Chon Buri,Ban Bung,2015,2.24565256
64,EA,Chon Buri,Ban Bung,2016,2.350942792
64,EA,Chon Buri,Ban Bung,2017,2.62036385
64,EA,Chon Buri,Ban Bung,2018,2.688433135
64,EA,Chon Buri,Ban Bung,2019,2.831214657
64,EA,Chon Buri,Ban Bung,2020,3.074266539
64,EA,Chon Buri,Ban Bung,2021,3.533882484
51,EA,Rayong,Ban Chang,2014,7.308202641
51,EA,Rayong,Ban Chang,2015,7.160470837
51,EA,Rayong,Ban Chang,2016,7.833407981
51,EA,Rayong,Ban Chang,2017,8.900230295
51,EA,Rayong,Ban Chang,2018,9.592466895
51,EA,Rayong,Ban Chang,2019,10.846004
51,EA,Rayong,Ban Chang,2020,11.77371135
51,EA,Rayong,Ban Chang,2021,13.31987726
7,NO,Sukhothai,Ban Dan Lan Hoi,2014,0.075761208
7,NO,Sukhothai,Ban Dan Lan Hoi,2015,0.099562022
7,NO,Sukhothai,Ban Dan Lan Hoi,2016,0.086594484
7,NO,Sukhothai,Ban Dan Lan Hoi,2017,0.118973924
7,NO,Sukhothai,Ban Dan Lan Hoi,2018,0.123530228
7,NO,Sukhothai,Ban Dan Lan Hoi,2019,0.134056494
7,NO,Sukhothai,Ban Dan Lan Hoi,2020,0.148439496
7,NO,Sukhothai,Ban Dan Lan Hoi,2021,0.159320482
23,NE,Udon Thani,Ban Dung,2014,0.133432181
23,NE,Udon Thani,Ban Dung,2015,0.143199735
23,NE,Udon Thani,Ban Dung,2016,0.145211784
23,NE,Udon Thani,Ban Dung,2017,0.242840106
23,NE,Udon Thani,Ban Dung,2018,0.279353518
23,NE,Udon Thani,Ban Dung,2019,0.293250096
23,NE,Udon Thani,Ban Dung,2020,0.351754331
23,NE,Udon Thani,Ban Dung,2021,0.379034941
15,NE,Khon Kaen,Ban Fang,2014,0.359025472
15,NE,Khon Kaen,Ban Fang,2015,0.468411544
15,NE,Khon Kaen,Ban Fang,2016,0.447076485
15,NE,Khon Kaen,Ban Fang,2017,0.540484348
15,NE,Khon Kaen,Ban Fang,2018,0.583832862
15,NE,Khon Kaen,Ban Fang,2019,0.602314443
15,NE,Khon Kaen,Ban Fang,2020,0.689797811
15,NE,Khon Kaen,Ban Fang,2021,0.735580134
28,NO,Lamphun,Ban Hong,2014,0.250741444
28,NO,Lamphun,Ban Hong,2015,0.338607341
28,NO,Lamphun,Ban Hong,2016,0.345790257
28,NO,Lamphun,Ban Hong,2017,0.442280237
28,NO,Lamphun,Ban Hong,2018,0.444023478
28,NO,Lamphun,Ban Hong,2019,0.452943223
28,NO,Lamphun,Ban Hong,2020,0.491159376
28,NO,Lamphun,Ban Hong,2021,0.535675704
51,EA,Rayong,Ban Khai,2014,2.001044594
51,EA,Rayong,Ban Khai,2015,2.224838941
51,EA,Rayong,Ban Khai,2016,2.261238084
51,EA,Rayong,Ban Khai,2017,2.413923995
51,EA,Rayong,Ban Khai,2018,2.714354621
51,EA,Rayong,Ban Khai,2019,2.811780213
51,EA,Rayong,Ban Khai,2020,3.105864355
51,EA,Rayong,Ban Khai,2021,3.769306361
34,NO,Uttaradit,Ban Khok,2014,0.029928243
34,NO,Uttaradit,Ban Khok,2015,0.029134797
34,NO,Uttaradit,Ban Khok,2016,0.036187945
34,NO,Uttaradit,Ban Khok,2017,0.060731497
34,NO,Uttaradit,Ban Khok,2018,0.065303433
34,NO,Uttaradit,Ban Khok,2019,0.0747531
34,NO,Uttaradit,Ban Khok,2020,0.073041879
34,NO,Uttaradit,Ban Khok,2021,0.081995593
9,NE,Chaiyaphum,Ban Khwao,2014,0.176188448
9,NE,Chaiyaphum,Ban Khwao,2015,0.206358363
9,NE,Chaiyaphum,Ban Khwao,2016,0.203278947
9,NE,Chaiyaphum,Ban Khwao,2017,0.267466453
9,NE,Chaiyaphum,Ban Khwao,2018,0.310000255
9,NE,Chaiyaphum,Ban Khwao,2019,0.329475589
9,NE,Chaiyaphum,Ban Khwao,2020,0.368752703
9,NE,Chaiyaphum,Ban Khwao,2021,0.399522336
35,NE,Buri Ram,Ban Kruat,2014,0.115669771
35,NE,Buri Ram,Ban Kruat,2015,0.126390606
35,NE,Buri Ram,Ban Kruat,2016,0.137996031
35,NE,Buri Ram,Ban Kruat,2017,0.219148557
35,NE,Buri Ram,Ban Kruat,2018,0.220207556
35,NE,Buri Ram,Ban Kruat,2019,0.24916415
35,NE,Buri Ram,Ban Kruat,2020,0.276493167
35,NE,Buri Ram,Ban Kruat,2021,0.355306669
8,WE,Phetchaburi,Ban Laem,2014,2.072904102
8,WE,Phetchaburi,Ban Laem,2015,2.318472117
8,WE,Phetchaburi,Ban Laem,2016,2.265757705
8,WE,Phetchaburi,Ban Laem,2017,2.373049068
8,WE,Phetchaburi,Ban Laem,2018,2.590912516
8,WE,Phetchaburi,Ban Laem,2019,2.53933166
8,WE,Phetchaburi,Ban Laem,2020,2.854519406
8,WE,Phetchaburi,Ban Laem,2021,2.884535007
8,WE,Phetchaburi,Ban Lat,2014,1.504875552
8,WE,Phetchaburi,Ban Lat,2015,1.741020587
8,WE,Phetchaburi,Ban Lat,2016,1.92058424
8,WE,Phetchaburi,Ban Lat,2017,2.087422961
8,WE,Phetchaburi,Ban Lat,2018,2.171040556
8,WE,Phetchaburi,Ban Lat,2019,2.254633992
8,WE,Phetchaburi,Ban Lat,2020,2.325207867
8,WE,Phetchaburi,Ban Lat,2021,2.387357664
6,NE,Nakhon Ratchasima,Ban Luam,2014,0.096209576
6,NE,Nakhon Ratchasima,Ban Luam,2015,0.109618109
6,NE,Nakhon Ratchasima,Ban Luam,2016,0.121355122
6,NE,Nakhon Ratchasima,Ban Luam,2017,0.173141634
6,NE,Nakhon Ratchasima,Ban Luam,2018,0.187129001
6,NE,Nakhon Ratchasima,Ban Luam,2019,0.195993532
6,NE,Nakhon Ratchasima,Ban Luam,2020,0.205492366
6,NE,Nakhon Ratchasima,Ban Luam,2021,0.20928519
70,NO,Nan,Ban Luang,2014,0.043445744
70,NO,Nan,Ban Luang,2015,0.048219782
70,NO,Nan,Ban Luang,2016,0.035420905
70,NO,Nan,Ban Luang,2017,0.050190907
70,NO,Nan,Ban Luang,2018,0.05209541
70,NO,Nan,Ban Luang,2019,0.051903307
70,NO,Nan,Ban Luang,2020,0.06013829
70,NO,Nan,Ban Luang,2021,0.066281575
35,NE,Buri Ram,Ban Mai Chai Pho,2014,0.243096073
35,NE,Buri Ram,Ban Mai Chai Pho,2015,0.273639723
35,NE,Buri Ram,Ban Mai Chai Pho,2016,0.241214161
35,NE,Buri Ram,Ban Mai Chai Pho,2017,0.353985889
35,NE,Buri Ram,Ban Mai Chai Pho,2018,0.33167281
35,NE,Buri Ram,Ban Mai Chai Pho,2019,0.396003735
35,NE,Buri Ram,Ban Mai Chai Pho,2020,0.789906609
35,NE,Buri Ram,Ban Mai Chai Pho,2021,0.869967974
62,CE,Lop Buri,Ban Mi,2014,0.308206084
62,CE,Lop Buri,Ban Mi,2015,0.364025026
62,CE,Lop Buri,Ban Mi,2016,0.354397942
62,CE,Lop Buri,Ban Mi,2017,0.497489499
62,CE,Lop Buri,Ban Mi,2018,0.470507573
62,CE,Lop Buri,Ban Mi,2019,0.484118834
62,CE,Lop Buri,Ban Mi,2020,0.560269454
62,CE,Lop Buri,Ban Mi,2021,0.590407775
17,CE,Saraburi,Ban Mo,2014,2.491260835
17,CE,Saraburi,Ban Mo,2015,2.562058698
17,CE,Saraburi,Ban Mo,2016,2.594497927
17,CE,Saraburi,Ban Mo,2017,2.797649692
17,CE,Saraburi,Ban Mo,2018,2.836214821
17,CE,Saraburi,Ban Mo,2019,2.987028819
17,CE,Saraburi,Ban Mo,2020,3.101428087
17,CE,Saraburi,Ban Mo,2021,3.226739495
24,NE,Sakon Nakhon,Ban Muang,2014,0.063282876
24,NE,Sakon Nakhon,Ban Muang,2015,0.073458243
24,NE,Sakon Nakhon,Ban Muang,2016,0.069087471
24,NE,Sakon Nakhon,Ban Muang,2017,0.140785889
24,NE,Sakon Nakhon,Ban Muang,2018,0.136396066
24,NE,Sakon Nakhon,Ban Muang,2019,0.138980293
24,NE,Sakon Nakhon,Ban Muang,2020,0.175965374
24,NE,Sakon Nakhon,Ban Muang,2021,0.2597181
60,EA,Nakhon Nayok,Ban Na,2014,0.918191992
60,EA,Nakhon Nayok,Ban Na,2015,1.067506319
60,EA,Nakhon Nayok,Ban Na,2016,1.15768119
60,EA,Nakhon Nayok,Ban Na,2017,1.463389836
60,EA,Nakhon Nayok,Ban Na,2018,1.528980057
60,EA,Nakhon Nayok,Ban Na,2019,1.611279125
60,EA,Nakhon Nayok,Ban Na,2020,1.701453895
60,EA,Nakhon Nayok,Ban Na,2021,1.788454311
11,SO,Surat Thani,Ban Na Doem,2014,0.447857209
11,SO,Surat Thani,Ban Na Doem,2015,0.497618934
11,SO,Surat Thani,Ban Na Doem,2016,0.589262232
11,SO,Surat Thani,Ban Na Doem,2017,0.696162456
11,SO,Surat Thani,Ban Na Doem,2018,0.711883266
11,SO,Surat Thani,Ban Na Doem,2019,0.825984224
11,SO,Surat Thani,Ban Na Doem,2020,0.85313008
11,SO,Surat Thani,Ban Na Doem,2021,0.83433515
11,SO,Surat Thani,Ban Na San,2014,0.277559182
11,SO,Surat Thani,Ban Na San,2015,0.280873867
11,SO,Surat Thani,Ban Na San,2016,0.291345686
11,SO,Surat Thani,Ban Na San,2017,0.3581053
11,SO,Surat Thani,Ban Na San,2018,0.356487224
11,SO,Surat Thani,Ban Na San,2019,0.338611189
11,SO,Surat Thani,Ban Na San,2020,0.424412126
11,SO,Surat Thani,Ban Na San,2021,0.410621397
72,NE,Nakhon Phanom,Ban Phaeng,2014,0.201548953
72,NE,Nakhon Phanom,Ban Phaeng,2015,0.215419224
72,NE,Nakhon Phanom,Ban Phaeng,2016,0.254139585
72,NE,Nakhon Phanom,Ban Phaeng,2017,0.400465875
72,NE,Nakhon Phanom,Ban Phaeng,2018,0.376165034
72,NE,Nakhon Phanom,Ban Phaeng,2019,0.352652568
72,NE,Nakhon Phanom,Ban Phaeng,2020,0.45213596
72,NE,Nakhon Phanom,Ban Phaeng,2021,0.555645685
68,BKK&VIC,Samut Sakhon,Ban Phaeo,2014,1.970276322
68,BKK&VIC,Samut Sakhon,Ban Phaeo,2015,2.130659428
68,BKK&VIC,Samut Sakhon,Ban Phaeo,2016,2.169942213
68,BKK&VIC,Samut Sakhon,Ban Phaeo,2017,2.429497558
68,BKK&VIC,Samut Sakhon,Ban Phaeo,2018,2.585686225
68,BKK&VIC,Samut Sakhon,Ban Phaeo,2019,2.745724842
68,BKK&VIC,Samut Sakhon,Ban Phaeo,2020,3.041910047
68,BKK&VIC,Samut Sakhon,Ban Phaeo,2021,3.178298159
15,NE,Khon Kaen,Ban Phai,2014,0.610535203
15,NE,Khon Kaen,Ban Phai,2015,0.67529492
15,NE,Khon Kaen,Ban Phai,2016,0.721501132
15,NE,Khon Kaen,Ban Phai,2017,0.955578643
15,NE,Khon Kaen,Ban Phai,2018,0.990553136
15,NE,Khon Kaen,Ban Phai,2019,1.004535105
15,NE,Khon Kaen,Ban Phai,2020,1.087807684
15,NE,Khon Kaen,Ban Phai,2021,1.254034166
4,EA,Chachoengsao,Ban Pho,2014,2.562893778
4,EA,Chachoengsao,Ban Pho,2015,2.988116167
4,EA,Chachoengsao,Ban Pho,2016,3.11977203
4,EA,Chachoengsao,Ban Pho,2017,3.382216152
4,EA,Chachoengsao,Ban Pho,2018,3.27413317
4,EA,Chachoengsao,Ban Pho,2019,3.593466547
4,EA,Chachoengsao,Ban Pho,2020,3.883609525
4,EA,Chachoengsao,Ban Pho,2021,4.626089796
53,CE,Phra Nakhon Sri Ayuthaya,Ban Phraek,2014,1.087587825
53,CE,Phra Nakhon Sri Ayuthaya,Ban Phraek,2015,1.209438043
53,CE,Phra Nakhon Sri Ayuthaya,Ban Phraek,2016,1.353936707
53,CE,Phra Nakhon Sri Ayuthaya,Ban Phraek,2017,1.347997703
53,CE,Phra Nakhon Sri Ayuthaya,Ban Phraek,2018,1.232416512
53,CE,Phra Nakhon Sri Ayuthaya,Ban Phraek,2019,1.18537433
53,CE,Phra Nakhon Sri Ayuthaya,Ban Phraek,2020,1.227268246
53,CE,Phra Nakhon Sri Ayuthaya,Ban Phraek,2021,1.479034075
23,NE,Udon Thani,Ban Phu,2014,0.141556282
23,NE,Udon Thani,Ban Phu,2015,0.179915811
23,NE,Udon Thani,Ban Phu,2016,0.178860442
23,NE,Udon Thani,Ban Phu,2017,0.263516902
23,NE,Udon Thani,Ban Phu,2018,0.273675253
23,NE,Udon Thani,Ban Phu,2019,0.256411613
23,NE,Udon Thani,Ban Phu,2020,0.296922172
23,NE,Udon Thani,Ban Phu,2021,0.354921486
30,WE,Ratchaburi,Ban Pong,2014,3.060237032
30,WE,Ratchaburi,Ban Pong,2015,3.242338929
30,WE,Ratchaburi,Ban Pong,2016,3.447437139
30,WE,Ratchaburi,Ban Pong,2017,3.831361544
30,WE,Ratchaburi,Ban Pong,2018,3.990614591
30,WE,Ratchaburi,Ban Pong,2019,4.041542527
30,WE,Ratchaburi,Ban Pong,2020,4.189881254
30,WE,Ratchaburi,Ban Pong,2021,4.605922815
18,NO,Uthai Thani,Ban Rai,2014,0.079926152
18,NO,Uthai Thani,Ban Rai,2015,0.092962815
18,NO,Uthai Thani,Ban Rai,2016,0.0913778
18,NO,Uthai Thani,Ban Rai,2017,0.127750927
18,NO,Uthai Thani,Ban Rai,2018,0.125650016
18,NO,Uthai Thani,Ban Rai,2019,0.13004119
18,NO,Uthai Thani,Ban Rai,2020,0.140913848
18,NO,Uthai Thani,Ban Rai,2021,0.19753195
52,EA,Prachin Buri,Ban Sang,2014,0.429381536
52,EA,Prachin Buri,Ban Sang,2015,0.523921753
52,EA,Prachin Buri,Ban Sang,2016,0.517671231
52,EA,Prachin Buri,Ban Sang,2017,0.662133345
52,EA,Prachin Buri,Ban Sang,2018,0.665272428
52,EA,Prachin Buri,Ban Sang,2019,0.672680284
52,EA,Prachin Buri,Ban Sang,2020,0.700814627
52,EA,Prachin Buri,Ban Sang,2021,0.725894869
11,SO,Surat Thani,Ban Ta Khun,2014,0.057218203
11,SO,Surat Thani,Ban Ta Khun,2015,0.053477184
11,SO,Surat Thani,Ban Ta Khun,2016,0.054269397
11,SO,Surat Thani,Ban Ta Khun,2017,0.094752023
11,SO,Surat Thani,Ban Ta Khun,2018,0.102319685
11,SO,Surat Thani,Ban Ta Khun,2019,0.100839993
11,SO,Surat Thani,Ban Ta Khun,2020,0.109261645
11,SO,Surat Thani,Ban Ta Khun,2021,0.10827794
26,NO,Tak,Ban Tak,2014,0.128003648
26,NO,Tak,Ban Tak,2015,0.164973924
26,NO,Tak,Ban Tak,2016,0.166577512
26,NO,Tak,Ban Tak,2017,0.215010447
26,NO,Tak,Ban Tak,2018,0.242199773
26,NO,Tak,Ban Tak,2019,0.276566441
26,NO,Tak,Ban Tak,2020,0.27502285
26,NO,Tak,Ban Tak,2021,0.296153721
9,NE,Chaiyaphum,Ban Thaen,2014,0.307232571
9,NE,Chaiyaphum,Ban Thaen,2015,0.331510247
9,NE,Chaiyaphum,Ban Thaen,2016,0.313916582
9,NE,Chaiyaphum,Ban Thaen,2017,0.422455773
9,NE,Chaiyaphum,Ban Thaen,2018,0.450287687
9,NE,Chaiyaphum,Ban Thaen,2019,0.457236407
9,NE,Chaiyaphum,Ban Thaen,2020,0.482146881
9,NE,Chaiyaphum,Ban Thaen,2021,0.475797263
28,NO,Lamphun,Ban Thi,2014,0.609884651
28,NO,Lamphun,Ban Thi,2015,0.698107704
28,NO,Lamphun,Ban Thi,2016,0.622709098
28,NO,Lamphun,Ban Thi,2017,0.767019057
28,NO,Lamphun,Ban Thi,2018,0.842568775
28,NO,Lamphun,Ban Thi,2019,0.889517848
28,NO,Lamphun,Ban Thi,2020,1.019236813
28,NO,Lamphun,Ban Thi,2021,1.078890608
53,CE,Phra Nakhon Sri Ayuthaya,Bang Ban,2014,1.498254162
53,CE,Phra Nakhon Sri Ayuthaya,Bang Ban,2015,1.614875954
53,CE,Phra Nakhon Sri Ayuthaya,Bang Ban,2016,1.657777305
53,CE,Phra Nakhon Sri Ayuthaya,Bang Ban,2017,1.955205111
53,CE,Phra Nakhon Sri Ayuthaya,Bang Ban,2018,1.943037149
53,CE,Phra Nakhon Sri Ayuthaya,Bang Ban,2019,2.240082618
53,CE,Phra Nakhon Sri Ayuthaya,Bang Ban,2020,2.48683172
53,CE,Phra Nakhon Sri Ayuthaya,Bang Ban,2021,2.638292347
69,BKK&VIC,Samut Prakan,Bang Bo,2014,5.489728105
69,BKK&VIC,Samut Prakan,Bang Bo,2015,5.879872895
69,BKK&VIC,Samut Prakan,Bang Bo,2016,5.908195397
69,BKK&VIC,Samut Prakan,Bang Bo,2017,6.90084786
69,BKK&VIC,Samut Prakan,Bang Bo,2018,6.830685438
69,BKK&VIC,Samut Prakan,Bang Bo,2019,7.34607044
69,BKK&VIC,Samut Prakan,Bang Bo,2020,7.541470081
69,BKK&VIC,Samut Prakan,Bang Bo,2021,8.13071504
14,BKK&VIC,Bangkok,Bang Bon,2014,15.40796803
14,BKK&VIC,Bangkok,Bang Bon,2015,16.52490475
14,BKK&VIC,Bangkok,Bang Bon,2016,16.75922555
14,BKK&VIC,Bangkok,Bang Bon,2017,16.79420188
14,BKK&VIC,Bangkok,Bang Bon,2018,17.47585361
14,BKK&VIC,Bangkok,Bang Bon,2019,18.18867217
14,BKK&VIC,Bangkok,Bang Bon,2020,18.66636047
14,BKK&VIC,Bangkok,Bang Bon,2021,19.14219578
38,BKK&VIC,Nonthaburi,Bang Bua Thong,2014,10.30382579
38,BKK&VIC,Nonthaburi,Bang Bua Thong,2015,11.98104239
38,BKK&VIC,Nonthaburi,Bang Bua Thong,2016,12.34194359
38,BKK&VIC,Nonthaburi,Bang Bua Thong,2017,12.98821706
38,BKK&VIC,Nonthaburi,Bang Bua Thong,2018,13.32748667
38,BKK&VIC,Nonthaburi,Bang Bua Thong,2019,13.61335234
38,BKK&VIC,Nonthaburi,Bang Bua Thong,2020,13.95698789
38,BKK&VIC,Nonthaburi,Bang Bua Thong,2021,14.61404384
55,SO,Phatthalung,Bang Kaeo,2014,0.325727681
55,SO,Phatthalung,Bang Kaeo,2015,0.407546544
55,SO,Phatthalung,Bang Kaeo,2016,0.44382065
55,SO,Phatthalung,Bang Kaeo,2017,0.589646205
55,SO,Phatthalung,Bang Kaeo,2018,0.737876781
55,SO,Phatthalung,Bang Kaeo,2019,0.86294225
55,SO,Phatthalung,Bang Kaeo,2020,0.929062843
55,SO,Phatthalung,Bang Kaeo,2021,1.088378028
14,BKK&VIC,Bangkok,Bang Kapi,2014,28.99881808
14,BKK&VIC,Bangkok,Bang Kapi,2015,28.48857667
14,BKK&VIC,Bangkok,Bang Kapi,2016,29.62222032
14,BKK&VIC,Bangkok,Bang Kapi,2017,30.79399278
14,BKK&VIC,Bangkok,Bang Kapi,2018,34.28284914
14,BKK&VIC,Bangkok,Bang Kapi,2019,35.82990678
14,BKK&VIC,Bangkok,Bang Kapi,2020,33.82350244
14,BKK&VIC,Bangkok,Bang Kapi,2021,35.08639096
14,BKK&VIC,Bangkok,Bang Khae,2014,16.41808939
14,BKK&VIC,Bangkok,Bang Khae,2015,18.72118408
14,BKK&VIC,Bangkok,Bang Khae,2016,18.60827129
14,BKK&VIC,Bangkok,Bang Khae,2017,18.72225859
14,BKK&VIC,Bangkok,Bang Khae,2018,19.04944521
14,BKK&VIC,Bangkok,Bang Khae,2019,19.52616676
14,BKK&VIC,Bangkok,Bang Khae,2020,20.04028322
14,BKK&VIC,Bangkok,Bang Khae,2021,21.71370393
59,SO,Nakhon Si Thammarat,Bang Khan,2014,0.053203025
59,SO,Nakhon Si Thammarat,Bang Khan,2015,0.06289175
59,SO,Nakhon Si Thammarat,Bang Khan,2016,0.067374938
59,SO,Nakhon Si Thammarat,Bang Khan,2017,0.089673139
59,SO,Nakhon Si Thammarat,Bang Khan,2018,0.09203006
59,SO,Nakhon Si Thammarat,Bang Khan,2019,0.0796072
59,SO,Nakhon Si Thammarat,Bang Khan,2020,0.084562593
59,SO,Nakhon Si Thammarat,Bang Khan,2021,0.091517456
14,BKK&VIC,Bangkok,Bang Khen,2014,19.52228876
14,BKK&VIC,Bangkok,Bang Khen,2015,21.57707027
14,BKK&VIC,Bangkok,Bang Khen,2016,23.75904114
14,BKK&VIC,Bangkok,Bang Khen,2017,24.89638336
14,BKK&VIC,Bangkok,Bang Khen,2018,25.7975327
14,BKK&VIC,Bangkok,Bang Khen,2019,26.69108823
14,BKK&VIC,Bangkok,Bang Khen,2020,26.61537784
14,BKK&VIC,Bangkok,Bang Khen,2021,27.07128269
4,EA,Chachoengsao,Bang Khla,2014,1.069937529
4,EA,Chachoengsao,Bang Khla,2015,1.231849967
4,EA,Chachoengsao,Bang Khla,2016,1.332746644
4,EA,Chachoengsao,Bang Khla,2017,1.439986842
4,EA,Chachoengsao,Bang Khla,2018,1.488995681
4,EA,Chachoengsao,Bang Khla,2019,1.619523714
4,EA,Chachoengsao,Bang Khla,2020,1.82828051
4,EA,Chachoengsao,Bang Khla,2021,1.998736411
14,BKK&VIC,Bangkok,Bang Kho Laem,2014,29.38007222
14,BKK&VIC,Bangkok,Bang Kho Laem,2015,32.34350451
14,BKK&VIC,Bangkok,Bang Kho Laem,2016,36.02671361
14,BKK&VIC,Bangkok,Bang Kho Laem,2017,34.85312338
14,BKK&VIC,Bangkok,Bang Kho Laem,2018,34.82040779
14,BKK&VIC,Bangkok,Bang Kho Laem,2019,34.2788627
14,BKK&VIC,Bangkok,Bang Kho Laem,2020,33.51332057
14,BKK&VIC,Bangkok,Bang Kho Laem,2021,31.86292158
50,WE,Samut Songkhram,Bang Khon Ti,2014,1.832967037
50,WE,Samut Songkhram,Bang Khon Ti,2015,2.028679717
50,WE,Samut Songkhram,Bang Khon Ti,2016,1.97152941
50,WE,Samut Songkhram,Bang Khon Ti,2017,2.472260881
50,WE,Samut Songkhram,Bang Khon Ti,2018,2.79539847
50,WE,Samut Songkhram,Bang Khon Ti,2019,3.098585313
50,WE,Samut Songkhram,Bang Khon Ti,2020,3.320576888
50,WE,Samut Songkhram,Bang Khon Ti,2021,3.791265464
43,SO,Songkhla,Bang Klam,2014,1.439398936
43,SO,Songkhla,Bang Klam,2015,1.520872426
43,SO,Songkhla,Bang Klam,2016,1.758011506
43,SO,Songkhla,Bang Klam,2017,1.934993355
43,SO,Songkhla,Bang Klam,2018,2.12939293
43,SO,Songkhla,Bang Klam,2019,2.185225026
43,SO,Songkhla,Bang Klam,2020,2.270734847
43,SO,Songkhla,Bang Klam,2021,2.535240013
21,NO,Phitsanulok,Bang Krathum,2014,0.281182514
21,NO,Phitsanulok,Bang Krathum,2015,0.353792988
21,NO,Phitsanulok,Bang Krathum,2016,0.315384199
21,NO,Phitsanulok,Bang Krathum,2017,0.454230607
21,NO,Phitsanulok,Bang Krathum,2018,0.574812781
21,NO,Phitsanulok,Bang Krathum,2019,0.641879985
21,NO,Phitsanulok,Bang Krathum,2020,0.69042374
21,NO,Phitsanulok,Bang Krathum,2021,0.899493551
38,BKK&VIC,Nonthaburi,Bang Kruai,2014,15.1432604
38,BKK&VIC,Nonthaburi,Bang Kruai,2015,15.79424598
38,BKK&VIC,Nonthaburi,Bang Kruai,2016,17.06470589
38,BKK&VIC,Nonthaburi,Bang Kruai,2017,17.91504834
38,BKK&VIC,Nonthaburi,Bang Kruai,2018,18.19925638
38,BKK&VIC,Nonthaburi,Bang Kruai,2019,18.9349195
38,BKK&VIC,Nonthaburi,Bang Kruai,2020,19.67527642
38,BKK&VIC,Nonthaburi,Bang Kruai,2021,21.07955792
64,EA,Chon Buri,Bang Lamung,2014,8.288387295
64,EA,Chon Buri,Bang Lamung,2015,8.529902032
64,EA,Chon Buri,Bang Lamung,2016,8.986673322
64,EA,Chon Buri,Bang Lamung,2017,9.496295113
64,EA,Chon Buri,Bang Lamung,2018,9.903478762
64,EA,Chon Buri,Bang Lamung,2019,10.77330397
64,EA,Chon Buri,Bang Lamung,2020,11.28524405
64,EA,Chon Buri,Bang Lamung,2021,12.57172142
27,BKK&VIC,Nakhon Pathom,Bang Len,2014,1.211114318
27,BKK&VIC,Nakhon Pathom,Bang Len,2015,1.413729394
27,BKK&VIC,Nakhon Pathom,Bang Len,2016,1.495489722
27,BKK&VIC,Nakhon Pathom,Bang Len,2017,1.739366762
27,BKK&VIC,Nakhon Pathom,Bang Len,2018,1.82332137
27,BKK&VIC,Nakhon Pathom,Bang Len,2019,1.967214814
27,BKK&VIC,Nakhon Pathom,Bang Len,2020,2.030564932
27,BKK&VIC,Nakhon Pathom,Bang Len,2021,2.172333126
54,NO,Phichit,Bang Mun Nak,2014,0.328650131
54,NO,Phichit,Bang Mun Nak,2015,0.380693834
54,NO,Phichit,Bang Mun Nak,2016,0.332963012
54,NO,Phichit,Bang Mun Nak,2017,0.449529009
54,NO,Phichit,Bang Mun Nak,2018,0.432063113
54,NO,Phichit,Bang Mun Nak,2019,0.44224845
54,NO,Phichit,Bang Mun Nak,2020,0.477549874
54,NO,Phichit,Bang Mun Nak,2021,0.586606175
14,BKK&VIC,Bangkok,Bang Na,2014,28.7861289
14,BKK&VIC,Bangkok,Bang Na,2015,30.87379814
14,BKK&VIC,Bangkok,Bang Na,2016,31.91586696
14,BKK&VIC,Bangkok,Bang Na,2017,33.27340589
14,BKK&VIC,Bangkok,Bang Na,2018,34.19036167
14,BKK&VIC,Bangkok,Bang Na,2019,34.98448876
14,BKK&VIC,Bangkok,Bang Na,2020,35.43558819
14,BKK&VIC,Bangkok,Bang Na,2021,38.91968056
4,EA,Chachoengsao,Bang Nam Prieo,2014,0.595205096
4,EA,Chachoengsao,Bang Nam Prieo,2015,0.683869541
4,EA,Chachoengsao,Bang Nam Prieo,2016,0.717202759
4,EA,Chachoengsao,Bang Nam Prieo,2017,0.912030332
4,EA,Chachoengsao,Bang Nam Prieo,2018,1.017227456
4,EA,Chachoengsao,Bang Nam Prieo,2019,1.04454221
4,EA,Chachoengsao,Bang Nam Prieo,2020,1.223373226
4,EA,Chachoengsao,Bang Nam Prieo,2021,1.469074035
53,CE,Phra Nakhon Sri Ayuthaya,Bang Pahan,2014,2.599111288
53,CE,Phra Nakhon Sri Ayuthaya,Bang Pahan,2015,2.825792311
53,CE,Phra Nakhon Sri Ayuthaya,Bang Pahan,2016,3.134248565
53,CE,Phra Nakhon Sri Ayuthaya,Bang Pahan,2017,3.409759551
53,CE,Phra Nakhon Sri Ayuthaya,Bang Pahan,2018,3.442045396
53,CE,Phra Nakhon Sri Ayuthaya,Bang Pahan,2019,3.714368336
53,CE,Phra Nakhon Sri Ayuthaya,Bang Pahan,2020,3.767194804
53,CE,Phra Nakhon Sri Ayuthaya,Bang Pahan,2021,3.922975811
53,CE,Phra Nakhon Sri Ayuthaya,Bang Pa-In,2014,7.4042666
53,CE,Phra Nakhon Sri Ayuthaya,Bang Pa-In,2015,7.684922196
53,CE,Phra Nakhon Sri Ayuthaya,Bang Pa-In,2016,7.820252646
53,CE,Phra Nakhon Sri Ayuthaya,Bang Pa-In,2017,8.413404639
53,CE,Phra Nakhon Sri Ayuthaya,Bang Pa-In,2018,8.621136769
53,CE,Phra Nakhon Sri Ayuthaya,Bang Pa-In,2019,8.961352015
53,CE,Phra Nakhon Sri Ayuthaya,Bang Pa-In,2020,8.871756632
53,CE,Phra Nakhon Sri Ayuthaya,Bang Pa-In,2021,9.09722845
4,EA,Chachoengsao,Bang Pakong,2014,7.662593755
4,EA,Chachoengsao,Bang Pakong,2015,7.811047486
4,EA,Chachoengsao,Bang Pakong,2016,7.904057013
4,EA,Chachoengsao,Bang Pakong,2017,8.576545728
4,EA,Chachoengsao,Bang Pakong,2018,8.239557883
4,EA,Chachoengsao,Bang Pakong,2019,8.659913916
4,EA,Chachoengsao,Bang Pakong,2020,8.924610441
4,EA,Chachoengsao,Bang Pakong,2021,10.59638209
30,WE,Ratchaburi,Bang Phae,2014,1.542479473
30,WE,Ratchaburi,Bang Phae,2015,1.662844155
30,WE,Ratchaburi,Bang Phae,2016,1.816601104
30,WE,Ratchaburi,Bang Phae,2017,1.926574805
30,WE,Ratchaburi,Bang Phae,2018,2.025590261
30,WE,Ratchaburi,Bang Phae,2019,1.998826725
30,WE,Ratchaburi,Bang Phae,2020,2.200223966
30,WE,Ratchaburi,Bang Phae,2021,2.598140161
48,WE,Suphan Buri,Bang Pla Ma,2014,0.768824969
48,WE,Suphan Buri,Bang Pla Ma,2015,0.940557372
48,WE,Suphan Buri,Bang Pla Ma,2016,1.075865557
48,WE,Suphan Buri,Bang Pla Ma,2017,1.212709511
48,WE,Suphan Buri,Bang Pla Ma,2018,1.246190383
48,WE,Suphan Buri,Bang Pla Ma,2019,1.227169317
48,WE,Suphan Buri,Bang Pla Ma,2020,1.303544627
48,WE,Suphan Buri,Bang Pla Ma,2021,1.42826278
14,BKK&VIC,Bangkok,Bang Plad,2014,28.15019563
14,BKK&VIC,Bangkok,Bang Plad,2015,27.66247451
14,BKK&VIC,Bangkok,Bang Plad,2016,29.40674808
14,BKK&VIC,Bangkok,Bang Plad,2017,30.68650275
14,BKK&VIC,Bangkok,Bang Plad,2018,30.66211945
14,BKK&VIC,Bangkok,Bang Plad,2019,31.54907645
14,BKK&VIC,Bangkok,Bang Plad,2020,31.81300622
14,BKK&VIC,Bangkok,Bang Plad,2021,32.68711773
69,BKK&VIC,Samut Prakan,Bang Plee,2014,19.56878964
69,BKK&VIC,Samut Prakan,Bang Plee,2015,19.76382903
69,BKK&VIC,Samut Prakan,Bang Plee,2016,19.25716893
69,BKK&VIC,Samut Prakan,Bang Plee,2017,20.07160308
69,BKK&VIC,Samut Prakan,Bang Plee,2018,21.0027566
69,BKK&VIC,Samut Prakan,Bang Plee,2019,22.39139703
69,BKK&VIC,Samut Prakan,Bang Plee,2020,23.42132694
69,BKK&VIC,Samut Prakan,Bang Plee,2021,25.16054338
49,CE,Singburi,Bang Rachan,2014,0.808049547
49,CE,Singburi,Bang Rachan,2015,0.954828344
49,CE,Singburi,Bang Rachan,2016,0.988141468
49,CE,Singburi,Bang Rachan,2017,1.093800421
49,CE,Singburi,Bang Rachan,2018,1.171507645
49,CE,Singburi,Bang Rachan,2019,1.252987946
49,CE,Singburi,Bang Rachan,2020,1.367475491
49,CE,Singburi,Bang Rachan,2021,1.529781102
14,BKK&VIC,Bangkok,Bang Rak,2014,52.05705613
14,BKK&VIC,Bangkok,Bang Rak,2015,55.22663292
14,BKK&VIC,Bangkok,Bang Rak,2016,58.47133279
14,BKK&VIC,Bangkok,Bang Rak,2017,57.97205018
14,BKK&VIC,Bangkok,Bang Rak,2018,68.44131034
14,BKK&VIC,Bangkok,Bang Rak,2019,66.72314576
14,BKK&VIC,Bangkok,Bang Rak,2020,59.64923393
14,BKK&VIC,Bangkok,Bang Rak,2021,59.62552732
21,NO,Phitsanulok,Bang Rakam,2014,0.385235601
21,NO,Phitsanulok,Bang Rakam,2015,0.623318264
21,NO,Phitsanulok,Bang Rakam,2016,0.515325325
21,NO,Phitsanulok,Bang Rakam,2017,0.910266186
21,NO,Phitsanulok,Bang Rakam,2018,0.900221349
21,NO,Phitsanulok,Bang Rakam,2019,1.12733508
21,NO,Phitsanulok,Bang Rakam,2020,1.304554942
21,NO,Phitsanulok,Bang Rakam,2021,1.291401611
53,CE,Phra Nakhon Sri Ayuthaya,Bang Sai,2014,1.544987043
53,CE,Phra Nakhon Sri Ayuthaya,Bang Sai,2015,1.769083578
53,CE,Phra Nakhon Sri Ayuthaya,Bang Sai,2016,1.817409737
53,CE,Phra Nakhon Sri Ayuthaya,Bang Sai,2017,2.003745026
53,CE,Phra Nakhon Sri Ayuthaya,Bang Sai,2018,2.024060233
53,CE,Phra Nakhon Sri Ayuthaya,Bang Sai,2019,2.125509143
53,CE,Phra Nakhon Sri Ayuthaya,Bang Sai,2020,2.143605506
53,CE,Phra Nakhon Sri Ayuthaya,Bang Sai,2021,2.261961212
42,WE,Phachuap Khiri Khan,Bang Saphan,2014,0.661665852
42,WE,Phachuap Khiri Khan,Bang Saphan,2015,0.712266677
42,WE,Phachuap Khiri Khan,Bang Saphan,2016,0.65703896
42,WE,Phachuap Khiri Khan,Bang Saphan,2017,0.770525932
42,WE,Phachuap Khiri Khan,Bang Saphan,2018,0.862640034
42,WE,Phachuap Khiri Khan,Bang Saphan,2019,0.917012493
42,WE,Phachuap Khiri Khan,Bang Saphan,2020,0.956678722
42,WE,Phachuap Khiri Khan,Bang Saphan,2021,0.979779482
42,WE,Phachuap Khiri Khan,Bang Saphan Noi,2014,0.264278681
42,WE,Phachuap Khiri Khan,Bang Saphan Noi,2015,0.310508464
42,WE,Phachuap Khiri Khan,Bang Saphan Noi,2016,0.279670995
42,WE,Phachuap Khiri Khan,Bang Saphan Noi,2017,0.36294155
42,WE,Phachuap Khiri Khan,Bang Saphan Noi,2018,0.487044898
42,WE,Phachuap Khiri Khan,Bang Saphan Noi,2019,0.595806737
42,WE,Phachuap Khiri Khan,Bang Saphan Noi,2020,0.649755382
42,WE,Phachuap Khiri Khan,Bang Saphan Noi,2021,0.676965678
14,BKK&VIC,Bangkok,Bang Su,2014,26.70968689
14,BKK&VIC,Bangkok,Bang Su,2015,26.55090305
14,BKK&VIC,Bangkok,Bang Su,2016,29.07946237
14,BKK&VIC,Bangkok,Bang Su,2017,31.46104556
14,BKK&VIC,Bangkok,Bang Su,2018,31.53903511
14,BKK&VIC,Bangkok,Bang Su,2019,30.29726659
14,BKK&VIC,Bangkok,Bang Su,2020,30.56493239
14,BKK&VIC,Bangkok,Bang Su,2021,31.82613366
38,BKK&VIC,Nonthaburi,Bang Yai,2014,7.756259053
38,BKK&VIC,Nonthaburi,Bang Yai,2015,8.188451106
38,BKK&VIC,Nonthaburi,Bang Yai,2016,8.50333205
38,BKK&VIC,Nonthaburi,Bang Yai,2017,9.007857065
38,BKK&VIC,Nonthaburi,Bang Yai,2018,9.421986457
38,BKK&VIC,Nonthaburi,Bang Yai,2019,9.747670598
38,BKK&VIC,Nonthaburi,Bang Yai,2020,10.44502754
38,BKK&VIC,Nonthaburi,Bang Yai,2021,11.25682518
14,BKK&VIC,Bangkok,Bangkhuntien,2014,9.342038443
14,BKK&VIC,Bangkok,Bangkhuntien,2015,10.24634457
14,BKK&VIC,Bangkok,Bangkhuntien,2016,10.38634799
14,BKK&VIC,Bangkok,Bangkhuntien,2017,10.76418922
14,BKK&VIC,Bangkok,Bangkhuntien,2018,11.35512487
14,BKK&VIC,Bangkok,Bangkhuntien,2019,11.43920643
14,BKK&VIC,Bangkok,Bangkhuntien,2020,11.85630455
14,BKK&VIC,Bangkok,Bangkhuntien,2021,12.88772156
14,BKK&VIC,Bangkok,Bangkok Noi,2014,24.08120656
14,BKK&VIC,Bangkok,Bangkok Noi,2015,26.76453448
14,BKK&VIC,Bangkok,Bangkok Noi,2016,28.87959511
14,BKK&VIC,Bangkok,Bangkok Noi,2017,27.75299393
14,BKK&VIC,Bangkok,Bangkok Noi,2018,27.53273988
14,BKK&VIC,Bangkok,Bangkok Noi,2019,28.75383782
14,BKK&VIC,Bangkok,Bangkok Noi,2020,28.97911592
14,BKK&VIC,Bangkok,Bangkok Noi,2021,29.45212055
14,BKK&VIC,Bangkok,Bangkok Yai,2014,25.98698989
14,BKK&VIC,Bangkok,Bangkok Yai,2015,26.92450766
14,BKK&VIC,Bangkok,Bangkok Yai,2016,28.3484037
14,BKK&VIC,Bangkok,Bangkok Yai,2017,26.85861873
14,BKK&VIC,Bangkok,Bangkok Yai,2018,29.28584645
14,BKK&VIC,Bangkok,Bangkok Yai,2019,31.46454503
14,BKK&VIC,Bangkok,Bangkok Yai,2020,31.29257399
14,BKK&VIC,Bangkok,Bangkok Yai,2021,31.5056782
33,SO,Yala,Bannang Star,2014,0.212694552
33,SO,Yala,Bannang Star,2015,0.22973048
33,SO,Yala,Bannang Star,2016,0.240138016
33,SO,Yala,Bannang Star,2017,0.308640124
33,SO,Yala,Bannang Star,2018,0.333696424
33,SO,Yala,Bannang Star,2019,0.287254136
33,SO,Yala,Bannang Star,2020,0.362953186
33,SO,Yala,Bannang Star,2021,0.570220051
2,NO,Nakhon Sawan,Banphot Phisai,2014,0.188451567
2,NO,Nakhon Sawan,Banphot Phisai,2015,0.239067028
2,NO,Nakhon Sawan,Banphot Phisai,2016,0.22756547
2,NO,Nakhon Sawan,Banphot Phisai,2017,0.293197634
2,NO,Nakhon Sawan,Banphot Phisai,2018,0.31206878
2,NO,Nakhon Sawan,Banphot Phisai,2019,0.32801185
2,NO,Nakhon Sawan,Banphot Phisai,2020,0.369313238
2,NO,Nakhon Sawan,Banphot Phisai,2021,0.523304469
33,SO,Yala,Batong,2014,0.206261136
33,SO,Yala,Batong,2015,0.19290368
33,SO,Yala,Batong,2016,0.22433659
33,SO,Yala,Batong,2017,0.240548149
33,SO,Yala,Batong,2018,0.277890094
33,SO,Yala,Batong,2019,0.257030415
33,SO,Yala,Batong,2020,0.298826113
33,SO,Yala,Batong,2021,0.379771541
12,NE,Si Sa Ket,Benchalak,2014,0.087448032
12,NE,Si Sa Ket,Benchalak,2015,0.098975955
12,NE,Si Sa Ket,Benchalak,2016,0.091046942
12,NE,Si Sa Ket,Benchalak,2017,0.145616958
12,NE,Si Sa Ket,Benchalak,2018,0.16596688
12,NE,Si Sa Ket,Benchalak,2019,0.185490032
12,NE,Si Sa Ket,Benchalak,2020,0.451568599
12,NE,Si Sa Ket,Benchalak,2021,0.535370756
70,NO,Nan,Bo Klue,2014,0.01183516
70,NO,Nan,Bo Klue,2015,0.01144408
70,NO,Nan,Bo Klue,2016,0.010041786
70,NO,Nan,Bo Klue,2017,0.018518711
70,NO,Nan,Bo Klue,2018,0.026803561
70,NO,Nan,Bo Klue,2019,0.043482295
70,NO,Nan,Bo Klue,2020,0.052693682
70,NO,Nan,Bo Klue,2021,0.064621167
73,WE,Kanchanaburi,Bo Phloi,2014,0.219954107
73,WE,Kanchanaburi,Bo Phloi,2015,0.233438651
73,WE,Kanchanaburi,Bo Phloi,2016,0.233616709
73,WE,Kanchanaburi,Bo Phloi,2017,0.291177653
73,WE,Kanchanaburi,Bo Phloi,2018,0.281695965
73,WE,Kanchanaburi,Bo Phloi,2019,0.27482634
73,WE,Kanchanaburi,Bo Phloi,2020,0.278476966
73,WE,Kanchanaburi,Bo Phloi,2021,0.331232339
29,EA,Trat,Bo Rai,2014,0.059971875
29,EA,Trat,Bo Rai,2015,0.077566941
29,EA,Trat,Bo Rai,2016,0.086310253
29,EA,Trat,Bo Rai,2017,0.106835458
29,EA,Trat,Bo Rai,2018,0.110063816
29,EA,Trat,Bo Rai,2019,0.127782627
29,EA,Trat,Bo Rai,2020,0.135617894
29,EA,Trat,Bo Rai,2021,0.166338906
64,EA,Chon Buri,Bo Thong,2014,0.195661289
64,EA,Chon Buri,Bo Thong,2015,0.223794495
64,EA,Chon Buri,Bo Thong,2016,0.257761101
64,EA,Chon Buri,Bo Thong,2017,0.342904344
64,EA,Chon Buri,Bo Thong,2018,0.389054173
64,EA,Chon Buri,Bo Thong,2019,0.396294662
64,EA,Chon Buri,Bo Thong,2020,0.472263725
64,EA,Chon Buri,Bo Thong,2021,0.627113407
46,NE,Maha Sarakham,Borabu,2014,0.323551733
46,NE,Maha Sarakham,Borabu,2015,0.407255106
46,NE,Maha Sarakham,Borabu,2016,0.424682806
46,NE,Maha Sarakham,Borabu,2017,0.614256816
46,NE,Maha Sarakham,Borabu,2018,0.592726804
46,NE,Maha Sarakham,Borabu,2019,0.64160605
46,NE,Maha Sarakham,Borabu,2020,0.723843116
46,NE,Maha Sarakham,Borabu,2021,0.784371293
5,NE,Surin,Bua Chet,2014,0.049494062
5,NE,Surin,Bua Chet,2015,0.049624158
5,NE,Surin,Bua Chet,2016,0.055132144
5,NE,Surin,Bua Chet,2017,0.10427767
5,NE,Surin,Bua Chet,2018,0.114661153
5,NE,Surin,Bua Chet,2019,0.136195194
5,NE,Surin,Bua Chet,2020,0.149358555
5,NE,Surin,Bua Chet,2021,0.187358996
6,NE,Nakhon Ratchasima,Bua Yai,2014,0.297917169
6,NE,Nakhon Ratchasima,Bua Yai,2015,0.345808198
6,NE,Nakhon Ratchasima,Bua Yai,2016,0.344998589
6,NE,Nakhon Ratchasima,Bua Yai,2017,0.426910021
6,NE,Nakhon Ratchasima,Bua Yai,2018,0.471573182
6,NE,Nakhon Ratchasima,Bua Yai,2019,0.576991331
6,NE,Nakhon Ratchasima,Bua Yai,2020,0.677894964
6,NE,Nakhon Ratchasima,Bua Yai,2021,0.816200031
10,NO,Phetchabun,Buang Sam Phan,2014,0.243027683
10,NO,Phetchabun,Buang Sam Phan,2015,0.278778265
10,NO,Phetchabun,Buang Sam Phan,2016,0.342736152
10,NO,Phetchabun,Buang Sam Phan,2017,0.540917506
10,NO,Phetchabun,Buang Sam Phan,2018,0.523091897
10,NO,Phetchabun,Buang Sam Phan,2019,0.581991751
10,NO,Phetchabun,Buang Sam Phan,2020,0.601743806
10,NO,Phetchabun,Buang Sam Phan,2021,0.760394229
12,NE,Si Sa Ket,Bung Bun,2014,0.157618986
12,NE,Si Sa Ket,Bung Bun,2015,0.18824924
12,NE,Si Sa Ket,Bung Bun,2016,0.194039348
12,NE,Si Sa Ket,Bung Bun,2017,0.308818174
12,NE,Si Sa Ket,Bung Bun,2018,0.37572298
12,NE,Si Sa Ket,Bung Bun,2019,0.396167278
12,NE,Si Sa Ket,Bung Bun,2020,0.474035776
12,NE,Si Sa Ket,Bung Bun,2021,0.481498691
39,NE,Bueng Kan,Bung Kan,2014,0.262450862
39,NE,Bueng Kan,Bung Kan,2015,0.319967993
39,NE,Bueng Kan,Bung Kan,2016,0.318416926
39,NE,Bueng Kan,Bung Kan,2017,0.468426019
39,NE,Bueng Kan,Bung Kan,2018,0.519491766
39,NE,Bueng Kan,Bung Kan,2019,0.523891628
39,NE,Bueng Kan,Bung Kan,2020,0.560540086
39,NE,Bueng Kan,Bung Kan,2021,0.667874787
39,NE,Bueng Kan,Bung Khong Long,2014,0.155480672
39,NE,Bueng Kan,Bung Khong Long,2015,0.181860973
39,NE,Bueng Kan,Bung Khong Long,2016,0.194884505
39,NE,Bueng Kan,Bung Khong Long,2017,0.33082176
39,NE,Bueng Kan,Bung Khong Long,2018,0.342131648
39,NE,Bueng Kan,Bung Khong Long,2019,0.347521232
39,NE,Bueng Kan,Bung Khong Long,2020,0.414914713
39,NE,Bueng Kan,Bung Khong Long,2021,0.4842645
14,BKK&VIC,Bangkok,Bung Kum,2014,24.7628278
14,BKK&VIC,Bangkok,Bung Kum,2015,25.37649276
14,BKK&VIC,Bangkok,Bung Kum,2016,26.65146183
14,BKK&VIC,Bangkok,Bung Kum,2017,26.64745052
14,BKK&VIC,Bangkok,Bung Kum,2018,27.95783874
14,BKK&VIC,Bangkok,Bung Kum,2019,29.94016053
14,BKK&VIC,Bangkok,Bung Kum,2020,29.57407161
14,BKK&VIC,Bangkok,Bung Kum,2021,30.70672582
41,NE,Ubon Ratchathani,Buntharik,2014,0.054240054
41,NE,Ubon Ratchathani,Buntharik,2015,0.064957966
41,NE,Ubon Ratchathani,Buntharik,2016,0.053678449
41,NE,Ubon Ratchathani,Buntharik,2017,0.083322714
41,NE,Ubon Ratchathani,Buntharik,2018,0.081119023
41,NE,Ubon Ratchathani,Buntharik,2019,0.083786394
41,NE,Ubon Ratchathani,Buntharik,2020,0.102260758
41,NE,Ubon Ratchathani,Buntharik,2021,0.110646305
8,WE,Phetchaburi,Cha-Am,2014,1.94294665
8,WE,Phetchaburi,Cha-Am,2015,2.230721398
8,WE,Phetchaburi,Cha-Am,2016,2.334877162
8,WE,Phetchaburi,Cha-Am,2017,2.503149138
8,WE,Phetchaburi,Cha-Am,2018,2.690189205
8,WE,Phetchaburi,Cha-Am,2019,2.741523528
8,WE,Phetchaburi,Cha-Am,2020,2.764785593
8,WE,Phetchaburi,Cha-Am,2021,2.877749011
37,NO,Lampang,Chae Hom,2014,0.104904343
37,NO,Lampang,Chae Hom,2015,0.118332599
37,NO,Lampang,Chae Hom,2016,0.111422915
37,NO,Lampang,Chae Hom,2017,0.163259965
37,NO,Lampang,Chae Hom,2018,0.169738737
37,NO,Lampang,Chae Hom,2019,0.184222287
37,NO,Lampang,Chae Hom,2020,0.194497643
37,NO,Lampang,Chae Hom,2021,0.194241859
62,CE,Lop Buri,Chai Badan,2014,0.321559111
62,CE,Lop Buri,Chai Badan,2015,0.372057939
62,CE,Lop Buri,Chai Badan,2016,0.422197196
62,CE,Lop Buri,Chai Badan,2017,0.539980702
62,CE,Lop Buri,Chai Badan,2018,0.554450945
62,CE,Lop Buri,Chai Badan,2019,0.558562119
62,CE,Lop Buri,Chai Badan,2020,0.583366087
62,CE,Lop Buri,Chai Badan,2021,0.665846601
65,NO,Chiang Mai,Chai Prakarn,2014,0.178794796
65,NO,Chiang Mai,Chai Prakarn,2015,0.19133463
65,NO,Chiang Mai,Chai Prakarn,2016,0.185033002
65,NO,Chiang Mai,Chai Prakarn,2017,0.236176657
65,NO,Chiang Mai,Chai Prakarn,2018,0.239201455
65,NO,Chiang Mai,Chai Prakarn,2019,0.261922244
65,NO,Chiang Mai,Chai Prakarn,2020,0.268145903
65,NO,Chiang Mai,Chai Prakarn,2021,0.29631241
23,NE,Udon Thani,Chai Wan,2014,0.070074014
23,NE,Udon Thani,Chai Wan,2015,0.083444839
23,NE,Udon Thani,Chai Wan,2016,0.081149228
23,NE,Udon Thani,Chai Wan,2017,0.140488635
23,NE,Udon Thani,Chai Wan,2018,0.17602
23,NE,Udon Thani,Chai Wan,2019,0.157719027
23,NE,Udon Thani,Chai Wan,2020,0.201262379
23,NE,Udon Thani,Chai Wan,2021,0.216756392
11,SO,Surat Thani,Chaiburi,2014,0.053724481
11,SO,Surat Thani,Chaiburi,2015,0.065566754
11,SO,Surat Thani,Chaiburi,2016,0.087022947
11,SO,Surat Thani,Chaiburi,2017,0.128775392
11,SO,Surat Thani,Chaiburi,2018,0.119770484
11,SO,Surat Thani,Chaiburi,2019,0.12121849
11,SO,Surat Thani,Chaiburi,2020,0.136469901
11,SO,Surat Thani,Chaiburi,2021,0.14038224
11,SO,Surat Thani,Chaiya,2014,0.183480356
11,SO,Surat Thani,Chaiya,2015,0.168829883
11,SO,Surat Thani,Chaiya,2016,0.156248079
11,SO,Surat Thani,Chaiya,2017,0.200086214
11,SO,Surat Thani,Chaiya,2018,0.215565539
11,SO,Surat Thani,Chaiya,2019,0.222233546
11,SO,Surat Thani,Chaiya,2020,0.238066926
11,SO,Surat Thani,Chaiya,2021,0.237791631
45,CE,Ang Thong,Chaiyo,2014,1.591687102
45,CE,Ang Thong,Chaiyo,2015,1.93013985
45,CE,Ang Thong,Chaiyo,2016,2.37562824
45,CE,Ang Thong,Chaiyo,2017,2.822648448
45,CE,Ang Thong,Chaiyo,2018,2.995601844
45,CE,Ang Thong,Chaiyo,2019,3.190940328
45,CE,Ang Thong,Chaiyo,2020,3.356796626
45,CE,Ang Thong,Chaiyo,2021,3.996606078
6,NE,Nakhon Ratchasima,Chakkarat,2014,0.122384106
6,NE,Nakhon Ratchasima,Chakkarat,2015,0.160183643
6,NE,Nakhon Ratchasima,Chakkarat,2016,0.181074019
6,NE,Nakhon Ratchasima,Chakkarat,2017,0.246248937
6,NE,Nakhon Ratchasima,Chakkarat,2018,0.256080432
6,NE,Nakhon Ratchasima,Chakkarat,2019,0.30171279
6,NE,Nakhon Ratchasima,Chakkarat,2020,0.337249646
6,NE,Nakhon Ratchasima,Chakkarat,2021,0.414917459
17,CE,Saraburi,Chalermphrakiet,2014,2.842953636
17,CE,Saraburi,Chalermphrakiet,2015,2.928993724
17,CE,Saraburi,Chalermphrakiet,2016,3.026910196
17,CE,Saraburi,Chalermphrakiet,2017,3.290807148
17,CE,Saraburi,Chalermphrakiet,2018,3.109776057
17,CE,Saraburi,Chalermphrakiet,2019,3.445255816
17,CE,Saraburi,Chalermphrakiet,2020,3.64624485
17,CE,Saraburi,Chalermphrakiet,2021,3.979326392
35,NE,Buri Ram,Chalermphrakiet,2014,0.158310994
35,NE,Buri Ram,Chalermphrakiet,2015,0.209536661
35,NE,Buri Ram,Chalermphrakiet,2016,0.348687797
35,NE,Buri Ram,Chalermphrakiet,2017,0.450783177
35,NE,Buri Ram,Chalermphrakiet,2018,0.526727457
35,NE,Buri Ram,Chalermphrakiet,2019,0.532960554
35,NE,Buri Ram,Chalermphrakiet,2020,0.58575352
35,NE,Buri Ram,Chalermphrakiet,2021,0.632560714
6,NE,Nakhon Ratchasima,Chalermphrakiet,2014,0.374772356
6,NE,Nakhon Ratchasima,Chalermphrakiet,2015,0.457327975
6,NE,Nakhon Ratchasima,Chalermphrakiet,2016,0.556437311
6,NE,Nakhon Ratchasima,Chalermphrakiet,2017,0.747866417
6,NE,Nakhon Ratchasima,Chalermphrakiet,2018,0.805688467
6,NE,Nakhon Ratchasima,Chalermphrakiet,2019,0.808541543
6,NE,Nakhon Ratchasima,Chalermphrakiet,2020,0.898786054
6,NE,Nakhon Ratchasima,Chalermphrakiet,2021,1.028306887
70,NO,Nan,Chalermphrakiet,2014,0.00802753
70,NO,Nan,Chalermphrakiet,2015,0.010372141
70,NO,Nan,Chalermphrakiet,2016,0.007965938
70,NO,Nan,Chalermphrakiet,2017,0.016296286
70,NO,Nan,Chalermphrakiet,2018,0.013926997
70,NO,Nan,Chalermphrakiet,2019,0.033405704
70,NO,Nan,Chalermphrakiet,2020,0.040831165
70,NO,Nan,Chalermphrakiet,2021,0.035867524
59,SO,Nakhon Si Thammarat,Chalermphrakiet,2014,0.303221072
59,SO,Nakhon Si Thammarat,Chalermphrakiet,2015,0.324698182
59,SO,Nakhon Si Thammarat,Chalermphrakiet,2016,0.325396715
59,SO,Nakhon Si Thammarat,Chalermphrakiet,2017,0.367122515
59,SO,Nakhon Si Thammarat,Chalermphrakiet,2018,0.356562463
59,SO,Nakhon Si Thammarat,Chalermphrakiet,2019,0.365046688
59,SO,Nakhon Si Thammarat,Chalermphrakiet,2020,0.403337589
59,SO,Nakhon Si Thammarat,Chalermphrakiet,2021,0.478693636
35,NE,Buri Ram,Cham Ni,2014,0.032958531
35,NE,Buri Ram,Cham Ni,2015,0.056636211
35,NE,Buri Ram,Cham Ni,2016,0.067185316
35,NE,Buri Ram,Cham Ni,2017,0.125252603
35,NE,Buri Ram,Cham Ni,2018,0.153198511
35,NE,Buri Ram,Cham Ni,2019,0.156112745
35,NE,Buri Ram,Cham Ni,2020,0.187602234
35,NE,Buri Ram,Cham Ni,2021,0.244652223
43,SO,Songkhla,Chana,2014,0.809800202
43,SO,Songkhla,Chana,2015,0.94784545
43,SO,Songkhla,Chana,2016,0.963111053
43,SO,Songkhla,Chana,2017,1.054389111
43,SO,Songkhla,Chana,2018,1.139296349
43,SO,Songkhla,Chana,2019,1.171016159
43,SO,Songkhla,Chana,2020,1.340088259
43,SO,Songkhla,Chana,2021,1.435088538
0,NE,Roi Et,Changhan,2014,0.347333531
0,NE,Roi Et,Changhan,2015,0.429424723
0,NE,Roi Et,Changhan,2016,0.430428773
0,NE,Roi Et,Changhan,2017,0.670285423
0,NE,Roi Et,Changhan,2018,0.66523413
0,NE,Roi Et,Changhan,2019,0.707404804
0,NE,Roi Et,Changhan,2020,0.983664949
0,NE,Roi Et,Changhan,2021,1.173052758
67,NE,Amnat Chareon,Chanuman,2014,0.073141845
67,NE,Amnat Chareon,Chanuman,2015,0.080200321
67,NE,Amnat Chareon,Chanuman,2016,0.070681616
67,NE,Amnat Chareon,Chanuman,2017,0.12432518
67,NE,Amnat Chareon,Chanuman,2018,0.15419651
67,NE,Amnat Chareon,Chanuman,2019,0.166245828
67,NE,Amnat Chareon,Chanuman,2020,0.192802845
67,NE,Amnat Chareon,Chanuman,2021,0.242346933
24,NE,Sakon Nakhon,Chareon Silp,2014,0.075843709
24,NE,Sakon Nakhon,Chareon Silp,2015,0.095967424
24,NE,Sakon Nakhon,Chareon Silp,2016,0.092035888
24,NE,Sakon Nakhon,Chareon Silp,2017,0.17237461
24,NE,Sakon Nakhon,Chareon Silp,2018,0.180097121
24,NE,Sakon Nakhon,Chareon Silp,2019,0.177136154
24,NE,Sakon Nakhon,Chareon Silp,2020,0.218025704
24,NE,Sakon Nakhon,Chareon Silp,2021,0.345804054
21,NO,Phitsanulok,Chat Trakan,2014,0.021747044
21,NO,Phitsanulok,Chat Trakan,2015,0.02936405
21,NO,Phitsanulok,Chat Trakan,2016,0.027421647
21,NO,Phitsanulok,Chat Trakan,2017,0.0490251
21,NO,Phitsanulok,Chat Trakan,2018,0.054730789
21,NO,Phitsanulok,Chat Trakan,2019,0.066959664
21,NO,Phitsanulok,Chat Trakan,2020,0.066162794
21,NO,Phitsanulok,Chat Trakan,2021,0.081391238
9,NE,Chaiyaphum,Chatturat,2014,0.364508741
9,NE,Chaiyaphum,Chatturat,2015,0.411819143
9,NE,Chaiyaphum,Chatturat,2016,0.414382399
9,NE,Chaiyaphum,Chatturat,2017,0.474150135
9,NE,Chaiyaphum,Chatturat,2018,0.508145008
9,NE,Chaiyaphum,Chatturat,2019,0.523617831
9,NE,Chaiyaphum,Chatturat,2020,0.560262133
9,NE,Chaiyaphum,Chatturat,2021,0.616788289
14,BKK&VIC,Bangkok,Chatuchak,2014,33.65382402
14,BKK&VIC,Bangkok,Chatuchak,2015,34.06887172
14,BKK&VIC,Bangkok,Chatuchak,2016,35.6351914
14,BKK&VIC,Bangkok,Chatuchak,2017,37.42491857
14,BKK&VIC,Bangkok,Chatuchak,2018,38.2831162
14,BKK&VIC,Bangkok,Chatuchak,2019,37.68521376
14,BKK&VIC,Bangkok,Chatuchak,2020,37.57028976
14,BKK&VIC,Bangkok,Chatuchak,2021,40.58399707
0,NE,Roi Et,Chaturaphak Phim,2014,0.129018983
0,NE,Roi Et,Chaturaphak Phim,2015,0.160694284
0,NE,Roi Et,Chaturaphak Phim,2016,0.15388059
0,NE,Roi Et,Chaturaphak Phim,2017,0.312288087
0,NE,Roi Et,Chaturaphak Phim,2018,0.361607024
0,NE,Roi Et,Chaturaphak Phim,2019,0.371004816
0,NE,Roi Et,Chaturaphak Phim,2020,0.417135959
0,NE,Roi Et,Chaturaphak Phim,2021,0.476564337
59,SO,Nakhon Si Thammarat,Cha-uat,2014,0.12215364
59,SO,Nakhon Si Thammarat,Cha-uat,2015,0.128251372
59,SO,Nakhon Si Thammarat,Cha-uat,2016,0.141931001
59,SO,Nakhon Si Thammarat,Cha-uat,2017,0.156879336
59,SO,Nakhon Si Thammarat,Cha-uat,2018,0.171785876
59,SO,Nakhon Si Thammarat,Cha-uat,2019,0.186924799
59,SO,Nakhon Si Thammarat,Cha-uat,2020,0.184715535
59,SO,Nakhon Si Thammarat,Cha-uat,2021,0.237530835
59,SO,Nakhon Si Thammarat,Chawang,2014,0.20650021
59,SO,Nakhon Si Thammarat,Chawang,2015,0.204479889
59,SO,Nakhon Si Thammarat,Chawang,2016,0.235303455
59,SO,Nakhon Si Thammarat,Chawang,2017,0.298327645
59,SO,Nakhon Si Thammarat,Chawang,2018,0.298370293
59,SO,Nakhon Si Thammarat,Chawang,2019,0.316821801
59,SO,Nakhon Si Thammarat,Chawang,2020,0.353760721
59,SO,Nakhon Si Thammarat,Chawang,2021,0.42225361
59,SO,Nakhon Si Thammarat,Chian Yai,2014,0.217841358
59,SO,Nakhon Si Thammarat,Chian Yai,2015,0.233982699
59,SO,Nakhon Si Thammarat,Chian Yai,2016,0.260237392
59,SO,Nakhon Si Thammarat,Chian Yai,2017,0.363874231
59,SO,Nakhon Si Thammarat,Chian Yai,2018,0.342522119
59,SO,Nakhon Si Thammarat,Chian Yai,2019,0.336480202
59,SO,Nakhon Si Thammarat,Chian Yai,2020,0.3600521
59,SO,Nakhon Si Thammarat,Chian Yai,2021,0.470078892
65,NO,Chiang Mai,Chiang Dao,2014,0.056059047
65,NO,Chiang Mai,Chiang Dao,2015,0.069126456
65,NO,Chiang Mai,Chiang Dao,2016,0.058488908
65,NO,Chiang Mai,Chiang Dao,2017,0.08318536
65,NO,Chiang Mai,Chiang Dao,2018,0.091395689
65,NO,Chiang Mai,Chiang Dao,2019,0.102455969
65,NO,Chiang Mai,Chiang Dao,2020,0.106423802
65,NO,Chiang Mai,Chiang Dao,2021,0.109929443
1,NO,Phayao,Chiang Kham,2014,0.153484577
1,NO,Phayao,Chiang Kham,2015,0.173648856
1,NO,Phayao,Chiang Kham,2016,0.161273321
1,NO,Phayao,Chiang Kham,2017,0.234044991
1,NO,Phayao,Chiang Kham,2018,0.255341633
1,NO,Phayao,Chiang Kham,2019,0.341844909
1,NO,Phayao,Chiang Kham,2020,0.399921777
1,NO,Phayao,Chiang Kham,2021,0.407859789
16,NE,Loei,Chiang Khan,2014,0.109908651
16,NE,Loei,Chiang Khan,2015,0.13875096
16,NE,Loei,Chiang Khan,2016,0.139571351
16,NE,Loei,Chiang Khan,2017,0.211120246
16,NE,Loei,Chiang Khan,2018,0.250320984
16,NE,Loei,Chiang Khan,2019,0.26264408
16,NE,Loei,Chiang Khan,2020,0.291966744
16,NE,Loei,Chiang Khan,2021,0.374868776
25,NO,Chiang Rai,Chiang Khong,2014,0.363557283
25,NO,Chiang Rai,Chiang Khong,2015,0.397769964
25,NO,Chiang Rai,Chiang Khong,2016,0.377697209
25,NO,Chiang Rai,Chiang Khong,2017,0.416896114
25,NO,Chiang Rai,Chiang Khong,2018,0.447339667
25,NO,Chiang Rai,Chiang Khong,2019,0.445896707
25,NO,Chiang Rai,Chiang Khong,2020,0.488289358
25,NO,Chiang Rai,Chiang Khong,2021,0.54415175
70,NO,Nan,Chiang Klang,2014,0.181379411
70,NO,Nan,Chiang Klang,2015,0.203676441
70,NO,Nan,Chiang Klang,2016,0.181914652
70,NO,Nan,Chiang Klang,2017,0.227298906
70,NO,Nan,Chiang Klang,2018,0.240811222
70,NO,Nan,Chiang Klang,2019,0.2780441
70,NO,Nan,Chiang Klang,2020,0.332949715
70,NO,Nan,Chiang Klang,2021,0.343282095
1,NO,Phayao,Chiang Muan,2014,0.052975399
1,NO,Phayao,Chiang Muan,2015,0.062069725
1,NO,Phayao,Chiang Muan,2016,0.051783788
1,NO,Phayao,Chiang Muan,2017,0.079043653
1,NO,Phayao,Chiang Muan,2018,0.085609796
1,NO,Phayao,Chiang Muan,2019,0.080525481
1,NO,Phayao,Chiang Muan,2020,0.094540127
1,NO,Phayao,Chiang Muan,2021,0.113338838
25,NO,Chiang Rai,Chiang Saen,2014,0.490342519
25,NO,Chiang Rai,Chiang Saen,2015,0.616249726
25,NO,Chiang Rai,Chiang Saen,2016,0.546672089
25,NO,Chiang Rai,Chiang Saen,2017,0.696937381
25,NO,Chiang Rai,Chiang Saen,2018,0.675154714
25,NO,Chiang Rai,Chiang Saen,2019,0.773365672
25,NO,Chiang Rai,Chiang Saen,2020,0.774538535
25,NO,Chiang Rai,Chiang Saen,2021,0.976102482
46,NE,Maha Sarakham,Chiang Yun,2014,0.367787567
46,NE,Maha Sarakham,Chiang Yun,2015,0.449520987
46,NE,Maha Sarakham,Chiang Yun,2016,0.485875772
46,NE,Maha Sarakham,Chiang Yun,2017,0.640930914
46,NE,Maha Sarakham,Chiang Yun,2018,0.730721034
46,NE,Maha Sarakham,Chiang Yun,2019,0.74935025
46,NE,Maha Sarakham,Chiang Yun,2020,0.780617631
46,NE,Maha Sarakham,Chiang Yun,2021,0.85242514
40,SO,Narathiwat,Cho-I-rong,2014,0.466290648
40,SO,Narathiwat,Cho-I-rong,2015,0.490858532
40,SO,Narathiwat,Cho-I-rong,2016,0.491631173
40,SO,Narathiwat,Cho-I-rong,2017,0.574357677
40,SO,Narathiwat,Cho-I-rong,2018,0.638824378
40,SO,Narathiwat,Cho-I-rong,2019,0.605150948
40,SO,Narathiwat,Cho-I-rong,2020,0.720379894
40,SO,Narathiwat,Cho-I-rong,2021,0.788267665
6,NE,Nakhon Ratchasima,Chok Chai,2014,0.721316149
6,NE,Nakhon Ratchasima,Chok Chai,2015,0.809755308
6,NE,Nakhon Ratchasima,Chok Chai,2016,0.852094949
6,NE,Nakhon Ratchasima,Chok Chai,2017,1.033796151
6,NE,Nakhon Ratchasima,Chok Chai,2018,1.046372899
6,NE,Nakhon Ratchasima,Chok Chai,2019,1.113234961
6,NE,Nakhon Ratchasima,Chok Chai,2020,1.176530519
6,NE,Nakhon Ratchasima,Chok Chai,2021,1.251065674
30,WE,Ratchaburi,Chom Bung,2014,0.239829115
30,WE,Ratchaburi,Chom Bung,2015,0.27850996
30,WE,Ratchaburi,Chom Bung,2016,0.275682046
30,WE,Ratchaburi,Chom Bung,2017,0.363679739
30,WE,Ratchaburi,Chom Bung,2018,0.394089737
30,WE,Ratchaburi,Chom Bung,2019,0.447085033
30,WE,Ratchaburi,Chom Bung,2020,0.492740686
30,WE,Ratchaburi,Chom Bung,2021,0.629608003
5,NE,Surin,Chom Phra,2014,0.134490175
5,NE,Surin,Chom Phra,2015,0.177325439
5,NE,Surin,Chom Phra,2016,0.187180482
5,NE,Surin,Chom Phra,2017,0.301604391
5,NE,Surin,Chom Phra,2018,0.309096637
5,NE,Surin,Chom Phra,2019,0.31956643
5,NE,Surin,Chom Phra,2020,0.345305675
5,NE,Surin,Chom Phra,2021,0.5508208
14,BKK&VIC,Bangkok,Chom Thong,2014,20.14086802
14,BKK&VIC,Bangkok,Chom Thong,2015,21.3888786
14,BKK&VIC,Bangkok,Chom Thong,2016,22.71710872
14,BKK&VIC,Bangkok,Chom Thong,2017,21.98092547
14,BKK&VIC,Bangkok,Chom Thong,2018,23.04915939
14,BKK&VIC,Bangkok,Chom Thong,2019,24.05538208
14,BKK&VIC,Bangkok,Chom Thong,2020,24.25960655
14,BKK&VIC,Bangkok,Chom Thong,2021,25.01959021
65,NO,Chiang Mai,Chom Thong,2014,0.38210553
65,NO,Chiang Mai,Chom Thong,2015,0.396476173
65,NO,Chiang Mai,Chom Thong,2016,0.397941947
65,NO,Chiang Mai,Chom Thong,2017,0.430345499
65,NO,Chiang Mai,Chom Thong,2018,0.454335779
65,NO,Chiang Mai,Chom Thong,2019,0.410122701
65,NO,Chiang Mai,Chom Thong,2020,0.425776129
65,NO,Chiang Mai,Chom Thong,2021,0.424866578
10,NO,Phetchabun,Chon Daen,2014,0.101087453
10,NO,Phetchabun,Chon Daen,2015,0.123233835
10,NO,Phetchabun,Chon Daen,2016,0.117225988
10,NO,Phetchabun,Chon Daen,2017,0.143879618
10,NO,Phetchabun,Chon Daen,2018,0.15116139
10,NO,Phetchabun,Chon Daen,2019,0.159331817
10,NO,Phetchabun,Chon Daen,2020,0.160068313
10,NO,Phetchabun,Chon Daen,2021,0.201073882
15,NE,Khon Kaen,Chonnabot,2014,0.199286038
15,NE,Khon Kaen,Chonnabot,2015,0.23542718
15,NE,Khon Kaen,Chonnabot,2016,0.230471577
15,NE,Khon Kaen,Chonnabot,2017,0.309426611
15,NE,Khon Kaen,Chonnabot,2018,0.353609069
15,NE,Khon Kaen,Chonnabot,2019,0.327467894
15,NE,Khon Kaen,Chonnabot,2020,0.389218136
15,NE,Khon Kaen,Chonnabot,2021,0.521990408
59,SO,Nakhon Si Thammarat,Chulaphon,2014,0.196905013
59,SO,Nakhon Si Thammarat,Chulaphon,2015,0.19981238
59,SO,Nakhon Si Thammarat,Chulaphon,2016,0.203271422
59,SO,Nakhon Si Thammarat,Chulaphon,2017,0.254219401
59,SO,Nakhon Si Thammarat,Chulaphon,2018,0.26615425
59,SO,Nakhon Si Thammarat,Chulaphon,2019,0.302049168
59,SO,Nakhon Si Thammarat,Chulaphon,2020,0.278679979
59,SO,Nakhon Si Thammarat,Chulaphon,2021,0.357029094
15,NE,Khon Kaen,Chum Phae,2014,0.755307115
15,NE,Khon Kaen,Chum Phae,2015,0.834182088
15,NE,Khon Kaen,Chum Phae,2016,0.841041001
15,NE,Khon Kaen,Chum Phae,2017,0.981454893
15,NE,Khon Kaen,Chum Phae,2018,1.066610627
15,NE,Khon Kaen,Chum Phae,2019,1.086511122
15,NE,Khon Kaen,Chum Phae,2020,1.081254313
15,NE,Khon Kaen,Chum Phae,2021,1.234938554
6,NE,Nakhon Ratchasima,Chum Phuang,2014,0.120830592
6,NE,Nakhon Ratchasima,Chum Phuang,2015,0.156815833
6,NE,Nakhon Ratchasima,Chum Phuang,2016,0.142974654
6,NE,Nakhon Ratchasima,Chum Phuang,2017,0.24046935
6,NE,Nakhon Ratchasima,Chum Phuang,2018,0.242937065
6,NE,Nakhon Ratchasima,Chum Phuang,2019,0.270624052
6,NE,Nakhon Ratchasima,Chum Phuang,2020,0.291237255
6,NE,Nakhon Ratchasima,Chum Phuang,2021,0.361118248
5,NE,Surin,Chumphon Buri,2014,0.139058172
5,NE,Surin,Chumphon Buri,2015,0.184021303
5,NE,Surin,Chumphon Buri,2016,0.186819364
5,NE,Surin,Chumphon Buri,2017,0.260085743
5,NE,Surin,Chumphon Buri,2018,0.297867848
5,NE,Surin,Chumphon Buri,2019,0.297272362
5,NE,Surin,Chumphon Buri,2020,0.326014245
5,NE,Surin,Chumphon Buri,2021,0.364027521
2,NO,Nakhon Sawan,Chumsaeng,2014,0.202557002
2,NO,Nakhon Sawan,Chumsaeng,2015,0.268741174
2,NO,Nakhon Sawan,Chumsaeng,2016,0.276934037
2,NO,Nakhon Sawan,Chumsaeng,2017,0.384563692
2,NO,Nakhon Sawan,Chumsaeng,2018,0.422431785
2,NO,Nakhon Sawan,Chumsaeng,2019,0.453315718
2,NO,Nakhon Sawan,Chumsaeng,2020,0.515520757
2,NO,Nakhon Sawan,Chumsaeng,2021,0.630476385
1,NO,Phayao,Chun,2014,0.105574152
1,NO,Phayao,Chun,2015,0.145893306
1,NO,Phayao,Chun,2016,0.122042382
1,NO,Phayao,Chun,2017,0.211150025
1,NO,Phayao,Chun,2018,0.198748383
1,NO,Phayao,Chun,2019,0.268411754
1,NO,Phayao,Chun,2020,0.2926531
1,NO,Phayao,Chun,2021,0.301061623
30,WE,Ratchaburi,Damnoen Saduak,2014,2.587378376
30,WE,Ratchaburi,Damnoen Saduak,2015,2.866270798
30,WE,Ratchaburi,Damnoen Saduak,2016,2.784890964
30,WE,Ratchaburi,Damnoen Saduak,2017,2.940459369
30,WE,Ratchaburi,Damnoen Saduak,2018,3.065987156
30,WE,Ratchaburi,Damnoen Saduak,2019,3.148126432
30,WE,Ratchaburi,Damnoen Saduak,2020,3.311356281
30,WE,Ratchaburi,Damnoen Saduak,2021,3.805764982
48,WE,Suphan Buri,Dan Chang,2014,0.155373567
48,WE,Suphan Buri,Dan Chang,2015,0.174324897
48,WE,Suphan Buri,Dan Chang,2016,0.198650614
48,WE,Suphan Buri,Dan Chang,2017,0.288097678
48,WE,Suphan Buri,Dan Chang,2018,0.27842941
48,WE,Suphan Buri,Dan Chang,2019,0.287621343
48,WE,Suphan Buri,Dan Chang,2020,0.299661454
48,WE,Suphan Buri,Dan Chang,2021,0.390588614
6,NE,Nakhon Ratchasima,Dan Khun Thot,2014,0.151895581
6,NE,Nakhon Ratchasima,Dan Khun Thot,2015,0.180131859
6,NE,Nakhon Ratchasima,Dan Khun Thot,2016,0.180257205
6,NE,Nakhon Ratchasima,Dan Khun Thot,2017,0.304197886
6,NE,Nakhon Ratchasima,Dan Khun Thot,2018,0.319323364
6,NE,Nakhon Ratchasima,Dan Khun Thot,2019,0.319614433
6,NE,Nakhon Ratchasima,Dan Khun Thot,2020,0.318533246
6,NE,Nakhon Ratchasima,Dan Khun Thot,2021,0.377807879
73,WE,Kanchanaburi,Dan Makham Tia,2014,0.131557419
73,WE,Kanchanaburi,Dan Makham Tia,2015,0.173421502
73,WE,Kanchanaburi,Dan Makham Tia,2016,0.188408681
73,WE,Kanchanaburi,Dan Makham Tia,2017,0.26508543
73,WE,Kanchanaburi,Dan Makham Tia,2018,0.262296765
73,WE,Kanchanaburi,Dan Makham Tia,2019,0.246625714
73,WE,Kanchanaburi,Dan Makham Tia,2020,0.301955928
73,WE,Kanchanaburi,Dan Makham Tia,2021,0.382767247
16,NE,Loei,Dan Sai,2014,0.081701137
16,NE,Loei,Dan Sai,2015,0.084863353
16,NE,Loei,Dan Sai,2016,0.08787483
16,NE,Loei,Dan Sai,2017,0.123735939
16,NE,Loei,Dan Sai,2018,0.147336997
16,NE,Loei,Dan Sai,2019,0.149082233
16,NE,Loei,Dan Sai,2020,0.154176018
16,NE,Loei,Dan Sai,2021,0.15360913
32,NO,Phrae,Den Chai,2014,0.324978637
32,NO,Phrae,Den Chai,2015,0.380818877
32,NO,Phrae,Den Chai,2016,0.391393139
32,NO,Phrae,Den Chai,2017,0.45713494
32,NO,Phrae,Den Chai,2018,0.456705322
32,NO,Phrae,Den Chai,2019,0.480166965
32,NO,Phrae,Den Chai,2020,0.560588755
32,NO,Phrae,Den Chai,2021,0.545750907
41,NE,Ubon Ratchathani,Det Udom,2014,0.174692025
41,NE,Ubon Ratchathani,Det Udom,2015,0.196886291
41,NE,Ubon Ratchathani,Det Udom,2016,0.176485309
41,NE,Ubon Ratchathani,Det Udom,2017,0.289299382
41,NE,Ubon Ratchathani,Det Udom,2018,0.282812107
41,NE,Ubon Ratchathani,Det Udom,2019,0.285990305
41,NE,Ubon Ratchathani,Det Udom,2020,0.330658454
41,NE,Ubon Ratchathani,Det Udom,2021,0.453355697
14,BKK&VIC,Bangkok,Din Dang,2014,32.79436164
14,BKK&VIC,Bangkok,Din Dang,2015,35.25300967
14,BKK&VIC,Bangkok,Din Dang,2016,38.65268661
14,BKK&VIC,Bangkok,Din Dang,2017,38.36716728
14,BKK&VIC,Bangkok,Din Dang,2018,39.74017988
14,BKK&VIC,Bangkok,Din Dang,2019,42.73219582
14,BKK&VIC,Bangkok,Din Dang,2020,43.33913776
14,BKK&VIC,Bangkok,Din Dang,2021,47.31249827
48,WE,Suphan Buri,Doembang Nangbua,2014,0.533240924
48,WE,Suphan Buri,Doembang Nangbua,2015,0.609567989
48,WE,Suphan Buri,Doembang Nangbua,2016,0.577445866
48,WE,Suphan Buri,Doembang Nangbua,2017,0.721202826
48,WE,Suphan Buri,Doembang Nangbua,2018,0.709360963
48,WE,Suphan Buri,Doembang Nangbua,2019,0.774092276
48,WE,Suphan Buri,Doembang Nangbua,2020,0.830315037
48,WE,Suphan Buri,Doembang Nangbua,2021,1.028316129
65,NO,Chiang Mai,Doi Saket,2014,0.570245069
65,NO,Chiang Mai,Doi Saket,2015,0.649521435
65,NO,Chiang Mai,Doi Saket,2016,0.630253236
65,NO,Chiang Mai,Doi Saket,2017,0.767585213
65,NO,Chiang Mai,Doi Saket,2018,0.814389592
65,NO,Chiang Mai,Doi Saket,2019,0.864552138
65,NO,Chiang Mai,Doi Saket,2020,0.957044131
65,NO,Chiang Mai,Doi Saket,2021,1.044346779
65,NO,Chiang Mai,Doi Tao,2014,0.056551984
65,NO,Chiang Mai,Doi Tao,2015,0.064653487
65,NO,Chiang Mai,Doi Tao,2016,0.049159743
65,NO,Chiang Mai,Doi Tao,2017,0.078005068
65,NO,Chiang Mai,Doi Tao,2018,0.079271511
65,NO,Chiang Mai,Doi Tao,2019,0.079054925
65,NO,Chiang Mai,Doi Tao,2020,0.089224683
65,NO,Chiang Mai,Doi Tao,2021,0.087295451
1,NO,Phayao,Dok Kham Tai,2014,0.162671903
1,NO,Phayao,Dok Kham Tai,2015,0.191713315
1,NO,Phayao,Dok Kham Tai,2016,0.173331886
1,NO,Phayao,Dok Kham Tai,2017,0.270068724
1,NO,Phayao,Dok Kham Tai,2018,0.27711556
1,NO,Phayao,Dok Kham Tai,2019,0.323225458
1,NO,Phayao,Dok Kham Tai,2020,0.393373725
1,NO,Phayao,Dok Kham Tai,2021,0.456707534
48,WE,Suphan Buri,Don Chedi,2014,0.519425152
48,WE,Suphan Buri,Don Chedi,2015,0.607224049
48,WE,Suphan Buri,Don Chedi,2016,0.660289339
48,WE,Suphan Buri,Don Chedi,2017,0.774129393
48,WE,Suphan Buri,Don Chedi,2018,0.756802023
48,WE,Suphan Buri,Don Chedi,2019,0.851815423
48,WE,Suphan Buri,Don Chedi,2020,0.943438893
48,WE,Suphan Buri,Don Chedi,2021,1.157960011
14,BKK&VIC,Bangkok,Don Muang,2014,31.63378696
14,BKK&VIC,Bangkok,Don Muang,2015,31.54346698
14,BKK&VIC,Bangkok,Don Muang,2016,32.74672804
14,BKK&VIC,Bangkok,Don Muang,2017,33.86149483
14,BKK&VIC,Bangkok,Don Muang,2018,34.65122194
14,BKK&VIC,Bangkok,Don Muang,2019,34.79740288
14,BKK&VIC,Bangkok,Don Muang,2020,33.80833897
14,BKK&VIC,Bangkok,Don Muang,2021,35.54504072
17,CE,Saraburi,Don Phut,2014,0.365639259
17,CE,Saraburi,Don Phut,2015,0.350274506
17,CE,Saraburi,Don Phut,2016,0.441337414
17,CE,Saraburi,Don Phut,2017,0.592269794
17,CE,Saraburi,Don Phut,2018,0.529714921
17,CE,Saraburi,Don Phut,2019,0.624234695
17,CE,Saraburi,Don Phut,2020,0.680473222
17,CE,Saraburi,Don Phut,2021,0.709533619
11,SO,Surat Thani,Don Sak,2014,0.327947652
11,SO,Surat Thani,Don Sak,2015,0.326310968
11,SO,Surat Thani,Don Sak,2016,0.336571307
11,SO,Surat Thani,Don Sak,2017,0.438506422
11,SO,Surat Thani,Don Sak,2018,0.492817957
11,SO,Surat Thani,Don Sak,2019,0.511773306
11,SO,Surat Thani,Don Sak,2020,0.578590738
11,SO,Surat Thani,Don Sak,2021,0.577269188
61,NE,Mukdahan,Don Tan,2014,0.080891443
61,NE,Mukdahan,Don Tan,2015,0.102009427
61,NE,Mukdahan,Don Tan,2016,0.083843115
61,NE,Mukdahan,Don Tan,2017,0.157108684
61,NE,Mukdahan,Don Tan,2018,0.16557678
61,NE,Mukdahan,Don Tan,2019,0.16973133
61,NE,Mukdahan,Don Tan,2020,0.23651892
61,NE,Mukdahan,Don Tan,2021,0.252627918
27,BKK&VIC,Nakhon Pathom,Don Tum,2014,2.170644461
27,BKK&VIC,Nakhon Pathom,Don Tum,2015,2.48250617
27,BKK&VIC,Nakhon Pathom,Don Tum,2016,2.570707222
27,BKK&VIC,Nakhon Pathom,Don Tum,2017,2.696837738
27,BKK&VIC,Nakhon Pathom,Don Tum,2018,3.001473736
27,BKK&VIC,Nakhon Pathom,Don Tum,2019,3.133895761
27,BKK&VIC,Nakhon Pathom,Don Tum,2020,3.161727186
27,BKK&VIC,Nakhon Pathom,Don Tum,2021,3.604752655
61,NE,Mukdahan,Dong Luang,2014,0.043737376
61,NE,Mukdahan,Dong Luang,2015,0.052419837
61,NE,Mukdahan,Dong Luang,2016,0.050778875
61,NE,Mukdahan,Dong Luang,2017,0.079314811
61,NE,Mukdahan,Dong Luang,2018,0.085353764
61,NE,Mukdahan,Dong Luang,2019,0.091238905
61,NE,Mukdahan,Dong Luang,2020,0.122338905
61,NE,Mukdahan,Dong Luang,2021,0.141168156
41,NE,Ubon Ratchathani,Donmotdaeng,2014,0.121374501
41,NE,Ubon Ratchathani,Donmotdaeng,2015,0.197360882
41,NE,Ubon Ratchathani,Donmotdaeng,2016,0.249470324
41,NE,Ubon Ratchathani,Donmotdaeng,2017,0.409988426
41,NE,Ubon Ratchathani,Donmotdaeng,2018,0.409102808
41,NE,Ubon Ratchathani,Donmotdaeng,2019,0.387285429
41,NE,Ubon Ratchathani,Donmotdaeng,2020,0.455005538
41,NE,Ubon Ratchathani,Donmotdaeng,2021,0.561577612
14,BKK&VIC,Bangkok,Dusit,2014,36.2446227
14,BKK&VIC,Bangkok,Dusit,2015,38.64227132
14,BKK&VIC,Bangkok,Dusit,2016,40.0210368
14,BKK&VIC,Bangkok,Dusit,2017,40.55427746
14,BKK&VIC,Bangkok,Dusit,2018,41.92684887
14,BKK&VIC,Bangkok,Dusit,2019,43.07134976
14,BKK&VIC,Bangkok,Dusit,2020,42.95773401
14,BKK&VIC,Bangkok,Dusit,2021,46.59018541
34,NO,Uttaradit,Fak Tha,2014,0.02245571
34,NO,Uttaradit,Fak Tha,2015,0.029175045
34,NO,Uttaradit,Fak Tha,2016,0.032183773
34,NO,Uttaradit,Fak Tha,2017,0.0541414
34,NO,Uttaradit,Fak Tha,2018,0.061112515
34,NO,Uttaradit,Fak Tha,2019,0.067595021
34,NO,Uttaradit,Fak Tha,2020,0.072500751
34,NO,Uttaradit,Fak Tha,2021,0.087381756
65,NO,Chiang Mai,Fang,2014,0.270690433
65,NO,Chiang Mai,Fang,2015,0.314178794
65,NO,Chiang Mai,Fang,2016,0.295595856
65,NO,Chiang Mai,Fang,2017,0.383166049
65,NO,Chiang Mai,Fang,2018,0.41774238
65,NO,Chiang Mai,Fang,2019,0.423300879
65,NO,Chiang Mai,Fang,2020,0.445521276
65,NO,Chiang Mai,Fang,2021,0.466032633
66,CE,Chai Nat,Han Kha,2014,0.314914146
66,CE,Chai Nat,Han Kha,2015,0.35874181
66,CE,Chai Nat,Han Kha,2016,0.387932853
66,CE,Chai Nat,Han Kha,2017,0.520201623
66,CE,Chai Nat,Han Kha,2018,0.510263235
66,CE,Chai Nat,Han Kha,2019,0.541109749
66,CE,Chai Nat,Han Kha,2020,0.569954794
66,CE,Chai Nat,Han Kha,2021,0.735009444
37,NO,Lampang,Hang Chat,2014,0.395707858
37,NO,Lampang,Hang Chat,2015,0.474200381
37,NO,Lampang,Hang Chat,2016,0.425686692
37,NO,Lampang,Hang Chat,2017,0.589917616
37,NO,Lampang,Hang Chat,2018,0.64626654
37,NO,Lampang,Hang Chat,2019,0.703615959
37,NO,Lampang,Hang Chat,2020,0.803135964
37,NO,Lampang,Hang Chat,2021,0.823505138
65,NO,Chiang Mai,Hang Dong,2014,1.62229845
65,NO,Chiang Mai,Hang Dong,2015,1.860165565
65,NO,Chiang Mai,Hang Dong,2016,1.841586945
65,NO,Chiang Mai,Hang Dong,2017,2.09376293
65,NO,Chiang Mai,Hang Dong,2018,2.309436319
65,NO,Chiang Mai,Hang Dong,2019,2.432270525
65,NO,Chiang Mai,Hang Dong,2020,2.50162232
65,NO,Chiang Mai,Hang Dong,2021,2.483345813
43,SO,Songkhla,Hat Yai,2014,3.40981056
43,SO,Songkhla,Hat Yai,2015,3.612219262
43,SO,Songkhla,Hat Yai,2016,3.561491813
43,SO,Songkhla,Hat Yai,2017,3.897346178
43,SO,Songkhla,Hat Yai,2018,4.125401623
43,SO,Songkhla,Hat Yai,2019,4.125052267
43,SO,Songkhla,Hat Yai,2020,4.202701888
43,SO,Songkhla,Hat Yai,2021,4.39809001
65,NO,Chiang Mai,Hot,2014,0.077256585
65,NO,Chiang Mai,Hot,2015,0.077184553
65,NO,Chiang Mai,Hot,2016,0.067044991
65,NO,Chiang Mai,Hot,2017,0.083313715
65,NO,Chiang Mai,Hot,2018,0.092361526
65,NO,Chiang Mai,Hot,2019,0.086954041
65,NO,Chiang Mai,Hot,2020,0.096433419
65,NO,Chiang Mai,Hot,2021,0.100910483
42,WE,Phachuap Khiri Khan,Hua Hin,2014,1.038538504
42,WE,Phachuap Khiri Khan,Hua Hin,2015,1.107119334
42,WE,Phachuap Khiri Khan,Hua Hin,2016,1.128952211
42,WE,Phachuap Khiri Khan,Hua Hin,2017,1.184458117
42,WE,Phachuap Khiri Khan,Hua Hin,2018,1.254205662
42,WE,Phachuap Khiri Khan,Hua Hin,2019,1.294054409
42,WE,Phachuap Khiri Khan,Hua Hin,2020,1.310218898
42,WE,Phachuap Khiri Khan,Hua Hin,2021,1.402664464
59,SO,Nakhon Si Thammarat,Hua Sai,2014,0.442906725
59,SO,Nakhon Si Thammarat,Hua Sai,2015,0.467591453
59,SO,Nakhon Si Thammarat,Hua Sai,2016,0.471347788
59,SO,Nakhon Si Thammarat,Hua Sai,2017,0.626294171
59,SO,Nakhon Si Thammarat,Hua Sai,2018,0.662144398
59,SO,Nakhon Si Thammarat,Hua Sai,2019,0.672728605
59,SO,Nakhon Si Thammarat,Hua Sai,2020,0.723842697
59,SO,Nakhon Si Thammarat,Hua Sai,2021,1.090623506
67,NE,Amnat Chareon,Hua Taphan,2014,0.181696673
67,NE,Amnat Chareon,Hua Taphan,2015,0.227499698
67,NE,Amnat Chareon,Hua Taphan,2016,0.213625635
67,NE,Amnat Chareon,Hua Taphan,2017,0.349591662
67,NE,Amnat Chareon,Hua Taphan,2018,0.33503127
67,NE,Amnat Chareon,Hua Taphan,2019,0.319955271
67,NE,Amnat Chareon,Hua Taphan,2020,0.429886733
67,NE,Amnat Chareon,Hua Taphan,2021,0.441796661
18,NO,Uthai Thani,Huai Khot,2014,0.110429919
18,NO,Uthai Thani,Huai Khot,2015,0.139199749
18,NO,Uthai Thani,Huai Khot,2016,0.117658005
18,NO,Uthai Thani,Huai Khot,2017,0.175994186
18,NO,Uthai Thani,Huai Khot,2018,0.167783094
18,NO,Uthai Thani,Huai Khot,2019,0.16512774
18,NO,Uthai Thani,Huai Khot,2020,0.200235592
18,NO,Uthai Thani,Huai Khot,2021,0.378524843
73,WE,Kanchanaburi,Huai Kra Chao,2014,0.285964168
73,WE,Kanchanaburi,Huai Kra Chao,2015,0.355773236
73,WE,Kanchanaburi,Huai Kra Chao,2016,0.315412979
73,WE,Kanchanaburi,Huai Kra Chao,2017,0.437051521
73,WE,Kanchanaburi,Huai Kra Chao,2018,0.410966167
73,WE,Kanchanaburi,Huai Kra Chao,2019,0.516744096
73,WE,Kanchanaburi,Huai Kra Chao,2020,0.53658013
73,WE,Kanchanaburi,Huai Kra Chao,2021,0.62043489
14,BKK&VIC,Bangkok,Huai Kwang,2014,38.94943379
14,BKK&VIC,Bangkok,Huai Kwang,2015,40.50592492
14,BKK&VIC,Bangkok,Huai Kwang,2016,41.45758849
14,BKK&VIC,Bangkok,Huai Kwang,2017,42.93636625
14,BKK&VIC,Bangkok,Huai Kwang,2018,46.03557317
14,BKK&VIC,Bangkok,Huai Kwang,2019,48.95871514
14,BKK&VIC,Bangkok,Huai Kwang,2020,45.78223081
14,BKK&VIC,Bangkok,Huai Kwang,2021,45.9909913
20,NE,Kalasin,Huai Mek,2014,0.311803711
20,NE,Kalasin,Huai Mek,2015,0.301660321
20,NE,Kalasin,Huai Mek,2016,0.305978966
20,NE,Kalasin,Huai Mek,2017,0.399275672
20,NE,Kalasin,Huai Mek,2018,0.507506219
20,NE,Kalasin,Huai Mek,2019,0.525417829
20,NE,Kalasin,Huai Mek,2020,0.541531026
20,NE,Kalasin,Huai Mek,2021,0.657471509
20,NE,Kalasin,Huai Phung,2014,0.208217386
20,NE,Kalasin,Huai Phung,2015,0.214308157
20,NE,Kalasin,Huai Phung,2016,0.216572449
20,NE,Kalasin,Huai Phung,2017,0.303397203
20,NE,Kalasin,Huai Phung,2018,0.268085376
20,NE,Kalasin,Huai Phung,2019,0.259421455
20,NE,Kalasin,Huai Phung,2020,0.278032852
20,NE,Kalasin,Huai Phung,2021,0.328490279
35,NE,Buri Ram,Huai Rat,2014,0.151732692
35,NE,Buri Ram,Huai Rat,2015,0.190628245
35,NE,Buri Ram,Huai Rat,2016,0.217016765
35,NE,Buri Ram,Huai Rat,2017,0.298462657
35,NE,Buri Ram,Huai Rat,2018,0.341108336
35,NE,Buri Ram,Huai Rat,2019,0.403145412
35,NE,Buri Ram,Huai Rat,2020,0.48051943
35,NE,Buri Ram,Huai Rat,2021,0.611010508
6,NE,Nakhon Ratchasima,Huai Thalang,2014,0.192141242
6,NE,Nakhon Ratchasima,Huai Thalang,2015,0.225580771
6,NE,Nakhon Ratchasima,Huai Thalang,2016,0.227822209
6,NE,Nakhon Ratchasima,Huai Thalang,2017,0.317198406
6,NE,Nakhon Ratchasima,Huai Thalang,2018,0.316018734
6,NE,Nakhon Ratchasima,Huai Thalang,2019,0.369871757
6,NE,Nakhon Ratchasima,Huai Thalang,2020,0.468949556
6,NE,Nakhon Ratchasima,Huai Thalang,2021,0.673903865
12,NE,Si Sa Ket,Huai Thap Than,2014,0.155093358
12,NE,Si Sa Ket,Huai Thap Than,2015,0.167696418
12,NE,Si Sa Ket,Huai Thap Than,2016,0.182176946
12,NE,Si Sa Ket,Huai Thap Than,2017,0.255139362
12,NE,Si Sa Ket,Huai Thap Than,2018,0.269717175
12,NE,Si Sa Ket,Huai Thap Than,2019,0.312067099
12,NE,Si Sa Ket,Huai Thap Than,2020,0.390520447
12,NE,Si Sa Ket,Huai Thap Than,2021,0.561091552
47,SO,Trang,Huai Yot,2014,0.363653436
47,SO,Trang,Huai Yot,2015,0.388941623
47,SO,Trang,Huai Yot,2016,0.420788586
47,SO,Trang,Huai Yot,2017,0.561774931
47,SO,Trang,Huai Yot,2018,0.635814608
47,SO,Trang,Huai Yot,2019,0.575823985
47,SO,Trang,Huai Yot,2020,0.621254019
47,SO,Trang,Huai Yot,2021,0.732755918
49,CE,Singburi,In Buri,2014,0.91060075
49,CE,Singburi,In Buri,2015,1.074733265
49,CE,Singburi,In Buri,2016,1.160505415
49,CE,Singburi,In Buri,2017,1.38786703
49,CE,Singburi,In Buri,2018,1.448450094
49,CE,Singburi,In Buri,2019,1.555987709
49,CE,Singburi,In Buri,2020,1.664104178
49,CE,Singburi,In Buri,2021,2.039294959
40,SO,Narathiwat,Ja-Nae,2014,0.098046784
40,SO,Narathiwat,Ja-Nae,2015,0.101589491
40,SO,Narathiwat,Ja-Nae,2016,0.097958226
40,SO,Narathiwat,Ja-Nae,2017,0.1066833
40,SO,Narathiwat,Ja-Nae,2018,0.127835382
40,SO,Narathiwat,Ja-Nae,2019,0.129030719
40,SO,Narathiwat,Ja-Nae,2020,0.156982805
40,SO,Narathiwat,Ja-Nae,2021,0.158684118
35,NE,Buri Ram,Ban Dan,2014,0.163872468
35,NE,Buri Ram,Ban Dan,2015,0.224394049
35,NE,Buri Ram,Ban Dan,2016,0.241689888
35,NE,Buri Ram,Ban Dan,2017,0.403067727
35,NE,Buri Ram,Ban Dan,2018,0.504173019
35,NE,Buri Ram,Ban Dan,2019,0.644109697
35,NE,Buri Ram,Ban Dan,2020,0.643794748
35,NE,Buri Ram,Ban Dan,2021,0.763631134
15,NE,Khon Kaen,Ban Haet,2014,0.348936511
15,NE,Khon Kaen,Ban Haet,2015,0.385855299
15,NE,Khon Kaen,Ban Haet,2016,0.343705297
15,NE,Khon Kaen,Ban Haet,2017,0.514309634
15,NE,Khon Kaen,Ban Haet,2018,0.610495016
15,NE,Khon Kaen,Ban Haet,2019,0.8470307
15,NE,Khon Kaen,Ban Haet,2020,1.06370466
15,NE,Khon Kaen,Ban Haet,2021,1.051574638
30,WE,Ratchaburi,Ban Kha,2014,0.041850861
30,WE,Ratchaburi,Ban Kha,2015,0.045222057
30,WE,Ratchaburi,Ban Kha,2016,0.056237772
30,WE,Ratchaburi,Ban Kha,2017,0.08564305
30,WE,Ratchaburi,Ban Kha,2018,0.07322163
30,WE,Ratchaburi,Ban Kha,2019,0.081639356
30,WE,Ratchaburi,Ban Kha,2020,0.096707871
30,WE,Ratchaburi,Ban Kha,2021,0.127159058
69,BKK&VIC,Samut Prakan,Bang Sao Thon,2014,12.98521213
69,BKK&VIC,Samut Prakan,Bang Sao Thon,2015,13.28666696
69,BKK&VIC,Samut Prakan,Bang Sao Thon,2016,13.26790424
69,BKK&VIC,Samut Prakan,Bang Sao Thon,2017,14.24435808
69,BKK&VIC,Samut Prakan,Bang Sao Thon,2018,14.08018359
69,BKK&VIC,Samut Prakan,Bang Sao Thon,2019,14.61270726
69,BKK&VIC,Samut Prakan,Bang Sao Thon,2020,15.17922427
69,BKK&VIC,Samut Prakan,Bang Sao Thon,2021,15.87756389
6,NE,Nakhon Ratchasima,Bua Lai,2014,0.147795674
6,NE,Nakhon Ratchasima,Bua Lai,2015,0.195700607
6,NE,Nakhon Ratchasima,Bua Lai,2016,0.21211101
6,NE,Nakhon Ratchasima,Bua Lai,2017,0.379203591
6,NE,Nakhon Ratchasima,Bua Lai,2018,0.434060334
6,NE,Nakhon Ratchasima,Bua Lai,2019,0.533109791
6,NE,Nakhon Ratchasima,Bua Lai,2020,0.579358375
6,NE,Nakhon Ratchasima,Bua Lai,2021,0.944100012
39,NE,Bueng Kan,Bung Khla,2014,0.070433448
39,NE,Bueng Kan,Bung Khla,2015,0.137751631
39,NE,Bueng Kan,Bung Khla,2016,0.200244313
39,NE,Bueng Kan,Bung Khla,2017,0.271319872
39,NE,Bueng Kan,Bung Khla,2018,0.257374199
39,NE,Bueng Kan,Bung Khla,2019,0.232858151
39,NE,Bueng Kan,Bung Khla,2020,0.30002617
39,NE,Bueng Kan,Bung Khla,2021,0.330380002
54,NO,Phichit,Bung Narang,2014,0.208476126
54,NO,Phichit,Bung Narang,2015,0.242728277
54,NO,Phichit,Bung Narang,2016,0.242319711
54,NO,Phichit,Bung Narang,2017,0.346699542
54,NO,Phichit,Bung Narang,2018,0.392066639
54,NO,Phichit,Bung Narang,2019,0.396903004
54,NO,Phichit,Bung Narang,2020,0.453098486
54,NO,Phichit,Bung Narang,2021,0.658676354
36,NO,Kam Phaeng Phet,Bung Samakki,2014,0.339374875
36,NO,Kam Phaeng Phet,Bung Samakki,2015,0.398663871
36,NO,Kam Phaeng Phet,Bung Samakki,2016,0.344978528
36,NO,Kam Phaeng Phet,Bung Samakki,2017,0.398073716
36,NO,Kam Phaeng Phet,Bung Samakki,2018,0.403386656
36,NO,Kam Phaeng Phet,Bung Samakki,2019,0.413556011
36,NO,Kam Phaeng Phet,Bung Samakki,2020,0.455570822
36,NO,Kam Phaeng Phet,Bung Samakki,2021,0.733931877
59,SO,Nakhon Si Thammarat,Chang Klang,2014,0.163627239
59,SO,Nakhon Si Thammarat,Chang Klang,2015,0.164352932
59,SO,Nakhon Si Thammarat,Chang Klang,2016,0.194898188
59,SO,Nakhon Si Thammarat,Chang Klang,2017,0.216488929
59,SO,Nakhon Si Thammarat,Chang Klang,2018,0.231764784
59,SO,Nakhon Si Thammarat,Chang Klang,2019,0.253488799
59,SO,Nakhon Si Thammarat,Chang Klang,2020,0.305231888
59,SO,Nakhon Si Thammarat,Chang Klang,2021,0.455687366
0,NE,Roi Et,Chiang Kwan,2014,0.244942922
0,NE,Roi Et,Chiang Kwan,2015,0.371493094
0,NE,Roi Et,Chiang Kwan,2016,0.354349545
0,NE,Roi Et,Chiang Kwan,2017,0.602916947
0,NE,Roi Et,Chiang Kwan,2018,0.646333616
0,NE,Roi Et,Chiang Kwan,2019,0.620149536
0,NE,Roi Et,Chiang Kwan,2020,0.782598187
0,NE,Roi Et,Chiang Kwan,2021,0.925106899
2,NO,Nakhon Sawan,Chum Ta Bong,2014,0.047292547
2,NO,Nakhon Sawan,Chum Ta Bong,2015,0.095216307
2,NO,Nakhon Sawan,Chum Ta Bong,2016,0.091360712
2,NO,Nakhon Sawan,Chum Ta Bong,2017,0.1145051
2,NO,Nakhon Sawan,Chum Ta Bong,2018,0.113655465
2,NO,Nakhon Sawan,Chum Ta Bong,2019,0.124998543
2,NO,Nakhon Sawan,Chum Ta Bong,2020,0.121887448
2,NO,Nakhon Sawan,Chum Ta Bong,2021,0.196648334
46,NE,Maha Sarakham,Chun Chom,2014,0.268621495
46,NE,Maha Sarakham,Chun Chom,2015,0.296044942
46,NE,Maha Sarakham,Chun Chom,2016,0.270008423
46,NE,Maha Sarakham,Chun Chom,2017,0.386557079
46,NE,Maha Sarakham,Chun Chom,2018,0.607395886
46,NE,Maha Sarakham,Chun Chom,2019,0.695264972
46,NE,Maha Sarakham,Chun Chom,2020,0.558851317
46,NE,Maha Sarakham,Chun Chom,2021,0.615099529
35,NE,Buri Ram,Daen Kong,2014,0.168050961
35,NE,Buri Ram,Daen Kong,2015,0.171980503
35,NE,Buri Ram,Daen Kong,2016,0.217794171
35,NE,Buri Ram,Daen Kong,2017,0.338238802
35,NE,Buri Ram,Daen Kong,2018,0.339760362
35,NE,Buri Ram,Daen Kong,2019,0.316123086
35,NE,Buri Ram,Daen Kong,2020,0.394751569
35,NE,Buri Ram,Daen Kong,2021,0.608486249
65,NO,Chiang Mai,Doi Lo,2014,0.662790897
65,NO,Chiang Mai,Doi Lo,2015,0.781396733
65,NO,Chiang Mai,Doi Lo,2016,0.777450033
65,NO,Chiang Mai,Doi Lo,2017,0.875064358
65,NO,Chiang Mai,Doi Lo,2018,1.031656496
65,NO,Chiang Mai,Doi Lo,2019,1.062484768
65,NO,Chiang Mai,Doi Lo,2020,1.13507095
65,NO,Chiang Mai,Doi Lo,2021,1.098631689
25,NO,Chiang Rai,Doi Luang,2014,0.072087537
25,NO,Chiang Rai,Doi Luang,2015,0.139410015
25,NO,Chiang Rai,Doi Luang,2016,0.127824499
25,NO,Chiang Rai,Doi Luang,2017,0.189209874
25,NO,Chiang Rai,Doi Luang,2018,0.174512767
25,NO,Chiang Rai,Doi Luang,2019,0.242718803
25,NO,Chiang Rai,Doi Luang,2020,0.350861822
25,NO,Chiang Rai,Doi Luang,2021,0.401923255
20,NE,Kalasin,Don Chan,2014,0.122330342
20,NE,Kalasin,Don Chan,2015,0.145015885
20,NE,Kalasin,Don Chan,2016,0.155075941
20,NE,Kalasin,Don Chan,2017,0.245809686
20,NE,Kalasin,Don Chan,2018,0.272215329
20,NE,Kalasin,Don Chan,2019,0.286074049
20,NE,Kalasin,Don Chan,2020,0.425829717
20,NE,Kalasin,Don Chan,2021,0.418184651
54,NO,Phichit,Dong Charoen,2014,0.155764376
54,NO,Phichit,Dong Charoen,2015,0.197625109
54,NO,Phichit,Dong Charoen,2016,0.180373267
54,NO,Phichit,Dong Charoen,2017,0.240907171
54,NO,Phichit,Dong Charoen,2018,0.248396689
54,NO,Phichit,Dong Charoen,2019,0.259886636
54,NO,Phichit,Dong Charoen,2020,0.315381516
54,NO,Phichit,Dong Charoen,2021,0.356500433
16,NE,Loei,Erawan,2014,0.179219641
16,NE,Loei,Erawan,2015,0.214284001
16,NE,Loei,Erawan,2016,0.175619285
16,NE,Loei,Erawan,2017,0.318148965
16,NE,Loei,Erawan,2018,0.303621309
16,NE,Loei,Erawan,2019,0.299393011
16,NE,Loei,Erawan,2020,0.335571475
16,NE,Loei,Erawan,2021,0.499415941
13,NE,Nong Khai,Fao Rai,2014,0.059005501
13,NE,Nong Khai,Fao Rai,2015,0.081270609
13,NE,Nong Khai,Fao Rai,2016,0.08506272
13,NE,Nong Khai,Fao Rai,2017,0.153348397
13,NE,Nong Khai,Fao Rai,2018,0.176955449
13,NE,Nong Khai,Fao Rai,2019,0.167939972
13,NE,Nong Khai,Fao Rai,2020,0.232592664
13,NE,Nong Khai,Fao Rai,2021,0.298166246
47,SO,Trang,Hat Samran,2014,0.191332067
47,SO,Trang,Hat Samran,2015,0.20539868
47,SO,Trang,Hat Samran,2016,0.15873405
47,SO,Trang,Hat Samran,2017,0.199559551
47,SO,Trang,Hat Samran,2018,0.263832672
47,SO,Trang,Hat Samran,2019,0.290684897
47,SO,Trang,Hat Samran,2020,0.333149454
47,SO,Trang,Hat Samran,2021,0.359924927
71,EA,Chanthaburi,Kao Kichakut,2014,0.093695985
71,EA,Chanthaburi,Kao Kichakut,2015,0.095502663
71,EA,Chanthaburi,Kao Kichakut,2016,0.118883826
71,EA,Chanthaburi,Kao Kichakut,2017,0.157742731
71,EA,Chanthaburi,Kao Kichakut,2018,0.190455946
71,EA,Chanthaburi,Kao Kichakut,2019,0.235859852
71,EA,Chanthaburi,Kao Kichakut,2020,0.253897125
71,EA,Chanthaburi,Kao Kichakut,2021,0.256067186
51,EA,Rayong,Khao Chamao,2014,0.191347192
51,EA,Rayong,Khao Chamao,2015,0.28606901
51,EA,Rayong,Khao Chamao,2016,0.338272334
51,EA,Rayong,Khao Chamao,2017,0.474898079
51,EA,Rayong,Khao Chamao,2018,0.486462645
51,EA,Rayong,Khao Chamao,2019,0.507235429
51,EA,Rayong,Khao Chamao,2020,0.586313494
51,EA,Rayong,Khao Chamao,2021,0.648076268
4,EA,Chachoengsao,Khlong Khuan,2014,0.388358105
4,EA,Chachoengsao,Khlong Khuan,2015,0.391749918
4,EA,Chachoengsao,Khlong Khuan,2016,0.463607542
4,EA,Chachoengsao,Khlong Khuan,2017,0.641295586
4,EA,Chachoengsao,Khlong Khuan,2018,0.618639112
4,EA,Chachoengsao,Khlong Khuan,2019,0.738506673
4,EA,Chachoengsao,Khlong Khuan,2020,0.981807693
4,EA,Chachoengsao,Khlong Khuan,2021,1.048240205
15,NE,Khon Kaen,Khok Pho Cha,2014,0.135225234
15,NE,Khon Kaen,Khok Pho Cha,2015,0.140710985
15,NE,Khon Kaen,Khok Pho Cha,2016,0.160212957
15,NE,Khon Kaen,Khok Pho Cha,2017,0.264787692
15,NE,Khon Kaen,Khok Pho Cha,2018,0.237480872
15,NE,Khon Kaen,Khok Pho Cha,2019,0.221151463
15,NE,Khon Kaen,Khok Pho Cha,2020,0.322571419
15,NE,Khon Kaen,Khok Pho Cha,2021,0.548861366
64,EA,Chon Buri,Ko Chan,2014,0.501796232
64,EA,Chon Buri,Ko Chan,2015,0.573685886
64,EA,Chon Buri,Ko Chan,2016,0.609118159
64,EA,Chon Buri,Ko Chan,2017,0.779438744
64,EA,Chon Buri,Ko Chan,2018,0.825419643
64,EA,Chon Buri,Ko Chan,2019,0.886289337
64,EA,Chon Buri,Ko Chan,2020,1.01883679
64,EA,Chon Buri,Ko Chan,2021,1.313059353
29,EA,Trat,Ko Chang,2014,0.180542892
29,EA,Trat,Ko Chang,2015,0.200939958
29,EA,Trat,Ko Chang,2016,0.188611674
29,EA,Trat,Ko Chang,2017,0.23054703
29,EA,Trat,Ko Chang,2018,0.207421252
29,EA,Trat,Ko Chang,2019,0.25029045
29,EA,Trat,Ko Chang,2020,0.2106665
29,EA,Trat,Ko Chang,2021,0.177449881
29,EA,Trat,Ko Kut,2014,0.045866183
29,EA,Trat,Ko Kut,2015,0.0459626
29,EA,Trat,Ko Kut,2016,0.057882794
29,EA,Trat,Ko Kut,2017,0.155386086
29,EA,Trat,Ko Kut,2018,0.172724996
29,EA,Trat,Ko Kut,2019,0.163350076
29,EA,Trat,Ko Kut,2020,0.172124099
29,EA,Trat,Ko Kut,2021,0.189246861
36,NO,Kam Phaeng Phet,Ko Sam Pi Nakhon,2014,0.341642325
36,NO,Kam Phaeng Phet,Ko Sam Pi Nakhon,2015,0.4506158
36,NO,Kam Phaeng Phet,Ko Sam Pi Nakhon,2016,0.406232924
36,NO,Kam Phaeng Phet,Ko Sam Pi Nakhon,2017,0.523489329
36,NO,Kam Phaeng Phet,Ko Sam Pi Nakhon,2018,0.534717087
36,NO,Kam Phaeng Phet,Ko Sam Pi Nakhon,2019,0.557583397
36,NO,Kam Phaeng Phet,Ko Sam Pi Nakhon,2020,0.555315549
36,NO,Kam Phaeng Phet,Ko Sam Pi Nakhon,2021,0.605804097
75,EA,Sa Kaew,Kok Sung,2014,0.078883459
75,EA,Sa Kaew,Kok Sung,2015,0.123259496
75,EA,Sa Kaew,Kok Sung,2016,0.149181442
75,EA,Sa Kaew,Kok Sung,2017,0.301693668
75,EA,Sa Kaew,Kok Sung,2018,0.334462758
75,EA,Sa Kaew,Kok Sung,2019,0.358199914
75,EA,Sa Kaew,Kok Sung,2020,0.370106281
75,EA,Sa Kaew,Kok Sung,2021,0.529293987
20,NE,Kalasin,Kong Chai,2014,0.217841166
20,NE,Kalasin,Kong Chai,2015,0.317774718
20,NE,Kalasin,Kong Chai,2016,0.353642386
20,NE,Kalasin,Kong Chai,2017,0.557814865
20,NE,Kalasin,Kong Chai,2018,0.563007282
20,NE,Kalasin,Kong Chai,2019,0.490387887
20,NE,Kalasin,Kong Chai,2020,0.604463403
20,NE,Kalasin,Kong Chai,2021,0.737873592
33,SO,Yala,Krong Pi Nung,2014,0.362834773
33,SO,Yala,Krong Pi Nung,2015,0.362820904
33,SO,Yala,Krong Pi Nung,2016,0.438879737
33,SO,Yala,Krong Pi Nung,2017,0.622089529
33,SO,Yala,Krong Pi Nung,2018,0.764845759
33,SO,Yala,Krong Pi Nung,2019,0.627925837
33,SO,Yala,Krong Pi Nung,2020,0.815081821
33,SO,Yala,Krong Pi Nung,2021,1.416089309
23,NE,Udon Thani,Ku Kaeo,2014,0.136953188
23,NE,Udon Thani,Ku Kaeo,2015,0.158335543
23,NE,Udon Thani,Ku Kaeo,2016,0.173100552
23,NE,Udon Thani,Ku Kaeo,2017,0.361383365
23,NE,Udon Thani,Ku Kaeo,2018,0.34570325
23,NE,Udon Thani,Ku Kaeo,2019,0.327867529
23,NE,Udon Thani,Ku Kaeo,2020,0.420230243
23,NE,Udon Thani,Ku Kaeo,2021,0.41528018
46,NE,Maha Sarakham,Kut Rang,2014,0.19948112
46,NE,Maha Sarakham,Kut Rang,2015,0.258522229
46,NE,Maha Sarakham,Kut Rang,2016,0.215067709
46,NE,Maha Sarakham,Kut Rang,2017,0.30940933
46,NE,Maha Sarakham,Kut Rang,2018,0.317187764
46,NE,Maha Sarakham,Kut Rang,2019,0.335723565
46,NE,Maha Sarakham,Kut Rang,2020,0.404676363
46,NE,Maha Sarakham,Kut Rang,2021,0.654841488
5,NE,Surin,Kwao Si Narin,2014,0.129011072
5,NE,Surin,Kwao Si Narin,2015,0.164815363
5,NE,Surin,Kwao Si Narin,2016,0.147211361
5,NE,Surin,Kwao Si Narin,2017,0.263393463
5,NE,Surin,Kwao Si Narin,2018,0.274728079
5,NE,Surin,Kwao Si Narin,2019,0.337689024
5,NE,Surin,Kwao Si Narin,2020,0.417795418
5,NE,Surin,Kwao Si Narin,2021,0.432773572
6,NE,Nakhon Ratchasima,Lam Tha Men Chai,2014,0.160135052
6,NE,Nakhon Ratchasima,Lam Tha Men Chai,2015,0.173275498
6,NE,Nakhon Ratchasima,Lam Tha Men Chai,2016,0.201762923
6,NE,Nakhon Ratchasima,Lam Tha Men Chai,2017,0.257354892
6,NE,Nakhon Ratchasima,Lam Tha Men Chai,2018,0.288158713
6,NE,Nakhon Ratchasima,Lam Tha Men Chai,2019,0.301680642
6,NE,Nakhon Ratchasima,Lam Tha Men Chai,2020,0.409129555
6,NE,Nakhon Ratchasima,Lam Tha Men Chai,2021,0.566902881
41,NE,Ubon Ratchathani,Lao Sua Kok,2014,0.09031194
41,NE,Ubon Ratchathani,Lao Sua Kok,2015,0.129043746
41,NE,Ubon Ratchathani,Lao Sua Kok,2016,0.164866676
41,NE,Ubon Ratchathani,Lao Sua Kok,2017,0.205406398
41,NE,Ubon Ratchathani,Lao Sua Kok,2018,0.216967424
41,NE,Ubon Ratchathani,Lao Sua Kok,2019,0.209365739
41,NE,Ubon Ratchathani,Lao Sua Kok,2020,0.273824667
41,NE,Ubon Ratchathani,Lao Sua Kok,2021,0.335246002
76,SO,Satun,Ma Nang,2014,0.296379605
76,SO,Satun,Ma Nang,2015,0.350511006
76,SO,Satun,Ma Nang,2016,0.327514008
76,SO,Satun,Ma Nang,2017,0.344610235
76,SO,Satun,Ma Nang,2018,0.411685901
76,SO,Satun,Ma Nang,2019,0.414157127
76,SO,Satun,Ma Nang,2020,0.519467662
76,SO,Satun,Ma Nang,2021,0.792122639
65,NO,Chiang Mai,Mae On,2014,0.048069241
65,NO,Chiang Mai,Mae On,2015,0.052487108
65,NO,Chiang Mai,Mae On,2016,0.049110383
65,NO,Chiang Mai,Mae On,2017,0.082205813
65,NO,Chiang Mai,Mae On,2018,0.082217366
65,NO,Chiang Mai,Mae On,2019,0.092005736
65,NO,Chiang Mai,Mae On,2020,0.110668199
65,NO,Chiang Mai,Mae On,2021,0.136362297
2,NO,Nakhon Sawan,Mae Poen,2014,0.055919915
2,NO,Nakhon Sawan,Mae Poen,2015,0.082822726
2,NO,Nakhon Sawan,Mae Poen,2016,0.088471334
2,NO,Nakhon Sawan,Mae Poen,2017,0.12848282
2,NO,Nakhon Sawan,Mae Poen,2018,0.121750329
2,NO,Nakhon Sawan,Mae Poen,2019,0.124137468
2,NO,Nakhon Sawan,Mae Poen,2020,0.114301859
2,NO,Nakhon Sawan,Mae Poen,2021,0.129686525
6,NE,Nakhon Ratchasima,Muang Yang,2014,0.039134694
6,NE,Nakhon Ratchasima,Muang Yang,2015,0.075578186
6,NE,Nakhon Ratchasima,Muang Yang,2016,0.089579363
6,NE,Nakhon Ratchasima,Muang Yang,2017,0.145419888
6,NE,Nakhon Ratchasima,Muang Yang,2018,0.154176055
6,NE,Nakhon Ratchasima,Muang Yang,2019,0.189334706
6,NE,Nakhon Ratchasima,Muang Yang,2020,0.314936259
6,NE,Nakhon Ratchasima,Muang Yang,2021,0.364447966
20,NE,Kalasin,Na Du,2014,0.156794569
20,NE,Kalasin,Na Du,2015,0.168105773
20,NE,Kalasin,Na Du,2016,0.137683895
20,NE,Kalasin,Na Du,2017,0.285838379
20,NE,Kalasin,Na Du,2018,0.289529005
20,NE,Kalasin,Na Du,2019,0.277529613
20,NE,Kalasin,Na Du,2020,0.325750463
20,NE,Kalasin,Na Du,2021,0.36584504
41,NE,Ubon Ratchathani,Na Tan,2014,0.083433076
41,NE,Ubon Ratchathani,Na Tan,2015,0.112927148
41,NE,Ubon Ratchathani,Na Tan,2016,0.11587225
41,NE,Ubon Ratchathani,Na Tan,2017,0.208392615
41,NE,Ubon Ratchathani,Na Tan,2018,0.205758844
41,NE,Ubon Ratchathani,Na Tan,2019,0.173110222
41,NE,Ubon Ratchathani,Na Tan,2020,0.239055694
41,NE,Ubon Ratchathani,Na Tan,2021,0.356777994
71,EA,Chanthaburi,Na Yai Am,2014,0.609140138
71,EA,Chanthaburi,Na Yai Am,2015,0.700511302
71,EA,Chanthaburi,Na Yai Am,2016,0.751204117
71,EA,Chanthaburi,Na Yai Am,2017,0.82649734
71,EA,Chanthaburi,Na Yai Am,2018,1.008174528
71,EA,Chanthaburi,Na Yai Am,2019,1.047378395
71,EA,Chanthaburi,Na Yai Am,2020,1.125921622
71,EA,Chanthaburi,Na Yai Am,2021,1.146928137
41,NE,Ubon Ratchathani,Na Yia,2014,0.327529262
41,NE,Ubon Ratchathani,Na Yia,2015,0.396150749
41,NE,Ubon Ratchathani,Na Yia,2016,0.486460261
41,NE,Ubon Ratchathani,Na Yia,2017,0.598278105
41,NE,Ubon Ratchathani,Na Yia,2018,0.558592703
41,NE,Ubon Ratchathani,Na Yia,2019,0.528129086
41,NE,Ubon Ratchathani,Na Yia,2020,0.495457347
41,NE,Ubon Ratchathani,Na Yia,2021,0.615868608
41,NE,Ubon Ratchathani,Nam Khun,2014,0.03652828
41,NE,Ubon Ratchathani,Nam Khun,2015,0.055121275
41,NE,Ubon Ratchathani,Nam Khun,2016,0.044887364
41,NE,Ubon Ratchathani,Nam Khun,2017,0.096489624
41,NE,Ubon Ratchathani,Nam Khun,2018,0.100236307
41,NE,Ubon Ratchathani,Nam Khun,2019,0.098462205
41,NE,Ubon Ratchathani,Nam Khun,2020,0.12856992
41,NE,Ubon Ratchathani,Nam Khun,2021,0.175063482
51,EA,Rayong,Nikhom Pattan,2014,4.935220649
51,EA,Rayong,Nikhom Pattan,2015,5.349640782
51,EA,Rayong,Nikhom Pattan,2016,5.624118885
51,EA,Rayong,Nikhom Pattan,2017,5.767468979
51,EA,Rayong,Nikhom Pattan,2018,6.096886572
51,EA,Rayong,Nikhom Pattan,2019,6.388359058
51,EA,Rayong,Nikhom Pattan,2020,7.383054787
51,EA,Rayong,Nikhom Pattan,2021,8.861754565
66,CE,Chai Nat,Noen Kham,2014,0.194587684
66,CE,Chai Nat,Noen Kham,2015,0.237753207
66,CE,Chai Nat,Noen Kham,2016,0.247234077
66,CE,Chai Nat,Noen Kham,2017,0.385247611
66,CE,Chai Nat,Noen Kham,2018,0.363173582
66,CE,Chai Nat,Noen Kham,2019,0.377495145
66,CE,Chai Nat,Noen Kham,2020,0.384169264
66,CE,Chai Nat,Noen Kham,2021,0.477771503
5,NE,Surin,Non Narai,2014,0.035572699
5,NE,Surin,Non Narai,2015,0.048555537
5,NE,Surin,Non Narai,2016,0.072210653
5,NE,Surin,Non Narai,2017,0.114776582
5,NE,Surin,Non Narai,2018,0.11840567
5,NE,Surin,Non Narai,2019,0.155095524
5,NE,Surin,Non Narai,2020,0.203890752
5,NE,Surin,Non Narai,2021,0.266163751
15,NE,Khon Kaen,Non Sila,2014,0.217756131
15,NE,Khon Kaen,Non Sila,2015,0.290175836
15,NE,Khon Kaen,Non Sila,2016,0.307402032
15,NE,Khon Kaen,Non Sila,2017,0.479655889
15,NE,Khon Kaen,Non Sila,2018,0.635956267
15,NE,Khon Kaen,Non Sila,2019,0.839033322
15,NE,Khon Kaen,Non Sila,2020,1.008383225
15,NE,Khon Kaen,Non Sila,2021,0.991592805
0,NE,Roi Et,Nong Hi,2014,0.120205502
0,NE,Roi Et,Nong Hi,2015,0.165543148
0,NE,Roi Et,Nong Hi,2016,0.135154723
0,NE,Roi Et,Nong Hi,2017,0.232971262
0,NE,Roi Et,Nong Hi,2018,0.235190823
0,NE,Roi Et,Nong Hi,2019,0.234932437
0,NE,Roi Et,Nong Hi,2020,0.337760456
0,NE,Roi Et,Nong Hi,2021,0.455895336
16,NE,Loei,Nong Hin,2014,0.297463971
16,NE,Loei,Nong Hin,2015,0.190084628
16,NE,Loei,Nong Hin,2016,0.168404789
16,NE,Loei,Nong Hin,2017,0.25591004
16,NE,Loei,Nong Hin,2018,0.252808089
16,NE,Loei,Nong Hin,2019,0.309969679
16,NE,Loei,Nong Hin,2020,0.310063356
16,NE,Loei,Nong Hin,2021,0.354481089
66,CE,Chai Nat,Nong Ma Mong,2014,0.092782954
66,CE,Chai Nat,Nong Ma Mong,2015,0.11893484
66,CE,Chai Nat,Nong Ma Mong,2016,0.105048035
66,CE,Chai Nat,Nong Ma Mong,2017,0.176444217
66,CE,Chai Nat,Nong Ma Mong,2018,0.223470255
66,CE,Chai Nat,Nong Ma Mong,2019,0.23546555
66,CE,Chai Nat,Nong Ma Mong,2020,0.256925665
66,CE,Chai Nat,Nong Ma Mong,2021,0.368738864
15,NE,Khon Kaen,Nong Na Kham,2014,0.085463405
15,NE,Khon Kaen,Nong Na Kham,2015,0.12269122
15,NE,Khon Kaen,Nong Na Kham,2016,0.08982479
15,NE,Khon Kaen,Nong Na Kham,2017,0.189254908
15,NE,Khon Kaen,Nong Na Kham,2018,0.192041801
15,NE,Khon Kaen,Nong Na Kham,2019,0.207633687
15,NE,Khon Kaen,Nong Na Kham,2020,0.273146343
15,NE,Khon Kaen,Nong Na Kham,2021,0.369470694
59,SO,Nakhon Si Thammarat,Nophi Tam,2014,0.041456993
59,SO,Nakhon Si Thammarat,Nophi Tam,2015,0.038472855
59,SO,Nakhon Si Thammarat,Nophi Tam,2016,0.039360504
59,SO,Nakhon Si Thammarat,Nophi Tam,2017,0.052056404
59,SO,Nakhon Si Thammarat,Nophi Tam,2018,0.062436916
59,SO,Nakhon Si Thammarat,Nophi Tam,2019,0.059070241
59,SO,Nakhon Si Thammarat,Nophi Tam,2020,0.088260596
59,SO,Nakhon Si Thammarat,Nophi Tam,2021,0.119103833
5,NE,Surin,Phanom Dong Rak,2014,0.082766303
5,NE,Surin,Phanom Dong Rak,2015,0.105336374
5,NE,Surin,Phanom Dong Rak,2016,0.11509399
5,NE,Surin,Phanom Dong Rak,2017,0.162226946
5,NE,Surin,Phanom Dong Rak,2018,0.151900226
5,NE,Surin,Phanom Dong Rak,2019,0.160885144
5,NE,Surin,Phanom Dong Rak,2020,0.189138388
5,NE,Surin,Phanom Dong Rak,2021,0.223045935
12,NE,Si Sa Ket,Pho Si Suwan,2014,0.092043857
12,NE,Si Sa Ket,Pho Si Suwan,2015,0.12668685
12,NE,Si Sa Ket,Pho Si Suwan,2016,0.136321496
12,NE,Si Sa Ket,Pho Si Suwan,2017,0.285581125
12,NE,Si Sa Ket,Pho Si Suwan,2018,0.332186246
12,NE,Si Sa Ket,Pho Si Suwan,2019,0.335718229
12,NE,Si Sa Ket,Pho Si Suwan,2020,0.388886807
12,NE,Si Sa Ket,Pho Si Suwan,2021,0.431948474
13,NE,Nong Khai,Pho Tak,2014,0.170048766
13,NE,Nong Khai,Pho Tak,2015,0.201241814
13,NE,Nong Khai,Pho Tak,2016,0.200690561
13,NE,Nong Khai,Pho Tak,2017,0.386099205
13,NE,Nong Khai,Pho Tak,2018,0.380001471
13,NE,Nong Khai,Pho Tak,2019,0.363703565
13,NE,Nong Khai,Pho Tak,2020,0.3949809
13,NE,Nong Khai,Pho Tak,2021,0.42038642
6,NE,Nakhon Ratchasima,Phra Thong Kham,2014,0.158248894
6,NE,Nakhon Ratchasima,Phra Thong Kham,2015,0.182841481
6,NE,Nakhon Ratchasima,Phra Thong Kham,2016,0.204000236
6,NE,Nakhon Ratchasima,Phra Thong Kham,2017,0.251227871
6,NE,Nakhon Ratchasima,Phra Thong Kham,2018,0.261412825
6,NE,Nakhon Ratchasima,Phra Thong Kham,2019,0.273637485
6,NE,Nakhon Ratchasima,Phra Thong Kham,2020,0.290350499
6,NE,Nakhon Ratchasima,Phra Thong Kham,2021,0.305049979
1,NO,Phayao,Phu Kam Yao,2014,0.094921775
1,NO,Phayao,Phu Kam Yao,2015,0.128038361
1,NO,Phayao,Phu Kam Yao,2016,0.107796607
1,NO,Phayao,Phu Kam Yao,2017,0.17885111
1,NO,Phayao,Phu Kam Yao,2018,0.208037975
1,NO,Phayao,Phu Kam Yao,2019,0.236084627
1,NO,Phayao,Phu Kam Yao,2020,0.282302381
1,NO,Phayao,Phu Kam Yao,2021,0.325700658
70,NO,Nan,Phu Pieng,2014,0.193747219
70,NO,Nan,Phu Pieng,2015,0.234305415
70,NO,Nan,Phu Pieng,2016,0.23624235
70,NO,Nan,Phu Pieng,2017,0.314784744
70,NO,Nan,Phu Pieng,2018,0.322793732
70,NO,Nan,Phu Pieng,2019,0.342265372
70,NO,Nan,Phu Pieng,2020,0.402220748
70,NO,Nan,Phu Pieng,2021,0.412779376
1,NO,Phayao,Phu Sang,2014,0.136334053
1,NO,Phayao,Phu Sang,2015,0.203949715
1,NO,Phayao,Phu Sang,2016,0.157604829
1,NO,Phayao,Phu Sang,2017,0.239197875
1,NO,Phayao,Phu Sang,2018,0.25250091
1,NO,Phayao,Phu Sang,2019,0.327005663
1,NO,Phayao,Phu Sang,2020,0.333295009
1,NO,Phayao,Phu Sang,2021,0.468250492
23,NE,Udon Thani,Prachak Silapakhom,2014,0.239928511
23,NE,Udon Thani,Prachak Silapakhom,2015,0.341216562
23,NE,Udon Thani,Prachak Silapakhom,2016,0.325510623
23,NE,Udon Thani,Prachak Silapakhom,2017,0.457995936
23,NE,Udon Thani,Prachak Silapakhom,2018,0.538867007
23,NE,Udon Thani,Prachak Silapakhom,2019,0.543928129
23,NE,Udon Thani,Prachak Silapakhom,2020,0.66131666
23,NE,Udon Thani,Prachak Silapakhom,2021,0.72147307
13,NE,Nong Khai,Rattana Wapi,2014,0.179737083
13,NE,Nong Khai,Rattana Wapi,2015,0.251098277
13,NE,Nong Khai,Rattana Wapi,2016,0.286385142
13,NE,Nong Khai,Rattana Wapi,2017,0.73324562
13,NE,Nong Khai,Rattana Wapi,2018,0.69729817
13,NE,Nong Khai,Rattana Wapi,2019,0.647460458
13,NE,Nong Khai,Rattana Wapi,2020,0.652697463
13,NE,Nong Khai,Rattana Wapi,2021,0.726605306
13,NE,Nong Khai,Sa Khrai,2014,0.129371862
13,NE,Nong Khai,Sa Khrai,2015,0.175323228
13,NE,Nong Khai,Sa Khrai,2016,0.177971857
13,NE,Nong Khai,Sa Khrai,2017,0.25739591
13,NE,Nong Khai,Sa Khrai,2018,0.262056038
13,NE,Nong Khai,Sa Khrai,2019,0.24450484
13,NE,Nong Khai,Sa Khrai,2020,0.342092012
13,NE,Nong Khai,Sa Khrai,2021,0.463664442
54,NO,Phichit,Sak Lek,2014,0.234672724
54,NO,Phichit,Sak Lek,2015,0.284757447
54,NO,Phichit,Sak Lek,2016,0.291107401
54,NO,Phichit,Sak Lek,2017,0.442323535
54,NO,Phichit,Sak Lek,2018,0.450136682
54,NO,Phichit,Sak Lek,2019,0.466833097
54,NO,Phichit,Sak Lek,2020,0.511326764
54,NO,Phichit,Sak Lek,2021,0.81259439
20,NE,Kalasin,Sam Chai,2014,0.144307995
20,NE,Kalasin,Sam Chai,2015,0.146856062
20,NE,Kalasin,Sam Chai,2016,0.142035138
20,NE,Kalasin,Sam Chai,2017,0.208870177
20,NE,Kalasin,Sam Chai,2018,0.186759411
20,NE,Kalasin,Sam Chai,2019,0.179035784
20,NE,Kalasin,Sam Chai,2020,0.224086778
20,NE,Kalasin,Sam Chai,2021,0.247046537
42,WE,Phachuap Khiri Khan,Sam Roi Yot,2014,0.268552845
42,WE,Phachuap Khiri Khan,Sam Roi Yot,2015,0.317413523
42,WE,Phachuap Khiri Khan,Sam Roi Yot,2016,0.307802762
42,WE,Phachuap Khiri Khan,Sam Roi Yot,2017,0.380320119
42,WE,Phachuap Khiri Khan,Sam Roi Yot,2018,0.395726528
42,WE,Phachuap Khiri Khan,Sam Roi Yot,2019,0.390996407
42,WE,Phachuap Khiri Khan,Sam Roi Yot,2020,0.43888407
42,WE,Phachuap Khiri Khan,Sam Roi Yot,2021,0.473721508
15,NE,Khon Kaen,Sam Sung,2014,0.17845833
15,NE,Khon Kaen,Sam Sung,2015,0.21437291
15,NE,Khon Kaen,Sam Sung,2016,0.190257515
15,NE,Khon Kaen,Sam Sung,2017,0.298104462
15,NE,Khon Kaen,Sam Sung,2018,0.345790283
15,NE,Khon Kaen,Sam Sung,2019,0.437955224
15,NE,Khon Kaen,Sam Sung,2020,0.354387983
15,NE,Khon Kaen,Sam Sung,2021,0.390304324
9,NE,Chaiyaphum,Sap Yai,2014,0.085842105
9,NE,Chaiyaphum,Sap Yai,2015,0.13893397
9,NE,Chaiyaphum,Sap Yai,2016,0.199515651
9,NE,Chaiyaphum,Sap Yai,2017,0.278299035
9,NE,Chaiyaphum,Sap Yai,2018,0.272729882
9,NE,Chaiyaphum,Sap Yai,2019,0.246305817
9,NE,Chaiyaphum,Sap Yai,2020,0.305791579
9,NE,Chaiyaphum,Sap Yai,2021,0.27891832
41,NE,Ubon Ratchathani,Sawang Wirawong,2014,0.274790154
41,NE,Ubon Ratchathani,Sawang Wirawong,2015,0.317738602
41,NE,Ubon Ratchathani,Sawang Wirawong,2016,0.299780924
41,NE,Ubon Ratchathani,Sawang Wirawong,2017,0.377095752
41,NE,Ubon Ratchathani,Sawang Wirawong,2018,0.366692597
41,NE,Ubon Ratchathani,Sawang Wirawong,2019,0.413150946
41,NE,Ubon Ratchathani,Sawang Wirawong,2020,0.511749687
41,NE,Ubon Ratchathani,Sawang Wirawong,2021,0.589697616
6,NE,Nakhon Ratchasima,Sida,2014,0.33426304
6,NE,Nakhon Ratchasima,Sida,2015,0.365143069
6,NE,Nakhon Ratchasima,Sida,2016,0.45189884
6,NE,Nakhon Ratchasima,Sida,2017,0.6235374
6,NE,Nakhon Ratchasima,Sida,2018,0.67772842
6,NE,Nakhon Ratchasima,Sida,2019,0.673370681
6,NE,Nakhon Ratchasima,Sida,2020,0.751981656
6,NE,Nakhon Ratchasima,Sida,2021,1.166260129
12,NE,Si Sa Ket,Sila Lat,2014,0.052613269
12,NE,Si Sa Ket,Sila Lat,2015,0.102107584
12,NE,Si Sa Ket,Sila Lat,2016,0.101535647
12,NE,Si Sa Ket,Sila Lat,2017,0.21232751
12,NE,Si Sa Ket,Sila Lat,2018,0.258027215
12,NE,Si Sa Ket,Sila Lat,2019,0.25100507
12,NE,Si Sa Ket,Sila Lat,2020,0.294163267
12,NE,Si Sa Ket,Sila Lat,2021,0.393789044
55,SO,Phatthalung,Sri Nakarin,2014,0.188887814
55,SO,Phatthalung,Sri Nakarin,2015,0.27971186
55,SO,Phatthalung,Sri Nakarin,2016,0.329412378
55,SO,Phatthalung,Sri Nakarin,2017,0.388191893
55,SO,Phatthalung,Sri Nakarin,2018,0.633593129
55,SO,Phatthalung,Sri Nakarin,2019,0.604922592
55,SO,Phatthalung,Sri Nakarin,2020,0.637562363
55,SO,Phatthalung,Sri Nakarin,2021,0.727711701
5,NE,Surin,Sri Narong,2014,0.051886298
5,NE,Surin,Sri Narong,2015,0.067037078
5,NE,Surin,Sri Narong,2016,0.052648338
5,NE,Surin,Sri Narong,2017,0.099869901
5,NE,Surin,Sri Narong,2018,0.129099715
5,NE,Surin,Sri Narong,2019,0.140859967
5,NE,Surin,Sri Narong,2020,0.160906311
5,NE,Surin,Sri Narong,2021,0.233835128
22,SO,Ranong,Suk Samran,2014,0.120672734
22,SO,Ranong,Suk Samran,2015,0.130742253
22,SO,Ranong,Suk Samran,2016,0.13297241
22,SO,Ranong,Suk Samran,2017,0.167678439
22,SO,Ranong,Suk Samran,2018,0.175263908
22,SO,Ranong,Suk Samran,2019,0.157385022
22,SO,Ranong,Suk Samran,2020,0.176754872
22,SO,Ranong,Suk Samran,2021,0.219746001
6,NE,Nakhon Ratchasima,The Pha Rak,2014,0.037129923
6,NE,Nakhon Ratchasima,The Pha Rak,2015,0.058224111
6,NE,Nakhon Ratchasima,The Pha Rak,2016,0.046115879
6,NE,Nakhon Ratchasima,The Pha Rak,2017,0.089044609
6,NE,Nakhon Ratchasima,The Pha Rak,2018,0.119066714
6,NE,Nakhon Ratchasima,The Pha Rak,2019,0.12931534
6,NE,Nakhon Ratchasima,The Pha Rak,2020,0.161423025
6,NE,Nakhon Ratchasima,The Pha Rak,2021,0.21420098
0,NE,Roi Et,Thung Kao Lua,2014,0.206407369
0,NE,Roi Et,Thung Kao Lua,2015,0.265611381
0,NE,Roi Et,Thung Kao Lua,2016,0.223988576
0,NE,Roi Et,Thung Kao Lua,2017,0.44434848
0,NE,Roi Et,Thung Kao Lua,2018,0.46256542
0,NE,Roi Et,Thung Kao Lua,2019,0.397061724
0,NE,Roi Et,Thung Kao Lua,2020,0.524801098
0,NE,Roi Et,Thung Kao Lua,2021,0.692425191
26,NO,Tak,Wang Chao,2014,0.10647823
26,NO,Tak,Wang Chao,2015,0.129573172
26,NO,Tak,Wang Chao,2016,0.126192117
26,NO,Tak,Wang Chao,2017,0.196206911
26,NO,Tak,Wang Chao,2018,0.195125319
26,NO,Tak,Wang Chao,2019,0.215162533
26,NO,Tak,Wang Chao,2020,0.204288471
26,NO,Tak,Wang Chao,2021,0.238750978
75,EA,Sa Kaew,Wang Sombun,2014,0.12026357
75,EA,Sa Kaew,Wang Sombun,2015,0.137465217
75,EA,Sa Kaew,Wang Sombun,2016,0.134975379
75,EA,Sa Kaew,Wang Sombun,2017,0.176260676
75,EA,Sa Kaew,Wang Sombun,2018,0.182300979
75,EA,Sa Kaew,Wang Sombun,2019,0.301345793
75,EA,Sa Kaew,Wang Sombun,2020,0.402144211
75,EA,Sa Kaew,Wang Sombun,2021,0.464500509
72,NE,Nakhon Phanom,Wang Yang,2014,0.013414122
72,NE,Nakhon Phanom,Wang Yang,2015,0.024709439
72,NE,Nakhon Phanom,Wang Yang,2016,0.018614914
72,NE,Nakhon Phanom,Wang Yang,2017,0.102883332
72,NE,Nakhon Phanom,Wang Yang,2018,0.125268047
72,NE,Nakhon Phanom,Wang Yang,2019,0.093580108
72,NE,Nakhon Phanom,Wang Yang,2020,0.156002552
72,NE,Nakhon Phanom,Wang Yang,2021,0.315722532
28,NO,Lamphun,Wiang Nong Long,2014,1.291567283
28,NO,Lamphun,Wiang Nong Long,2015,1.633467689
28,NO,Lamphun,Wiang Nong Long,2016,1.776424024
28,NO,Lamphun,Wiang Nong Long,2017,1.961766008
28,NO,Lamphun,Wiang Nong Long,2018,2.066649432
28,NO,Lamphun,Wiang Nong Long,2019,2.095015607
28,NO,Lamphun,Wiang Nong Long,2020,2.200003332
28,NO,Lamphun,Wiang Nong Long,2021,2.176844685
25,NO,Chiang Rai,Wieng Chiang,2014,0.047733428
25,NO,Chiang Rai,Wieng Chiang,2015,0.062909101
25,NO,Chiang Rai,Wieng Chiang,2016,0.073228622
25,NO,Chiang Rai,Wieng Chiang,2017,0.107142379
25,NO,Chiang Rai,Wieng Chiang,2018,0.110347008
25,NO,Chiang Rai,Wieng Chiang,2019,0.13540227
25,NO,Chiang Rai,Wieng Chiang,2020,0.341417234
25,NO,Chiang Rai,Wieng Chiang,2021,0.370965685
11,SO,Surat Thani,Wipawadi,2014,0.002986735
11,SO,Surat Thani,Wipawadi,2015,0.003570603
11,SO,Surat Thani,Wipawadi,2016,0.003849107
11,SO,Surat Thani,Wipawadi,2017,0.006952328
11,SO,Surat Thani,Wipawadi,2018,0.006964988
11,SO,Surat Thani,Wipawadi,2019,0.020603434
11,SO,Surat Thani,Wipawadi,2020,0.031980832
11,SO,Surat Thani,Wipawadi,2021,0.028049137
33,SO,Yala,Ka Bang,2014,0.104093986
33,SO,Yala,Ka Bang,2015,0.12028496
33,SO,Yala,Ka Bang,2016,0.198349789
33,SO,Yala,Ka Bang,2017,0.23000711
33,SO,Yala,Ka Bang,2018,0.26927634
33,SO,Yala,Ka Bang,2019,0.215310352
33,SO,Yala,Ka Bang,2020,0.264222949
33,SO,Yala,Ka Bang,2021,0.314244387
57,SO,Pattani,Ka Pho,2014,0.254483007
57,SO,Pattani,Ka Pho,2015,0.368915765
57,SO,Pattani,Ka Pho,2016,0.402520578
57,SO,Pattani,Ka Pho,2017,0.618898895
57,SO,Pattani,Ka Pho,2018,0.610580321
57,SO,Pattani,Ka Pho,2019,0.528871715
57,SO,Pattani,Ka Pho,2020,0.550681935
57,SO,Pattani,Ka Pho,2021,0.736765224
52,EA,Prachin Buri,Kabin Buri,2014,0.752206675
52,EA,Prachin Buri,Kabin Buri,2015,0.847846429
52,EA,Prachin Buri,Kabin Buri,2016,0.937078757
52,EA,Prachin Buri,Kabin Buri,2017,1.083173827
52,EA,Prachin Buri,Kabin Buri,2018,1.104254232
52,EA,Prachin Buri,Kabin Buri,2019,1.133099799
52,EA,Prachin Buri,Kabin Buri,2020,1.22040497
52,EA,Prachin Buri,Kabin Buri,2021,1.270681841
46,NE,Maha Sarakham,Kae Dam,2014,0.162172227
46,NE,Maha Sarakham,Kae Dam,2015,0.181952076
46,NE,Maha Sarakham,Kae Dam,2016,0.17137381
46,NE,Maha Sarakham,Kae Dam,2017,0.293736383
46,NE,Maha Sarakham,Kae Dam,2018,0.309706244
46,NE,Maha Sarakham,Kae Dam,2019,0.326436705
46,NE,Maha Sarakham,Kae Dam,2020,0.404056574
46,NE,Maha Sarakham,Kae Dam,2021,0.552635894
9,NE,Chaiyaphum,Kaeng Khlo,2014,0.242385775
9,NE,Chaiyaphum,Kaeng Khlo,2015,0.299075962
9,NE,Chaiyaphum,Kaeng Khlo,2016,0.2981923
9,NE,Chaiyaphum,Kaeng Khlo,2017,0.36795823
9,NE,Chaiyaphum,Kaeng Khlo,2018,0.400373362
9,NE,Chaiyaphum,Kaeng Khlo,2019,0.369389292
9,NE,Chaiyaphum,Kaeng Khlo,2020,0.408895622
9,NE,Chaiyaphum,Kaeng Khlo,2021,0.466385982
17,CE,Saraburi,Kaeng Khoi,2014,1.71495102
17,CE,Saraburi,Kaeng Khoi,2015,1.863930861
17,CE,Saraburi,Kaeng Khoi,2016,1.979355743
17,CE,Saraburi,Kaeng Khoi,2017,2.163788212
17,CE,Saraburi,Kaeng Khoi,2018,2.044960244
17,CE,Saraburi,Kaeng Khoi,2019,2.261987163
17,CE,Saraburi,Kaeng Khoi,2020,2.388041363
17,CE,Saraburi,Kaeng Khoi,2021,2.575019847
8,WE,Phetchaburi,Kaeng Krachan,2014,0.051978423
8,WE,Phetchaburi,Kaeng Krachan,2015,0.063672997
8,WE,Phetchaburi,Kaeng Krachan,2016,0.063349155
8,WE,Phetchaburi,Kaeng Krachan,2017,0.088258051
8,WE,Phetchaburi,Kaeng Krachan,2018,0.088690069
8,WE,Phetchaburi,Kaeng Krachan,2019,0.105639036
8,WE,Phetchaburi,Kaeng Krachan,2020,0.122100835
8,WE,Phetchaburi,Kaeng Krachan,2021,0.138240141
6,NE,Nakhon Ratchasima,Kaeng Sanam Nang,2014,0.276964769
6,NE,Nakhon Ratchasima,Kaeng Sanam Nang,2015,0.279418887
6,NE,Nakhon Ratchasima,Kaeng Sanam Nang,2016,0.287485822
6,NE,Nakhon Ratchasima,Kaeng Sanam Nang,2017,0.351251488
6,NE,Nakhon Ratchasima,Kaeng Sanam Nang,2018,0.453402259
6,NE,Nakhon Ratchasima,Kaeng Sanam Nang,2019,0.413068841
6,NE,Nakhon Ratchasima,Kaeng Sanam Nang,2020,0.37996578
6,NE,Nakhon Ratchasima,Kaeng Sanam Nang,2021,0.400700653
20,NE,Kalasin,Kamalasai,2014,0.424621536
20,NE,Kalasin,Kamalasai,2015,0.544489739
20,NE,Kalasin,Kamalasai,2016,0.591895794
20,NE,Kalasin,Kamalasai,2017,0.792047131
20,NE,Kalasin,Kamalasai,2018,0.836914608
20,NE,Kalasin,Kamalasai,2019,0.764976258
20,NE,Kalasin,Kamalasai,2020,1.037673398
20,NE,Kalasin,Kamalasai,2021,1.289797963
27,BKK&VIC,Nakhon Pathom,Kamphaeng Saen,2014,1.988337679
27,BKK&VIC,Nakhon Pathom,Kamphaeng Saen,2015,2.166131681
27,BKK&VIC,Nakhon Pathom,Kamphaeng Saen,2016,2.147692091
27,BKK&VIC,Nakhon Pathom,Kamphaeng Saen,2017,2.480229007
27,BKK&VIC,Nakhon Pathom,Kamphaeng Saen,2018,2.660183429
27,BKK&VIC,Nakhon Pathom,Kamphaeng Saen,2019,2.793551933
27,BKK&VIC,Nakhon Pathom,Kamphaeng Saen,2020,2.820775733
27,BKK&VIC,Nakhon Pathom,Kamphaeng Saen,2021,3.04549647
11,SO,Surat Thani,Kanchanadit,2014,0.398761569
11,SO,Surat Thani,Kanchanadit,2015,0.385259176
11,SO,Surat Thani,Kanchanadit,2016,0.424204736
11,SO,Surat Thani,Kanchanadit,2017,0.554594793
11,SO,Surat Thani,Kanchanadit,2018,0.605894503
11,SO,Surat Thani,Kanchanadit,2019,0.551593479
11,SO,Surat Thani,Kanchanadit,2020,0.600676292
11,SO,Surat Thani,Kanchanadit,2021,0.631700578
71,EA,Chanthaburi,Kang Hang Maeo,2014,0.039775297
71,EA,Chanthaburi,Kang Hang Maeo,2015,0.047194898
71,EA,Chanthaburi,Kang Hang Maeo,2016,0.060001486
71,EA,Chanthaburi,Kang Hang Maeo,2017,0.076204408
71,EA,Chanthaburi,Kang Hang Maeo,2018,0.092991976
71,EA,Chanthaburi,Kang Hang Maeo,2019,0.107247956
71,EA,Chanthaburi,Kang Hang Maeo,2020,0.137643446
71,EA,Chanthaburi,Kang Hang Maeo,2021,0.170151368
12,NE,Si Sa Ket,Kantharalak,2014,0.154938312
12,NE,Si Sa Ket,Kantharalak,2015,0.17317028
12,NE,Si Sa Ket,Kantharalak,2016,0.157279403
12,NE,Si Sa Ket,Kantharalak,2017,0.213139396
12,NE,Si Sa Ket,Kantharalak,2018,0.250808257
12,NE,Si Sa Ket,Kantharalak,2019,0.297790327
12,NE,Si Sa Ket,Kantharalak,2020,0.335420804
12,NE,Si Sa Ket,Kantharalak,2021,0.42474854
12,NE,Si Sa Ket,Kanthararom,2014,0.165300524
12,NE,Si Sa Ket,Kanthararom,2015,0.188863689
12,NE,Si Sa Ket,Kanthararom,2016,0.181338014
12,NE,Si Sa Ket,Kanthararom,2017,0.314876151
12,NE,Si Sa Ket,Kanthararom,2018,0.323412639
12,NE,Si Sa Ket,Kanthararom,2019,0.394459095
12,NE,Si Sa Ket,Kanthararom,2020,0.465604748
12,NE,Si Sa Ket,Kanthararom,2021,0.534670467
46,NE,Maha Sarakham,Kantharawichai,2014,0.734345916
46,NE,Maha Sarakham,Kantharawichai,2015,0.794420931
46,NE,Maha Sarakham,Kantharawichai,2016,0.848435057
46,NE,Maha Sarakham,Kantharawichai,2017,1.161992175
46,NE,Maha Sarakham,Kantharawichai,2018,1.284699974
46,NE,Maha Sarakham,Kantharawichai,2019,1.222684734
46,NE,Maha Sarakham,Kantharawichai,2020,1.317604656
46,NE,Maha Sarakham,Kantharawichai,2021,1.425004547
47,SO,Trang,Kantrang,2014,0.490181739
47,SO,Trang,Kantrang,2015,0.512280752
47,SO,Trang,Kantrang,2016,0.573321398
47,SO,Trang,Kantrang,2017,0.699165044
47,SO,Trang,Kantrang,2018,0.741550956
47,SO,Trang,Kantrang,2019,0.763673747
47,SO,Trang,Kantrang,2020,0.83739702
47,SO,Trang,Kantrang,2021,0.963138813
75,EA,Sa Kaew,Kao Cha Kan,2014,0.113109443
75,EA,Sa Kaew,Kao Cha Kan,2015,0.22303448
75,EA,Sa Kaew,Kao Cha Kan,2016,0.272181878
75,EA,Sa Kaew,Kao Cha Kan,2017,0.318091485
75,EA,Sa Kaew,Kao Cha Kan,2018,0.363330782
75,EA,Sa Kaew,Kao Cha Kan,2019,0.390426783
75,EA,Sa Kaew,Kao Cha Kan,2020,0.417129974
75,EA,Sa Kaew,Kao Cha Kan,2021,0.462492042
2,NO,Nakhon Sawan,Kao Lieo,2014,0.315432541
2,NO,Nakhon Sawan,Kao Lieo,2015,0.389377819
2,NO,Nakhon Sawan,Kao Lieo,2016,0.389380693
2,NO,Nakhon Sawan,Kao Lieo,2017,0.460913779
2,NO,Nakhon Sawan,Kao Lieo,2018,0.493344462
2,NO,Nakhon Sawan,Kao Lieo,2019,0.58319701
2,NO,Nakhon Sawan,Kao Lieo,2020,0.673348832
2,NO,Nakhon Sawan,Kao Lieo,2021,0.791622894
5,NE,Surin,Kap Choeng,2014,0.081342398
5,NE,Surin,Kap Choeng,2015,0.09535276
5,NE,Surin,Kap Choeng,2016,0.106790949
5,NE,Surin,Kap Choeng,2017,0.161671107
5,NE,Surin,Kap Choeng,2018,0.186125753
5,NE,Surin,Kap Choeng,2019,0.170625954
5,NE,Surin,Kap Choeng,2020,0.231902293
5,NE,Surin,Kap Choeng,2021,0.507015684
22,SO,Ranong,Kapoe,2014,0.082769667
22,SO,Ranong,Kapoe,2015,0.093262424
22,SO,Ranong,Kapoe,2016,0.098878115
22,SO,Ranong,Kapoe,2017,0.117059563
22,SO,Ranong,Kapoe,2018,0.138353432
22,SO,Ranong,Kapoe,2019,0.141283779
22,SO,Ranong,Kapoe,2020,0.162664414
22,SO,Ranong,Kapoe,2021,0.177212321
56,SO,Phangnga,Kapong,2014,0.036117371
56,SO,Phangnga,Kapong,2015,0.062344981
56,SO,Phangnga,Kapong,2016,0.079315827
56,SO,Phangnga,Kapong,2017,0.094032496
56,SO,Phangnga,Kapong,2018,0.107285449
56,SO,Phangnga,Kapong,2019,0.105757071
56,SO,Phangnga,Kapong,2020,0.145150427
56,SO,Phangnga,Kapong,2021,0.204350341
9,NE,Chaiyaphum,Kaset Sombon,2014,0.137090803
9,NE,Chaiyaphum,Kaset Sombon,2015,0.152283098
9,NE,Chaiyaphum,Kaset Sombon,2016,0.143549514
9,NE,Chaiyaphum,Kaset Sombon,2017,0.204874907
9,NE,Chaiyaphum,Kaset Sombon,2018,0.206395412
9,NE,Chaiyaphum,Kaset Sombon,2019,0.208124778
9,NE,Chaiyaphum,Kaset Sombon,2020,0.233133099
9,NE,Chaiyaphum,Kaset Sombon,2021,0.26272898
0,NE,Roi Et,Kaset Wisai,2014,0.142701828
0,NE,Roi Et,Kaset Wisai,2015,0.167875975
0,NE,Roi Et,Kaset Wisai,2016,0.164457805
0,NE,Roi Et,Kaset Wisai,2017,0.253136489
0,NE,Roi Et,Kaset Wisai,2018,0.275944572
0,NE,Roi Et,Kaset Wisai,2019,0.273609721
0,NE,Roi Et,Kaset Wisai,2020,0.317695657
0,NE,Roi Et,Kaset Wisai,2021,0.410990725
44,SO,Phuket,Kathu,2014,9.928659827
44,SO,Phuket,Kathu,2015,9.705771219
44,SO,Phuket,Kathu,2016,10.03036485
44,SO,Phuket,Kathu,2017,10.2472465
44,SO,Phuket,Kathu,2018,10.06204104
44,SO,Phuket,Kathu,2019,10.67539175
44,SO,Phuket,Kathu,2020,10.59132801
44,SO,Phuket,Kathu,2021,9.035580793
49,CE,Singburi,Khai Bang Rachan,2014,0.925945192
49,CE,Singburi,Khai Bang Rachan,2015,1.080163483
49,CE,Singburi,Khai Bang Rachan,2016,1.059249082
49,CE,Singburi,Khai Bang Rachan,2017,1.248993061
49,CE,Singburi,Khai Bang Rachan,2018,1.399981195
49,CE,Singburi,Khai Bang Rachan,2019,1.558874982
49,CE,Singburi,Khai Bang Rachan,2020,1.667777338
49,CE,Singburi,Khai Bang Rachan,2021,1.987321524
31,NE,Yasothon,Kham Khuan Kaeo,2014,0.198288391
31,NE,Yasothon,Kham Khuan Kaeo,2015,0.297882127
31,NE,Yasothon,Kham Khuan Kaeo,2016,0.28577181
31,NE,Yasothon,Kham Khuan Kaeo,2017,0.405940447
31,NE,Yasothon,Kham Khuan Kaeo,2018,0.422291878
31,NE,Yasothon,Kham Khuan Kaeo,2019,0.447928863
31,NE,Yasothon,Kham Khuan Kaeo,2020,0.524588227
31,NE,Yasothon,Kham Khuan Kaeo,2021,0.695195821
20,NE,Kalasin,Kham Muang,2014,0.168101004
20,NE,Kalasin,Kham Muang,2015,0.156963785
20,NE,Kalasin,Kham Muang,2016,0.155282049
20,NE,Kalasin,Kham Muang,2017,0.274286516
20,NE,Kalasin,Kham Muang,2018,0.285854168
20,NE,Kalasin,Kham Muang,2019,0.268499161
20,NE,Kalasin,Kham Muang,2020,0.338103162
20,NE,Kalasin,Kham Muang,2021,0.404290585
6,NE,Nakhon Ratchasima,Kham Sakae Saeng,2014,0.099865372
6,NE,Nakhon Ratchasima,Kham Sakae Saeng,2015,0.134759378
6,NE,Nakhon Ratchasima,Kham Sakae Saeng,2016,0.171962556
6,NE,Nakhon Ratchasima,Kham Sakae Saeng,2017,0.200745765
6,NE,Nakhon Ratchasima,Kham Sakae Saeng,2018,0.214527601
6,NE,Nakhon Ratchasima,Kham Sakae Saeng,2019,0.261650712
6,NE,Nakhon Ratchasima,Kham Sakae Saeng,2020,0.258230753
6,NE,Nakhon Ratchasima,Kham Sakae Saeng,2021,0.338497993
24,NE,Sakon Nakhon,Kham Ta Kla,2014,0.114008981
24,NE,Sakon Nakhon,Kham Ta Kla,2015,0.133696662
24,NE,Sakon Nakhon,Kham Ta Kla,2016,0.14052418
24,NE,Sakon Nakhon,Kham Ta Kla,2017,0.251084722
24,NE,Sakon Nakhon,Kham Ta Kla,2018,0.226056669
24,NE,Sakon Nakhon,Kham Ta Kla,2019,0.201963287
24,NE,Sakon Nakhon,Kham Ta Kla,2020,0.259107012
24,NE,Sakon Nakhon,Kham Ta Kla,2021,0.417993041
6,NE,Nakhon Ratchasima,Kham Thala So,2014,0.471539569
6,NE,Nakhon Ratchasima,Kham Thala So,2015,0.576191674
6,NE,Nakhon Ratchasima,Kham Thala So,2016,0.585402112
6,NE,Nakhon Ratchasima,Kham Thala So,2017,0.725720285
6,NE,Nakhon Ratchasima,Kham Thala So,2018,0.752275301
6,NE,Nakhon Ratchasima,Kham Thala So,2019,0.95003724
6,NE,Nakhon Ratchasima,Kham Thala So,2020,1.376422912
6,NE,Nakhon Ratchasima,Kham Thala So,2021,1.372918938
61,NE,Mukdahan,Khamcha-i,2014,0.086895703
61,NE,Mukdahan,Khamcha-i,2015,0.096102584
61,NE,Mukdahan,Khamcha-i,2016,0.085426575
61,NE,Mukdahan,Khamcha-i,2017,0.142784042
61,NE,Mukdahan,Khamcha-i,2018,0.169860819
61,NE,Mukdahan,Khamcha-i,2019,0.170361017
61,NE,Mukdahan,Khamcha-i,2020,0.232749478
61,NE,Mukdahan,Khamcha-i,2021,0.322892818
14,BKK&VIC,Bangkok,Khan Na Yao,2014,27.23481275
14,BKK&VIC,Bangkok,Khan Na Yao,2015,27.24298663
14,BKK&VIC,Bangkok,Khan Na Yao,2016,28.91129207
14,BKK&VIC,Bangkok,Khan Na Yao,2017,30.8055972
14,BKK&VIC,Bangkok,Khan Na Yao,2018,32.03817944
14,BKK&VIC,Bangkok,Khan Na Yao,2019,33.1475236
14,BKK&VIC,Bangkok,Khan Na Yao,2020,33.67598309
14,BKK&VIC,Bangkok,Khan Na Yao,2021,34.45606376
59,SO,Nakhon Si Thammarat,Khanom,2014,0.956899388
59,SO,Nakhon Si Thammarat,Khanom,2015,0.975414002
59,SO,Nakhon Si Thammarat,Khanom,2016,1.072958992
59,SO,Nakhon Si Thammarat,Khanom,2017,1.10890597
59,SO,Nakhon Si Thammarat,Khanom,2018,1.135552979
59,SO,Nakhon Si Thammarat,Khanom,2019,1.129431106
59,SO,Nakhon Si Thammarat,Khanom,2020,1.122754147
59,SO,Nakhon Si Thammarat,Khanom,2021,1.348560994
36,NO,Kam Phaeng Phet,Khanu Woralaksaburi,2014,0.179128559
36,NO,Kam Phaeng Phet,Khanu Woralaksaburi,2015,0.222516396
36,NO,Kam Phaeng Phet,Khanu Woralaksaburi,2016,0.205755712
36,NO,Kam Phaeng Phet,Khanu Woralaksaburi,2017,0.281811661
36,NO,Kam Phaeng Phet,Khanu Woralaksaburi,2018,0.285756037
36,NO,Kam Phaeng Phet,Khanu Woralaksaburi,2019,0.280670412
36,NO,Kam Phaeng Phet,Khanu Woralaksaburi,2020,0.299919444
36,NO,Kam Phaeng Phet,Khanu Woralaksaburi,2021,0.394617609
55,SO,Phatthalung,Khao Chaison,2014,0.305220983
55,SO,Phatthalung,Khao Chaison,2015,0.331867293
55,SO,Phatthalung,Khao Chaison,2016,0.351473563
55,SO,Phatthalung,Khao Chaison,2017,0.45623704
55,SO,Phatthalung,Khao Chaison,2018,0.67020333
55,SO,Phatthalung,Khao Chaison,2019,0.790819513
55,SO,Phatthalung,Khao Chaison,2020,0.846056286
55,SO,Phatthalung,Khao Chaison,2021,1.117159333
10,NO,Phetchabun,Khao Kho,2014,0.162585049
10,NO,Phetchabun,Khao Kho,2015,0.186277305
10,NO,Phetchabun,Khao Kho,2016,0.215683352
10,NO,Phetchabun,Khao Kho,2017,0.32614958
10,NO,Phetchabun,Khao Kho,2018,0.350087288
10,NO,Phetchabun,Khao Kho,2019,0.434317286
10,NO,Phetchabun,Khao Kho,2020,0.463166764
10,NO,Phetchabun,Khao Kho,2021,0.485245732
63,SO,Krabi,Khao Phanom,2014,0.105074671
63,SO,Krabi,Khao Phanom,2015,0.109118754
63,SO,Krabi,Khao Phanom,2016,0.140135563
63,SO,Krabi,Khao Phanom,2017,0.191551327
63,SO,Krabi,Khao Phanom,2018,0.198060014
63,SO,Krabi,Khao Phanom,2019,0.192776326
63,SO,Krabi,Khao Phanom,2020,0.226999692
63,SO,Krabi,Khao Phanom,2021,0.235820865
29,EA,Trat,Khao Saming,2014,0.198866965
29,EA,Trat,Khao Saming,2015,0.253790309
29,EA,Trat,Khao Saming,2016,0.263159828
29,EA,Trat,Khao Saming,2017,0.33143031
29,EA,Trat,Khao Saming,2018,0.35140916
29,EA,Trat,Khao Saming,2019,0.391967164
29,EA,Trat,Khao Saming,2020,0.395746169
29,EA,Trat,Khao Saming,2021,0.424240196
15,NE,Khon Kaen,Khao Suan Kwang,2014,0.261903957
15,NE,Khon Kaen,Khao Suan Kwang,2015,0.272772153
15,NE,Khon Kaen,Khao Suan Kwang,2016,0.349305581
15,NE,Khon Kaen,Khao Suan Kwang,2017,0.412855027
15,NE,Khon Kaen,Khao Suan Kwang,2018,0.439009501
15,NE,Khon Kaen,Khao Suan Kwang,2019,0.447342935
15,NE,Khon Kaen,Khao Suan Kwang,2020,0.513785424
15,NE,Khon Kaen,Khao Suan Kwang,2021,0.650347276
20,NE,Kalasin,Khao Wong,2014,0.259047654
20,NE,Kalasin,Khao Wong,2015,0.338381928
20,NE,Kalasin,Khao Wong,2016,0.273728611
20,NE,Kalasin,Khao Wong,2017,0.436025326
20,NE,Kalasin,Khao Wong,2018,0.480850695
20,NE,Kalasin,Khao Wong,2019,0.445867218
20,NE,Kalasin,Khao Wong,2020,0.570515385
20,NE,Kalasin,Khao Wong,2021,0.604630469
8,WE,Phetchaburi,Khao Yoi,2014,1.347865948
8,WE,Phetchaburi,Khao Yoi,2015,1.552170337
8,WE,Phetchaburi,Khao Yoi,2016,1.739806939
8,WE,Phetchaburi,Khao Yoi,2017,1.950259419
8,WE,Phetchaburi,Khao Yoi,2018,1.97843782
8,WE,Phetchaburi,Khao Yoi,2019,2.055407111
8,WE,Phetchaburi,Khao Yoi,2020,2.237364248
8,WE,Phetchaburi,Khao Yoi,2021,2.38732564
41,NE,Ubon Ratchathani,Khemarat,2014,0.149672599
41,NE,Ubon Ratchathani,Khemarat,2015,0.174947565
41,NE,Ubon Ratchathani,Khemarat,2016,0.181107401
41,NE,Ubon Ratchathani,Khemarat,2017,0.282707439
41,NE,Ubon Ratchathani,Khemarat,2018,0.278876687
41,NE,Ubon Ratchathani,Khemarat,2019,0.246514977
41,NE,Ubon Ratchathani,Khemarat,2020,0.326132963
41,NE,Ubon Ratchathani,Khemarat,2021,0.499045893
11,SO,Surat Thani,Khian Sa,2014,0.068186931
11,SO,Surat Thani,Khian Sa,2015,0.076341736
11,SO,Surat Thani,Khian Sa,2016,0.11317546
11,SO,Surat Thani,Khian Sa,2017,0.199058224
11,SO,Surat Thani,Khian Sa,2018,0.195107342
11,SO,Surat Thani,Khian Sa,2019,0.190965985
11,SO,Surat Thani,Khian Sa,2020,0.229429297
11,SO,Surat Thani,Khian Sa,2021,0.239061681
7,NO,Sukhothai,Khiri Mat,2014,0.272553656
7,NO,Sukhothai,Khiri Mat,2015,0.200505751
7,NO,Sukhothai,Khiri Mat,2016,0.133549329
7,NO,Sukhothai,Khiri Mat,2017,0.182604461
7,NO,Sukhothai,Khiri Mat,2018,0.191165994
7,NO,Sukhothai,Khiri Mat,2019,0.243887938
7,NO,Sukhothai,Khiri Mat,2020,0.254367671
7,NO,Sukhothai,Khiri Mat,2021,0.312540352
11,SO,Surat Thani,Khiri Ratthanikhom,2014,0.081637849
11,SO,Surat Thani,Khiri Ratthanikhom,2015,0.082576579
11,SO,Surat Thani,Khiri Ratthanikhom,2016,0.103716121
11,SO,Surat Thani,Khiri Ratthanikhom,2017,0.162280531
11,SO,Surat Thani,Khiri Ratthanikhom,2018,0.200174058
11,SO,Surat Thani,Khiri Ratthanikhom,2019,0.185371326
11,SO,Surat Thani,Khiri Ratthanikhom,2020,0.22171431
11,SO,Surat Thani,Khiri Ratthanikhom,2021,0.219147907
75,EA,Sa Kaew,Khlong Hat,2014,0.07241853
75,EA,Sa Kaew,Khlong Hat,2015,0.095246444
75,EA,Sa Kaew,Khlong Hat,2016,0.141528213
75,EA,Sa Kaew,Khlong Hat,2017,0.204552535
75,EA,Sa Kaew,Khlong Hat,2018,0.197267787
75,EA,Sa Kaew,Khlong Hat,2019,0.260351827
75,EA,Sa Kaew,Khlong Hat,2020,0.288551947
75,EA,Sa Kaew,Khlong Hat,2021,0.388501512
43,SO,Songkhla,Khlong Hoi Kong,2014,0.495218851
43,SO,Songkhla,Khlong Hoi Kong,2015,0.659257372
43,SO,Songkhla,Khlong Hoi Kong,2016,0.735282869
43,SO,Songkhla,Khlong Hoi Kong,2017,0.902812996
43,SO,Songkhla,Khlong Hoi Kong,2018,1.014379055
43,SO,Songkhla,Khlong Hoi Kong,2019,0.880239938
43,SO,Songkhla,Khlong Hoi Kong,2020,0.929501543
43,SO,Songkhla,Khlong Hoi Kong,2021,1.040511229
58,BKK&VIC,Pathum Thani,Khlong Luang,2014,9.203667937
58,BKK&VIC,Pathum Thani,Khlong Luang,2015,9.506946399
58,BKK&VIC,Pathum Thani,Khlong Luang,2016,9.499829386
58,BKK&VIC,Pathum Thani,Khlong Luang,2017,10.49463599
58,BKK&VIC,Pathum Thani,Khlong Luang,2018,10.71815033
58,BKK&VIC,Pathum Thani,Khlong Luang,2019,11.02158445
58,BKK&VIC,Pathum Thani,Khlong Luang,2020,10.94379454
58,BKK&VIC,Pathum Thani,Khlong Luang,2021,11.71884291
14,BKK&VIC,Bangkok,Khlong Sam Wa,2014,10.45753543
14,BKK&VIC,Bangkok,Khlong Sam Wa,2015,11.00324186
14,BKK&VIC,Bangkok,Khlong Sam Wa,2016,11.49904285
14,BKK&VIC,Bangkok,Khlong Sam Wa,2017,11.74132693
14,BKK&VIC,Bangkok,Khlong Sam Wa,2018,12.05165544
14,BKK&VIC,Bangkok,Khlong Sam Wa,2019,12.35754759
14,BKK&VIC,Bangkok,Khlong Sam Wa,2020,13.36502701
14,BKK&VIC,Bangkok,Khlong Sam Wa,2021,13.95729378
14,BKK&VIC,Bangkok,Khlong San,2014,42.82811075
14,BKK&VIC,Bangkok,Khlong San,2015,44.44426404
14,BKK&VIC,Bangkok,Khlong San,2016,47.07418848
14,BKK&VIC,Bangkok,Khlong San,2017,45.77111615
14,BKK&VIC,Bangkok,Khlong San,2018,62.48181877
14,BKK&VIC,Bangkok,Khlong San,2019,52.56695906
14,BKK&VIC,Bangkok,Khlong San,2020,46.87639741
14,BKK&VIC,Bangkok,Khlong San,2021,48.40604391
63,SO,Krabi,Khlong Thom,2014,0.17226973
63,SO,Krabi,Khlong Thom,2015,0.228506557
63,SO,Krabi,Khlong Thom,2016,0.277074593
63,SO,Krabi,Khlong Thom,2017,0.411637839
63,SO,Krabi,Khlong Thom,2018,0.459405742
63,SO,Krabi,Khlong Thom,2019,0.477890955
63,SO,Krabi,Khlong Thom,2020,0.528209026
63,SO,Krabi,Khlong Thom,2021,0.585328124
14,BKK&VIC,Bangkok,Khlong Toey,2014,54.96390431
14,BKK&VIC,Bangkok,Khlong Toey,2015,58.5304045
14,BKK&VIC,Bangkok,Khlong Toey,2016,58.60478563
14,BKK&VIC,Bangkok,Khlong Toey,2017,59.42165825
14,BKK&VIC,Bangkok,Khlong Toey,2018,59.91891333
14,BKK&VIC,Bangkok,Khlong Toey,2019,59.81263448
14,BKK&VIC,Bangkok,Khlong Toey,2020,57.09020508
14,BKK&VIC,Bangkok,Khlong Toey,2021,60.20863974
29,EA,Trat,Khlong Yai,2014,0.792196088
29,EA,Trat,Khlong Yai,2015,0.84016189
29,EA,Trat,Khlong Yai,2016,0.76115819
29,EA,Trat,Khlong Yai,2017,0.944961836
29,EA,Trat,Khlong Yai,2018,1.315789661
29,EA,Trat,Khlong Yai,2019,1.504161506
29,EA,Trat,Khlong Yai,2020,2.011288278
29,EA,Trat,Khlong Yai,2021,2.226839465
71,EA,Chanthaburi,Khlung,2014,0.199055741
71,EA,Chanthaburi,Khlung,2015,0.235841449
71,EA,Chanthaburi,Khlung,2016,0.270752744
71,EA,Chanthaburi,Khlung,2017,0.323631897
71,EA,Chanthaburi,Khlung,2018,0.343329832
71,EA,Chanthaburi,Khlung,2019,0.331090346
71,EA,Chanthaburi,Khlung,2020,0.353417305
71,EA,Chanthaburi,Khlung,2021,0.349475571
31,NE,Yasothon,Kho Wang,2014,0.168372091
31,NE,Yasothon,Kho Wang,2015,0.214866226
31,NE,Yasothon,Kho Wang,2016,0.215856001
31,NE,Yasothon,Kho Wang,2017,0.286460018
31,NE,Yasothon,Kho Wang,2018,0.289366102
31,NE,Yasothon,Kho Wang,2019,0.30162363
31,NE,Yasothon,Kho Wang,2020,0.382573179
31,NE,Yasothon,Kho Wang,2021,0.451944689
62,CE,Lop Buri,Khok Charoen,2014,0.061004899
62,CE,Lop Buri,Khok Charoen,2015,0.085176344
62,CE,Lop Buri,Khok Charoen,2016,0.101028326
62,CE,Lop Buri,Khok Charoen,2017,0.227086922
62,CE,Lop Buri,Khok Charoen,2018,0.211306354
62,CE,Lop Buri,Khok Charoen,2019,0.1717228
62,CE,Lop Buri,Khok Charoen,2020,0.191702228
62,CE,Lop Buri,Khok Charoen,2021,0.232489863
57,SO,Pattani,Khok Pho,2014,0.851724862
57,SO,Pattani,Khok Pho,2015,0.965228626
57,SO,Pattani,Khok Pho,2016,1.046798516
57,SO,Pattani,Khok Pho,2017,1.22451245
57,SO,Pattani,Khok Pho,2018,1.292256195
57,SO,Pattani,Khok Pho,2019,1.215496351
57,SO,Pattani,Khok Pho,2020,1.304623774
57,SO,Pattani,Khok Pho,2021,1.423432075
62,CE,Lop Buri,Khok Samrong,2014,0.305643204
62,CE,Lop Buri,Khok Samrong,2015,0.374797591
62,CE,Lop Buri,Khok Samrong,2016,0.407668358
62,CE,Lop Buri,Khok Samrong,2017,0.52129991
62,CE,Lop Buri,Khok Samrong,2018,0.462858788
62,CE,Lop Buri,Khok Samrong,2019,0.503721025
62,CE,Lop Buri,Khok Samrong,2020,0.546047398
62,CE,Lop Buri,Khok Samrong,2021,0.647947678
24,NE,Sakon Nakhon,Khok Sri Supan,2014,0.116236612
24,NE,Sakon Nakhon,Khok Sri Supan,2015,0.162296109
24,NE,Sakon Nakhon,Khok Sri Supan,2016,0.181094126
24,NE,Sakon Nakhon,Khok Sri Supan,2017,0.333766963
24,NE,Sakon Nakhon,Khok Sri Supan,2018,0.377425114
24,NE,Sakon Nakhon,Khok Sri Supan,2019,0.331494485
24,NE,Sakon Nakhon,Khok Sri Supan,2020,0.403955043
24,NE,Sakon Nakhon,Khok Sri Supan,2021,0.573406789
6,NE,Nakhon Ratchasima,Khon Buri,2014,0.085922052
6,NE,Nakhon Ratchasima,Khon Buri,2015,0.113444957
6,NE,Nakhon Ratchasima,Khon Buri,2016,0.127068862
6,NE,Nakhon Ratchasima,Khon Buri,2017,0.161382273
6,NE,Nakhon Ratchasima,Khon Buri,2018,0.153329891
6,NE,Nakhon Ratchasima,Khon Buri,2019,0.153147164
6,NE,Nakhon Ratchasima,Khon Buri,2020,0.157869757
6,NE,Nakhon Ratchasima,Khon Buri,2021,0.211623512
9,NE,Chaiyaphum,Khon San,2014,0.110971834
9,NE,Chaiyaphum,Khon San,2015,0.112383534
9,NE,Chaiyaphum,Khon San,2016,0.103804033
9,NE,Chaiyaphum,Khon San,2017,0.128627188
9,NE,Chaiyaphum,Khon San,2018,0.133871798
9,NE,Chaiyaphum,Khon San,2019,0.131202951
9,NE,Chaiyaphum,Khon San,2020,0.137598832
9,NE,Chaiyaphum,Khon San,2021,0.166068211
9,NE,Chaiyaphum,Khon Sawan,2014,0.23686303
9,NE,Chaiyaphum,Khon Sawan,2015,0.288092691
9,NE,Chaiyaphum,Khon Sawan,2016,0.362740757
9,NE,Chaiyaphum,Khon Sawan,2017,0.35177543
9,NE,Chaiyaphum,Khon Sawan,2018,0.389351285
9,NE,Chaiyaphum,Khon Sawan,2019,0.372315047
9,NE,Chaiyaphum,Khon Sawan,2020,0.406111711
9,NE,Chaiyaphum,Khon Sawan,2021,0.451574265
6,NE,Nakhon Ratchasima,Khong,2014,0.148507524
6,NE,Nakhon Ratchasima,Khong,2015,0.186300349
6,NE,Nakhon Ratchasima,Khong,2016,0.224212253
6,NE,Nakhon Ratchasima,Khong,2017,0.296897238
6,NE,Nakhon Ratchasima,Khong,2018,0.31323358
6,NE,Nakhon Ratchasima,Khong,2019,0.402461525
6,NE,Nakhon Ratchasima,Khong,2020,0.452550314
6,NE,Nakhon Ratchasima,Khong,2021,0.51174493
41,NE,Ubon Ratchathani,Khong Chiam,2014,0.061033786
41,NE,Ubon Ratchathani,Khong Chiam,2015,0.062837994
41,NE,Ubon Ratchathani,Khong Chiam,2016,0.058744119
41,NE,Ubon Ratchathani,Khong Chiam,2017,0.093337114
41,NE,Ubon Ratchathani,Khong Chiam,2018,0.080657954
41,NE,Ubon Ratchathani,Khong Chiam,2019,0.094760748
41,NE,Ubon Ratchathani,Khong Chiam,2020,0.14251249
41,NE,Ubon Ratchathani,Khong Chiam,2021,0.136357522
35,NE,Buri Ram,Khu Muang,2014,0.183167161
35,NE,Buri Ram,Khu Muang,2015,0.230277667
35,NE,Buri Ram,Khu Muang,2016,0.243314406
35,NE,Buri Ram,Khu Muang,2017,0.372074223
35,NE,Buri Ram,Khu Muang,2018,0.454469542
35,NE,Buri Ram,Khu Muang,2019,0.437683653
35,NE,Buri Ram,Khu Muang,2020,0.472366879
35,NE,Buri Ram,Khu Muang,2021,0.656587727
76,SO,Satun,Khuan Don,2014,0.283575903
76,SO,Satun,Khuan Don,2015,0.34937536
76,SO,Satun,Khuan Don,2016,0.471336203
76,SO,Satun,Khuan Don,2017,0.562055259
76,SO,Satun,Khuan Don,2018,0.699910587
76,SO,Satun,Khuan Don,2019,0.696825699
76,SO,Satun,Khuan Don,2020,0.725600051
76,SO,Satun,Khuan Don,2021,0.900867519
76,SO,Satun,Khuan Ka Long,2014,0.192467648
76,SO,Satun,Khuan Ka Long,2015,0.223437953
76,SO,Satun,Khuan Ka Long,2016,0.271239229
76,SO,Satun,Khuan Ka Long,2017,0.356303186
76,SO,Satun,Khuan Ka Long,2018,0.444999437
76,SO,Satun,Khuan Ka Long,2019,0.47806098
76,SO,Satun,Khuan Ka Long,2020,0.553243607
76,SO,Satun,Khuan Ka Long,2021,0.67625686
55,SO,Phatthalung,Khuan Khanun,2014,0.365184624
55,SO,Phatthalung,Khuan Khanun,2015,0.393995193
55,SO,Phatthalung,Khuan Khanun,2016,0.423726164
55,SO,Phatthalung,Khuan Khanun,2017,0.497598082
55,SO,Phatthalung,Khuan Khanun,2018,0.546249242
55,SO,Phatthalung,Khuan Khanun,2019,0.624018587
55,SO,Phatthalung,Khuan Khanun,2020,0.680434862
55,SO,Phatthalung,Khuan Khanun,2021,0.791986199
43,SO,Songkhla,Khuan Niang,2014,0.258537113
43,SO,Songkhla,Khuan Niang,2015,0.326905145
43,SO,Songkhla,Khuan Niang,2016,0.450318932
43,SO,Songkhla,Khuan Niang,2017,0.587472754
43,SO,Songkhla,Khuan Niang,2018,0.613338006
43,SO,Songkhla,Khuan Niang,2019,0.736352964
43,SO,Songkhla,Khuan Niang,2020,0.755375629
43,SO,Songkhla,Khuan Niang,2021,0.940272541
41,NE,Ubon Ratchathani,Khuang Nai,2014,0.296493415
41,NE,Ubon Ratchathani,Khuang Nai,2015,0.324599931
41,NE,Ubon Ratchathani,Khuang Nai,2016,0.285387551
41,NE,Ubon Ratchathani,Khuang Nai,2017,0.396245039
41,NE,Ubon Ratchathani,Khuang Nai,2018,0.399793001
41,NE,Ubon Ratchathani,Khuang Nai,2019,0.409958722
41,NE,Ubon Ratchathani,Khuang Nai,2020,0.491723597
41,NE,Ubon Ratchathani,Khuang Nai,2021,0.563350836
12,NE,Si Sa Ket,Khukhan,2014,0.18181668
12,NE,Si Sa Ket,Khukhan,2015,0.197758513
12,NE,Si Sa Ket,Khukhan,2016,0.18992812
12,NE,Si Sa Ket,Khukhan,2017,0.271466522
12,NE,Si Sa Ket,Khukhan,2018,0.352367533
12,NE,Si Sa Ket,Khukhan,2019,0.368004104
12,NE,Si Sa Ket,Khukhan,2020,0.396083644
12,NE,Si Sa Ket,Khukhan,2021,0.457105107
12,NE,Si Sa Ket,Khun Han,2014,0.089163864
12,NE,Si Sa Ket,Khun Han,2015,0.109420009
12,NE,Si Sa Ket,Khun Han,2016,0.115726597
12,NE,Si Sa Ket,Khun Han,2017,0.208847022
12,NE,Si Sa Ket,Khun Han,2018,0.250168694
12,NE,Si Sa Ket,Khun Han,2019,0.258608503
12,NE,Si Sa Ket,Khun Han,2020,0.309418173
12,NE,Si Sa Ket,Khun Han,2021,0.354483905
25,NO,Chiang Rai,Khun Tan,2014,0.095974723
25,NO,Chiang Rai,Khun Tan,2015,0.32564677
25,NO,Chiang Rai,Khun Tan,2016,0.316238846
25,NO,Chiang Rai,Khun Tan,2017,0.418234622
25,NO,Chiang Rai,Khun Tan,2018,0.43235162
25,NO,Chiang Rai,Khun Tan,2019,0.457030053
25,NO,Chiang Rai,Khun Tan,2020,0.603332657
25,NO,Chiang Rai,Khun Tan,2021,0.63295688
74,NO,Mae Hong Son,Khun Yuam,2014,0.016100138
74,NO,Mae Hong Son,Khun Yuam,2015,0.017089083
74,NO,Mae Hong Son,Khun Yuam,2016,0.01544715
74,NO,Mae Hong Son,Khun Yuam,2017,0.023518116
74,NO,Mae Hong Son,Khun Yuam,2018,0.030445772
74,NO,Mae Hong Son,Khun Yuam,2019,0.033056152
74,NO,Mae Hong Son,Khun Yuam,2020,0.035696362
74,NO,Mae Hong Son,Khun Yuam,2021,0.033957691
56,SO,Phangnga,Khura Buri,2014,0.07353064
56,SO,Phangnga,Khura Buri,2015,0.074881057
56,SO,Phangnga,Khura Buri,2016,0.071302668
56,SO,Phangnga,Khura Buri,2017,0.098024003
56,SO,Phangnga,Khura Buri,2018,0.0858086
56,SO,Phangnga,Khura Buri,2019,0.101719428
56,SO,Phangnga,Khura Buri,2020,0.114110463
56,SO,Phangnga,Khura Buri,2021,0.125804131
51,EA,Rayong,Klaeng,2014,1.438122943
51,EA,Rayong,Klaeng,2015,1.644938283
51,EA,Rayong,Klaeng,2016,1.619547781
51,EA,Rayong,Klaeng,2017,1.763451649
51,EA,Rayong,Klaeng,2018,1.955133518
51,EA,Rayong,Klaeng,2019,1.939913056
51,EA,Rayong,Klaeng,2020,2.085448916
51,EA,Rayong,Klaeng,2021,2.222057341
36,NO,Kam Phaeng Phet,Klong Khlung,2014,0.348226871
36,NO,Kam Phaeng Phet,Klong Khlung,2015,0.438714637
36,NO,Kam Phaeng Phet,Klong Khlung,2016,0.457155344
36,NO,Kam Phaeng Phet,Klong Khlung,2017,0.632674232
36,NO,Kam Phaeng Phet,Klong Khlung,2018,0.689361589
36,NO,Kam Phaeng Phet,Klong Khlung,2019,0.689573945
36,NO,Kam Phaeng Phet,Klong Khlung,2020,0.736910734
36,NO,Kam Phaeng Phet,Klong Khlung,2021,0.942651385
36,NO,Kam Phaeng Phet,Klong Lan,2014,0.051274532
36,NO,Kam Phaeng Phet,Klong Lan,2015,0.085216016
36,NO,Kam Phaeng Phet,Klong Lan,2016,0.097679615
36,NO,Kam Phaeng Phet,Klong Lan,2017,0.122219024
36,NO,Kam Phaeng Phet,Klong Lan,2018,0.119737548
36,NO,Kam Phaeng Phet,Klong Lan,2019,0.117192752
36,NO,Kam Phaeng Phet,Klong Lan,2020,0.118247256
36,NO,Kam Phaeng Phet,Klong Lan,2021,0.145055749
37,NO,Lampang,Ko Kha,2014,0.371972798
37,NO,Lampang,Ko Kha,2015,0.450180122
37,NO,Lampang,Ko Kha,2016,0.431585502
37,NO,Lampang,Ko Kha,2017,0.626223273
37,NO,Lampang,Ko Kha,2018,0.690813219
37,NO,Lampang,Ko Kha,2019,0.728304652
37,NO,Lampang,Ko Kha,2020,0.751701825
37,NO,Lampang,Ko Kha,2021,0.861907673
63,SO,Krabi,Ko Lanta,2014,0.238396745
63,SO,Krabi,Ko Lanta,2015,0.236592829
63,SO,Krabi,Ko Lanta,2016,0.273673085
63,SO,Krabi,Ko Lanta,2017,0.380457107
63,SO,Krabi,Ko Lanta,2018,0.369997398
63,SO,Krabi,Ko Lanta,2019,0.393800979
63,SO,Krabi,Ko Lanta,2020,0.473360277
63,SO,Krabi,Ko Lanta,2021,0.648473661
11,SO,Surat Thani,Ko Phangan,2014,1.22141737
11,SO,Surat Thani,Ko Phangan,2015,1.111664426
11,SO,Surat Thani,Ko Phangan,2016,1.182979271
11,SO,Surat Thani,Ko Phangan,2017,1.389880566
11,SO,Surat Thani,Ko Phangan,2018,1.545030156
11,SO,Surat Thani,Ko Phangan,2019,1.741136222
11,SO,Surat Thani,Ko Phangan,2020,1.928325541
11,SO,Surat Thani,Ko Phangan,2021,1.883503628
11,SO,Surat Thani,Ko Samui,2014,2.727915505
11,SO,Surat Thani,Ko Samui,2015,2.492361013
11,SO,Surat Thani,Ko Samui,2016,2.601441104
11,SO,Surat Thani,Ko Samui,2017,2.730951079
11,SO,Surat Thani,Ko Samui,2018,2.931407051
11,SO,Surat Thani,Ko Samui,2019,2.783507139
11,SO,Surat Thani,Ko Samui,2020,3.00206811
11,SO,Surat Thani,Ko Samui,2021,2.879414233
64,EA,Chon Buri,Ko Sichang,2014,3.08112706
64,EA,Chon Buri,Ko Sichang,2015,3.183415073
64,EA,Chon Buri,Ko Sichang,2016,3.092997379
64,EA,Chon Buri,Ko Sichang,2017,3.317122254
64,EA,Chon Buri,Ko Sichang,2018,3.478930585
64,EA,Chon Buri,Ko Sichang,2019,3.520209271
64,EA,Chon Buri,Ko Sichang,2020,3.438530642
64,EA,Chon Buri,Ko Sichang,2021,3.690101901
56,SO,Phangnga,Ko Yao,2014,0.083824716
56,SO,Phangnga,Ko Yao,2015,0.111214984
56,SO,Phangnga,Ko Yao,2016,0.114715703
56,SO,Phangnga,Ko Yao,2017,0.164269226
56,SO,Phangnga,Ko Yao,2018,0.149402008
56,SO,Phangnga,Ko Yao,2019,0.187679241
56,SO,Phangnga,Ko Yao,2020,0.241650492
56,SO,Phangnga,Ko Yao,2021,0.250428839
7,NO,Sukhothai,Kong Krailat,2014,0.956014998
7,NO,Sukhothai,Kong Krailat,2015,1.035489912
7,NO,Sukhothai,Kong Krailat,2016,1.163442659
7,NO,Sukhothai,Kong Krailat,2017,1.245308566
7,NO,Sukhothai,Kong Krailat,2018,0.842385367
7,NO,Sukhothai,Kong Krailat,2019,0.860384422
7,NO,Sukhothai,Kong Krailat,2020,0.764182713
7,NO,Sukhothai,Kong Krailat,2021,0.977776225
55,SO,Phatthalung,Kong Ra,2014,0.113982568
55,SO,Phatthalung,Kong Ra,2015,0.125314964
55,SO,Phatthalung,Kong Ra,2016,0.134776377
55,SO,Phatthalung,Kong Ra,2017,0.207710438
55,SO,Phatthalung,Kong Ra,2018,0.234389853
55,SO,Phatthalung,Kong Ra,2019,0.273781221
55,SO,Phatthalung,Kong Ra,2020,0.352561974
55,SO,Phatthalung,Kong Ra,2021,0.462612173
46,NE,Maha Sarakham,Kosum Phisai,2014,0.312399837
46,NE,Maha Sarakham,Kosum Phisai,2015,0.353162288
46,NE,Maha Sarakham,Kosum Phisai,2016,0.360561915
46,NE,Maha Sarakham,Kosum Phisai,2017,0.45942845
46,NE,Maha Sarakham,Kosum Phisai,2018,0.525840824
46,NE,Maha Sarakham,Kosum Phisai,2019,0.606433359
46,NE,Maha Sarakham,Kosum Phisai,2020,0.677604294
46,NE,Maha Sarakham,Kosum Phisai,2021,0.764777863
22,SO,Ranong,Kra Buri,2014,0.064629679
22,SO,Ranong,Kra Buri,2015,0.067368107
22,SO,Ranong,Kra Buri,2016,0.070004555
22,SO,Ranong,Kra Buri,2017,0.172475371
22,SO,Ranong,Kra Buri,2018,0.209320999
22,SO,Ranong,Kra Buri,2019,0.220546207
22,SO,Ranong,Kra Buri,2020,0.305728149
22,SO,Ranong,Kra Buri,2021,0.356339822
15,NE,Khon Kaen,Kranuan,2014,0.364475474
15,NE,Khon Kaen,Kranuan,2015,0.403311539
15,NE,Khon Kaen,Kranuan,2016,0.365771328
15,NE,Khon Kaen,Kranuan,2017,0.507183981
15,NE,Khon Kaen,Kranuan,2018,0.634374639
15,NE,Khon Kaen,Kranuan,2019,0.575823289
15,NE,Khon Kaen,Kranuan,2020,0.567257287
15,NE,Khon Kaen,Kranuan,2021,0.63420694
43,SO,Songkhla,Krasae Sinthu,2014,0.132665032
43,SO,Songkhla,Krasae Sinthu,2015,0.115222236
43,SO,Songkhla,Krasae Sinthu,2016,0.131976087
43,SO,Songkhla,Krasae Sinthu,2017,0.214754483
43,SO,Songkhla,Krasae Sinthu,2018,0.263089448
43,SO,Songkhla,Krasae Sinthu,2019,0.265797661
43,SO,Songkhla,Krasae Sinthu,2020,0.389415779
43,SO,Songkhla,Krasae Sinthu,2021,0.532378479
35,NE,Buri Ram,Krasang,2014,0.159504466
35,NE,Buri Ram,Krasang,2015,0.172201288
35,NE,Buri Ram,Krasang,2016,0.183854679
35,NE,Buri Ram,Krasang,2017,0.221082635
35,NE,Buri Ram,Krasang,2018,0.2312676
35,NE,Buri Ram,Krasang,2019,0.214417395
35,NE,Buri Ram,Krasang,2020,0.282077753
35,NE,Buri Ram,Krasang,2021,0.492045826
68,BKK&VIC,Samut Sakhon,Krathum Baen,2014,8.282472613
68,BKK&VIC,Samut Sakhon,Krathum Baen,2015,9.641974153
68,BKK&VIC,Samut Sakhon,Krathum Baen,2016,9.865201202
68,BKK&VIC,Samut Sakhon,Krathum Baen,2017,9.919167971
68,BKK&VIC,Samut Sakhon,Krathum Baen,2018,10.03838417
68,BKK&VIC,Samut Sakhon,Krathum Baen,2019,10.86861206
68,BKK&VIC,Samut Sakhon,Krathum Baen,2020,10.99464712
68,BKK&VIC,Samut Sakhon,Krathum Baen,2021,11.94005442
2,NO,Nakhon Sawan,Krok Phra,2014,0.317134201
2,NO,Nakhon Sawan,Krok Phra,2015,0.404905867
2,NO,Nakhon Sawan,Krok Phra,2016,0.424427145
2,NO,Nakhon Sawan,Krok Phra,2017,0.52057666
2,NO,Nakhon Sawan,Krok Phra,2018,0.526412147
2,NO,Nakhon Sawan,Krok Phra,2019,0.723185912
2,NO,Nakhon Sawan,Krok Phra,2020,0.733379278
2,NO,Nakhon Sawan,Krok Phra,2021,0.868147159
20,NE,Kalasin,Kuchinarai,2014,0.315665142
20,NE,Kalasin,Kuchinarai,2015,0.333744806
20,NE,Kalasin,Kuchinarai,2016,0.331384507
20,NE,Kalasin,Kuchinarai,2017,0.495032082
20,NE,Kalasin,Kuchinarai,2018,0.487898323
20,NE,Kalasin,Kuchinarai,2019,0.511595918
20,NE,Kalasin,Kuchinarai,2020,0.704575073
20,NE,Kalasin,Kuchinarai,2021,0.755328239
42,WE,Phachuap Khiri Khan,Kui Buri,2014,0.209584601
42,WE,Phachuap Khiri Khan,Kui Buri,2015,0.26961203
42,WE,Phachuap Khiri Khan,Kui Buri,2016,0.317881602
42,WE,Phachuap Khiri Khan,Kui Buri,2017,0.422930941
42,WE,Phachuap Khiri Khan,Kui Buri,2018,0.47786659
42,WE,Phachuap Khiri Khan,Kui Buri,2019,0.532866069
42,WE,Phachuap Khiri Khan,Kui Buri,2020,0.585725625
42,WE,Phachuap Khiri Khan,Kui Buri,2021,0.706997656
23,NE,Udon Thani,Kumphawapi,2014,0.405836278
23,NE,Udon Thani,Kumphawapi,2015,0.447879029
23,NE,Udon Thani,Kumphawapi,2016,0.470902087
23,NE,Udon Thani,Kumphawapi,2017,0.639976671
23,NE,Udon Thani,Kumphawapi,2018,0.719421603
23,NE,Udon Thani,Kumphawapi,2019,0.772622817
23,NE,Udon Thani,Kumphawapi,2020,0.803428512
23,NE,Udon Thani,Kumphawapi,2021,0.926271687
24,NE,Sakon Nakhon,Kusuman,2014,0.096260876
24,NE,Sakon Nakhon,Kusuman,2015,0.115605516
24,NE,Sakon Nakhon,Kusuman,2016,0.097906707
24,NE,Sakon Nakhon,Kusuman,2017,0.200660344
24,NE,Sakon Nakhon,Kusuman,2018,0.203598541
24,NE,Sakon Nakhon,Kusuman,2019,0.235965755
24,NE,Sakon Nakhon,Kusuman,2020,0.518461585
24,NE,Sakon Nakhon,Kusuman,2021,0.738751242
24,NE,Sakon Nakhon,Kut Bak,2014,0.032786458
24,NE,Sakon Nakhon,Kut Bak,2015,0.044745399
24,NE,Sakon Nakhon,Kut Bak,2016,0.034673602
24,NE,Sakon Nakhon,Kut Bak,2017,0.079126827
24,NE,Sakon Nakhon,Kut Bak,2018,0.084938091
24,NE,Sakon Nakhon,Kut Bak,2019,0.082107482
24,NE,Sakon Nakhon,Kut Bak,2020,0.106520361
24,NE,Sakon Nakhon,Kut Bak,2021,0.155295869
23,NE,Udon Thani,Kut Chap,2014,0.190215655
23,NE,Udon Thani,Kut Chap,2015,0.236248129
23,NE,Udon Thani,Kut Chap,2016,0.216655102
23,NE,Udon Thani,Kut Chap,2017,0.303781907
23,NE,Udon Thani,Kut Chap,2018,0.323790144
23,NE,Udon Thani,Kut Chap,2019,0.295509814
23,NE,Udon Thani,Kut Chap,2020,0.369573112
23,NE,Udon Thani,Kut Chap,2021,0.432332052
31,NE,Yasothon,Kut Chum,2014,0.122091324
31,NE,Yasothon,Kut Chum,2015,0.141851317
31,NE,Yasothon,Kut Chum,2016,0.123676657
31,NE,Yasothon,Kut Chum,2017,0.22138142
31,NE,Yasothon,Kut Chum,2018,0.23112981
31,NE,Yasothon,Kut Chum,2019,0.224391727
31,NE,Yasothon,Kut Chum,2020,0.267536339
31,NE,Yasothon,Kut Chum,2021,0.331829252
41,NE,Ubon Ratchathani,Kut Khao Pun,2014,0.071584315
41,NE,Ubon Ratchathani,Kut Khao Pun,2015,0.087784029
41,NE,Ubon Ratchathani,Kut Khao Pun,2016,0.119351044
41,NE,Ubon Ratchathani,Kut Khao Pun,2017,0.171445103
41,NE,Ubon Ratchathani,Kut Khao Pun,2018,0.178833538
41,NE,Ubon Ratchathani,Kut Khao Pun,2019,0.157521927
41,NE,Ubon Ratchathani,Kut Khao Pun,2020,0.209991775
41,NE,Ubon Ratchathani,Kut Khao Pun,2021,0.301267442
29,EA,Trat,Laem Ngop,2014,0.402815329
29,EA,Trat,Laem Ngop,2015,0.482765957
29,EA,Trat,Laem Ngop,2016,0.523368458
29,EA,Trat,Laem Ngop,2017,0.660125884
29,EA,Trat,Laem Ngop,2018,0.659559818
29,EA,Trat,Laem Ngop,2019,0.613910354
29,EA,Trat,Laem Ngop,2020,0.612516399
29,EA,Trat,Laem Ngop,2021,0.701536977
71,EA,Chanthaburi,Laem Sing,2014,1.428934428
71,EA,Chanthaburi,Laem Sing,2015,1.576332886
71,EA,Chanthaburi,Laem Sing,2016,1.504739183
71,EA,Chanthaburi,Laem Sing,2017,1.809232208
71,EA,Chanthaburi,Laem Sing,2018,1.884318197
71,EA,Chanthaburi,Laem Sing,2019,1.742182768
71,EA,Chanthaburi,Laem Sing,2020,1.680304681
71,EA,Chanthaburi,Laem Sing,2021,1.771324225
35,NE,Buri Ram,Lahan Sai,2014,0.071397517
35,NE,Buri Ram,Lahan Sai,2015,0.091060868
35,NE,Buri Ram,Lahan Sai,2016,0.098797147
35,NE,Buri Ram,Lahan Sai,2017,0.135885725
35,NE,Buri Ram,Lahan Sai,2018,0.142226576
35,NE,Buri Ram,Lahan Sai,2019,0.153014607
35,NE,Buri Ram,Lahan Sai,2020,0.17718198
35,NE,Buri Ram,Lahan Sai,2021,0.250707501
14,BKK&VIC,Bangkok,Lak Si,2014,27.65203449
14,BKK&VIC,Bangkok,Lak Si,2015,27.77304817
14,BKK&VIC,Bangkok,Lak Si,2016,29.33328856
14,BKK&VIC,Bangkok,Lak Si,2017,29.05890634
14,BKK&VIC,Bangkok,Lak Si,2018,29.43101958
14,BKK&VIC,Bangkok,Lak Si,2019,30.26789786
14,BKK&VIC,Bangkok,Lak Si,2020,30.02325308
14,BKK&VIC,Bangkok,Lak Si,2021,30.68612192
58,BKK&VIC,Pathum Thani,Lam Luk Ka,2014,6.695606663
58,BKK&VIC,Pathum Thani,Lam Luk Ka,2015,7.061128386
58,BKK&VIC,Pathum Thani,Lam Luk Ka,2016,7.348896179
58,BKK&VIC,Pathum Thani,Lam Luk Ka,2017,8.001818384
58,BKK&VIC,Pathum Thani,Lam Luk Ka,2018,8.362134439
58,BKK&VIC,Pathum Thani,Lam Luk Ka,2019,9.078009076
58,BKK&VIC,Pathum Thani,Lam Luk Ka,2020,9.25988968
58,BKK&VIC,Pathum Thani,Lam Luk Ka,2021,10.19057643
35,NE,Buri Ram,Lam Plai Mat,2014,0.199003669
35,NE,Buri Ram,Lam Plai Mat,2015,0.278307222
35,NE,Buri Ram,Lam Plai Mat,2016,0.311873939
35,NE,Buri Ram,Lam Plai Mat,2017,0.377530407
35,NE,Buri Ram,Lam Plai Mat,2018,0.392451924
35,NE,Buri Ram,Lam Plai Mat,2019,0.409147647
35,NE,Buri Ram,Lam Plai Mat,2020,0.454474601
35,NE,Buri Ram,Lam Plai Mat,2021,0.508267913
62,CE,Lop Buri,Lam Son Thi,2014,0.074703908
62,CE,Lop Buri,Lam Son Thi,2015,0.095268682
62,CE,Lop Buri,Lam Son Thi,2016,0.114518876
62,CE,Lop Buri,Lam Son Thi,2017,0.339036315
62,CE,Lop Buri,Lam Son Thi,2018,0.19317378
62,CE,Lop Buri,Lam Son Thi,2019,0.227556224
62,CE,Lop Buri,Lam Son Thi,2020,0.236680794
62,CE,Lop Buri,Lam Son Thi,2021,0.291905877
63,SO,Krabi,Lam Thap,2014,0.16898107
63,SO,Krabi,Lam Thap,2015,0.207873544
63,SO,Krabi,Lam Thap,2016,0.280211825
63,SO,Krabi,Lam Thap,2017,0.321133591
63,SO,Krabi,Lam Thap,2018,0.331431696
63,SO,Krabi,Lam Thap,2019,0.330457811
63,SO,Krabi,Lam Thap,2020,0.372379754
63,SO,Krabi,Lam Thap,2021,0.448006096
19,SO,Chumphon,Lamae,2014,0.191064422
19,SO,Chumphon,Lamae,2015,0.2040742
19,SO,Chumphon,Lamae,2016,0.205970551
19,SO,Chumphon,Lamae,2017,0.266794287
19,SO,Chumphon,Lamae,2018,0.321237095
19,SO,Chumphon,Lamae,2019,0.340886998
19,SO,Chumphon,Lamae,2020,0.424360653
19,SO,Chumphon,Lamae,2021,0.496047613
5,NE,Surin,Lamduan,2014,0.083578678
5,NE,Surin,Lamduan,2015,0.113190773
5,NE,Surin,Lamduan,2016,0.114348482
5,NE,Surin,Lamduan,2017,0.174865287
5,NE,Surin,Lamduan,2018,0.188994936
5,NE,Surin,Lamduan,2019,0.184643056
5,NE,Surin,Lamduan,2020,0.228816427
5,NE,Surin,Lamduan,2021,0.318489973
36,NO,Kam Phaeng Phet,Lan Krabu,2014,1.084437591
36,NO,Kam Phaeng Phet,Lan Krabu,2015,1.069862281
36,NO,Kam Phaeng Phet,Lan Krabu,2016,1.057474333
36,NO,Kam Phaeng Phet,Lan Krabu,2017,1.191888564
36,NO,Kam Phaeng Phet,Lan Krabu,2018,1.077062826
36,NO,Kam Phaeng Phet,Lan Krabu,2019,1.140175794
36,NO,Kam Phaeng Phet,Lan Krabu,2020,1.301319301
36,NO,Kam Phaeng Phet,Lan Krabu,2021,1.495287905
18,NO,Uthai Thani,Lan Sak,2014,0.065092086
18,NO,Uthai Thani,Lan Sak,2015,0.08258873
18,NO,Uthai Thani,Lan Sak,2016,0.07086551
18,NO,Uthai Thani,Lan Sak,2017,0.109376841
18,NO,Uthai Thani,Lan Sak,2018,0.107440796
18,NO,Uthai Thani,Lan Sak,2019,0.103903086
18,NO,Uthai Thani,Lan Sak,2020,0.113450521
18,NO,Uthai Thani,Lan Sak,2021,0.239283778
59,SO,Nakhon Si Thammarat,Lan Saka,2014,0.134929788
59,SO,Nakhon Si Thammarat,Lan Saka,2015,0.13468486
59,SO,Nakhon Si Thammarat,Lan Saka,2016,0.16431069
59,SO,Nakhon Si Thammarat,Lan Saka,2017,0.20674531
59,SO,Nakhon Si Thammarat,Lan Saka,2018,0.237669599
59,SO,Nakhon Si Thammarat,Lan Saka,2019,0.286943366
59,SO,Nakhon Si Thammarat,Lan Saka,2020,0.339346902
59,SO,Nakhon Si Thammarat,Lan Saka,2021,0.405352524
19,SO,Chumphon,Lang Suan,2014,0.457831627
19,SO,Chumphon,Lang Suan,2015,0.439848733
19,SO,Chumphon,Lang Suan,2016,0.460802119
19,SO,Chumphon,Lang Suan,2017,0.532222297
19,SO,Chumphon,Lang Suan,2018,0.544166957
19,SO,Chumphon,Lang Suan,2019,0.571119999
19,SO,Chumphon,Lang Suan,2020,0.60065985
19,SO,Chumphon,Lang Suan,2021,0.626034437
76,SO,Satun,Langu,2014,0.900200793
76,SO,Satun,Langu,2015,0.989319202
76,SO,Satun,Langu,2016,1.00459411
76,SO,Satun,Langu,2017,1.168197843
76,SO,Satun,Langu,2018,1.365323284
76,SO,Satun,Langu,2019,1.270724493
76,SO,Satun,Langu,2020,1.415890136
76,SO,Satun,Langu,2021,1.713000468
73,WE,Kanchanaburi,Lao Khwan,2014,0.108052245
73,WE,Kanchanaburi,Lao Khwan,2015,0.142064341
73,WE,Kanchanaburi,Lao Khwan,2016,0.164157548
73,WE,Kanchanaburi,Lao Khwan,2017,0.226638188
73,WE,Kanchanaburi,Lao Khwan,2018,0.207781025
73,WE,Kanchanaburi,Lao Khwan,2019,0.207728176
73,WE,Kanchanaburi,Lao Khwan,2020,0.239044167
73,WE,Kanchanaburi,Lao Khwan,2021,0.302443729
34,NO,Uttaradit,Laplae,2014,0.358951939
34,NO,Uttaradit,Laplae,2015,0.433148081
34,NO,Uttaradit,Laplae,2016,0.421222538
34,NO,Uttaradit,Laplae,2017,0.589194232
34,NO,Uttaradit,Laplae,2018,0.569814057
34,NO,Uttaradit,Laplae,2019,0.564668653
34,NO,Uttaradit,Laplae,2020,0.591604755
34,NO,Uttaradit,Laplae,2021,0.689150681
53,CE,Phra Nakhon Sri Ayuthaya,Lat Bua Luang,2014,0.92731539
53,CE,Phra Nakhon Sri Ayuthaya,Lat Bua Luang,2015,0.894616461
53,CE,Phra Nakhon Sri Ayuthaya,Lat Bua Luang,2016,1.055511336
53,CE,Phra Nakhon Sri Ayuthaya,Lat Bua Luang,2017,1.201824641
53,CE,Phra Nakhon Sri Ayuthaya,Lat Bua Luang,2018,1.288606289
53,CE,Phra Nakhon Sri Ayuthaya,Lat Bua Luang,2019,1.401006871
53,CE,Phra Nakhon Sri Ayuthaya,Lat Bua Luang,2020,1.515332371
53,CE,Phra Nakhon Sri Ayuthaya,Lat Bua Luang,2021,1.75955722
14,BKK&VIC,Bangkok,Lat Krabang,2014,15.99501588
14,BKK&VIC,Bangkok,Lat Krabang,2015,16.30347491
14,BKK&VIC,Bangkok,Lat Krabang,2016,16.3368314
14,BKK&VIC,Bangkok,Lat Krabang,2017,17.82499179
14,BKK&VIC,Bangkok,Lat Krabang,2018,19.11237593
14,BKK&VIC,Bangkok,Lat Krabang,2019,18.58634722
14,BKK&VIC,Bangkok,Lat Krabang,2020,18.72449218
14,BKK&VIC,Bangkok,Lat Krabang,2021,19.34665811
58,BKK&VIC,Pathum Thani,Lat Lum Kaeo,2014,3.546223965
58,BKK&VIC,Pathum Thani,Lat Lum Kaeo,2015,3.93560951
58,BKK&VIC,Pathum Thani,Lat Lum Kaeo,2016,4.108447536
58,BKK&VIC,Pathum Thani,Lat Lum Kaeo,2017,4.876997107
58,BKK&VIC,Pathum Thani,Lat Lum Kaeo,2018,5.372640345
58,BKK&VIC,Pathum Thani,Lat Lum Kaeo,2019,5.900557723
58,BKK&VIC,Pathum Thani,Lat Lum Kaeo,2020,5.800618351
58,BKK&VIC,Pathum Thani,Lat Lum Kaeo,2021,6.225113763
14,BKK&VIC,Bangkok,Lat Phrao,2014,22.82173215
14,BKK&VIC,Bangkok,Lat Phrao,2015,23.67215873
14,BKK&VIC,Bangkok,Lat Phrao,2016,25.01776768
14,BKK&VIC,Bangkok,Lat Phrao,2017,24.62953015
14,BKK&VIC,Bangkok,Lat Phrao,2018,24.92779548
14,BKK&VIC,Bangkok,Lat Phrao,2019,25.70303844
14,BKK&VIC,Bangkok,Lat Phrao,2020,25.49836226
14,BKK&VIC,Bangkok,Lat Phrao,2021,26.11716179
2,NO,Nakhon Sawan,Lat Yao,2014,0.193820981
2,NO,Nakhon Sawan,Lat Yao,2015,0.269649914
2,NO,Nakhon Sawan,Lat Yao,2016,0.270376601
2,NO,Nakhon Sawan,Lat Yao,2017,0.344078642
2,NO,Nakhon Sawan,Lat Yao,2018,0.38279133
2,NO,Nakhon Sawan,Lat Yao,2019,0.396876702
2,NO,Nakhon Sawan,Lat Yao,2020,0.439017566
2,NO,Nakhon Sawan,Lat Yao,2021,0.5257534
22,SO,Ranong,La-Un,2014,0.098642821
22,SO,Ranong,La-Un,2015,0.102548377
22,SO,Ranong,La-Un,2016,0.102995264
22,SO,Ranong,La-Un,2017,0.138287109
22,SO,Ranong,La-Un,2018,0.167353755
22,SO,Ranong,La-Un,2019,0.161531375
22,SO,Ranong,La-Un,2020,0.198797701
22,SO,Ranong,La-Un,2021,0.231794378
28,NO,Lamphun,Li,2014,0.070828121
28,NO,Lamphun,Li,2015,0.083992271
28,NO,Lamphun,Li,2016,0.083718109
28,NO,Lamphun,Li,2017,0.116318418
28,NO,Lamphun,Li,2018,0.131445126
28,NO,Lamphun,Li,2019,0.142974605
28,NO,Lamphun,Li,2020,0.159313325
28,NO,Lamphun,Li,2021,0.174325673
31,NE,Yasothon,Loeng Nok Tha,2014,0.111011697
31,NE,Yasothon,Loeng Nok Tha,2015,0.142143002
31,NE,Yasothon,Loeng Nok Tha,2016,0.128048844
31,NE,Yasothon,Loeng Nok Tha,2017,0.2282118
31,NE,Yasothon,Loeng Nok Tha,2018,0.21787609
31,NE,Yasothon,Loeng Nok Tha,2019,0.205962632
31,NE,Yasothon,Loeng Nok Tha,2020,0.253920479
31,NE,Yasothon,Loeng Nok Tha,2021,0.315550236
10,NO,Phetchabun,Lom Kao,2014,0.153197993
10,NO,Phetchabun,Lom Kao,2015,0.17466025
10,NO,Phetchabun,Lom Kao,2016,0.172968822
10,NO,Phetchabun,Lom Kao,2017,0.226907513
10,NO,Phetchabun,Lom Kao,2018,0.258025906
10,NO,Phetchabun,Lom Kao,2019,0.267905446
10,NO,Phetchabun,Lom Kao,2020,0.294960886
10,NO,Phetchabun,Lom Kao,2021,0.328190739
10,NO,Phetchabun,Lom Sak,2014,0.286764257
10,NO,Phetchabun,Lom Sak,2015,0.318439301
10,NO,Phetchabun,Lom Sak,2016,0.329480265
10,NO,Phetchabun,Lom Sak,2017,0.425450619
10,NO,Phetchabun,Lom Sak,2018,0.491639742
10,NO,Phetchabun,Lom Sak,2019,0.560980633
10,NO,Phetchabun,Lom Sak,2020,0.563018767
10,NO,Phetchabun,Lom Sak,2021,0.674857938
32,NO,Phrae,Long,2014,0.061667135
32,NO,Phrae,Long,2015,0.087086735
32,NO,Phrae,Long,2016,0.088548644
32,NO,Phrae,Long,2017,0.136071574
32,NO,Phrae,Long,2018,0.136610408
32,NO,Phrae,Long,2019,0.181590021
32,NO,Phrae,Long,2020,0.219932778
32,NO,Phrae,Long,2021,0.255361535
67,NE,Amnat Chareon,Lu Amnat,2014,0.215176639
67,NE,Amnat Chareon,Lu Amnat,2015,0.270154586
67,NE,Amnat Chareon,Lu Amnat,2016,0.305574278
67,NE,Amnat Chareon,Lu Amnat,2017,0.569936631
67,NE,Amnat Chareon,Lu Amnat,2018,0.563748005
67,NE,Amnat Chareon,Lu Amnat,2019,0.575041489
67,NE,Amnat Chareon,Lu Amnat,2020,0.640899923
67,NE,Amnat Chareon,Lu Amnat,2021,0.738834959
65,NO,Chiang Mai,Mae Ai,2014,0.107313665
65,NO,Chiang Mai,Mae Ai,2015,0.136204715
65,NO,Chiang Mai,Mae Ai,2016,0.112680621
65,NO,Chiang Mai,Mae Ai,2017,0.153248318
65,NO,Chiang Mai,Mae Ai,2018,0.162662804
65,NO,Chiang Mai,Mae Ai,2019,0.17713025
65,NO,Chiang Mai,Mae Ai,2020,0.201060862
65,NO,Chiang Mai,Mae Ai,2021,0.215887011
65,NO,Chiang Mai,Mae Chaem,2014,0.016348601
65,NO,Chiang Mai,Mae Chaem,2015,0.016905626
65,NO,Chiang Mai,Mae Chaem,2016,0.018129079
65,NO,Chiang Mai,Mae Chaem,2017,0.026063415
65,NO,Chiang Mai,Mae Chaem,2018,0.031487199
65,NO,Chiang Mai,Mae Chaem,2019,0.030933041
65,NO,Chiang Mai,Mae Chaem,2020,0.036411715
65,NO,Chiang Mai,Mae Chaem,2021,0.033541158
1,NO,Phayao,Mae Chai,2014,0.218943181
1,NO,Phayao,Mae Chai,2015,0.270601655
1,NO,Phayao,Mae Chai,2016,0.230550685
1,NO,Phayao,Mae Chai,2017,0.31651679
1,NO,Phayao,Mae Chai,2018,0.306153311
1,NO,Phayao,Mae Chai,2019,0.312379272
1,NO,Phayao,Mae Chai,2020,0.357836146
1,NO,Phayao,Mae Chai,2021,0.434549053
25,NO,Chiang Rai,Mae Chan,2014,0.428284263
25,NO,Chiang Rai,Mae Chan,2015,0.501898194
25,NO,Chiang Rai,Mae Chan,2016,0.482641196
25,NO,Chiang Rai,Mae Chan,2017,0.631074544
25,NO,Chiang Rai,Mae Chan,2018,0.621376123
25,NO,Chiang Rai,Mae Chan,2019,0.651741366
25,NO,Chiang Rai,Mae Chan,2020,0.686366
25,NO,Chiang Rai,Mae Chan,2021,0.761647142
70,NO,Nan,Mae Charim,2014,0.011937229
70,NO,Nan,Mae Charim,2015,0.013892572
70,NO,Nan,Mae Charim,2016,0.015529965
70,NO,Nan,Mae Charim,2017,0.02432664
70,NO,Nan,Mae Charim,2018,0.020096729
70,NO,Nan,Mae Charim,2019,0.02097048
70,NO,Nan,Mae Charim,2020,0.029005552
70,NO,Nan,Mae Charim,2021,0.035401466
25,NO,Chiang Rai,Mae Fa Luang,2014,0.043575846
25,NO,Chiang Rai,Mae Fa Luang,2015,0.053909189
25,NO,Chiang Rai,Mae Fa Luang,2016,0.053001444
25,NO,Chiang Rai,Mae Fa Luang,2017,0.081273961
25,NO,Chiang Rai,Mae Fa Luang,2018,0.084566763
25,NO,Chiang Rai,Mae Fa Luang,2019,0.094766097
25,NO,Chiang Rai,Mae Fa Luang,2020,0.116947215
25,NO,Chiang Rai,Mae Fa Luang,2021,0.11632139
74,NO,Mae Hong Son,Mae La Noi,2014,0.0181375
74,NO,Mae Hong Son,Mae La Noi,2015,0.019164155
74,NO,Mae Hong Son,Mae La Noi,2016,0.020172977
74,NO,Mae Hong Son,Mae La Noi,2017,0.024095837
74,NO,Mae Hong Son,Mae La Noi,2018,0.029200201
74,NO,Mae Hong Son,Mae La Noi,2019,0.022539913
74,NO,Mae Hong Son,Mae La Noi,2020,0.026687771
74,NO,Mae Hong Son,Mae La Noi,2021,0.028748508
57,SO,Pattani,Mae Lan,2014,0.405492806
57,SO,Pattani,Mae Lan,2015,0.568839506
57,SO,Pattani,Mae Lan,2016,0.874794657
57,SO,Pattani,Mae Lan,2017,0.939873926
57,SO,Pattani,Mae Lan,2018,1.121850367
57,SO,Pattani,Mae Lan,2019,1.081246008
57,SO,Pattani,Mae Lan,2020,1.175116949
57,SO,Pattani,Mae Lan,2021,1.525097353
25,NO,Chiang Rai,Mae Lao,2014,0.436395602
25,NO,Chiang Rai,Mae Lao,2015,0.510540884
25,NO,Chiang Rai,Mae Lao,2016,0.442942436
25,NO,Chiang Rai,Mae Lao,2017,0.593626577
25,NO,Chiang Rai,Mae Lao,2018,0.580929783
25,NO,Chiang Rai,Mae Lao,2019,0.633818992
25,NO,Chiang Rai,Mae Lao,2020,0.738394192
25,NO,Chiang Rai,Mae Lao,2021,0.757071631
37,NO,Lampang,Mae Mo,2014,0.485982182
37,NO,Lampang,Mae Mo,2015,0.495746617
37,NO,Lampang,Mae Mo,2016,0.500056502
37,NO,Lampang,Mae Mo,2017,0.568262355
37,NO,Lampang,Mae Mo,2018,0.588652937
37,NO,Lampang,Mae Mo,2019,0.632974413
37,NO,Lampang,Mae Mo,2020,0.651578365
37,NO,Lampang,Mae Mo,2021,0.7432499
37,NO,Lampang,Mae Phrik,2014,0.078077967
37,NO,Lampang,Mae Phrik,2015,0.101205333
37,NO,Lampang,Mae Phrik,2016,0.080109149
37,NO,Lampang,Mae Phrik,2017,0.109682983
37,NO,Lampang,Mae Phrik,2018,0.113614724
37,NO,Lampang,Mae Phrik,2019,0.125502332
37,NO,Lampang,Mae Phrik,2020,0.14352806
37,NO,Lampang,Mae Phrik,2021,0.149989983
26,NO,Tak,Mae Ramat,2014,0.053395775
26,NO,Tak,Mae Ramat,2015,0.058760778
26,NO,Tak,Mae Ramat,2016,0.055535836
26,NO,Tak,Mae Ramat,2017,0.072185389
26,NO,Tak,Mae Ramat,2018,0.089183375
26,NO,Tak,Mae Ramat,2019,0.089717976
26,NO,Tak,Mae Ramat,2020,0.100162277
26,NO,Tak,Mae Ramat,2021,0.124892593
65,NO,Chiang Mai,Mae Rim,2014,1.296850104
65,NO,Chiang Mai,Mae Rim,2015,1.53166477
65,NO,Chiang Mai,Mae Rim,2016,1.559269332
65,NO,Chiang Mai,Mae Rim,2017,1.754676644
65,NO,Chiang Mai,Mae Rim,2018,1.787219104
65,NO,Chiang Mai,Mae Rim,2019,1.802784736
65,NO,Chiang Mai,Mae Rim,2020,1.901977104
65,NO,Chiang Mai,Mae Rim,2021,1.935482936
25,NO,Chiang Rai,Mae Sai,2014,1.300820239
25,NO,Chiang Rai,Mae Sai,2015,1.475538219
25,NO,Chiang Rai,Mae Sai,2016,1.278875006
25,NO,Chiang Rai,Mae Sai,2017,1.65201966
25,NO,Chiang Rai,Mae Sai,2018,1.659145386
25,NO,Chiang Rai,Mae Sai,2019,1.718131517
25,NO,Chiang Rai,Mae Sai,2020,1.65612768
25,NO,Chiang Rai,Mae Sai,2021,1.805655514
74,NO,Mae Hong Son,Mae Sariang,2014,0.020204099
74,NO,Mae Hong Son,Mae Sariang,2015,0.028229587
74,NO,Mae Hong Son,Mae Sariang,2016,0.027795792
74,NO,Mae Hong Son,Mae Sariang,2017,0.03170198
74,NO,Mae Hong Son,Mae Sariang,2018,0.035278082
74,NO,Mae Hong Son,Mae Sariang,2019,0.036844568
74,NO,Mae Hong Son,Mae Sariang,2020,0.042047688
74,NO,Mae Hong Son,Mae Sariang,2021,0.045221007
26,NO,Tak,Mae Sot,2014,0.349811264
26,NO,Tak,Mae Sot,2015,0.413687468
26,NO,Tak,Mae Sot,2016,0.437562703
26,NO,Tak,Mae Sot,2017,0.555214934
26,NO,Tak,Mae Sot,2018,0.69194886
26,NO,Tak,Mae Sot,2019,0.780035973
26,NO,Tak,Mae Sot,2020,0.954715005
26,NO,Tak,Mae Sot,2021,1.011557096
25,NO,Chiang Rai,Mae Suai,2014,0.059783711
25,NO,Chiang Rai,Mae Suai,2015,0.06921333
25,NO,Chiang Rai,Mae Suai,2016,0.065745924
25,NO,Chiang Rai,Mae Suai,2017,0.095336662
25,NO,Chiang Rai,Mae Suai,2018,0.094314184
25,NO,Chiang Rai,Mae Suai,2019,0.105164037
25,NO,Chiang Rai,Mae Suai,2020,0.121151598
25,NO,Chiang Rai,Mae Suai,2021,0.120700453
65,NO,Chiang Mai,Mae Taeng,2014,0.168393736
65,NO,Chiang Mai,Mae Taeng,2015,0.207018194
65,NO,Chiang Mai,Mae Taeng,2016,0.192109869
65,NO,Chiang Mai,Mae Taeng,2017,0.253546784
65,NO,Chiang Mai,Mae Taeng,2018,0.284699932
65,NO,Chiang Mai,Mae Taeng,2019,0.300623465
65,NO,Chiang Mai,Mae Taeng,2020,0.324646613
65,NO,Chiang Mai,Mae Taeng,2021,0.328748226
37,NO,Lampang,Mae Tha,2014,0.155654102
37,NO,Lampang,Mae Tha,2015,0.20503264
37,NO,Lampang,Mae Tha,2016,0.200148915
37,NO,Lampang,Mae Tha,2017,0.292904115
37,NO,Lampang,Mae Tha,2018,0.308368841
37,NO,Lampang,Mae Tha,2019,0.332427398
37,NO,Lampang,Mae Tha,2020,0.373969055
37,NO,Lampang,Mae Tha,2021,0.404064743
28,NO,Lamphun,Mae Tha,2014,0.153800012
28,NO,Lamphun,Mae Tha,2015,0.181930718
28,NO,Lamphun,Mae Tha,2016,0.188868031
28,NO,Lamphun,Mae Tha,2017,0.256838504
28,NO,Lamphun,Mae Tha,2018,0.288147257
28,NO,Lamphun,Mae Tha,2019,0.307830084
28,NO,Lamphun,Mae Tha,2020,0.312976095
28,NO,Lamphun,Mae Tha,2021,0.330237213
65,NO,Chiang Mai,Mae Wang,2014,0.18858258
65,NO,Chiang Mai,Mae Wang,2015,0.189863378
65,NO,Chiang Mai,Mae Wang,2016,0.174425435
65,NO,Chiang Mai,Mae Wang,2017,0.208760797
65,NO,Chiang Mai,Mae Wang,2018,0.239078146
65,NO,Chiang Mai,Mae Wang,2019,0.239468364
65,NO,Chiang Mai,Mae Wang,2020,0.264622451
65,NO,Chiang Mai,Mae Wang,2021,0.33923987
2,NO,Nakhon Sawan,Mae Wong,2014,0.037475436
2,NO,Nakhon Sawan,Mae Wong,2015,0.068922381
2,NO,Nakhon Sawan,Mae Wong,2016,0.062915166
2,NO,Nakhon Sawan,Mae Wong,2017,0.092830957
2,NO,Nakhon Sawan,Mae Wong,2018,0.087539316
2,NO,Nakhon Sawan,Mae Wong,2019,0.081943738
2,NO,Nakhon Sawan,Mae Wong,2020,0.096828195
2,NO,Nakhon Sawan,Mae Wong,2021,0.099497641
31,NE,Yasothon,Maha Chana Chai,2014,0.204437482
31,NE,Yasothon,Maha Chana Chai,2015,0.263752582
31,NE,Yasothon,Maha Chana Chai,2016,0.26503644
31,NE,Yasothon,Maha Chana Chai,2017,0.386661095
31,NE,Yasothon,Maha Chana Chai,2018,0.39531044
31,NE,Yasothon,Maha Chana Chai,2019,0.394594085
31,NE,Yasothon,Maha Chana Chai,2020,0.474544996
31,NE,Yasothon,Maha Chana Chai,2021,0.626850483
53,CE,Phra Nakhon Sri Ayuthaya,Maha Rat,2014,1.544106947
53,CE,Phra Nakhon Sri Ayuthaya,Maha Rat,2015,1.878782272
53,CE,Phra Nakhon Sri Ayuthaya,Maha Rat,2016,1.992048518
53,CE,Phra Nakhon Sri Ayuthaya,Maha Rat,2017,2.027230008
53,CE,Phra Nakhon Sri Ayuthaya,Maha Rat,2018,2.071542668
53,CE,Phra Nakhon Sri Ayuthaya,Maha Rat,2019,2.281752964
53,CE,Phra Nakhon Sri Ayuthaya,Maha Rat,2020,2.350777847
53,CE,Phra Nakhon Sri Ayuthaya,Maha Rat,2021,2.724534545
57,SO,Pattani,Mai Kaen,2014,0.482918622
57,SO,Pattani,Mai Kaen,2015,0.4239413
57,SO,Pattani,Mai Kaen,2016,0.496298348
57,SO,Pattani,Mai Kaen,2017,0.746816749
57,SO,Pattani,Mai Kaen,2018,0.888613045
57,SO,Pattani,Mai Kaen,2019,0.738433306
57,SO,Pattani,Mai Kaen,2020,0.984463703
57,SO,Pattani,Mai Kaen,2021,1.143048166
71,EA,Chanthaburi,Makham,2014,0.24314159
71,EA,Chanthaburi,Makham,2015,0.327864992
71,EA,Chanthaburi,Makham,2016,0.33856968
71,EA,Chanthaburi,Makham,2017,0.421627225
71,EA,Chanthaburi,Makham,2018,0.489174455
71,EA,Chanthaburi,Makham,2019,0.497567804
71,EA,Chanthaburi,Makham,2020,0.595652619
71,EA,Chanthaburi,Makham,2021,0.718821384
15,NE,Khon Kaen,Mancha Khiri,2014,0.142055933
15,NE,Khon Kaen,Mancha Khiri,2015,0.161534695
15,NE,Khon Kaen,Mancha Khiri,2016,0.155886834
15,NE,Khon Kaen,Mancha Khiri,2017,0.21700115
15,NE,Khon Kaen,Mancha Khiri,2018,0.246806728
15,NE,Khon Kaen,Mancha Khiri,2019,0.24550764
15,NE,Khon Kaen,Mancha Khiri,2020,0.297897285
15,NE,Khon Kaen,Mancha Khiri,2021,0.404788744
66,CE,Chai Nat,Manorom,2014,0.749373522
66,CE,Chai Nat,Manorom,2015,0.897346209
66,CE,Chai Nat,Manorom,2016,1.077769479
66,CE,Chai Nat,Manorom,2017,1.424774301
66,CE,Chai Nat,Manorom,2018,1.519878367
66,CE,Chai Nat,Manorom,2019,1.789686448
66,CE,Chai Nat,Manorom,2020,1.881350831
66,CE,Chai Nat,Manorom,2021,2.234584964
57,SO,Pattani,Mayo,2014,0.678376463
57,SO,Pattani,Mayo,2015,0.744797315
57,SO,Pattani,Mayo,2016,0.850177312
57,SO,Pattani,Mayo,2017,1.072931739
57,SO,Pattani,Mayo,2018,1.187336527
57,SO,Pattani,Mayo,2019,1.095349038
57,SO,Pattani,Mayo,2020,1.22331454
57,SO,Pattani,Mayo,2021,1.252360452
14,BKK&VIC,Bangkok,Min Buri,2014,16.11534472
14,BKK&VIC,Bangkok,Min Buri,2015,16.80458866
14,BKK&VIC,Bangkok,Min Buri,2016,16.96896842
14,BKK&VIC,Bangkok,Min Buri,2017,16.98209501
14,BKK&VIC,Bangkok,Min Buri,2018,17.32829005
14,BKK&VIC,Bangkok,Min Buri,2019,17.79915785
14,BKK&VIC,Bangkok,Min Buri,2020,18.35383841
14,BKK&VIC,Bangkok,Min Buri,2021,18.77796549
0,NE,Roi Et,Moei Wadi,2014,0.173372785
0,NE,Roi Et,Moei Wadi,2015,0.200439205
0,NE,Roi Et,Moei Wadi,2016,0.174733824
0,NE,Roi Et,Moei Wadi,2017,0.296048279
0,NE,Roi Et,Moei Wadi,2018,0.309094682
0,NE,Roi Et,Moei Wadi,2019,0.415124994
0,NE,Roi Et,Moei Wadi,2020,0.48581047
0,NE,Roi Et,Moei Wadi,2021,0.540823448
17,CE,Saraburi,Muak Lek,2014,0.418440472
17,CE,Saraburi,Muak Lek,2015,0.461209461
17,CE,Saraburi,Muak Lek,2016,0.501420509
17,CE,Saraburi,Muak Lek,2017,0.596118921
17,CE,Saraburi,Muak Lek,2018,0.621218535
17,CE,Saraburi,Muak Lek,2019,0.672486504
17,CE,Saraburi,Muak Lek,2020,0.733906154
17,CE,Saraburi,Muak Lek,2021,0.824713309
67,NE,Amnat Chareon,Muang Amnat Chareon,2014,0.387795053
67,NE,Amnat Chareon,Muang Amnat Chareon,2015,0.464086333
67,NE,Amnat Chareon,Muang Amnat Chareon,2016,0.481787094
67,NE,Amnat Chareon,Muang Amnat Chareon,2017,0.634977559
67,NE,Amnat Chareon,Muang Amnat Chareon,2018,0.673490113
67,NE,Amnat Chareon,Muang Amnat Chareon,2019,0.719780495
67,NE,Amnat Chareon,Muang Amnat Chareon,2020,0.862119018
67,NE,Amnat Chareon,Muang Amnat Chareon,2021,0.985459852
45,CE,Ang Thong,Muang Ang Thong,2014,4.260512115
45,CE,Ang Thong,Muang Ang Thong,2015,4.685219503
45,CE,Ang Thong,Muang Ang Thong,2016,4.682644408
45,CE,Ang Thong,Muang Ang Thong,2017,5.14406752
45,CE,Ang Thong,Muang Ang Thong,2018,5.24179904
45,CE,Ang Thong,Muang Ang Thong,2019,5.65613423
45,CE,Ang Thong,Muang Ang Thong,2020,5.683028218
45,CE,Ang Thong,Muang Ang Thong,2021,6.387395033
35,NE,Buri Ram,Muang Buri Ram,2014,0.831116293
35,NE,Buri Ram,Muang Buri Ram,2015,0.917842066
35,NE,Buri Ram,Muang Buri Ram,2016,0.992571529
35,NE,Buri Ram,Muang Buri Ram,2017,1.217028891
35,NE,Buri Ram,Muang Buri Ram,2018,1.360203187
35,NE,Buri Ram,Muang Buri Ram,2019,1.430874231
35,NE,Buri Ram,Muang Buri Ram,2020,1.546456441
35,NE,Buri Ram,Muang Buri Ram,2021,1.656892117
4,EA,Chachoengsao,Muang Chachoengsao,2014,2.991808803
4,EA,Chachoengsao,Muang Chachoengsao,2015,3.242242237
4,EA,Chachoengsao,Muang Chachoengsao,2016,3.424922321
4,EA,Chachoengsao,Muang Chachoengsao,2017,3.678813256
4,EA,Chachoengsao,Muang Chachoengsao,2018,3.619471723
4,EA,Chachoengsao,Muang Chachoengsao,2019,3.932586486
4,EA,Chachoengsao,Muang Chachoengsao,2020,4.154157135
4,EA,Chachoengsao,Muang Chachoengsao,2021,4.609511661
66,CE,Chai Nat,Muang Chai Nat,2014,1.399358643
66,CE,Chai Nat,Muang Chai Nat,2015,1.615943424
66,CE,Chai Nat,Muang Chai Nat,2016,1.678416714
66,CE,Chai Nat,Muang Chai Nat,2017,2.025268353
66,CE,Chai Nat,Muang Chai Nat,2018,2.3522871
66,CE,Chai Nat,Muang Chai Nat,2019,2.587781491
66,CE,Chai Nat,Muang Chai Nat,2020,2.564044544
66,CE,Chai Nat,Muang Chai Nat,2021,3.132161383
9,NE,Chaiyaphum,Muang Chaiyaphum,2014,0.473543596
9,NE,Chaiyaphum,Muang Chaiyaphum,2015,0.56897153
9,NE,Chaiyaphum,Muang Chaiyaphum,2016,0.660290824
9,NE,Chaiyaphum,Muang Chaiyaphum,2017,0.756465311
9,NE,Chaiyaphum,Muang Chaiyaphum,2018,0.806063074
9,NE,Chaiyaphum,Muang Chaiyaphum,2019,0.781545803
9,NE,Chaiyaphum,Muang Chaiyaphum,2020,0.838884334
9,NE,Chaiyaphum,Muang Chaiyaphum,2021,0.904606663
12,NE,Si Sa Ket,Muang Chan,2014,0.053918008
12,NE,Si Sa Ket,Muang Chan,2015,0.072669087
12,NE,Si Sa Ket,Muang Chan,2016,0.067792046
12,NE,Si Sa Ket,Muang Chan,2017,0.249453203
12,NE,Si Sa Ket,Muang Chan,2018,0.300585454
12,NE,Si Sa Ket,Muang Chan,2019,0.327260787
12,NE,Si Sa Ket,Muang Chan,2020,0.400790688
12,NE,Si Sa Ket,Muang Chan,2021,0.61111464
71,EA,Chanthaburi,Muang Chanthaburi,2014,2.678895284
71,EA,Chanthaburi,Muang Chanthaburi,2015,2.789057272
71,EA,Chanthaburi,Muang Chanthaburi,2016,2.860259498
71,EA,Chanthaburi,Muang Chanthaburi,2017,3.087331032
71,EA,Chanthaburi,Muang Chanthaburi,2018,3.2728916
71,EA,Chanthaburi,Muang Chanthaburi,2019,3.491089291
71,EA,Chanthaburi,Muang Chanthaburi,2020,3.546195639
71,EA,Chanthaburi,Muang Chanthaburi,2021,3.757834557
65,NO,Chiang Mai,Muang Chiang Mai,2014,13.20832058
65,NO,Chiang Mai,Muang Chiang Mai,2015,14.12620264
65,NO,Chiang Mai,Muang Chiang Mai,2016,13.18172331
65,NO,Chiang Mai,Muang Chiang Mai,2017,13.87917022
65,NO,Chiang Mai,Muang Chiang Mai,2018,14.27997253
65,NO,Chiang Mai,Muang Chiang Mai,2019,15.25389679
65,NO,Chiang Mai,Muang Chiang Mai,2020,14.63917304
65,NO,Chiang Mai,Muang Chiang Mai,2021,14.45273694
25,NO,Chiang Rai,Muang Chiang Rai,2014,0.718600927
25,NO,Chiang Rai,Muang Chiang Rai,2015,0.790280645
25,NO,Chiang Rai,Muang Chiang Rai,2016,0.803731573
25,NO,Chiang Rai,Muang Chiang Rai,2017,0.969600837
25,NO,Chiang Rai,Muang Chiang Rai,2018,1.043760749
25,NO,Chiang Rai,Muang Chiang Rai,2019,1.257818907
25,NO,Chiang Rai,Muang Chiang Rai,2020,1.392041829
25,NO,Chiang Rai,Muang Chiang Rai,2021,1.416357407
64,EA,Chon Buri,Muang Chon Buri,2014,13.51096283
64,EA,Chon Buri,Muang Chon Buri,2015,13.46581775
64,EA,Chon Buri,Muang Chon Buri,2016,14.13522591
64,EA,Chon Buri,Muang Chon Buri,2017,15.00733782
64,EA,Chon Buri,Muang Chon Buri,2018,15.28433599
64,EA,Chon Buri,Muang Chon Buri,2019,15.60676123
64,EA,Chon Buri,Muang Chon Buri,2020,16.00615027
64,EA,Chon Buri,Muang Chon Buri,2021,17.62858781
19,SO,Chumphon,Muang Chumphon,2014,1.125302336
19,SO,Chumphon,Muang Chumphon,2015,1.142921329
19,SO,Chumphon,Muang Chumphon,2016,1.24856351
19,SO,Chumphon,Muang Chumphon,2017,1.51267685
19,SO,Chumphon,Muang Chumphon,2018,1.625279706
19,SO,Chumphon,Muang Chumphon,2019,1.669188298
19,SO,Chumphon,Muang Chumphon,2020,1.761089193
19,SO,Chumphon,Muang Chumphon,2021,1.963051846
20,NE,Kalasin,Muang Kalasin,2014,0.76407462
20,NE,Kalasin,Muang Kalasin,2015,0.89862942
20,NE,Kalasin,Muang Kalasin,2016,0.951872877
20,NE,Kalasin,Muang Kalasin,2017,1.246334436
20,NE,Kalasin,Muang Kalasin,2018,1.184675417
20,NE,Kalasin,Muang Kalasin,2019,1.161328999
20,NE,Kalasin,Muang Kalasin,2020,1.351990765
20,NE,Kalasin,Muang Kalasin,2021,1.584014301
73,WE,Kanchanaburi,Muang Kanchanaburi,2014,0.640682947
73,WE,Kanchanaburi,Muang Kanchanaburi,2015,0.802908693
73,WE,Kanchanaburi,Muang Kanchanaburi,2016,0.832840977
73,WE,Kanchanaburi,Muang Kanchanaburi,2017,0.947466413
73,WE,Kanchanaburi,Muang Kanchanaburi,2018,1.001525159
73,WE,Kanchanaburi,Muang Kanchanaburi,2019,1.10359043
73,WE,Kanchanaburi,Muang Kanchanaburi,2020,1.098912656
73,WE,Kanchanaburi,Muang Kanchanaburi,2021,1.224906638
15,NE,Khon Kaen,Muang Khon Kaen,2014,2.62948682
15,NE,Khon Kaen,Muang Khon Kaen,2015,2.762365779
15,NE,Khon Kaen,Muang Khon Kaen,2016,2.841288501
15,NE,Khon Kaen,Muang Khon Kaen,2017,3.03967212
15,NE,Khon Kaen,Muang Khon Kaen,2018,3.173317106
15,NE,Khon Kaen,Muang Khon Kaen,2019,3.32196272
15,NE,Khon Kaen,Muang Khon Kaen,2020,3.433845625
15,NE,Khon Kaen,Muang Khon Kaen,2021,3.954691819
63,SO,Krabi,Muang Krabi,2014,0.998717441
63,SO,Krabi,Muang Krabi,2015,1.03019474
63,SO,Krabi,Muang Krabi,2016,1.064501364
63,SO,Krabi,Muang Krabi,2017,1.303453074
63,SO,Krabi,Muang Krabi,2018,1.255470376
63,SO,Krabi,Muang Krabi,2019,1.401214981
63,SO,Krabi,Muang Krabi,2020,1.563712445
63,SO,Krabi,Muang Krabi,2021,1.547088601
37,NO,Lampang,Muang Lampang,2014,0.843724297
37,NO,Lampang,Muang Lampang,2015,0.991363209
37,NO,Lampang,Muang Lampang,2016,0.952799763
37,NO,Lampang,Muang Lampang,2017,1.143413529
37,NO,Lampang,Muang Lampang,2018,1.234990502
37,NO,Lampang,Muang Lampang,2019,1.344553882
37,NO,Lampang,Muang Lampang,2020,1.464599987
37,NO,Lampang,Muang Lampang,2021,1.619453703
28,NO,Lamphun,Muang Lamphun,2014,1.882066049
28,NO,Lamphun,Muang Lamphun,2015,2.109320917
28,NO,Lamphun,Muang Lamphun,2016,2.071726589
28,NO,Lamphun,Muang Lamphun,2017,2.297893266
28,NO,Lamphun,Muang Lamphun,2018,2.441464025
28,NO,Lamphun,Muang Lamphun,2019,2.637431478
28,NO,Lamphun,Muang Lamphun,2020,2.832673447
28,NO,Lamphun,Muang Lamphun,2021,2.937135807
16,NE,Loei,Muang Loei,2014,0.301320211
16,NE,Loei,Muang Loei,2015,0.326989259
16,NE,Loei,Muang Loei,2016,0.328393574
16,NE,Loei,Muang Loei,2017,0.386822287
16,NE,Loei,Muang Loei,2018,0.435636233
16,NE,Loei,Muang Loei,2019,0.477461871
16,NE,Loei,Muang Loei,2020,0.521969413
16,NE,Loei,Muang Loei,2021,0.636737773
62,CE,Lop Buri,Muang Lop Buri,2014,1.397689563
62,CE,Lop Buri,Muang Lop Buri,2015,1.524179734
62,CE,Lop Buri,Muang Lop Buri,2016,1.621345603
62,CE,Lop Buri,Muang Lop Buri,2017,1.817715874
62,CE,Lop Buri,Muang Lop Buri,2018,1.758614975
62,CE,Lop Buri,Muang Lop Buri,2019,1.869887554
62,CE,Lop Buri,Muang Lop Buri,2020,1.915794135
62,CE,Lop Buri,Muang Lop Buri,2021,2.080038974
74,NO,Mae Hong Son,Muang Mae Hong Son,2014,0.061289259
74,NO,Mae Hong Son,Muang Mae Hong Son,2015,0.068236813
74,NO,Mae Hong Son,Muang Mae Hong Son,2016,0.066863315
74,NO,Mae Hong Son,Muang Mae Hong Son,2017,0.087328441
74,NO,Mae Hong Son,Muang Mae Hong Son,2018,0.088778299
74,NO,Mae Hong Son,Muang Mae Hong Son,2019,0.092079307
74,NO,Mae Hong Son,Muang Mae Hong Son,2020,0.104660276
74,NO,Mae Hong Son,Muang Mae Hong Son,2021,0.1105469
46,NE,Maha Sarakham,Muang Maha Sarakam,2014,1.180794533
46,NE,Maha Sarakham,Muang Maha Sarakam,2015,1.280145198
46,NE,Maha Sarakham,Muang Maha Sarakam,2016,1.352190581
46,NE,Maha Sarakham,Muang Maha Sarakam,2017,1.533935311
46,NE,Maha Sarakham,Muang Maha Sarakam,2018,1.661938305
46,NE,Maha Sarakham,Muang Maha Sarakam,2019,1.904753748
46,NE,Maha Sarakham,Muang Maha Sarakam,2020,1.925076008
46,NE,Maha Sarakham,Muang Maha Sarakam,2021,2.062672656
61,NE,Mukdahan,Muang Mukdahan,2014,0.423820317
61,NE,Mukdahan,Muang Mukdahan,2015,0.465862607
61,NE,Mukdahan,Muang Mukdahan,2016,0.473310667
61,NE,Mukdahan,Muang Mukdahan,2017,0.591824296
61,NE,Mukdahan,Muang Mukdahan,2018,0.685455342
61,NE,Mukdahan,Muang Mukdahan,2019,0.734524985
61,NE,Mukdahan,Muang Mukdahan,2020,0.82958303
61,NE,Mukdahan,Muang Mukdahan,2021,0.876202057
60,EA,Nakhon Nayok,Muang Nakhon Nayok,2014,0.625921157
60,EA,Nakhon Nayok,Muang Nakhon Nayok,2015,0.708369217
60,EA,Nakhon Nayok,Muang Nakhon Nayok,2016,0.787936434
60,EA,Nakhon Nayok,Muang Nakhon Nayok,2017,1.015040209
60,EA,Nakhon Nayok,Muang Nakhon Nayok,2018,1.016353898
60,EA,Nakhon Nayok,Muang Nakhon Nayok,2019,1.105017846
60,EA,Nakhon Nayok,Muang Nakhon Nayok,2020,1.148999759
60,EA,Nakhon Nayok,Muang Nakhon Nayok,2021,1.286736664
27,BKK&VIC,Nakhon Pathom,Muang Nakhon Pathom,2014,6.168949438
27,BKK&VIC,Nakhon Pathom,Muang Nakhon Pathom,2015,6.330541762
27,BKK&VIC,Nakhon Pathom,Muang Nakhon Pathom,2016,6.435796178
27,BKK&VIC,Nakhon Pathom,Muang Nakhon Pathom,2017,6.845924374
27,BKK&VIC,Nakhon Pathom,Muang Nakhon Pathom,2018,7.046930521
27,BKK&VIC,Nakhon Pathom,Muang Nakhon Pathom,2019,7.048932518
27,BKK&VIC,Nakhon Pathom,Muang Nakhon Pathom,2020,6.984702711
27,BKK&VIC,Nakhon Pathom,Muang Nakhon Pathom,2021,7.42662935
72,NE,Nakhon Phanom,Muang Nakhon Phanom,2014,0.805120037
72,NE,Nakhon Phanom,Muang Nakhon Phanom,2015,0.964409347
72,NE,Nakhon Phanom,Muang Nakhon Phanom,2016,0.960405957
72,NE,Nakhon Phanom,Muang Nakhon Phanom,2017,1.209436538
72,NE,Nakhon Phanom,Muang Nakhon Phanom,2018,1.302537584
72,NE,Nakhon Phanom,Muang Nakhon Phanom,2019,1.236420845
72,NE,Nakhon Phanom,Muang Nakhon Phanom,2020,1.512933246
72,NE,Nakhon Phanom,Muang Nakhon Phanom,2021,1.929838731
6,NE,Nakhon Ratchasima,Muang Nakhon Ratchasima,2014,3.623344102
6,NE,Nakhon Ratchasima,Muang Nakhon Ratchasima,2015,3.883049351
6,NE,Nakhon Ratchasima,Muang Nakhon Ratchasima,2016,4.259094993
6,NE,Nakhon Ratchasima,Muang Nakhon Ratchasima,2017,4.761213313
6,NE,Nakhon Ratchasima,Muang Nakhon Ratchasima,2018,5.023432975
6,NE,Nakhon Ratchasima,Muang Nakhon Ratchasima,2019,5.34488667
6,NE,Nakhon Ratchasima,Muang Nakhon Ratchasima,2020,5.400887326
6,NE,Nakhon Ratchasima,Muang Nakhon Ratchasima,2021,6.074086636
2,NO,Nakhon Sawan,Muang Nakhon Sawan,2014,1.554309338
2,NO,Nakhon Sawan,Muang Nakhon Sawan,2015,1.74906906
2,NO,Nakhon Sawan,Muang Nakhon Sawan,2016,2.032104692
2,NO,Nakhon Sawan,Muang Nakhon Sawan,2017,2.288891076
2,NO,Nakhon Sawan,Muang Nakhon Sawan,2018,2.283491232
2,NO,Nakhon Sawan,Muang Nakhon Sawan,2019,2.489354698
2,NO,Nakhon Sawan,Muang Nakhon Sawan,2020,2.487751005
2,NO,Nakhon Sawan,Muang Nakhon Sawan,2021,2.773548328
59,SO,Nakhon Si Thammarat,Muang Nakhon Si Thammarat,2014,1.986715276
59,SO,Nakhon Si Thammarat,Muang Nakhon Si Thammarat,2015,2.121914569
59,SO,Nakhon Si Thammarat,Muang Nakhon Si Thammarat,2016,2.207275852
59,SO,Nakhon Si Thammarat,Muang Nakhon Si Thammarat,2017,2.351867876
59,SO,Nakhon Si Thammarat,Muang Nakhon Si Thammarat,2018,2.520491743
59,SO,Nakhon Si Thammarat,Muang Nakhon Si Thammarat,2019,2.596790656
59,SO,Nakhon Si Thammarat,Muang Nakhon Si Thammarat,2020,2.6080303
59,SO,Nakhon Si Thammarat,Muang Nakhon Si Thammarat,2021,2.621910784
70,NO,Nan,Muang Nan,2014,0.304363429
70,NO,Nan,Muang Nan,2015,0.359389611
70,NO,Nan,Muang Nan,2016,0.380751949
70,NO,Nan,Muang Nan,2017,0.468711033
70,NO,Nan,Muang Nan,2018,0.452490133
70,NO,Nan,Muang Nan,2019,0.47837648
70,NO,Nan,Muang Nan,2020,0.537905522
70,NO,Nan,Muang Nan,2021,0.574063366
40,SO,Narathiwat,Muang Narathiwat,2014,1.92385208
40,SO,Narathiwat,Muang Narathiwat,2015,2.077877988
40,SO,Narathiwat,Muang Narathiwat,2016,2.309103271
40,SO,Narathiwat,Muang Narathiwat,2017,2.663149138
40,SO,Narathiwat,Muang Narathiwat,2018,2.830888228
40,SO,Narathiwat,Muang Narathiwat,2019,2.805153316
40,SO,Narathiwat,Muang Narathiwat,2020,2.801553323
40,SO,Narathiwat,Muang Narathiwat,2021,3.385195227
13,NE,Nong Khai,Muang Nong Khai,2014,1.07044242
13,NE,Nong Khai,Muang Nong Khai,2015,1.288958514
13,NE,Nong Khai,Muang Nong Khai,2016,1.447215527
13,NE,Nong Khai,Muang Nong Khai,2017,1.764684814
13,NE,Nong Khai,Muang Nong Khai,2018,2.088646416
13,NE,Nong Khai,Muang Nong Khai,2019,2.098235309
13,NE,Nong Khai,Muang Nong Khai,2020,2.250791761
13,NE,Nong Khai,Muang Nong Khai,2021,2.654371861
3,NE,Nongbua Lamphu,Muang Nongbua Lamphu,2014,0.525472647
3,NE,Nongbua Lamphu,Muang Nongbua Lamphu,2015,0.535305386
3,NE,Nongbua Lamphu,Muang Nongbua Lamphu,2016,0.578715774
3,NE,Nongbua Lamphu,Muang Nongbua Lamphu,2017,0.63263977
3,NE,Nongbua Lamphu,Muang Nongbua Lamphu,2018,0.651689436
3,NE,Nongbua Lamphu,Muang Nongbua Lamphu,2019,0.713756719
3,NE,Nongbua Lamphu,Muang Nongbua Lamphu,2020,0.831260956
3,NE,Nongbua Lamphu,Muang Nongbua Lamphu,2021,1.010620778
38,BKK&VIC,Nonthaburi,Muang Nonthaburi,2014,22.30139535
38,BKK&VIC,Nonthaburi,Muang Nonthaburi,2015,24.39820489
38,BKK&VIC,Nonthaburi,Muang Nonthaburi,2016,24.96107975
38,BKK&VIC,Nonthaburi,Muang Nonthaburi,2017,24.77250039
38,BKK&VIC,Nonthaburi,Muang Nonthaburi,2018,24.98260307
38,BKK&VIC,Nonthaburi,Muang Nonthaburi,2019,25.38251707
38,BKK&VIC,Nonthaburi,Muang Nonthaburi,2020,25.39135864
38,BKK&VIC,Nonthaburi,Muang Nonthaburi,2021,26.47752303
58,BKK&VIC,Pathum Thani,Muang Pathum Thani,2014,14.32347954
58,BKK&VIC,Pathum Thani,Muang Pathum Thani,2015,14.95577691
58,BKK&VIC,Pathum Thani,Muang Pathum Thani,2016,14.76304008
58,BKK&VIC,Pathum Thani,Muang Pathum Thani,2017,14.60473534
58,BKK&VIC,Pathum Thani,Muang Pathum Thani,2018,16.15656666
58,BKK&VIC,Pathum Thani,Muang Pathum Thani,2019,18.33302683
58,BKK&VIC,Pathum Thani,Muang Pathum Thani,2020,17.41398334
58,BKK&VIC,Pathum Thani,Muang Pathum Thani,2021,17.50891429
57,SO,Pattani,Muang Pattani,2014,6.634523462
57,SO,Pattani,Muang Pattani,2015,7.296377258
57,SO,Pattani,Muang Pattani,2016,7.947141291
57,SO,Pattani,Muang Pattani,2017,7.975966453
57,SO,Pattani,Muang Pattani,2018,9.078233513
57,SO,Pattani,Muang Pattani,2019,9.216667536
57,SO,Pattani,Muang Pattani,2020,9.446753789
57,SO,Pattani,Muang Pattani,2021,10.33239255
42,WE,Phachuap Khiri Khan,Muang Phachuap Khiri Khan,2014,0.417210912
42,WE,Phachuap Khiri Khan,Muang Phachuap Khiri Khan,2015,0.476050047
42,WE,Phachuap Khiri Khan,Muang Phachuap Khiri Khan,2016,0.494277221
42,WE,Phachuap Khiri Khan,Muang Phachuap Khiri Khan,2017,0.605006067
42,WE,Phachuap Khiri Khan,Muang Phachuap Khiri Khan,2018,0.669913054
42,WE,Phachuap Khiri Khan,Muang Phachuap Khiri Khan,2019,0.645830784
42,WE,Phachuap Khiri Khan,Muang Phachuap Khiri Khan,2020,0.762535834
42,WE,Phachuap Khiri Khan,Muang Phachuap Khiri Khan,2021,0.873512539
56,SO,Phangnga,Muang Phangnga,2014,0.502547388
56,SO,Phangnga,Muang Phangnga,2015,0.538429175
56,SO,Phangnga,Muang Phangnga,2016,0.564799379
56,SO,Phangnga,Muang Phangnga,2017,0.660627514
56,SO,Phangnga,Muang Phangnga,2018,0.707467473
56,SO,Phangnga,Muang Phangnga,2019,0.709112975
56,SO,Phangnga,Muang Phangnga,2020,0.807050357
56,SO,Phangnga,Muang Phangnga,2021,0.871304431
55,SO,Phatthalung,Muang Phatthalung,2014,1.526050476
55,SO,Phatthalung,Muang Phatthalung,2015,1.719053944
55,SO,Phatthalung,Muang Phatthalung,2016,1.749065508
55,SO,Phatthalung,Muang Phatthalung,2017,1.911064166
55,SO,Phatthalung,Muang Phatthalung,2018,2.103663885
55,SO,Phatthalung,Muang Phatthalung,2019,2.224298469
55,SO,Phatthalung,Muang Phatthalung,2020,2.28785433
55,SO,Phatthalung,Muang Phatthalung,2021,2.624520006
1,NO,Phayao,Muang Phayao,2014,0.538598988
1,NO,Phayao,Muang Phayao,2015,0.624178241
1,NO,Phayao,Muang Phayao,2016,0.588068184
1,NO,Phayao,Muang Phayao,2017,0.75358748
1,NO,Phayao,Muang Phayao,2018,0.81991685
1,NO,Phayao,Muang Phayao,2019,0.866968626
1,NO,Phayao,Muang Phayao,2020,0.953263826
1,NO,Phayao,Muang Phayao,2021,1.055500796
10,NO,Phetchabun,Muang Phetchabun,2014,0.304246518
10,NO,Phetchabun,Muang Phetchabun,2015,0.310578224
10,NO,Phetchabun,Muang Phetchabun,2016,0.321002014
10,NO,Phetchabun,Muang Phetchabun,2017,0.409848245
10,NO,Phetchabun,Muang Phetchabun,2018,0.455585416
10,NO,Phetchabun,Muang Phetchabun,2019,0.476866794
10,NO,Phetchabun,Muang Phetchabun,2020,0.501417622
10,NO,Phetchabun,Muang Phetchabun,2021,0.582912155
8,WE,Phetchaburi,Muang Phetchaburi,2014,4.468219877
8,WE,Phetchaburi,Muang Phetchaburi,2015,4.986063647
8,WE,Phetchaburi,Muang Phetchaburi,2016,5.105762745
8,WE,Phetchaburi,Muang Phetchaburi,2017,5.335788861
8,WE,Phetchaburi,Muang Phetchaburi,2018,5.549653314
8,WE,Phetchaburi,Muang Phetchaburi,2019,5.841363399
8,WE,Phetchaburi,Muang Phetchaburi,2020,5.980567587
8,WE,Phetchaburi,Muang Phetchaburi,2021,6.151497624
54,NO,Phichit,Muang Phichit,2014,0.831105228
54,NO,Phichit,Muang Phichit,2015,0.996582737
54,NO,Phichit,Muang Phichit,2016,0.956814358
54,NO,Phichit,Muang Phichit,2017,1.237785444
54,NO,Phichit,Muang Phichit,2018,1.337812301
54,NO,Phichit,Muang Phichit,2019,1.428692105
54,NO,Phichit,Muang Phichit,2020,1.472630044
54,NO,Phichit,Muang Phichit,2021,1.735115771
21,NO,Phitsanulok,Muang Phitsanulok,2014,2.437489793
21,NO,Phitsanulok,Muang Phitsanulok,2015,2.80586036
21,NO,Phitsanulok,Muang Phitsanulok,2016,2.797529637
21,NO,Phitsanulok,Muang Phitsanulok,2017,3.088562793
21,NO,Phitsanulok,Muang Phitsanulok,2018,3.108294154
21,NO,Phitsanulok,Muang Phitsanulok,2019,3.337357863
21,NO,Phitsanulok,Muang Phitsanulok,2020,3.321483223
21,NO,Phitsanulok,Muang Phitsanulok,2021,3.785609026
32,NO,Phrae,Muang Phrae,2014,0.647570169
32,NO,Phrae,Muang Phrae,2015,0.72046742
32,NO,Phrae,Muang Phrae,2016,0.728001251
32,NO,Phrae,Muang Phrae,2017,0.906831483
32,NO,Phrae,Muang Phrae,2018,0.927187519
32,NO,Phrae,Muang Phrae,2019,1.024270604
32,NO,Phrae,Muang Phrae,2020,1.042387453
32,NO,Phrae,Muang Phrae,2021,1.164593866
44,SO,Phuket,Muang Phuket,2014,9.614118153
44,SO,Phuket,Muang Phuket,2015,9.749547151
44,SO,Phuket,Muang Phuket,2016,10.28561653
44,SO,Phuket,Muang Phuket,2017,11.13359792
44,SO,Phuket,Muang Phuket,2018,11.27110265
44,SO,Phuket,Muang Phuket,2019,12.02363166
44,SO,Phuket,Muang Phuket,2020,11.74630192
44,SO,Phuket,Muang Phuket,2021,11.41530795
52,EA,Prachin Buri,Muang Prachin Buri,2014,1.133531852
52,EA,Prachin Buri,Muang Prachin Buri,2015,1.328605728
52,EA,Prachin Buri,Muang Prachin Buri,2016,1.388703005
52,EA,Prachin Buri,Muang Prachin Buri,2017,1.568895245
52,EA,Prachin Buri,Muang Prachin Buri,2018,1.611356292
52,EA,Prachin Buri,Muang Prachin Buri,2019,1.722112191
52,EA,Prachin Buri,Muang Prachin Buri,2020,2.011087898
52,EA,Prachin Buri,Muang Prachin Buri,2021,2.377196507
22,SO,Ranong,Muang Ranong,2014,0.792055164
22,SO,Ranong,Muang Ranong,2015,0.822090191
22,SO,Ranong,Muang Ranong,2016,0.836133414
22,SO,Ranong,Muang Ranong,2017,0.945632678
22,SO,Ranong,Muang Ranong,2018,0.973494266
22,SO,Ranong,Muang Ranong,2019,1.002008298
22,SO,Ranong,Muang Ranong,2020,1.056119807
22,SO,Ranong,Muang Ranong,2021,1.137225045
30,WE,Ratchaburi,Muang Ratchaburi,2014,3.587613672
30,WE,Ratchaburi,Muang Ratchaburi,2015,3.759441158
30,WE,Ratchaburi,Muang Ratchaburi,2016,3.663064759
30,WE,Ratchaburi,Muang Ratchaburi,2017,3.875640896
30,WE,Ratchaburi,Muang Ratchaburi,2018,3.949931544
30,WE,Ratchaburi,Muang Ratchaburi,2019,4.084212931
30,WE,Ratchaburi,Muang Ratchaburi,2020,4.248341415
30,WE,Ratchaburi,Muang Ratchaburi,2021,4.655564956
51,EA,Rayong,Muang Rayong,2014,11.42509307
51,EA,Rayong,Muang Rayong,2015,11.32573947
51,EA,Rayong,Muang Rayong,2016,12.12923569
51,EA,Rayong,Muang Rayong,2017,13.13878882
51,EA,Rayong,Muang Rayong,2018,12.45373861
51,EA,Rayong,Muang Rayong,2019,13.31181213
51,EA,Rayong,Muang Rayong,2020,13.57165759
51,EA,Rayong,Muang Rayong,2021,19.13914991
0,NE,Roi Et,Muang Roi Et,2014,1.412473456
0,NE,Roi Et,Muang Roi Et,2015,1.468391234
0,NE,Roi Et,Muang Roi Et,2016,1.53721045
0,NE,Roi Et,Muang Roi Et,2017,1.939447132
0,NE,Roi Et,Muang Roi Et,2018,2.016021905
0,NE,Roi Et,Muang Roi Et,2019,2.057580781
0,NE,Roi Et,Muang Roi Et,2020,2.296059982
0,NE,Roi Et,Muang Roi Et,2021,2.77998967
75,EA,Sa Kaew,Muang Sa Kaew,2014,0.2850903
75,EA,Sa Kaew,Muang Sa Kaew,2015,0.359440472
75,EA,Sa Kaew,Muang Sa Kaew,2016,0.385403811
75,EA,Sa Kaew,Muang Sa Kaew,2017,0.464431164
75,EA,Sa Kaew,Muang Sa Kaew,2018,0.504282044
75,EA,Sa Kaew,Muang Sa Kaew,2019,0.545123557
75,EA,Sa Kaew,Muang Sa Kaew,2020,0.550746924
75,EA,Sa Kaew,Muang Sa Kaew,2021,0.604169309
24,NE,Sakon Nakhon,Muang Sakon Nakhon,2014,0.866806903
24,NE,Sakon Nakhon,Muang Sakon Nakhon,2015,0.969820814
24,NE,Sakon Nakhon,Muang Sakon Nakhon,2016,0.949499686
24,NE,Sakon Nakhon,Muang Sakon Nakhon,2017,1.209906288
24,NE,Sakon Nakhon,Muang Sakon Nakhon,2018,1.269673701
24,NE,Sakon Nakhon,Muang Sakon Nakhon,2019,1.283293257
24,NE,Sakon Nakhon,Muang Sakon Nakhon,2020,1.45599161
24,NE,Sakon Nakhon,Muang Sakon Nakhon,2021,1.704335071
41,NE,Ubon Ratchathani,Muang Samsip,2014,0.175396366
41,NE,Ubon Ratchathani,Muang Samsip,2015,0.192971846
41,NE,Ubon Ratchathani,Muang Samsip,2016,0.200987257
41,NE,Ubon Ratchathani,Muang Samsip,2017,0.375254452
41,NE,Ubon Ratchathani,Muang Samsip,2018,0.365064522
41,NE,Ubon Ratchathani,Muang Samsip,2019,0.3665451
41,NE,Ubon Ratchathani,Muang Samsip,2020,0.442576852
41,NE,Ubon Ratchathani,Muang Samsip,2021,0.542560601
69,BKK&VIC,Samut Prakan,Muang Samut Prakan,2014,17.57023572
69,BKK&VIC,Samut Prakan,Muang Samut Prakan,2015,18.82964173
69,BKK&VIC,Samut Prakan,Muang Samut Prakan,2016,20.0930312
69,BKK&VIC,Samut Prakan,Muang Samut Prakan,2017,20.82225993
69,BKK&VIC,Samut Prakan,Muang Samut Prakan,2018,21.74393324
69,BKK&VIC,Samut Prakan,Muang Samut Prakan,2019,23.38672989
69,BKK&VIC,Samut Prakan,Muang Samut Prakan,2020,24.18378026
69,BKK&VIC,Samut Prakan,Muang Samut Prakan,2021,25.27151448
68,BKK&VIC,Samut Sakhon,Muang Samut Sakhon,2014,6.189354985
68,BKK&VIC,Samut Sakhon,Muang Samut Sakhon,2015,6.846535936
68,BKK&VIC,Samut Sakhon,Muang Samut Sakhon,2016,7.002240229
68,BKK&VIC,Samut Sakhon,Muang Samut Sakhon,2017,7.616656377
68,BKK&VIC,Samut Sakhon,Muang Samut Sakhon,2018,7.856275191
68,BKK&VIC,Samut Sakhon,Muang Samut Sakhon,2019,8.219090662
68,BKK&VIC,Samut Sakhon,Muang Samut Sakhon,2020,8.508724888
68,BKK&VIC,Samut Sakhon,Muang Samut Sakhon,2021,9.25681389
50,WE,Samut Songkhram,Muang Samut Songkhram,2014,3.687518961
50,WE,Samut Songkhram,Muang Samut Songkhram,2015,3.967874553
50,WE,Samut Songkhram,Muang Samut Songkhram,2016,4.074342802
50,WE,Samut Songkhram,Muang Samut Songkhram,2017,5.038335721
50,WE,Samut Songkhram,Muang Samut Songkhram,2018,5.69297568
50,WE,Samut Songkhram,Muang Samut Songkhram,2019,5.702181109
50,WE,Samut Songkhram,Muang Samut Songkhram,2020,5.669724463
50,WE,Samut Songkhram,Muang Samut Songkhram,2021,6.167007071
17,CE,Saraburi,Muang Saraburi,2014,5.1579943
17,CE,Saraburi,Muang Saraburi,2015,5.297118917
17,CE,Saraburi,Muang Saraburi,2016,5.529214246
17,CE,Saraburi,Muang Saraburi,2017,5.985235264
17,CE,Saraburi,Muang Saraburi,2018,5.816109823
17,CE,Saraburi,Muang Saraburi,2019,6.84026637
17,CE,Saraburi,Muang Saraburi,2020,7.00134332
17,CE,Saraburi,Muang Saraburi,2021,6.980138342
76,SO,Satun,Muang Satun,2014,0.653055922
76,SO,Satun,Muang Satun,2015,0.656621665
76,SO,Satun,Muang Satun,2016,0.70910708
76,SO,Satun,Muang Satun,2017,0.809613433
76,SO,Satun,Muang Satun,2018,0.818654531
76,SO,Satun,Muang Satun,2019,0.845499709
76,SO,Satun,Muang Satun,2020,0.866859804
76,SO,Satun,Muang Satun,2021,0.931732161
12,NE,Si Sa Ket,Muang Si Sa Ket,2014,0.849694644
12,NE,Si Sa Ket,Muang Si Sa Ket,2015,0.923292245
12,NE,Si Sa Ket,Muang Si Sa Ket,2016,0.992223181
12,NE,Si Sa Ket,Muang Si Sa Ket,2017,1.223172334
12,NE,Si Sa Ket,Muang Si Sa Ket,2018,1.25440515
12,NE,Si Sa Ket,Muang Si Sa Ket,2019,1.323683951
12,NE,Si Sa Ket,Muang Si Sa Ket,2020,1.581761683
12,NE,Si Sa Ket,Muang Si Sa Ket,2021,1.883270855
49,CE,Singburi,Muang Singburi,2014,2.908719158
49,CE,Singburi,Muang Singburi,2015,3.316450286
49,CE,Singburi,Muang Singburi,2016,3.71211338
49,CE,Singburi,Muang Singburi,2017,4.184734097
49,CE,Singburi,Muang Singburi,2018,4.422209935
49,CE,Singburi,Muang Singburi,2019,4.258261558
49,CE,Singburi,Muang Singburi,2020,4.178208386
49,CE,Singburi,Muang Singburi,2021,4.358929841
43,SO,Songkhla,Muang Songkhla,2014,4.274793185
43,SO,Songkhla,Muang Songkhla,2015,4.629953681
43,SO,Songkhla,Muang Songkhla,2016,4.853620794
43,SO,Songkhla,Muang Songkhla,2017,5.122979968
43,SO,Songkhla,Muang Songkhla,2018,5.630481248
43,SO,Songkhla,Muang Songkhla,2019,6.100263435
43,SO,Songkhla,Muang Songkhla,2020,6.248591612
43,SO,Songkhla,Muang Songkhla,2021,6.272589452
0,NE,Roi Et,Muang Suang,2014,0.153663411
0,NE,Roi Et,Muang Suang,2015,0.203385559
0,NE,Roi Et,Muang Suang,2016,0.183842672
0,NE,Roi Et,Muang Suang,2017,0.308985615
0,NE,Roi Et,Muang Suang,2018,0.364362976
0,NE,Roi Et,Muang Suang,2019,0.374372451
0,NE,Roi Et,Muang Suang,2020,0.413524299
0,NE,Roi Et,Muang Suang,2021,0.535497541
7,NO,Sukhothai,Muang Sukhothai,2014,0.995287106
7,NO,Sukhothai,Muang Sukhothai,2015,1.071380696
7,NO,Sukhothai,Muang Sukhothai,2016,1.108732109
7,NO,Sukhothai,Muang Sukhothai,2017,1.375769222
7,NO,Sukhothai,Muang Sukhothai,2018,1.349234706
7,NO,Sukhothai,Muang Sukhothai,2019,1.428054546
7,NO,Sukhothai,Muang Sukhothai,2020,1.524572105
7,NO,Sukhothai,Muang Sukhothai,2021,1.753378716
48,WE,Suphan Buri,Muang Suphanburi,2014,3.041396266
48,WE,Suphan Buri,Muang Suphanburi,2015,3.385589919
48,WE,Suphan Buri,Muang Suphanburi,2016,3.493596479
48,WE,Suphan Buri,Muang Suphanburi,2017,3.70208835
48,WE,Suphan Buri,Muang Suphanburi,2018,3.826781077
48,WE,Suphan Buri,Muang Suphanburi,2019,3.77064448
48,WE,Suphan Buri,Muang Suphanburi,2020,3.795549893
48,WE,Suphan Buri,Muang Suphanburi,2021,4.463818052
11,SO,Surat Thani,Muang Surat Thani,2014,3.023924643
11,SO,Surat Thani,Muang Surat Thani,2015,3.014356943
11,SO,Surat Thani,Muang Surat Thani,2016,3.273119728
11,SO,Surat Thani,Muang Surat Thani,2017,3.808482163
11,SO,Surat Thani,Muang Surat Thani,2018,4.129520332
11,SO,Surat Thani,Muang Surat Thani,2019,4.28685004
11,SO,Surat Thani,Muang Surat Thani,2020,4.657986312
11,SO,Surat Thani,Muang Surat Thani,2021,5.129158822
5,NE,Surin,Muang Surin,2014,0.605768339
5,NE,Surin,Muang Surin,2015,0.717881688
5,NE,Surin,Muang Surin,2016,0.808629104
5,NE,Surin,Muang Surin,2017,1.008325554
5,NE,Surin,Muang Surin,2018,1.107410005
5,NE,Surin,Muang Surin,2019,1.205786211
5,NE,Surin,Muang Surin,2020,1.26242746
5,NE,Surin,Muang Surin,2021,1.371900948
26,NO,Tak,Muang Tak,2014,0.320727252
26,NO,Tak,Muang Tak,2015,0.367729463
26,NO,Tak,Muang Tak,2016,0.371635108
26,NO,Tak,Muang Tak,2017,0.460136194
26,NO,Tak,Muang Tak,2018,0.466195483
26,NO,Tak,Muang Tak,2019,0.497534659
26,NO,Tak,Muang Tak,2020,0.478821208
26,NO,Tak,Muang Tak,2021,0.529654678
47,SO,Trang,Muang Trang,2014,1.847063858
47,SO,Trang,Muang Trang,2015,2.024496825
47,SO,Trang,Muang Trang,2016,2.180585553
47,SO,Trang,Muang Trang,2017,2.416927484
47,SO,Trang,Muang Trang,2018,2.651810825
47,SO,Trang,Muang Trang,2019,2.701504827
47,SO,Trang,Muang Trang,2020,2.843704424
47,SO,Trang,Muang Trang,2021,3.006026831
29,EA,Trat,Muang Trat,2014,0.301578565
29,EA,Trat,Muang Trat,2015,0.32772352
29,EA,Trat,Muang Trat,2016,0.328649741
29,EA,Trat,Muang Trat,2017,0.428968605
29,EA,Trat,Muang Trat,2018,0.479882335
29,EA,Trat,Muang Trat,2019,0.561804658
29,EA,Trat,Muang Trat,2020,0.631031502
29,EA,Trat,Muang Trat,2021,0.643793787
41,NE,Ubon Ratchathani,Muang Ubon Ratchatani,2014,1.851148295
41,NE,Ubon Ratchathani,Muang Ubon Ratchatani,2015,1.95915123
41,NE,Ubon Ratchathani,Muang Ubon Ratchatani,2016,2.008092763
41,NE,Ubon Ratchathani,Muang Ubon Ratchatani,2017,2.401140185
41,NE,Ubon Ratchathani,Muang Ubon Ratchatani,2018,2.599895547
41,NE,Ubon Ratchathani,Muang Ubon Ratchatani,2019,2.788210011
41,NE,Ubon Ratchathani,Muang Ubon Ratchatani,2020,2.922121948
41,NE,Ubon Ratchathani,Muang Ubon Ratchatani,2021,3.459448935
23,NE,Udon Thani,Muang Udon Thani,2014,1.552673527
23,NE,Udon Thani,Muang Udon Thani,2015,1.678721338
23,NE,Udon Thani,Muang Udon Thani,2016,1.730203884
23,NE,Udon Thani,Muang Udon Thani,2017,1.992632848
23,NE,Udon Thani,Muang Udon Thani,2018,2.0602686
23,NE,Udon Thani,Muang Udon Thani,2019,2.047599818
23,NE,Udon Thani,Muang Udon Thani,2020,2.249510729
23,NE,Udon Thani,Muang Udon Thani,2021,2.533110092
18,NO,Uthai Thani,Muang Uthai Thani,2014,1.410270563
18,NO,Uthai Thani,Muang Uthai Thani,2015,1.626083856
18,NO,Uthai Thani,Muang Uthai Thani,2016,1.740597524
18,NO,Uthai Thani,Muang Uthai Thani,2017,2.106098742
18,NO,Uthai Thani,Muang Uthai Thani,2018,2.403735397
18,NO,Uthai Thani,Muang Uthai Thani,2019,2.584529579
18,NO,Uthai Thani,Muang Uthai Thani,2020,2.688340621
18,NO,Uthai Thani,Muang Uthai Thani,2021,3.054184517
34,NO,Uttaradit,Muang Uttaradit,2014,0.969369294
34,NO,Uttaradit,Muang Uttaradit,2015,1.115050141
34,NO,Uttaradit,Muang Uttaradit,2016,1.101763422
34,NO,Uttaradit,Muang Uttaradit,2017,1.295928486
34,NO,Uttaradit,Muang Uttaradit,2018,1.287712875
34,NO,Uttaradit,Muang Uttaradit,2019,1.396058995
34,NO,Uttaradit,Muang Uttaradit,2020,1.525388457
34,NO,Uttaradit,Muang Uttaradit,2021,1.931066805
33,SO,Yala,Muang Yala,2014,2.456835997
33,SO,Yala,Muang Yala,2015,2.831652797
33,SO,Yala,Muang Yala,2016,2.870094521
33,SO,Yala,Muang Yala,2017,3.132965012
33,SO,Yala,Muang Yala,2018,3.430641545
33,SO,Yala,Muang Yala,2019,3.452403586
33,SO,Yala,Muang Yala,2020,3.384666858
33,SO,Yala,Muang Yala,2021,3.888859908
36,NO,Kam Phaeng Phet,Muang Kam Phaeng Phet,2014,0.584798285
36,NO,Kam Phaeng Phet,Muang Kam Phaeng Phet,2015,0.718723712
36,NO,Kam Phaeng Phet,Muang Kam Phaeng Phet,2016,0.796628179
36,NO,Kam Phaeng Phet,Muang Kam Phaeng Phet,2017,1.005866986
36,NO,Kam Phaeng Phet,Muang Kam Phaeng Phet,2018,1.059354586
36,NO,Kam Phaeng Phet,Muang Kam Phaeng Phet,2019,1.120421811
36,NO,Kam Phaeng Phet,Muang Kam Phaeng Phet,2020,1.20405575
36,NO,Kam Phaeng Phet,Muang Kam Phaeng Phet,2021,1.426415407
37,NO,Lampang,Muang Pan,2014,0.051437964
37,NO,Lampang,Muang Pan,2015,0.061741517
37,NO,Lampang,Muang Pan,2016,0.070457909
37,NO,Lampang,Muang Pan,2017,0.102375207
37,NO,Lampang,Muang Pan,2018,0.122134113
37,NO,Lampang,Muang Pan,2019,0.131913617
37,NO,Lampang,Muang Pan,2020,0.1544784
37,NO,Lampang,Muang Pan,2021,0.143504408
59,SO,Nakhon Si Thammarat,Na Bon,2014,0.256212469
59,SO,Nakhon Si Thammarat,Na Bon,2015,0.266481842
59,SO,Nakhon Si Thammarat,Na Bon,2016,0.332235957
59,SO,Nakhon Si Thammarat,Na Bon,2017,0.375392868
59,SO,Nakhon Si Thammarat,Na Bon,2018,0.377089763
59,SO,Nakhon Si Thammarat,Na Bon,2019,0.344517703
59,SO,Nakhon Si Thammarat,Na Bon,2020,0.395555828
59,SO,Nakhon Si Thammarat,Na Bon,2021,0.475267981
41,NE,Ubon Ratchathani,Na Chaluai,2014,0.044942418
41,NE,Ubon Ratchathani,Na Chaluai,2015,0.057245189
41,NE,Ubon Ratchathani,Na Chaluai,2016,0.047941418
41,NE,Ubon Ratchathani,Na Chaluai,2017,0.087613092
41,NE,Ubon Ratchathani,Na Chaluai,2018,0.098502895
41,NE,Ubon Ratchathani,Na Chaluai,2019,0.107722424
41,NE,Ubon Ratchathani,Na Chaluai,2020,0.126601982
41,NE,Ubon Ratchathani,Na Chaluai,2021,0.180118449
46,NE,Maha Sarakham,Na Chuak,2014,0.134080914
46,NE,Maha Sarakham,Na Chuak,2015,0.180841858
46,NE,Maha Sarakham,Na Chuak,2016,0.170855048
46,NE,Maha Sarakham,Na Chuak,2017,0.266487472
46,NE,Maha Sarakham,Na Chuak,2018,0.280672185
46,NE,Maha Sarakham,Na Chuak,2019,0.276774976
46,NE,Maha Sarakham,Na Chuak,2020,0.32027555
46,NE,Maha Sarakham,Na Chuak,2021,0.376168419
52,EA,Prachin Buri,Na Di,2014,0.180778015
52,EA,Prachin Buri,Na Di,2015,0.199114518
52,EA,Prachin Buri,Na Di,2016,0.219801643
52,EA,Prachin Buri,Na Di,2017,0.255228176
52,EA,Prachin Buri,Na Di,2018,0.26624212
52,EA,Prachin Buri,Na Di,2019,0.330035209
52,EA,Prachin Buri,Na Di,2020,0.349605355
52,EA,Prachin Buri,Na Di,2021,0.346084513
16,NE,Loei,Na Duang,2014,0.045209586
16,NE,Loei,Na Duang,2015,0.06333898
16,NE,Loei,Na Duang,2016,0.064663724
16,NE,Loei,Na Duang,2017,0.088647999
16,NE,Loei,Na Duang,2018,0.077815847
16,NE,Loei,Na Duang,2019,0.07521506
16,NE,Loei,Na Duang,2020,0.092063706
16,NE,Loei,Na Duang,2021,0.120084181
46,NE,Maha Sarakham,Na Dun,2014,0.14189298
46,NE,Maha Sarakham,Na Dun,2015,0.236634899
46,NE,Maha Sarakham,Na Dun,2016,0.262166472
46,NE,Maha Sarakham,Na Dun,2017,0.409827776
46,NE,Maha Sarakham,Na Dun,2018,0.447490252
46,NE,Maha Sarakham,Na Dun,2019,0.455567743
46,NE,Maha Sarakham,Na Dun,2020,0.504269155
46,NE,Maha Sarakham,Na Dun,2021,0.56818413
16,NE,Loei,Na Haeo,2014,0.017492685
16,NE,Loei,Na Haeo,2015,0.020337175
16,NE,Loei,Na Haeo,2016,0.033278213
16,NE,Loei,Na Haeo,2017,0.058058577
16,NE,Loei,Na Haeo,2018,0.058346413
16,NE,Loei,Na Haeo,2019,0.05195906
16,NE,Loei,Na Haeo,2020,0.058845495
16,NE,Loei,Na Haeo,2021,0.082706881
72,NE,Nakhon Phanom,Na Kae,2014,0.247557727
72,NE,Nakhon Phanom,Na Kae,2015,0.2736118
72,NE,Nakhon Phanom,Na Kae,2016,0.272876987
72,NE,Nakhon Phanom,Na Kae,2017,0.364935133
72,NE,Nakhon Phanom,Na Kae,2018,0.371443326
72,NE,Nakhon Phanom,Na Kae,2019,0.321517568
72,NE,Nakhon Phanom,Na Kae,2020,0.403834614
72,NE,Nakhon Phanom,Na Kae,2021,0.485875932
3,NE,Nongbua Lamphu,Na Klang,2014,0.304292236
3,NE,Nongbua Lamphu,Na Klang,2015,0.335011477
3,NE,Nongbua Lamphu,Na Klang,2016,0.277944799
3,NE,Nongbua Lamphu,Na Klang,2017,0.428460696
3,NE,Nongbua Lamphu,Na Klang,2018,0.469293387
3,NE,Nongbua Lamphu,Na Klang,2019,0.493703595
3,NE,Nongbua Lamphu,Na Klang,2020,0.575082119
3,NE,Nongbua Lamphu,Na Klang,2021,0.612386692
43,SO,Songkhla,Na Mom,2014,0.654992256
43,SO,Songkhla,Na Mom,2015,0.782570579
43,SO,Songkhla,Na Mom,2016,0.798273316
43,SO,Songkhla,Na Mom,2017,1.032915409
43,SO,Songkhla,Na Mom,2018,1.078209273
43,SO,Songkhla,Na Mom,2019,1.231330284
43,SO,Songkhla,Na Mom,2020,1.39116562
43,SO,Songkhla,Na Mom,2021,1.590273651
20,NE,Kalasin,Na Mon,2014,0.262046509
20,NE,Kalasin,Na Mon,2015,0.285196646
20,NE,Kalasin,Na Mon,2016,0.30017955
20,NE,Kalasin,Na Mon,2017,0.40520329
20,NE,Kalasin,Na Mon,2018,0.424250236
20,NE,Kalasin,Na Mon,2019,0.417819854
20,NE,Kalasin,Na Mon,2020,0.495690764
20,NE,Kalasin,Na Mon,2021,0.583151556
70,NO,Nan,Na Mun,2014,0.013356243
70,NO,Nan,Na Mun,2015,0.018296291
70,NO,Nan,Na Mun,2016,0.014917457
70,NO,Nan,Na Mun,2017,0.022743634
70,NO,Nan,Na Mun,2018,0.021299016
70,NO,Nan,Na Mun,2019,0.027329363
70,NO,Nan,Na Mun,2020,0.045553032
70,NO,Nan,Na Mun,2021,0.045324015
70,NO,Nan,Na Noi,2014,0.034421992
70,NO,Nan,Na Noi,2015,0.039971902
70,NO,Nan,Na Noi,2016,0.037604903
70,NO,Nan,Na Noi,2017,0.066451769
70,NO,Nan,Na Noi,2018,0.066782271
70,NO,Nan,Na Noi,2019,0.081706185
70,NO,Nan,Na Noi,2020,0.093538727
70,NO,Nan,Na Noi,2021,0.115096814
35,NE,Buri Ram,Na Pho,2014,0.180565762
35,NE,Buri Ram,Na Pho,2015,0.219870398
35,NE,Buri Ram,Na Pho,2016,0.242590925
35,NE,Buri Ram,Na Pho,2017,0.364175154
35,NE,Buri Ram,Na Pho,2018,0.408367421
35,NE,Buri Ram,Na Pho,2019,0.409805669
35,NE,Buri Ram,Na Pho,2020,0.573518501
35,NE,Buri Ram,Na Pho,2021,0.658390646
43,SO,Songkhla,Na Thawi,2014,0.270045269
43,SO,Songkhla,Na Thawi,2015,0.279702449
43,SO,Songkhla,Na Thawi,2016,0.341706854
43,SO,Songkhla,Na Thawi,2017,0.447385599
43,SO,Songkhla,Na Thawi,2018,0.48401333
43,SO,Songkhla,Na Thawi,2019,0.512457245
43,SO,Songkhla,Na Thawi,2020,0.59016977
43,SO,Songkhla,Na Thawi,2021,0.610548857
72,NE,Nakhon Phanom,Na Thom,2014,0.025641496
72,NE,Nakhon Phanom,Na Thom,2015,0.030842393
72,NE,Nakhon Phanom,Na Thom,2016,0.019544611
72,NE,Nakhon Phanom,Na Thom,2017,0.073647087
72,NE,Nakhon Phanom,Na Thom,2018,0.063609341
72,NE,Nakhon Phanom,Na Thom,2019,0.057835566
72,NE,Nakhon Phanom,Na Thom,2020,0.149381718
72,NE,Nakhon Phanom,Na Thom,2021,0.249431341
72,NE,Nakhon Phanom,Na Wa,2014,0.152212065
72,NE,Nakhon Phanom,Na Wa,2015,0.197154298
72,NE,Nakhon Phanom,Na Wa,2016,0.158310615
72,NE,Nakhon Phanom,Na Wa,2017,0.260861994
72,NE,Nakhon Phanom,Na Wa,2018,0.270195889
72,NE,Nakhon Phanom,Na Wa,2019,0.254244545
72,NE,Nakhon Phanom,Na Wa,2020,0.331571129
72,NE,Nakhon Phanom,Na Wa,2021,0.414327361
3,NE,Nongbua Lamphu,Na Wang,2014,0.156203242
3,NE,Nongbua Lamphu,Na Wang,2015,0.183693174
3,NE,Nongbua Lamphu,Na Wang,2016,0.165205962
3,NE,Nongbua Lamphu,Na Wang,2017,0.245143061
3,NE,Nongbua Lamphu,Na Wang,2018,0.289708835
3,NE,Nongbua Lamphu,Na Wang,2019,0.256763455
3,NE,Nongbua Lamphu,Na Wang,2020,0.258412002
3,NE,Nongbua Lamphu,Na Wang,2021,0.313017897
47,SO,Trang,Na Yong,2014,0.472099036
47,SO,Trang,Na Yong,2015,0.530246224
47,SO,Trang,Na Yong,2016,0.53008637
47,SO,Trang,Na Yong,2017,0.670495299
47,SO,Trang,Na Yong,2018,0.741373858
47,SO,Trang,Na Yong,2019,0.755934242
47,SO,Trang,Na Yong,2020,0.834997292
47,SO,Trang,Na Yong,2021,0.990843962
23,NE,Udon Thani,Na Yung,2014,0.06149828
23,NE,Udon Thani,Na Yung,2015,0.101616072
23,NE,Udon Thani,Na Yung,2016,0.073787285
23,NE,Udon Thani,Na Yung,2017,0.133229351
23,NE,Udon Thani,Na Yung,2018,0.150692217
23,NE,Udon Thani,Na Yung,2019,0.134526899
23,NE,Udon Thani,Na Yung,2020,0.18835984
23,NE,Udon Thani,Na Yung,2021,0.220750893
27,BKK&VIC,Nakhon Pathom,Nakhon Chaisi,2014,3.417161719
27,BKK&VIC,Nakhon Pathom,Nakhon Chaisi,2015,3.767289616
27,BKK&VIC,Nakhon Pathom,Nakhon Chaisi,2016,4.035520534
27,BKK&VIC,Nakhon Pathom,Nakhon Chaisi,2017,4.129504709
27,BKK&VIC,Nakhon Pathom,Nakhon Chaisi,2018,4.338644394
27,BKK&VIC,Nakhon Pathom,Nakhon Chaisi,2019,4.563581049
27,BKK&VIC,Nakhon Pathom,Nakhon Chaisi,2020,4.617033455
27,BKK&VIC,Nakhon Pathom,Nakhon Chaisi,2021,4.737910945
53,CE,Phra Nakhon Sri Ayuthaya,Nakhon Luang,2014,2.854758332
53,CE,Phra Nakhon Sri Ayuthaya,Nakhon Luang,2015,3.016901371
53,CE,Phra Nakhon Sri Ayuthaya,Nakhon Luang,2016,3.317294717
53,CE,Phra Nakhon Sri Ayuthaya,Nakhon Luang,2017,3.39908877
53,CE,Phra Nakhon Sri Ayuthaya,Nakhon Luang,2018,3.321309078
53,CE,Phra Nakhon Sri Ayuthaya,Nakhon Luang,2019,3.992094969
53,CE,Phra Nakhon Sri Ayuthaya,Nakhon Luang,2020,4.21911403
53,CE,Phra Nakhon Sri Ayuthaya,Nakhon Luang,2021,4.451076373
21,NO,Phitsanulok,Nakhon Thai,2014,0.034502506
21,NO,Phitsanulok,Nakhon Thai,2015,0.048774913
21,NO,Phitsanulok,Nakhon Thai,2016,0.050985659
21,NO,Phitsanulok,Nakhon Thai,2017,0.077809709
21,NO,Phitsanulok,Nakhon Thai,2018,0.078883725
21,NO,Phitsanulok,Nakhon Thai,2019,0.091444901
21,NO,Phitsanulok,Nakhon Thai,2020,0.104814115
21,NO,Phitsanulok,Nakhon Thai,2021,0.107263885
12,NE,Si Sa Ket,Nam Kliang,2014,0.077408065
12,NE,Si Sa Ket,Nam Kliang,2015,0.088359489
12,NE,Si Sa Ket,Nam Kliang,2016,0.07352147
12,NE,Si Sa Ket,Nam Kliang,2017,0.132320521
12,NE,Si Sa Ket,Nam Kliang,2018,0.140515209
12,NE,Si Sa Ket,Nam Kliang,2019,0.133689806
12,NE,Si Sa Ket,Nam Kliang,2020,0.178887669
12,NE,Si Sa Ket,Nam Kliang,2021,0.221685087
10,NO,Phetchabun,Nam Nao,2014,0.057880208
10,NO,Phetchabun,Nam Nao,2015,0.060825292
10,NO,Phetchabun,Nam Nao,2016,0.063102675
10,NO,Phetchabun,Nam Nao,2017,0.072622439
10,NO,Phetchabun,Nam Nao,2018,0.06890222
10,NO,Phetchabun,Nam Nao,2019,0.074208643
10,NO,Phetchabun,Nam Nao,2020,0.085418684
10,NO,Phetchabun,Nam Nao,2021,0.080506734
34,NO,Uttaradit,Nam Pat,2014,0.032419735
34,NO,Uttaradit,Nam Pat,2015,0.035755725
34,NO,Uttaradit,Nam Pat,2016,0.035752767
34,NO,Uttaradit,Nam Pat,2017,0.071815248
34,NO,Uttaradit,Nam Pat,2018,0.078920493
34,NO,Uttaradit,Nam Pat,2019,0.086428612
34,NO,Uttaradit,Nam Pat,2020,0.086449624
34,NO,Uttaradit,Nam Pat,2021,0.097038818
15,NE,Khon Kaen,Nam Phong,2014,0.726512075
15,NE,Khon Kaen,Nam Phong,2015,0.768035944
15,NE,Khon Kaen,Nam Phong,2016,0.762738682
15,NE,Khon Kaen,Nam Phong,2017,0.940331806
15,NE,Khon Kaen,Nam Phong,2018,1.044098146
15,NE,Khon Kaen,Nam Phong,2019,1.040218277
15,NE,Khon Kaen,Nam Phong,2020,1.1262281
15,NE,Khon Kaen,Nam Phong,2021,1.157655999
23,NE,Udon Thani,Nam Som,2014,0.11863683
23,NE,Udon Thani,Nam Som,2015,0.158525293
23,NE,Udon Thani,Nam Som,2016,0.145253016
23,NE,Udon Thani,Nam Som,2017,0.201693609
23,NE,Udon Thani,Nam Som,2018,0.195220087
23,NE,Udon Thani,Nam Som,2019,0.161838693
23,NE,Udon Thani,Nam Som,2020,0.192350532
23,NE,Udon Thani,Nam Som,2021,0.235503762
41,NE,Ubon Ratchathani,Nam Yun,2014,0.071134568
41,NE,Ubon Ratchathani,Nam Yun,2015,0.093659709
41,NE,Ubon Ratchathani,Nam Yun,2016,0.08416958
41,NE,Ubon Ratchathani,Nam Yun,2017,0.139998485
41,NE,Ubon Ratchathani,Nam Yun,2018,0.139575019
41,NE,Ubon Ratchathani,Nam Yun,2019,0.13917714
41,NE,Ubon Ratchathani,Nam Yun,2020,0.149592458
41,NE,Ubon Ratchathani,Nam Yun,2021,0.17051082
35,NE,Buri Ram,Nang Rong,2014,0.222979232
35,NE,Buri Ram,Nang Rong,2015,0.268086748
35,NE,Buri Ram,Nang Rong,2016,0.32298904
35,NE,Buri Ram,Nang Rong,2017,0.404064705
35,NE,Buri Ram,Nang Rong,2018,0.46580988
35,NE,Buri Ram,Nang Rong,2019,0.495978544
35,NE,Buri Ram,Nang Rong,2020,0.549156725
35,NE,Buri Ram,Nang Rong,2021,0.629782489
37,NO,Lampang,Ngao,2014,0.05090558
37,NO,Lampang,Ngao,2015,0.06184509
37,NO,Lampang,Ngao,2016,0.070579647
37,NO,Lampang,Ngao,2017,0.125037424
37,NO,Lampang,Ngao,2018,0.171251715
37,NO,Lampang,Ngao,2019,0.166608615
37,NO,Lampang,Ngao,2020,0.19505603
37,NO,Lampang,Ngao,2021,0.21115546
61,NE,Mukdahan,Nikhom Kham Soi,2014,0.108142398
61,NE,Mukdahan,Nikhom Kham Soi,2015,0.136592216
61,NE,Mukdahan,Nikhom Kham Soi,2016,0.16422518
61,NE,Mukdahan,Nikhom Kham Soi,2017,0.250216458
61,NE,Mukdahan,Nikhom Kham Soi,2018,0.288571621
61,NE,Mukdahan,Nikhom Kham Soi,2019,0.301974345
61,NE,Mukdahan,Nikhom Kham Soi,2020,0.381473388
61,NE,Mukdahan,Nikhom Kham Soi,2021,0.448555487
24,NE,Sakon Nakhon,Nikhom Nam Un,2014,0.042195052
24,NE,Sakon Nakhon,Nikhom Nam Un,2015,0.04996212
24,NE,Sakon Nakhon,Nikhom Nam Un,2016,0.045901345
24,NE,Sakon Nakhon,Nikhom Nam Un,2017,0.100690877
24,NE,Sakon Nakhon,Nikhom Nam Un,2018,0.106427898
24,NE,Sakon Nakhon,Nikhom Nam Un,2019,0.091448482
24,NE,Sakon Nakhon,Nikhom Nam Un,2020,0.127977754
24,NE,Sakon Nakhon,Nikhom Nam Un,2021,0.173932256
21,NO,Phitsanulok,Noen Maprang,2014,0.052633215
21,NO,Phitsanulok,Noen Maprang,2015,0.066766845
21,NO,Phitsanulok,Noen Maprang,2016,0.071288986
21,NO,Phitsanulok,Noen Maprang,2017,0.103885899
21,NO,Phitsanulok,Noen Maprang,2018,0.109097781
21,NO,Phitsanulok,Noen Maprang,2019,0.116593411
21,NO,Phitsanulok,Noen Maprang,2020,0.115594839
21,NO,Phitsanulok,Noen Maprang,2021,0.137223145
9,NE,Chaiyaphum,Noen Sa-Nga,2014,0.091066494
9,NE,Chaiyaphum,Noen Sa-Nga,2015,0.114164007
9,NE,Chaiyaphum,Noen Sa-Nga,2016,0.123827254
9,NE,Chaiyaphum,Noen Sa-Nga,2017,0.179205421
9,NE,Chaiyaphum,Noen Sa-Nga,2018,0.187072932
9,NE,Chaiyaphum,Noen Sa-Nga,2019,0.201723056
9,NE,Chaiyaphum,Noen Sa-Nga,2020,0.276253583
9,NE,Chaiyaphum,Noen Sa-Nga,2021,0.348671602
6,NE,Nakhon Ratchasima,Non Daeng,2014,0.268772177
6,NE,Nakhon Ratchasima,Non Daeng,2015,0.336502774
6,NE,Nakhon Ratchasima,Non Daeng,2016,0.340765973
6,NE,Nakhon Ratchasima,Non Daeng,2017,0.461323538
6,NE,Nakhon Ratchasima,Non Daeng,2018,0.487036394
6,NE,Nakhon Ratchasima,Non Daeng,2019,0.498440371
6,NE,Nakhon Ratchasima,Non Daeng,2020,0.550182098
6,NE,Nakhon Ratchasima,Non Daeng,2021,0.692240509
35,NE,Buri Ram,Non Din Daeng,2014,0.06526996
35,NE,Buri Ram,Non Din Daeng,2015,0.076855223
35,NE,Buri Ram,Non Din Daeng,2016,0.086947424
35,NE,Buri Ram,Non Din Daeng,2017,0.121463808
35,NE,Buri Ram,Non Din Daeng,2018,0.115947116
35,NE,Buri Ram,Non Din Daeng,2019,0.109110041
35,NE,Buri Ram,Non Din Daeng,2020,0.109431434
35,NE,Buri Ram,Non Din Daeng,2021,0.112295241
12,NE,Si Sa Ket,Non Khun,2014,0.064655145
12,NE,Si Sa Ket,Non Khun,2015,0.080149616
12,NE,Si Sa Ket,Non Khun,2016,0.083887389
12,NE,Si Sa Ket,Non Khun,2017,0.154329566
12,NE,Si Sa Ket,Non Khun,2018,0.177339331
12,NE,Si Sa Ket,Non Khun,2019,0.185242992
12,NE,Si Sa Ket,Non Khun,2020,0.254261028
12,NE,Si Sa Ket,Non Khun,2021,0.42213107
23,NE,Udon Thani,Non Sa-at,2014,0.237573461
23,NE,Udon Thani,Non Sa-at,2015,0.383163937
23,NE,Udon Thani,Non Sa-at,2016,0.235049711
23,NE,Udon Thani,Non Sa-at,2017,0.317576372
23,NE,Udon Thani,Non Sa-at,2018,0.349345894
23,NE,Udon Thani,Non Sa-at,2019,0.34754298
23,NE,Udon Thani,Non Sa-at,2020,0.410195228
23,NE,Udon Thani,Non Sa-at,2021,0.425010461
3,NE,Nongbua Lamphu,Non Sang,2014,0.077867884
3,NE,Nongbua Lamphu,Non Sang,2015,0.115762678
3,NE,Nongbua Lamphu,Non Sang,2016,0.116739908
3,NE,Nongbua Lamphu,Non Sang,2017,0.182394303
3,NE,Nongbua Lamphu,Non Sang,2018,0.188193552
3,NE,Nongbua Lamphu,Non Sang,2019,0.17795884
3,NE,Nongbua Lamphu,Non Sang,2020,0.227560715
3,NE,Nongbua Lamphu,Non Sang,2021,0.291505064
6,NE,Nakhon Ratchasima,Non Sung,2014,0.358718956
6,NE,Nakhon Ratchasima,Non Sung,2015,0.423703205
6,NE,Nakhon Ratchasima,Non Sung,2016,0.452772525
6,NE,Nakhon Ratchasima,Non Sung,2017,0.533005313
6,NE,Nakhon Ratchasima,Non Sung,2018,0.575010908
6,NE,Nakhon Ratchasima,Non Sung,2019,0.781284332
6,NE,Nakhon Ratchasima,Non Sung,2020,0.966529805
6,NE,Nakhon Ratchasima,Non Sung,2021,1.061540843
35,NE,Buri Ram,Non Suwan,2014,0.061107168
35,NE,Buri Ram,Non Suwan,2015,0.078368457
35,NE,Buri Ram,Non Suwan,2016,0.097033235
35,NE,Buri Ram,Non Suwan,2017,0.189412442
35,NE,Buri Ram,Non Suwan,2018,0.252248044
35,NE,Buri Ram,Non Suwan,2019,0.272729202
35,NE,Buri Ram,Non Suwan,2020,0.369699898
35,NE,Buri Ram,Non Suwan,2021,0.447826138
6,NE,Nakhon Ratchasima,Non Thai,2014,0.266230923
6,NE,Nakhon Ratchasima,Non Thai,2015,0.314380624
6,NE,Nakhon Ratchasima,Non Thai,2016,0.33040097
6,NE,Nakhon Ratchasima,Non Thai,2017,0.401770033
6,NE,Nakhon Ratchasima,Non Thai,2018,0.433538784
6,NE,Nakhon Ratchasima,Non Thai,2019,0.470457981
6,NE,Nakhon Ratchasima,Non Thai,2020,0.557448607
6,NE,Nakhon Ratchasima,Non Thai,2021,0.562716936
2,NO,Nakhon Sawan,Nong Bua,2014,0.186817429
2,NO,Nakhon Sawan,Nong Bua,2015,0.224066565
2,NO,Nakhon Sawan,Nong Bua,2016,0.219512302
2,NO,Nakhon Sawan,Nong Bua,2017,0.309652248
2,NO,Nakhon Sawan,Nong Bua,2018,0.359830975
2,NO,Nakhon Sawan,Nong Bua,2019,0.386208256
2,NO,Nakhon Sawan,Nong Bua,2020,0.417096326
2,NO,Nakhon Sawan,Nong Bua,2021,0.490894841
9,NE,Chaiyaphum,Nong Bua Daeng,2014,0.080489753
9,NE,Chaiyaphum,Nong Bua Daeng,2015,0.066029842
9,NE,Chaiyaphum,Nong Bua Daeng,2016,0.080306968
9,NE,Chaiyaphum,Nong Bua Daeng,2017,0.112495633
9,NE,Chaiyaphum,Nong Bua Daeng,2018,0.113161275
9,NE,Chaiyaphum,Nong Bua Daeng,2019,0.117205152
9,NE,Chaiyaphum,Nong Bua Daeng,2020,0.112845862
9,NE,Chaiyaphum,Nong Bua Daeng,2021,0.136778631
9,NE,Chaiyaphum,Nong Bua Rawae,2014,0.096516941
9,NE,Chaiyaphum,Nong Bua Rawae,2015,0.102299336
9,NE,Chaiyaphum,Nong Bua Rawae,2016,0.097581445
9,NE,Chaiyaphum,Nong Bua Rawae,2017,0.139988488
9,NE,Chaiyaphum,Nong Bua Rawae,2018,0.147341572
9,NE,Chaiyaphum,Nong Bua Rawae,2019,0.140257645
9,NE,Chaiyaphum,Nong Bua Rawae,2020,0.159876472
9,NE,Chaiyaphum,Nong Bua Rawae,2021,0.185462751
6,NE,Nakhon Ratchasima,Nong Bunnak,2014,0.218693536
6,NE,Nakhon Ratchasima,Nong Bunnak,2015,0.248572446
6,NE,Nakhon Ratchasima,Nong Bunnak,2016,0.282341099
6,NE,Nakhon Ratchasima,Nong Bunnak,2017,0.373782043
6,NE,Nakhon Ratchasima,Nong Bunnak,2018,0.388539982
6,NE,Nakhon Ratchasima,Nong Bunnak,2019,0.386327529
6,NE,Nakhon Ratchasima,Nong Bunnak,2020,0.389427387
6,NE,Nakhon Ratchasima,Nong Bunnak,2021,0.430740843
18,NO,Uthai Thani,Nong Chang,2014,0.431795918
18,NO,Uthai Thani,Nong Chang,2015,0.527264995
18,NO,Uthai Thani,Nong Chang,2016,0.497939153
18,NO,Uthai Thani,Nong Chang,2017,0.649955294
18,NO,Uthai Thani,Nong Chang,2018,0.608743637
18,NO,Uthai Thani,Nong Chang,2019,0.616264684
18,NO,Uthai Thani,Nong Chang,2020,0.654508436
18,NO,Uthai Thani,Nong Chang,2021,0.923123693
57,SO,Pattani,Nong Chik,2014,1.52021932
57,SO,Pattani,Nong Chik,2015,1.74510288
57,SO,Pattani,Nong Chik,2016,1.946841083
57,SO,Pattani,Nong Chik,2017,2.225040673
57,SO,Pattani,Nong Chik,2018,2.48432821
57,SO,Pattani,Nong Chik,2019,2.309259296
57,SO,Pattani,Nong Chik,2020,2.419063118
57,SO,Pattani,Nong Chik,2021,2.570786356
14,BKK&VIC,Bangkok,Nong Chok,2014,3.974282429
14,BKK&VIC,Bangkok,Nong Chok,2015,4.039806963
14,BKK&VIC,Bangkok,Nong Chok,2016,4.294915497
14,BKK&VIC,Bangkok,Nong Chok,2017,4.498697061
14,BKK&VIC,Bangkok,Nong Chok,2018,4.488131411
14,BKK&VIC,Bangkok,Nong Chok,2019,4.473140665
14,BKK&VIC,Bangkok,Nong Chok,2020,4.751059154
14,BKK&VIC,Bangkok,Nong Chok,2021,4.993214101
17,CE,Saraburi,Nong Don,2014,1.065499741
17,CE,Saraburi,Nong Don,2015,1.531157958
17,CE,Saraburi,Nong Don,2016,1.48385294
17,CE,Saraburi,Nong Don,2017,1.529699444
17,CE,Saraburi,Nong Don,2018,1.36805813
17,CE,Saraburi,Nong Don,2019,1.610357133
17,CE,Saraburi,Nong Don,2020,1.608340721
17,CE,Saraburi,Nong Don,2021,1.512276127
23,NE,Udon Thani,Nong Han,2014,0.313753666
23,NE,Udon Thani,Nong Han,2015,0.363233586
23,NE,Udon Thani,Nong Han,2016,0.418450796
23,NE,Udon Thani,Nong Han,2017,0.576527338
23,NE,Udon Thani,Nong Han,2018,0.588211216
23,NE,Udon Thani,Nong Han,2019,0.576594534
23,NE,Udon Thani,Nong Han,2020,0.66951841
23,NE,Udon Thani,Nong Han,2021,0.773869889
35,NE,Buri Ram,Nong Hong,2014,0.072394421
35,NE,Buri Ram,Nong Hong,2015,0.090379973
35,NE,Buri Ram,Nong Hong,2016,0.110249178
35,NE,Buri Ram,Nong Hong,2017,0.155982217
35,NE,Buri Ram,Nong Hong,2018,0.171690018
35,NE,Buri Ram,Nong Hong,2019,0.194495838
35,NE,Buri Ram,Nong Hong,2020,0.273457134
35,NE,Buri Ram,Nong Hong,2021,0.557172185
17,CE,Saraburi,Nong Khae,2014,6.403793264
17,CE,Saraburi,Nong Khae,2015,6.395415945
17,CE,Saraburi,Nong Khae,2016,6.449726224
17,CE,Saraburi,Nong Khae,2017,6.427823467
17,CE,Saraburi,Nong Khae,2018,6.261893606
17,CE,Saraburi,Nong Khae,2019,7.068971551
17,CE,Saraburi,Nong Khae,2020,7.150989393
17,CE,Saraburi,Nong Khae,2021,7.447846665
18,NO,Uthai Thani,Nong Khayang,2014,0.42174787
18,NO,Uthai Thani,Nong Khayang,2015,0.442921825
18,NO,Uthai Thani,Nong Khayang,2016,0.424524
18,NO,Uthai Thani,Nong Khayang,2017,0.498666816
18,NO,Uthai Thani,Nong Khayang,2018,0.517241015
18,NO,Uthai Thani,Nong Khayang,2019,0.57075661
18,NO,Uthai Thani,Nong Khayang,2020,0.613597903
18,NO,Uthai Thani,Nong Khayang,2021,0.933049032
35,NE,Buri Ram,Nong Ki,2014,0.260660353
35,NE,Buri Ram,Nong Ki,2015,0.286383212
35,NE,Buri Ram,Nong Ki,2016,0.330075173
35,NE,Buri Ram,Nong Ki,2017,0.36549013
35,NE,Buri Ram,Nong Ki,2018,0.411651151
35,NE,Buri Ram,Nong Ki,2019,0.465341616
35,NE,Buri Ram,Nong Ki,2020,0.537051049
35,NE,Buri Ram,Nong Ki,2021,0.601803794
20,NE,Kalasin,Nong Kung Si,2014,0.202066117
20,NE,Kalasin,Nong Kung Si,2015,0.313844355
20,NE,Kalasin,Nong Kung Si,2016,0.202610067
20,NE,Kalasin,Nong Kung Si,2017,0.343689105
20,NE,Kalasin,Nong Kung Si,2018,0.360763002
20,NE,Kalasin,Nong Kung Si,2019,0.352711153
20,NE,Kalasin,Nong Kung Si,2020,0.378992453
20,NE,Kalasin,Nong Kung Si,2021,0.400872914
62,CE,Lop Buri,Nong Muang,2014,0.140881665
62,CE,Lop Buri,Nong Muang,2015,0.178744204
62,CE,Lop Buri,Nong Muang,2016,0.210629733
62,CE,Lop Buri,Nong Muang,2017,0.387709161
62,CE,Lop Buri,Nong Muang,2018,0.279240008
62,CE,Lop Buri,Nong Muang,2019,0.317903302
62,CE,Lop Buri,Nong Muang,2020,0.314367176
62,CE,Lop Buri,Nong Muang,2021,0.406075616
32,NO,Phrae,Nong Muang Kai,2014,0.237151346
32,NO,Phrae,Nong Muang Kai,2015,0.315609343
32,NO,Phrae,Nong Muang Kai,2016,0.342831772
32,NO,Phrae,Nong Muang Kai,2017,0.471831765
32,NO,Phrae,Nong Muang Kai,2018,0.533587628
32,NO,Phrae,Nong Muang Kai,2019,0.562909409
32,NO,Phrae,Nong Muang Kai,2020,0.656721653
32,NO,Phrae,Nong Muang Kai,2021,0.654693849
10,NO,Phetchabun,Nong Phai,2014,0.149261963
10,NO,Phetchabun,Nong Phai,2015,0.158002722
10,NO,Phetchabun,Nong Phai,2016,0.159036868
10,NO,Phetchabun,Nong Phai,2017,0.230461684
10,NO,Phetchabun,Nong Phai,2018,0.23531675
10,NO,Phetchabun,Nong Phai,2019,0.244388167
10,NO,Phetchabun,Nong Phai,2020,0.265998969
10,NO,Phetchabun,Nong Phai,2021,0.32301775
0,NE,Roi Et,Nong Phok,2014,0.169900156
0,NE,Roi Et,Nong Phok,2015,0.196691803
0,NE,Roi Et,Nong Phok,2016,0.186022565
0,NE,Roi Et,Nong Phok,2017,0.295442747
0,NE,Roi Et,Nong Phok,2018,0.328543106
0,NE,Roi Et,Nong Phok,2019,0.297321724
0,NE,Roi Et,Nong Phok,2020,0.3441959
0,NE,Roi Et,Nong Phok,2021,0.406337035
73,WE,Kanchanaburi,Nong Prue,2014,0.096136975
73,WE,Kanchanaburi,Nong Prue,2015,0.119747634
73,WE,Kanchanaburi,Nong Prue,2016,0.118293927
73,WE,Kanchanaburi,Nong Prue,2017,0.143131396
73,WE,Kanchanaburi,Nong Prue,2018,0.144870262
73,WE,Kanchanaburi,Nong Prue,2019,0.159715285
73,WE,Kanchanaburi,Nong Prue,2020,0.211153599
73,WE,Kanchanaburi,Nong Prue,2021,0.223063217
15,NE,Khon Kaen,Nong Rua,2014,0.6369741
15,NE,Khon Kaen,Nong Rua,2015,0.646386928
15,NE,Khon Kaen,Nong Rua,2016,0.77598263
15,NE,Khon Kaen,Nong Rua,2017,0.837300855
15,NE,Khon Kaen,Nong Rua,2018,0.911330908
15,NE,Khon Kaen,Nong Rua,2019,0.909868239
15,NE,Khon Kaen,Nong Rua,2020,0.913047617
15,NE,Khon Kaen,Nong Rua,2021,1.018931296
17,CE,Saraburi,Nong Saeng,2014,1.870307301
17,CE,Saraburi,Nong Saeng,2015,2.262579975
17,CE,Saraburi,Nong Saeng,2016,2.304986978
17,CE,Saraburi,Nong Saeng,2017,2.232748627
17,CE,Saraburi,Nong Saeng,2018,1.883159804
17,CE,Saraburi,Nong Saeng,2019,2.127937897
17,CE,Saraburi,Nong Saeng,2020,2.248758048
17,CE,Saraburi,Nong Saeng,2021,2.527656995
23,NE,Udon Thani,Nong Saeng,2014,0.164261771
23,NE,Udon Thani,Nong Saeng,2015,0.191669286
23,NE,Udon Thani,Nong Saeng,2016,0.168771296
23,NE,Udon Thani,Nong Saeng,2017,0.260414601
23,NE,Udon Thani,Nong Saeng,2018,0.284425767
23,NE,Udon Thani,Nong Saeng,2019,0.307220198
23,NE,Udon Thani,Nong Saeng,2020,0.347969933
23,NE,Udon Thani,Nong Saeng,2021,0.432058569
15,NE,Khon Kaen,Nong Song Hong,2014,0.118991198
15,NE,Khon Kaen,Nong Song Hong,2015,0.138752497
15,NE,Khon Kaen,Nong Song Hong,2016,0.128276269
15,NE,Khon Kaen,Nong Song Hong,2017,0.246024587
15,NE,Khon Kaen,Nong Song Hong,2018,0.289897287
15,NE,Khon Kaen,Nong Song Hong,2019,0.30805076
15,NE,Khon Kaen,Nong Song Hong,2020,0.394861433
15,NE,Khon Kaen,Nong Song Hong,2021,0.447479175
58,BKK&VIC,Pathum Thani,Nong Sua,2014,0.91316768
58,BKK&VIC,Pathum Thani,Nong Sua,2015,0.984311026
58,BKK&VIC,Pathum Thani,Nong Sua,2016,1.105908407
58,BKK&VIC,Pathum Thani,Nong Sua,2017,1.34883613
58,BKK&VIC,Pathum Thani,Nong Sua,2018,1.375051686
58,BKK&VIC,Pathum Thani,Nong Sua,2019,1.441717062
58,BKK&VIC,Pathum Thani,Nong Sua,2020,1.640498876
58,BKK&VIC,Pathum Thani,Nong Sua,2021,1.913392283
61,NE,Mukdahan,Nong Sung,2014,0.077463417
61,NE,Mukdahan,Nong Sung,2015,0.097997785
61,NE,Mukdahan,Nong Sung,2016,0.107721854
61,NE,Mukdahan,Nong Sung,2017,0.177893692
61,NE,Mukdahan,Nong Sung,2018,0.207012873
61,NE,Mukdahan,Nong Sung,2019,0.224132798
61,NE,Mukdahan,Nong Sung,2020,0.2836153
61,NE,Mukdahan,Nong Sung,2021,0.375203895
23,NE,Udon Thani,Nong Wua So,2014,0.148468482
23,NE,Udon Thani,Nong Wua So,2015,0.182984316
23,NE,Udon Thani,Nong Wua So,2016,0.164776671
23,NE,Udon Thani,Nong Wua So,2017,0.240184374
23,NE,Udon Thani,Nong Wua So,2018,0.247153759
23,NE,Udon Thani,Nong Wua So,2019,0.249072984
23,NE,Udon Thani,Nong Wua So,2020,0.297965438
23,NE,Udon Thani,Nong Wua So,2021,0.345218958
8,WE,Phetchaburi,Nong Ya Plong,2014,0.082412078
8,WE,Phetchaburi,Nong Ya Plong,2015,0.095075371
8,WE,Phetchaburi,Nong Ya Plong,2016,0.105124868
8,WE,Phetchaburi,Nong Ya Plong,2017,0.132859189
8,WE,Phetchaburi,Nong Ya Plong,2018,0.150579275
8,WE,Phetchaburi,Nong Ya Plong,2019,0.147382616
8,WE,Phetchaburi,Nong Ya Plong,2020,0.167444857
8,WE,Phetchaburi,Nong Ya Plong,2021,0.185433829
48,WE,Suphan Buri,Nong Ya Sai,2014,0.211339344
48,WE,Suphan Buri,Nong Ya Sai,2015,0.292828202
48,WE,Suphan Buri,Nong Ya Sai,2016,0.231119981
48,WE,Suphan Buri,Nong Ya Sai,2017,0.355917563
48,WE,Suphan Buri,Nong Ya Sai,2018,0.377552374
48,WE,Suphan Buri,Nong Ya Sai,2019,0.39887788
48,WE,Suphan Buri,Nong Ya Sai,2020,0.510503077
48,WE,Suphan Buri,Nong Ya Sai,2021,0.718073061
64,EA,Chon Buri,Nong Yai,2014,0.468635643
64,EA,Chon Buri,Nong Yai,2015,0.499502852
64,EA,Chon Buri,Nong Yai,2016,0.569338317
64,EA,Chon Buri,Nong Yai,2017,0.744260062
64,EA,Chon Buri,Nong Yai,2018,0.82473803
64,EA,Chon Buri,Nong Yai,2019,1.042380527
64,EA,Chon Buri,Nong Yai,2020,1.300799471
64,EA,Chon Buri,Nong Yai,2021,1.508399085
14,BKK&VIC,Bangkok,Nongkheam,2014,14.02309975
14,BKK&VIC,Bangkok,Nongkheam,2015,15.58186606
14,BKK&VIC,Bangkok,Nongkheam,2016,15.88412537
14,BKK&VIC,Bangkok,Nongkheam,2017,15.46007944
14,BKK&VIC,Bangkok,Nongkheam,2018,15.72076605
14,BKK&VIC,Bangkok,Nongkheam,2019,16.53381209
14,BKK&VIC,Bangkok,Nongkheam,2020,16.97335915
14,BKK&VIC,Bangkok,Nongkheam,2021,18.07221106
63,SO,Krabi,Nua Khlong,2014,0.821197814
63,SO,Krabi,Nua Khlong,2015,0.784550878
63,SO,Krabi,Nua Khlong,2016,0.773330665
63,SO,Krabi,Nua Khlong,2017,0.927085253
63,SO,Krabi,Nua Khlong,2018,0.990198185
63,SO,Krabi,Nua Khlong,2019,1.08014059
63,SO,Krabi,Nua Khlong,2020,1.155634234
63,SO,Krabi,Nua Khlong,2021,1.271252592
65,NO,Chiang Mai,Omkoi,2014,0.009052066
65,NO,Chiang Mai,Omkoi,2015,0.009202561
65,NO,Chiang Mai,Omkoi,2016,0.00972664
65,NO,Chiang Mai,Omkoi,2017,0.014147347
65,NO,Chiang Mai,Omkoi,2018,0.015577045
65,NO,Chiang Mai,Omkoi,2019,0.015229993
65,NO,Chiang Mai,Omkoi,2020,0.016858872
65,NO,Chiang Mai,Omkoi,2021,0.016504473
60,EA,Nakhon Nayok,Ongkharak,2014,0.56744678
60,EA,Nakhon Nayok,Ongkharak,2015,0.714404871
60,EA,Nakhon Nayok,Ongkharak,2016,0.735959095
60,EA,Nakhon Nayok,Ongkharak,2017,0.926328354
60,EA,Nakhon Nayok,Ongkharak,2018,1.014702811
60,EA,Nakhon Nayok,Ongkharak,2019,1.09064503
60,EA,Nakhon Nayok,Ongkharak,2020,1.401324984
60,EA,Nakhon Nayok,Ongkharak,2021,1.599129113
55,SO,Phatthalung,Pa Bon,2014,0.187247088
55,SO,Phatthalung,Pa Bon,2015,0.221925336
55,SO,Phatthalung,Pa Bon,2016,0.218930602
55,SO,Phatthalung,Pa Bon,2017,0.327977809
55,SO,Phatthalung,Pa Bon,2018,0.35550596
55,SO,Phatthalung,Pa Bon,2019,0.380261364
55,SO,Phatthalung,Pa Bon,2020,0.432899161
55,SO,Phatthalung,Pa Bon,2021,0.443071904
25,NO,Chiang Rai,Pa Daet,2014,0.254724506
25,NO,Chiang Rai,Pa Daet,2015,0.319947152
25,NO,Chiang Rai,Pa Daet,2016,0.340066984
25,NO,Chiang Rai,Pa Daet,2017,0.471501706
25,NO,Chiang Rai,Pa Daet,2018,0.4894756
25,NO,Chiang Rai,Pa Daet,2019,0.467386243
25,NO,Chiang Rai,Pa Daet,2020,0.50631198
25,NO,Chiang Rai,Pa Daet,2021,0.526261709
35,NE,Buri Ram,Pa Kham,2014,0.107007174
35,NE,Buri Ram,Pa Kham,2015,0.161341277
35,NE,Buri Ram,Pa Kham,2016,0.169710414
35,NE,Buri Ram,Pa Kham,2017,0.239346799
35,NE,Buri Ram,Pa Kham,2018,0.250948514
35,NE,Buri Ram,Pa Kham,2019,0.21844323
35,NE,Buri Ram,Pa Kham,2020,0.213155073
35,NE,Buri Ram,Pa Kham,2021,0.293276833
45,CE,Ang Thong,Pa Mok,2014,2.085877184
45,CE,Ang Thong,Pa Mok,2015,2.364803941
45,CE,Ang Thong,Pa Mok,2016,2.722128585
45,CE,Ang Thong,Pa Mok,2017,3.227380112
45,CE,Ang Thong,Pa Mok,2018,3.151346345
45,CE,Ang Thong,Pa Mok,2019,3.256913214
45,CE,Ang Thong,Pa Mok,2020,3.382550726
45,CE,Ang Thong,Pa Mok,2021,3.666165423
55,SO,Phatthalung,Pa Payom,2014,0.209901988
55,SO,Phatthalung,Pa Payom,2015,0.240462894
55,SO,Phatthalung,Pa Payom,2016,0.277947132
55,SO,Phatthalung,Pa Payom,2017,0.332193807
55,SO,Phatthalung,Pa Payom,2018,0.408466205
55,SO,Phatthalung,Pa Payom,2019,0.542501973
55,SO,Phatthalung,Pa Payom,2020,0.551420295
55,SO,Phatthalung,Pa Payom,2021,0.639034284
28,NO,Lamphun,Pa Sang,2014,0.635197018
28,NO,Lamphun,Pa Sang,2015,0.777261056
28,NO,Lamphun,Pa Sang,2016,0.774524921
28,NO,Lamphun,Pa Sang,2017,0.966319703
28,NO,Lamphun,Pa Sang,2018,1.010769813
28,NO,Lamphun,Pa Sang,2019,1.025809224
28,NO,Lamphun,Pa Sang,2020,1.062988433
28,NO,Lamphun,Pa Sang,2021,1.07727436
31,NE,Yasothon,Pa Tiu,2014,0.140634511
31,NE,Yasothon,Pa Tiu,2015,0.145400982
31,NE,Yasothon,Pa Tiu,2016,0.148219735
31,NE,Yasothon,Pa Tiu,2017,0.248684519
31,NE,Yasothon,Pa Tiu,2018,0.288852843
31,NE,Yasothon,Pa Tiu,2019,0.342491327
31,NE,Yasothon,Pa Tiu,2020,0.417499581
31,NE,Yasothon,Pa Tiu,2021,0.586598672
74,NO,Mae Hong Son,Pai,2014,0.03376266
74,NO,Mae Hong Son,Pai,2015,0.037600522
74,NO,Mae Hong Son,Pai,2016,0.035173596
74,NO,Mae Hong Son,Pai,2017,0.047515148
74,NO,Mae Hong Son,Pai,2018,0.047152642
74,NO,Mae Hong Son,Pai,2019,0.047772885
74,NO,Mae Hong Son,Pai,2020,0.049687731
74,NO,Mae Hong Son,Pai,2021,0.043635275
16,NE,Loei,Pak Chom,2014,0.05334884
16,NE,Loei,Pak Chom,2015,0.059028291
16,NE,Loei,Pak Chom,2016,0.053379752
16,NE,Loei,Pak Chom,2017,0.084172715
16,NE,Loei,Pak Chom,2018,0.098656034
16,NE,Loei,Pak Chom,2019,0.092696148
16,NE,Loei,Pak Chom,2020,0.109306034
16,NE,Loei,Pak Chom,2021,0.134342022
6,NE,Nakhon Ratchasima,Pak Chong,2014,0.740669714
6,NE,Nakhon Ratchasima,Pak Chong,2015,0.792503312
6,NE,Nakhon Ratchasima,Pak Chong,2016,0.824594491
6,NE,Nakhon Ratchasima,Pak Chong,2017,0.962677425
6,NE,Nakhon Ratchasima,Pak Chong,2018,1.012415526
6,NE,Nakhon Ratchasima,Pak Chong,2019,1.104924429
6,NE,Nakhon Ratchasima,Pak Chong,2020,1.169736607
6,NE,Nakhon Ratchasima,Pak Chong,2021,1.227971464
39,NE,Bueng Kan,Pak Khat,2014,0.145504734
39,NE,Bueng Kan,Pak Khat,2015,0.190289074
39,NE,Bueng Kan,Pak Khat,2016,0.20181355
39,NE,Bueng Kan,Pak Khat,2017,0.292023679
39,NE,Bueng Kan,Pak Khat,2018,0.283340353
39,NE,Bueng Kan,Pak Khat,2019,0.292182926
39,NE,Bueng Kan,Pak Khat,2020,0.340733226
39,NE,Bueng Kan,Pak Khat,2021,0.389220098
38,BKK&VIC,Nonthaburi,Pak Kret,2014,17.97947371
38,BKK&VIC,Nonthaburi,Pak Kret,2015,19.41203515
38,BKK&VIC,Nonthaburi,Pak Kret,2016,19.34911561
38,BKK&VIC,Nonthaburi,Pak Kret,2017,19.35310888
38,BKK&VIC,Nonthaburi,Pak Kret,2018,20.70777506
38,BKK&VIC,Nonthaburi,Pak Kret,2019,21.91918264
38,BKK&VIC,Nonthaburi,Pak Kret,2020,21.45779038
38,BKK&VIC,Nonthaburi,Pak Kret,2021,21.9642988
59,SO,Nakhon Si Thammarat,Pak Phanang,2014,0.481060608
59,SO,Nakhon Si Thammarat,Pak Phanang,2015,0.518868898
59,SO,Nakhon Si Thammarat,Pak Phanang,2016,0.56338913
59,SO,Nakhon Si Thammarat,Pak Phanang,2017,0.77919936
59,SO,Nakhon Si Thammarat,Pak Phanang,2018,0.754481704
59,SO,Nakhon Si Thammarat,Pak Phanang,2019,0.839131137
59,SO,Nakhon Si Thammarat,Pak Phanang,2020,0.849880525
59,SO,Nakhon Si Thammarat,Pak Phanang,2021,0.892688355
55,SO,Phatthalung,Pak Phayun,2014,0.20009309
55,SO,Phatthalung,Pak Phayun,2015,0.215420087
55,SO,Phatthalung,Pak Phayun,2016,0.217970324
55,SO,Phatthalung,Pak Phayun,2017,0.34205303
55,SO,Phatthalung,Pak Phayun,2018,0.398890491
55,SO,Phatthalung,Pak Phayun,2019,0.50333579
55,SO,Phatthalung,Pak Phayun,2020,0.625984378
55,SO,Phatthalung,Pak Phayun,2021,0.796128138
60,EA,Nakhon Nayok,Pak Phli,2014,0.205068979
60,EA,Nakhon Nayok,Pak Phli,2015,0.272218965
60,EA,Nakhon Nayok,Pak Phli,2016,0.265833523
60,EA,Nakhon Nayok,Pak Phli,2017,0.34900785
60,EA,Nakhon Nayok,Pak Phli,2018,0.348643779
60,EA,Nakhon Nayok,Pak Phli,2019,0.373063603
60,EA,Nakhon Nayok,Pak Phli,2020,0.404070511
60,EA,Nakhon Nayok,Pak Phli,2021,0.445164563
30,WE,Ratchaburi,Pak Tho,2014,0.467095726
30,WE,Ratchaburi,Pak Tho,2015,0.522805321
30,WE,Ratchaburi,Pak Tho,2016,0.588796339
30,WE,Ratchaburi,Pak Tho,2017,0.692476755
30,WE,Ratchaburi,Pak Tho,2018,0.795848179
30,WE,Ratchaburi,Pak Tho,2019,0.881616582
30,WE,Ratchaburi,Pak Tho,2020,0.950988212
30,WE,Ratchaburi,Pak Tho,2021,1.038206886
6,NE,Nakhon Ratchasima,Pak Thong Chai,2014,0.383784311
6,NE,Nakhon Ratchasima,Pak Thong Chai,2015,0.440715459
6,NE,Nakhon Ratchasima,Pak Thong Chai,2016,0.438951419
6,NE,Nakhon Ratchasima,Pak Thong Chai,2017,0.542688482
6,NE,Nakhon Ratchasima,Pak Thong Chai,2018,0.572684114
6,NE,Nakhon Ratchasima,Pak Thong Chai,2019,0.586183222
6,NE,Nakhon Ratchasima,Pak Thong Chai,2020,0.597409549
6,NE,Nakhon Ratchasima,Pak Thong Chai,2021,0.667599466
47,SO,Trang,Palian,2014,0.118184059
47,SO,Trang,Palian,2015,0.141902659
47,SO,Trang,Palian,2016,0.153332948
47,SO,Trang,Palian,2017,0.205266635
47,SO,Trang,Palian,2018,0.219991605
47,SO,Trang,Palian,2019,0.222583472
47,SO,Trang,Palian,2020,0.26280421
47,SO,Trang,Palian,2021,0.314116281
57,SO,Pattani,Panare,2014,0.567170805
57,SO,Pattani,Panare,2015,0.601724501
57,SO,Pattani,Panare,2016,0.736019809
57,SO,Pattani,Panare,2017,0.874514704
57,SO,Pattani,Panare,2018,0.956382351
57,SO,Pattani,Panare,2019,1.150074528
57,SO,Pattani,Panare,2020,1.522576463
57,SO,Pattani,Panare,2021,1.582754428
74,NO,Mae Hong Son,Pang Ma Pha,2014,0.009114698
74,NO,Mae Hong Son,Pang Ma Pha,2015,0.010326293
74,NO,Mae Hong Son,Pang Ma Pha,2016,0.009080452
74,NO,Mae Hong Son,Pang Ma Pha,2017,0.021266726
74,NO,Mae Hong Son,Pang Ma Pha,2018,0.019438732
74,NO,Mae Hong Son,Pang Ma Pha,2019,0.024214879
74,NO,Mae Hong Son,Pang Ma Pha,2020,0.037777082
74,NO,Mae Hong Son,Pang Ma Pha,2021,0.040075495
36,NO,Kam Phaeng Phet,Pang Sila Thong,2014,0.058411835
36,NO,Kam Phaeng Phet,Pang Sila Thong,2015,0.101352817
36,NO,Kam Phaeng Phet,Pang Sila Thong,2016,0.10572079
36,NO,Kam Phaeng Phet,Pang Sila Thong,2017,0.144172698
36,NO,Kam Phaeng Phet,Pang Sila Thong,2018,0.143117676
36,NO,Kam Phaeng Phet,Pang Sila Thong,2019,0.142430561
36,NO,Kam Phaeng Phet,Pang Sila Thong,2020,0.157549641
36,NO,Kam Phaeng Phet,Pang Sila Thong,2021,0.179739944
0,NE,Roi Et,Panom Phrai,2014,0.291249558
0,NE,Roi Et,Panom Phrai,2015,0.329662033
0,NE,Roi Et,Panom Phrai,2016,0.317970586
0,NE,Roi Et,Panom Phrai,2017,0.419989293
0,NE,Roi Et,Panom Phrai,2018,0.460908338
0,NE,Roi Et,Panom Phrai,2019,0.454397505
0,NE,Roi Et,Panom Phrai,2020,0.553970187
0,NE,Roi Et,Panom Phrai,2021,0.660050321
19,SO,Chumphon,Pathiu,2014,0.255407242
19,SO,Chumphon,Pathiu,2015,0.282344476
19,SO,Chumphon,Pathiu,2016,0.294102385
19,SO,Chumphon,Pathiu,2017,0.396907628
19,SO,Chumphon,Pathiu,2018,0.437489313
19,SO,Chumphon,Pathiu,2019,0.464844617
19,SO,Chumphon,Pathiu,2020,0.562585389
19,SO,Chumphon,Pathiu,2021,0.652447131
0,NE,Roi Et,Pathum Rat,2014,0.152549412
0,NE,Roi Et,Pathum Rat,2015,0.232150956
0,NE,Roi Et,Pathum Rat,2016,0.245462246
0,NE,Roi Et,Pathum Rat,2017,0.330335304
0,NE,Roi Et,Pathum Rat,2018,0.395001602
0,NE,Roi Et,Pathum Rat,2019,0.405016549
0,NE,Roi Et,Pathum Rat,2020,0.473983648
0,NE,Roi Et,Pathum Rat,2021,0.526582539
67,NE,Amnat Chareon,Pathum Ratwongsa,2014,0.082961675
67,NE,Amnat Chareon,Pathum Ratwongsa,2015,0.098996266
67,NE,Amnat Chareon,Pathum Ratwongsa,2016,0.073642302
67,NE,Amnat Chareon,Pathum Ratwongsa,2017,0.155354245
67,NE,Amnat Chareon,Pathum Ratwongsa,2018,0.19474825
67,NE,Amnat Chareon,Pathum Ratwongsa,2019,0.194547994
67,NE,Amnat Chareon,Pathum Ratwongsa,2020,0.255078803
67,NE,Amnat Chareon,Pathum Ratwongsa,2021,0.281186391
14,BKK&VIC,Bangkok,Pathum Wan,2014,53.79111243
14,BKK&VIC,Bangkok,Pathum Wan,2015,59.54192692
14,BKK&VIC,Bangkok,Pathum Wan,2016,61.80863646
14,BKK&VIC,Bangkok,Pathum Wan,2017,61.6860505
14,BKK&VIC,Bangkok,Pathum Wan,2018,64.75357657
14,BKK&VIC,Bangkok,Pathum Wan,2019,71.08483856
14,BKK&VIC,Bangkok,Pathum Wan,2020,63.67937856
14,BKK&VIC,Bangkok,Pathum Wan,2021,63.16246954
16,NE,Loei,Pha Khao,2014,0.141391638
16,NE,Loei,Pha Khao,2015,0.172906489
16,NE,Loei,Pha Khao,2016,0.189820484
16,NE,Loei,Pha Khao,2017,0.272329459
16,NE,Loei,Pha Khao,2018,0.271751079
16,NE,Loei,Pha Khao,2019,0.27866807
16,NE,Loei,Pha Khao,2020,0.296215248
16,NE,Loei,Pha Khao,2021,0.328438114
53,CE,Phra Nakhon Sri Ayuthaya,Phachi,2014,1.670315649
53,CE,Phra Nakhon Sri Ayuthaya,Phachi,2015,2.068809486
53,CE,Phra Nakhon Sri Ayuthaya,Phachi,2016,2.147687451
53,CE,Phra Nakhon Sri Ayuthaya,Phachi,2017,2.374808581
53,CE,Phra Nakhon Sri Ayuthaya,Phachi,2018,2.300729486
53,CE,Phra Nakhon Sri Ayuthaya,Phachi,2019,2.418854936
53,CE,Phra Nakhon Sri Ayuthaya,Phachi,2020,2.759240025
53,CE,Phra Nakhon Sri Ayuthaya,Phachi,2021,3.915754061
2,NO,Nakhon Sawan,Phaisali,2014,0.150229603
2,NO,Nakhon Sawan,Phaisali,2015,0.201483764
2,NO,Nakhon Sawan,Phaisali,2016,0.210919324
2,NO,Nakhon Sawan,Phaisali,2017,0.299141745
2,NO,Nakhon Sawan,Phaisali,2018,0.296311667
2,NO,Nakhon Sawan,Phaisali,2019,0.331005752
2,NO,Nakhon Sawan,Phaisali,2020,0.374058556
2,NO,Nakhon Sawan,Phaisali,2021,0.411115609
53,CE,Phra Nakhon Sri Ayuthaya,Phak Hai,2014,0.932452337
53,CE,Phra Nakhon Sri Ayuthaya,Phak Hai,2015,0.99533811
53,CE,Phra Nakhon Sri Ayuthaya,Phak Hai,2016,1.054184585
53,CE,Phra Nakhon Sri Ayuthaya,Phak Hai,2017,1.146592814
53,CE,Phra Nakhon Sri Ayuthaya,Phak Hai,2018,1.284843673
53,CE,Phra Nakhon Sri Ayuthaya,Phak Hai,2019,1.228969974
53,CE,Phra Nakhon Sri Ayuthaya,Phak Hai,2020,1.34236265
53,CE,Phra Nakhon Sri Ayuthaya,Phak Hai,2021,1.518476218
9,NE,Chaiyaphum,Phakdi Chumphol,2014,0.08733421
9,NE,Chaiyaphum,Phakdi Chumphol,2015,0.079490313
9,NE,Chaiyaphum,Phakdi Chumphol,2016,0.097477432
9,NE,Chaiyaphum,Phakdi Chumphol,2017,0.1058456
9,NE,Chaiyaphum,Phakdi Chumphol,2018,0.111870135
9,NE,Chaiyaphum,Phakdi Chumphol,2019,0.12344013
9,NE,Chaiyaphum,Phakdi Chumphol,2020,0.148763662
9,NE,Chaiyaphum,Phakdi Chumphol,2021,0.169301274
25,NO,Chiang Rai,Phan,2014,0.209180653
25,NO,Chiang Rai,Phan,2015,0.240343591
25,NO,Chiang Rai,Phan,2016,0.241776804
25,NO,Chiang Rai,Phan,2017,0.323555238
25,NO,Chiang Rai,Phan,2018,0.341641082
25,NO,Chiang Rai,Phan,2019,0.364388394
25,NO,Chiang Rai,Phan,2020,0.404157888
25,NO,Chiang Rai,Phan,2021,0.419884318
64,EA,Chon Buri,Phan Thong,2014,9.500346971
64,EA,Chon Buri,Phan Thong,2015,9.76964184
64,EA,Chon Buri,Phan Thong,2016,9.879282221
64,EA,Chon Buri,Phan Thong,2017,10.08868142
64,EA,Chon Buri,Phan Thong,2018,10.2766855
64,EA,Chon Buri,Phan Thong,2019,10.79874508
64,EA,Chon Buri,Phan Thong,2020,10.44874377
64,EA,Chon Buri,Phan Thong,2021,11.04765802
67,NE,Amnat Chareon,Phana,2014,0.10350162
67,NE,Amnat Chareon,Phana,2015,0.126928382
67,NE,Amnat Chareon,Phana,2016,0.121974774
67,NE,Amnat Chareon,Phana,2017,0.239167061
67,NE,Amnat Chareon,Phana,2018,0.263654026
67,NE,Amnat Chareon,Phana,2019,0.324805343
67,NE,Amnat Chareon,Phana,2020,0.433498138
67,NE,Amnat Chareon,Phana,2021,0.514719829
64,EA,Chon Buri,Phanat Nikhom,2014,1.457726013
64,EA,Chon Buri,Phanat Nikhom,2015,1.672114512
64,EA,Chon Buri,Phanat Nikhom,2016,1.792483414
64,EA,Chon Buri,Phanat Nikhom,2017,2.020442008
64,EA,Chon Buri,Phanat Nikhom,2018,2.169191379
64,EA,Chon Buri,Phanat Nikhom,2019,2.383388354
64,EA,Chon Buri,Phanat Nikhom,2020,2.912059633
64,EA,Chon Buri,Phanat Nikhom,2021,3.302961978
24,NE,Sakon Nakhon,Phang Khon,2014,0.469682755
24,NE,Sakon Nakhon,Phang Khon,2015,0.510557247
24,NE,Sakon Nakhon,Phang Khon,2016,0.826601018
24,NE,Sakon Nakhon,Phang Khon,2017,1.152942942
24,NE,Sakon Nakhon,Phang Khon,2018,1.008832766
24,NE,Sakon Nakhon,Phang Khon,2019,1.001086949
24,NE,Sakon Nakhon,Phang Khon,2020,1.215206082
24,NE,Sakon Nakhon,Phang Khon,2021,1.388629821
24,NE,Sakon Nakhon,Phanna Nikhom,2014,0.146716051
24,NE,Sakon Nakhon,Phanna Nikhom,2015,0.166941644
24,NE,Sakon Nakhon,Phanna Nikhom,2016,0.169522628
24,NE,Sakon Nakhon,Phanna Nikhom,2017,0.292974022
24,NE,Sakon Nakhon,Phanna Nikhom,2018,0.276779936
24,NE,Sakon Nakhon,Phanna Nikhom,2019,0.291083989
24,NE,Sakon Nakhon,Phanna Nikhom,2020,0.380410319
24,NE,Sakon Nakhon,Phanna Nikhom,2021,0.464861549
11,SO,Surat Thani,Phanom,2014,0.03163887
11,SO,Surat Thani,Phanom,2015,0.036108845
11,SO,Surat Thani,Phanom,2016,0.041689768
11,SO,Surat Thani,Phanom,2017,0.058079217
11,SO,Surat Thani,Phanom,2018,0.057356366
11,SO,Surat Thani,Phanom,2019,0.059206194
11,SO,Surat Thani,Phanom,2020,0.10274678
11,SO,Surat Thani,Phanom,2021,0.097528078
4,EA,Chachoengsao,Phanom Sarakham,2014,1.460272956
4,EA,Chachoengsao,Phanom Sarakham,2015,1.629853506
4,EA,Chachoengsao,Phanom Sarakham,2016,1.684328819
4,EA,Chachoengsao,Phanom Sarakham,2017,1.884597143
4,EA,Chachoengsao,Phanom Sarakham,2018,1.900246572
4,EA,Chachoengsao,Phanom Sarakham,2019,1.835448473
4,EA,Chachoengsao,Phanom Sarakham,2020,1.861346297
4,EA,Chachoengsao,Phanom Sarakham,2021,2.172367099
73,WE,Kanchanaburi,Phanom Thuan,2014,0.533646558
73,WE,Kanchanaburi,Phanom Thuan,2015,0.627338518
73,WE,Kanchanaburi,Phanom Thuan,2016,0.671134849
73,WE,Kanchanaburi,Phanom Thuan,2017,0.812482241
73,WE,Kanchanaburi,Phanom Thuan,2018,0.802084207
73,WE,Kanchanaburi,Phanom Thuan,2019,0.853857168
73,WE,Kanchanaburi,Phanom Thuan,2020,0.837288604
73,WE,Kanchanaburi,Phanom Thuan,2021,1.052916389
14,BKK&VIC,Bangkok,Phasi Charoen,2014,20.24613215
14,BKK&VIC,Bangkok,Phasi Charoen,2015,20.40088117
14,BKK&VIC,Bangkok,Phasi Charoen,2016,21.0655443
14,BKK&VIC,Bangkok,Phasi Charoen,2017,19.73744416
14,BKK&VIC,Bangkok,Phasi Charoen,2018,20.41507921
14,BKK&VIC,Bangkok,Phasi Charoen,2019,21.11511153
14,BKK&VIC,Bangkok,Phasi Charoen,2020,22.39259614
14,BKK&VIC,Bangkok,Phasi Charoen,2021,23.61429997
19,SO,Chumphon,Phato,2014,0.036231007
19,SO,Chumphon,Phato,2015,0.035228511
19,SO,Chumphon,Phato,2016,0.041579102
19,SO,Chumphon,Phato,2017,0.052122466
19,SO,Chumphon,Phato,2018,0.052675236
19,SO,Chumphon,Phato,2019,0.047936429
19,SO,Chumphon,Phato,2020,0.054649021
19,SO,Chumphon,Phato,2021,0.055319151
62,CE,Lop Buri,Phatthana Nikhom,2014,0.640466479
62,CE,Lop Buri,Phatthana Nikhom,2015,0.687590258
62,CE,Lop Buri,Phatthana Nikhom,2016,0.73562542
62,CE,Lop Buri,Phatthana Nikhom,2017,0.874714839
62,CE,Lop Buri,Phatthana Nikhom,2018,0.799805764
62,CE,Lop Buri,Phatthana Nikhom,2019,0.786159491
62,CE,Lop Buri,Phatthana Nikhom,2020,0.833848744
62,CE,Lop Buri,Phatthana Nikhom,2021,0.885583336
25,NO,Chiang Rai,Phaya Mengrai,2014,0.141466792
25,NO,Chiang Rai,Phaya Mengrai,2015,0.166705914
25,NO,Chiang Rai,Phaya Mengrai,2016,0.150993329
25,NO,Chiang Rai,Phaya Mengrai,2017,0.212607145
25,NO,Chiang Rai,Phaya Mengrai,2018,0.218499591
25,NO,Chiang Rai,Phaya Mengrai,2019,0.220439627
25,NO,Chiang Rai,Phaya Mengrai,2020,0.315122834
25,NO,Chiang Rai,Phaya Mengrai,2021,0.457305359
14,BKK&VIC,Bangkok,Phaya Thai,2014,35.38999537
14,BKK&VIC,Bangkok,Phaya Thai,2015,35.80177224
14,BKK&VIC,Bangkok,Phaya Thai,2016,37.15002046
14,BKK&VIC,Bangkok,Phaya Thai,2017,38.20089615
14,BKK&VIC,Bangkok,Phaya Thai,2018,40.08123379
14,BKK&VIC,Bangkok,Phaya Thai,2019,41.92918526
14,BKK&VIC,Bangkok,Phaya Thai,2020,41.64304426
14,BKK&VIC,Bangkok,Phaya Thai,2021,44.03760177
46,NE,Maha Sarakham,Phayakkhaphum Phisai,2014,0.248225203
46,NE,Maha Sarakham,Phayakkhaphum Phisai,2015,0.297342179
46,NE,Maha Sarakham,Phayakkhaphum Phisai,2016,0.332268605
46,NE,Maha Sarakham,Phayakkhaphum Phisai,2017,0.501748539
46,NE,Maha Sarakham,Phayakkhaphum Phisai,2018,0.596309597
46,NE,Maha Sarakham,Phayakkhaphum Phisai,2019,0.603618413
46,NE,Maha Sarakham,Phayakkhaphum Phisai,2020,0.644715514
46,NE,Maha Sarakham,Phayakkhaphum Phisai,2021,0.665680959
12,NE,Si Sa Ket,Phayu,2014,0.213513361
12,NE,Si Sa Ket,Phayu,2015,0.251112511
12,NE,Si Sa Ket,Phayu,2016,0.272819067
12,NE,Si Sa Ket,Phayu,2017,0.424317343
12,NE,Si Sa Ket,Phayu,2018,0.430201106
12,NE,Si Sa Ket,Phayu,2019,0.415595621
12,NE,Si Sa Ket,Phayu,2020,0.49367089
12,NE,Si Sa Ket,Phayu,2021,0.593368324
2,NO,Nakhon Sawan,Phayuha Khiri,2014,0.384278103
2,NO,Nakhon Sawan,Phayuha Khiri,2015,0.451884972
2,NO,Nakhon Sawan,Phayuha Khiri,2016,0.503217935
2,NO,Nakhon Sawan,Phayuha Khiri,2017,0.629768304
2,NO,Nakhon Sawan,Phayuha Khiri,2018,0.756613366
2,NO,Nakhon Sawan,Phayuha Khiri,2019,0.848772171
2,NO,Nakhon Sawan,Phayuha Khiri,2020,0.859844762
2,NO,Nakhon Sawan,Phayuha Khiri,2021,0.993253226
23,NE,Udon Thani,Phen,2014,0.116531952
23,NE,Udon Thani,Phen,2015,0.14410968
23,NE,Udon Thani,Phen,2016,0.14032258
23,NE,Udon Thani,Phen,2017,0.224923033
23,NE,Udon Thani,Phen,2018,0.247209064
23,NE,Udon Thani,Phen,2019,0.244845956
23,NE,Udon Thani,Phen,2020,0.304582748
23,NE,Udon Thani,Phen,2021,0.37875772
59,SO,Nakhon Si Thammarat,Phi Pun,2014,0.041215368
59,SO,Nakhon Si Thammarat,Phi Pun,2015,0.042207113
59,SO,Nakhon Si Thammarat,Phi Pun,2016,0.056288247
59,SO,Nakhon Si Thammarat,Phi Pun,2017,0.073648468
59,SO,Nakhon Si Thammarat,Phi Pun,2018,0.082015198
59,SO,Nakhon Si Thammarat,Phi Pun,2019,0.073040957
59,SO,Nakhon Si Thammarat,Phi Pun,2020,0.084454402
59,SO,Nakhon Si Thammarat,Phi Pun,2021,0.100302777
41,NE,Ubon Ratchathani,Phibun Mangsahan,2014,0.214823162
41,NE,Ubon Ratchathani,Phibun Mangsahan,2015,0.252853216
41,NE,Ubon Ratchathani,Phibun Mangsahan,2016,0.25180666
41,NE,Ubon Ratchathani,Phibun Mangsahan,2017,0.318336908
41,NE,Ubon Ratchathani,Phibun Mangsahan,2018,0.326992514
41,NE,Ubon Ratchathani,Phibun Mangsahan,2019,0.310507201
41,NE,Ubon Ratchathani,Phibun Mangsahan,2020,0.380858607
41,NE,Ubon Ratchathani,Phibun Mangsahan,2021,0.486904975
23,NE,Udon Thani,Phibun Rak,2014,0.197935847
23,NE,Udon Thani,Phibun Rak,2015,0.228287233
23,NE,Udon Thani,Phibun Rak,2016,0.201998557
23,NE,Udon Thani,Phibun Rak,2017,0.294611654
23,NE,Udon Thani,Phibun Rak,2018,0.29096199
23,NE,Udon Thani,Phibun Rak,2019,0.288356613
23,NE,Udon Thani,Phibun Rak,2020,0.408414032
23,NE,Udon Thani,Phibun Rak,2021,0.465284525
34,NO,Uttaradit,Phichai,2014,0.200929995
34,NO,Uttaradit,Phichai,2015,0.294754689
34,NO,Uttaradit,Phichai,2016,0.299973643
34,NO,Uttaradit,Phichai,2017,0.467428033
34,NO,Uttaradit,Phichai,2018,0.471690031
34,NO,Uttaradit,Phichai,2019,0.521344855
34,NO,Uttaradit,Phichai,2020,0.611860853
34,NO,Uttaradit,Phichai,2021,0.706973173
6,NE,Nakhon Ratchasima,Phimai,2014,0.267555882
6,NE,Nakhon Ratchasima,Phimai,2015,0.32807377
6,NE,Nakhon Ratchasima,Phimai,2016,0.339760713
6,NE,Nakhon Ratchasima,Phimai,2017,0.445924858
6,NE,Nakhon Ratchasima,Phimai,2018,0.48327039
6,NE,Nakhon Ratchasima,Phimai,2019,0.493543159
6,NE,Nakhon Ratchasima,Phimai,2020,0.598896504
6,NE,Nakhon Ratchasima,Phimai,2021,0.734951047
35,NE,Buri Ram,Phlapphlachai,2014,0.116139077
35,NE,Buri Ram,Phlapphlachai,2015,0.134059407
35,NE,Buri Ram,Phlapphlachai,2016,0.119032733
35,NE,Buri Ram,Phlapphlachai,2017,0.197964943
35,NE,Buri Ram,Phlapphlachai,2018,0.213733361
35,NE,Buri Ram,Phlapphlachai,2019,0.205344792
35,NE,Buri Ram,Phlapphlachai,2020,0.243051248
35,NE,Buri Ram,Phlapphlachai,2021,0.283726472
0,NE,Roi Et,Pho Chai,2014,0.192138135
0,NE,Roi Et,Pho Chai,2015,0.226993458
0,NE,Roi Et,Pho Chai,2016,0.20721315
0,NE,Roi Et,Pho Chai,2017,0.377251868
0,NE,Roi Et,Pho Chai,2018,0.390642073
0,NE,Roi Et,Pho Chai,2019,0.389045716
0,NE,Roi Et,Pho Chai,2020,0.535651675
0,NE,Roi Et,Pho Chai,2021,0.581352961
54,NO,Phichit,Pho Prathap Chan,2014,0.229506079
54,NO,Phichit,Pho Prathap Chan,2015,0.275866615
54,NO,Phichit,Pho Prathap Chan,2016,0.28057211
54,NO,Phichit,Pho Prathap Chan,2017,0.395429346
54,NO,Phichit,Pho Prathap Chan,2018,0.429439582
54,NO,Phichit,Pho Prathap Chan,2019,0.44671404
54,NO,Phichit,Pho Prathap Chan,2020,0.452456895
54,NO,Phichit,Pho Prathap Chan,2021,0.511891133
41,NE,Ubon Ratchathani,Pho Si,2014,0.047996025
41,NE,Ubon Ratchathani,Pho Si,2015,0.058165883
41,NE,Ubon Ratchathani,Pho Si,2016,0.057076635
41,NE,Ubon Ratchathani,Pho Si,2017,0.104604146
41,NE,Ubon Ratchathani,Pho Si,2018,0.094694132
41,NE,Ubon Ratchathani,Pho Si,2019,0.092476204
41,NE,Ubon Ratchathani,Pho Si,2020,0.119725506
41,NE,Ubon Ratchathani,Pho Si,2021,0.157836033
54,NO,Phichit,Pho Thale,2014,0.162209432
54,NO,Phichit,Pho Thale,2015,0.24249656
54,NO,Phichit,Pho Thale,2016,0.232252385
54,NO,Phichit,Pho Thale,2017,0.333517697
54,NO,Phichit,Pho Thale,2018,0.353076468
54,NO,Phichit,Pho Thale,2019,0.377997231
54,NO,Phichit,Pho Thale,2020,0.527695964
54,NO,Phichit,Pho Thale,2021,0.773660617
45,CE,Ang Thong,Pho Thong,2014,0.927962454
45,CE,Ang Thong,Pho Thong,2015,1.088652243
45,CE,Ang Thong,Pho Thong,2016,1.253741784
45,CE,Ang Thong,Pho Thong,2017,1.533979831
45,CE,Ang Thong,Pho Thong,2018,1.590779647
45,CE,Ang Thong,Pho Thong,2019,1.634271455
45,CE,Ang Thong,Pho Thong,2020,1.944035358
45,CE,Ang Thong,Pho Thong,2021,2.456324004
15,NE,Khon Kaen,Phon,2014,0.450669932
15,NE,Khon Kaen,Phon,2015,0.485224634
15,NE,Khon Kaen,Phon,2016,0.526731844
15,NE,Khon Kaen,Phon,2017,0.633672773
15,NE,Khon Kaen,Phon,2018,0.780385161
15,NE,Khon Kaen,Phon,2019,0.926443118
15,NE,Khon Kaen,Phon,2020,1.093111323
15,NE,Khon Kaen,Phon,2021,1.110281871
39,NE,Bueng Kan,Phon Charoen,2014,0.131374113
39,NE,Bueng Kan,Phon Charoen,2015,0.149236139
39,NE,Bueng Kan,Phon Charoen,2016,0.159892872
39,NE,Bueng Kan,Phon Charoen,2017,0.25378793
39,NE,Bueng Kan,Phon Charoen,2018,0.26653196
39,NE,Bueng Kan,Phon Charoen,2019,0.253178447
39,NE,Bueng Kan,Phon Charoen,2020,0.28417026
39,NE,Bueng Kan,Phon Charoen,2021,0.341782275
24,NE,Sakon Nakhon,Phon Na Kaeo,2014,0.047052649
24,NE,Sakon Nakhon,Phon Na Kaeo,2015,0.078537277
24,NE,Sakon Nakhon,Phon Na Kaeo,2016,0.071291545
24,NE,Sakon Nakhon,Phon Na Kaeo,2017,0.145817327
24,NE,Sakon Nakhon,Phon Na Kaeo,2018,0.152019914
24,NE,Sakon Nakhon,Phon Na Kaeo,2019,0.164556339
24,NE,Sakon Nakhon,Phon Na Kaeo,2020,0.243762284
24,NE,Sakon Nakhon,Phon Na Kaeo,2021,0.345286449
13,NE,Nong Khai,Phon Phisai,2014,0.110037944
13,NE,Nong Khai,Phon Phisai,2015,0.156328122
13,NE,Nong Khai,Phon Phisai,2016,0.155487295
13,NE,Nong Khai,Phon Phisai,2017,0.292791666
13,NE,Nong Khai,Phon Phisai,2018,0.318460365
13,NE,Nong Khai,Phon Phisai,2019,0.306134084
13,NE,Nong Khai,Phon Phisai,2020,0.403406813
13,NE,Nong Khai,Phon Phisai,2021,0.452740978
0,NE,Roi Et,Phon Sai,2014,0.08370889
0,NE,Roi Et,Phon Sai,2015,0.104599131
0,NE,Roi Et,Phon Sai,2016,0.085720085
0,NE,Roi Et,Phon Sai,2017,0.175431349
0,NE,Roi Et,Phon Sai,2018,0.180261859
0,NE,Roi Et,Phon Sai,2019,0.159181191
0,NE,Roi Et,Phon Sai,2020,0.235379574
0,NE,Roi Et,Phon Sai,2021,0.401601464
72,NE,Nakhon Phanom,Phon Sawan,2014,0.057315311
72,NE,Nakhon Phanom,Phon Sawan,2015,0.084300691
72,NE,Nakhon Phanom,Phon Sawan,2016,0.073723355
72,NE,Nakhon Phanom,Phon Sawan,2017,0.146962071
72,NE,Nakhon Phanom,Phon Sawan,2018,0.144795443
72,NE,Nakhon Phanom,Phon Sawan,2019,0.128453323
72,NE,Nakhon Phanom,Phon Sawan,2020,0.182558097
72,NE,Nakhon Phanom,Phon Sawan,2021,0.250964581
0,NE,Roi Et,Phon Thong,2014,0.265833734
0,NE,Roi Et,Phon Thong,2015,0.318966034
0,NE,Roi Et,Phon Thong,2016,0.304072371
0,NE,Roi Et,Phon Thong,2017,0.465694764
0,NE,Roi Et,Phon Thong,2018,0.44286841
0,NE,Roi Et,Phon Thong,2019,0.424058158
0,NE,Roi Et,Phon Thong,2020,0.525435165
0,NE,Roi Et,Phon Thong,2021,0.640863822
26,NO,Tak,Phop Phra,2014,0.095916147
26,NO,Tak,Phop Phra,2015,0.111191363
26,NO,Tak,Phop Phra,2016,0.111056309
26,NO,Tak,Phop Phra,2017,0.141113522
26,NO,Tak,Phop Phra,2018,0.159791195
26,NO,Tak,Phop Phra,2019,0.158917136
26,NO,Tak,Phop Phra,2020,0.178493667
26,NO,Tak,Phop Phra,2021,0.211473026
30,WE,Ratchaburi,Photharam,2014,1.771243282
30,WE,Ratchaburi,Photharam,2015,1.934505415
30,WE,Ratchaburi,Photharam,2016,2.041011681
30,WE,Ratchaburi,Photharam,2017,2.184196014
30,WE,Ratchaburi,Photharam,2018,2.244898178
30,WE,Ratchaburi,Photharam,2019,2.33076591
30,WE,Ratchaburi,Photharam,2020,2.458310306
30,WE,Ratchaburi,Photharam,2021,2.807638012
14,BKK&VIC,Bangkok,Phra Nakhon,2014,67.88084108
14,BKK&VIC,Bangkok,Phra Nakhon,2015,77.71053596
14,BKK&VIC,Bangkok,Phra Nakhon,2016,83.80452737
14,BKK&VIC,Bangkok,Phra Nakhon,2017,107.2851145
14,BKK&VIC,Bangkok,Phra Nakhon,2018,91.95951673
14,BKK&VIC,Bangkok,Phra Nakhon,2019,103.9119751
14,BKK&VIC,Bangkok,Phra Nakhon,2020,96.51314827
14,BKK&VIC,Bangkok,Phra Nakhon,2021,102.8640076
53,CE,Phra Nakhon Sri Ayuthaya,Phra Nakhon Sri Ayuthaya,2014,12.7592924
53,CE,Phra Nakhon Sri Ayuthaya,Phra Nakhon Sri Ayuthaya,2015,12.68746703
53,CE,Phra Nakhon Sri Ayuthaya,Phra Nakhon Sri Ayuthaya,2016,11.93891782
53,CE,Phra Nakhon Sri Ayuthaya,Phra Nakhon Sri Ayuthaya,2017,11.69513275
53,CE,Phra Nakhon Sri Ayuthaya,Phra Nakhon Sri Ayuthaya,2018,11.0987358
53,CE,Phra Nakhon Sri Ayuthaya,Phra Nakhon Sri Ayuthaya,2019,11.3889661
53,CE,Phra Nakhon Sri Ayuthaya,Phra Nakhon Sri Ayuthaya,2020,12.19582823
53,CE,Phra Nakhon Sri Ayuthaya,Phra Nakhon Sri Ayuthaya,2021,13.61678612
59,SO,Nakhon Si Thammarat,Phra Phrom,2014,0.856907308
59,SO,Nakhon Si Thammarat,Phra Phrom,2015,1.006769512
59,SO,Nakhon Si Thammarat,Phra Phrom,2016,1.073231948
59,SO,Nakhon Si Thammarat,Phra Phrom,2017,1.20685688
59,SO,Nakhon Si Thammarat,Phra Phrom,2018,1.473509615
59,SO,Nakhon Si Thammarat,Phra Phrom,2019,1.374728427
59,SO,Nakhon Si Thammarat,Phra Phrom,2020,1.565329846
59,SO,Nakhon Si Thammarat,Phra Phrom,2021,1.840390713
17,CE,Saraburi,Phra Phutthabat,2014,2.511125558
17,CE,Saraburi,Phra Phutthabat,2015,2.662294613
17,CE,Saraburi,Phra Phutthabat,2016,2.7234149
17,CE,Saraburi,Phra Phutthabat,2017,2.948976099
17,CE,Saraburi,Phra Phutthabat,2018,2.775775662
17,CE,Saraburi,Phra Phutthabat,2019,3.000603502
17,CE,Saraburi,Phra Phutthabat,2020,3.041686798
17,CE,Saraburi,Phra Phutthabat,2021,3.223212783
69,BKK&VIC,Samut Prakan,Phra Pra Daeng,2014,24.64958659
69,BKK&VIC,Samut Prakan,Phra Pra Daeng,2015,25.3669644
69,BKK&VIC,Samut Prakan,Phra Pra Daeng,2016,26.38400322
69,BKK&VIC,Samut Prakan,Phra Pra Daeng,2017,25.64227482
69,BKK&VIC,Samut Prakan,Phra Pra Daeng,2018,26.78381037
69,BKK&VIC,Samut Prakan,Phra Pra Daeng,2019,28.20506362
69,BKK&VIC,Samut Prakan,Phra Pra Daeng,2020,28.72748281
69,BKK&VIC,Samut Prakan,Phra Pra Daeng,2021,29.50122456
69,BKK&VIC,Samut Prakan,Phra Samut Jadee,2014,4.33499612
69,BKK&VIC,Samut Prakan,Phra Samut Jadee,2015,4.770035486
69,BKK&VIC,Samut Prakan,Phra Samut Jadee,2016,4.733896074
69,BKK&VIC,Samut Prakan,Phra Samut Jadee,2017,5.047162609
69,BKK&VIC,Samut Prakan,Phra Samut Jadee,2018,5.469544431
69,BKK&VIC,Samut Prakan,Phra Samut Jadee,2019,5.999817992
69,BKK&VIC,Samut Prakan,Phra Samut Jadee,2020,6.809158167
69,BKK&VIC,Samut Prakan,Phra Samut Jadee,2021,7.125471716
15,NE,Khon Kaen,Phra Yun,2014,0.339585445
15,NE,Khon Kaen,Phra Yun,2015,0.405333052
15,NE,Khon Kaen,Phra Yun,2016,0.392934333
15,NE,Khon Kaen,Phra Yun,2017,0.477995718
15,NE,Khon Kaen,Phra Yun,2018,0.517683768
15,NE,Khon Kaen,Phra Yun,2019,0.571039378
15,NE,Khon Kaen,Phra Yun,2020,0.681033494
15,NE,Khon Kaen,Phra Yun,2021,0.830020714
12,NE,Si Sa Ket,Phrai Bung,2014,0.266879745
12,NE,Si Sa Ket,Phrai Bung,2015,0.284074461
12,NE,Si Sa Ket,Phrai Bung,2016,0.276437093
12,NE,Si Sa Ket,Phrai Bung,2017,0.340474207
12,NE,Si Sa Ket,Phrai Bung,2018,0.367246311
12,NE,Si Sa Ket,Phrai Bung,2019,0.378503648
12,NE,Si Sa Ket,Phrai Bung,2020,0.458080511
12,NE,Si Sa Ket,Phrai Bung,2021,0.53104634
36,NO,Kam Phaeng Phet,Phran Kratai,2014,0.138472438
36,NO,Kam Phaeng Phet,Phran Kratai,2015,0.179666007
36,NO,Kam Phaeng Phet,Phran Kratai,2016,0.176273355
36,NO,Kam Phaeng Phet,Phran Kratai,2017,0.24028502
36,NO,Kam Phaeng Phet,Phran Kratai,2018,0.226729942
36,NO,Kam Phaeng Phet,Phran Kratai,2019,0.265876975
36,NO,Kam Phaeng Phet,Phran Kratai,2020,0.297043879
36,NO,Kam Phaeng Phet,Phran Kratai,2021,0.350259935
65,NO,Chiang Mai,Phrao,2014,0.056888912
65,NO,Chiang Mai,Phrao,2015,0.078372458
65,NO,Chiang Mai,Phrao,2016,0.057730603
65,NO,Chiang Mai,Phrao,2017,0.078272299
65,NO,Chiang Mai,Phrao,2018,0.084495897
65,NO,Chiang Mai,Phrao,2019,0.089754713
65,NO,Chiang Mai,Phrao,2020,0.098895944
65,NO,Chiang Mai,Phrao,2021,0.106700516
5,NE,Surin,Phrasat,2014,0.170151881
5,NE,Surin,Phrasat,2015,0.187664595
5,NE,Surin,Phrasat,2016,0.224583453
5,NE,Surin,Phrasat,2017,0.394866526
5,NE,Surin,Phrasat,2018,0.481848662
5,NE,Surin,Phrasat,2019,0.533955571
5,NE,Surin,Phrasat,2020,0.566423596
5,NE,Surin,Phrasat,2021,0.605471102
49,CE,Singburi,Phrom Buri,2014,2.420215839
49,CE,Singburi,Phrom Buri,2015,2.725641894
49,CE,Singburi,Phrom Buri,2016,3.065128811
49,CE,Singburi,Phrom Buri,2017,3.318435999
49,CE,Singburi,Phrom Buri,2018,3.44378983
49,CE,Singburi,Phrom Buri,2019,3.637557339
49,CE,Singburi,Phrom Buri,2020,3.712854953
49,CE,Singburi,Phrom Buri,2021,4.212632367
21,NO,Phitsanulok,Phrom Phiram,2014,0.204885113
21,NO,Phitsanulok,Phrom Phiram,2015,0.263655231
21,NO,Phitsanulok,Phrom Phiram,2016,0.286919141
21,NO,Phitsanulok,Phrom Phiram,2017,0.39593507
21,NO,Phitsanulok,Phrom Phiram,2018,0.398046239
21,NO,Phitsanulok,Phrom Phiram,2019,0.399503799
21,NO,Phitsanulok,Phrom Phiram,2020,0.447773714
21,NO,Phitsanulok,Phrom Phiram,2021,0.548909939
59,SO,Nakhon Si Thammarat,Phrommakhiri,2014,0.174628793
59,SO,Nakhon Si Thammarat,Phrommakhiri,2015,0.201806896
59,SO,Nakhon Si Thammarat,Phrommakhiri,2016,0.224696749
59,SO,Nakhon Si Thammarat,Phrommakhiri,2017,0.232055625
59,SO,Nakhon Si Thammarat,Phrommakhiri,2018,0.262709063
59,SO,Nakhon Si Thammarat,Phrommakhiri,2019,0.380049436
59,SO,Nakhon Si Thammarat,Phrommakhiri,2020,0.424085552
59,SO,Nakhon Si Thammarat,Phrommakhiri,2021,0.418958954
9,NE,Chaiyaphum,Phu Khieo,2014,0.422370729
9,NE,Chaiyaphum,Phu Khieo,2015,0.459706121
9,NE,Chaiyaphum,Phu Khieo,2016,0.483772448
9,NE,Chaiyaphum,Phu Khieo,2017,0.60861887
9,NE,Chaiyaphum,Phu Khieo,2018,0.628730393
9,NE,Chaiyaphum,Phu Khieo,2019,0.712042902
9,NE,Chaiyaphum,Phu Khieo,2020,0.789962533
9,NE,Chaiyaphum,Phu Khieo,2021,0.801711576
16,NE,Loei,Phu Kradung,2014,0.074523286
16,NE,Loei,Phu Kradung,2015,0.069679264
16,NE,Loei,Phu Kradung,2016,0.068285777
16,NE,Loei,Phu Kradung,2017,0.093483249
16,NE,Loei,Phu Kradung,2018,0.094831563
16,NE,Loei,Phu Kradung,2019,0.090308134
16,NE,Loei,Phu Kradung,2020,0.10269051
16,NE,Loei,Phu Kradung,2021,0.116294604
16,NE,Loei,Phu Luang,2014,0.046949058
16,NE,Loei,Phu Luang,2015,0.053174705
16,NE,Loei,Phu Luang,2016,0.044918511
16,NE,Loei,Phu Luang,2017,0.06769993
16,NE,Loei,Phu Luang,2018,0.070245312
16,NE,Loei,Phu Luang,2019,0.067579936
16,NE,Loei,Phu Luang,2020,0.078694721
16,NE,Loei,Phu Luang,2021,0.093171046
24,NE,Sakon Nakhon,Phu Phan,2014,0.061859438
24,NE,Sakon Nakhon,Phu Phan,2015,0.098137236
24,NE,Sakon Nakhon,Phu Phan,2016,0.088551186
24,NE,Sakon Nakhon,Phu Phan,2017,0.12109676
24,NE,Sakon Nakhon,Phu Phan,2018,0.13238946
24,NE,Sakon Nakhon,Phu Phan,2019,0.123407038
24,NE,Sakon Nakhon,Phu Phan,2020,0.145734742
24,NE,Sakon Nakhon,Phu Phan,2021,0.158080558
16,NE,Loei,Phu Rua,2014,0.095921961
16,NE,Loei,Phu Rua,2015,0.103129716
16,NE,Loei,Phu Rua,2016,0.12202509
16,NE,Loei,Phu Rua,2017,0.161905034
16,NE,Loei,Phu Rua,2018,0.190141305
16,NE,Loei,Phu Rua,2019,0.184898863
16,NE,Loei,Phu Rua,2020,0.187251408
16,NE,Loei,Phu Rua,2021,0.226067305
12,NE,Si Sa Ket,Phu Sing,2014,0.032705695
12,NE,Si Sa Ket,Phu Sing,2015,0.044659754
12,NE,Si Sa Ket,Phu Sing,2016,0.035999945
12,NE,Si Sa Ket,Phu Sing,2017,0.102523874
12,NE,Si Sa Ket,Phu Sing,2018,0.200044145
12,NE,Si Sa Ket,Phu Sing,2019,0.197974326
12,NE,Si Sa Ket,Phu Sing,2020,0.225497313
12,NE,Si Sa Ket,Phu Sing,2021,0.256283504
15,NE,Khon Kaen,Phu Wiang,2014,0.13800292
15,NE,Khon Kaen,Phu Wiang,2015,0.191219663
15,NE,Khon Kaen,Phu Wiang,2016,0.165733277
15,NE,Khon Kaen,Phu Wiang,2017,0.220378967
15,NE,Khon Kaen,Phu Wiang,2018,0.225090546
15,NE,Khon Kaen,Phu Wiang,2019,0.221980871
15,NE,Khon Kaen,Phu Wiang,2020,0.275281896
15,NE,Khon Kaen,Phu Wiang,2021,0.319379708
11,SO,Surat Thani,Phunphin,2014,0.58578258
11,SO,Surat Thani,Phunphin,2015,0.621064881
11,SO,Surat Thani,Phunphin,2016,0.693075595
11,SO,Surat Thani,Phunphin,2017,0.860322261
11,SO,Surat Thani,Phunphin,2018,0.902997219
11,SO,Surat Thani,Phunphin,2019,0.964137691
11,SO,Surat Thani,Phunphin,2020,0.965725942
11,SO,Surat Thani,Phunphin,2021,0.941843147
15,NE,Khon Kaen,Phupa Man,2014,0.10143113
15,NE,Khon Kaen,Phupa Man,2015,0.124663885
15,NE,Khon Kaen,Phupa Man,2016,0.122145703
15,NE,Khon Kaen,Phupa Man,2017,0.155229613
15,NE,Khon Kaen,Phupa Man,2018,0.164078345
15,NE,Khon Kaen,Phupa Man,2019,0.225271631
15,NE,Khon Kaen,Phupa Man,2020,0.174146105
15,NE,Khon Kaen,Phupa Man,2021,0.211333463
27,BKK&VIC,Nakhon Pathom,Phuttha Mon Thon,2014,8.116157869
27,BKK&VIC,Nakhon Pathom,Phuttha Mon Thon,2015,8.287863198
27,BKK&VIC,Nakhon Pathom,Phuttha Mon Thon,2016,8.76791338
27,BKK&VIC,Nakhon Pathom,Phuttha Mon Thon,2017,9.400559278
27,BKK&VIC,Nakhon Pathom,Phuttha Mon Thon,2018,9.403477817
27,BKK&VIC,Nakhon Pathom,Phuttha Mon Thon,2019,9.501519289
27,BKK&VIC,Nakhon Pathom,Phuttha Mon Thon,2020,9.364559317
27,BKK&VIC,Nakhon Pathom,Phuttha Mon Thon,2021,9.716065489
35,NE,Buri Ram,Phutthaisong,2014,0.312394625
35,NE,Buri Ram,Phutthaisong,2015,0.35342636
35,NE,Buri Ram,Phutthaisong,2016,0.400247248
35,NE,Buri Ram,Phutthaisong,2017,0.523455979
35,NE,Buri Ram,Phutthaisong,2018,0.606840064
35,NE,Buri Ram,Phutthaisong,2019,0.793852739
35,NE,Buri Ram,Phutthaisong,2020,0.942703032
35,NE,Buri Ram,Phutthaisong,2021,0.977308732
72,NE,Nakhon Phanom,Pla Pak,2014,0.123554335
72,NE,Nakhon Phanom,Pla Pak,2015,0.143418124
72,NE,Nakhon Phanom,Pla Pak,2016,0.130027878
72,NE,Nakhon Phanom,Pla Pak,2017,0.242644973
72,NE,Nakhon Phanom,Pla Pak,2018,0.233417113
72,NE,Nakhon Phanom,Pla Pak,2019,0.223545304
72,NE,Nakhon Phanom,Pla Pak,2020,0.317715315
72,NE,Nakhon Phanom,Pla Pak,2021,0.442632065
4,EA,Chachoengsao,Plaeng Yao,2014,2.139592723
4,EA,Chachoengsao,Plaeng Yao,2015,2.20843974
4,EA,Chachoengsao,Plaeng Yao,2016,2.538677036
4,EA,Chachoengsao,Plaeng Yao,2017,2.760240948
4,EA,Chachoengsao,Plaeng Yao,2018,2.712939073
4,EA,Chachoengsao,Plaeng Yao,2019,2.590424593
4,EA,Chachoengsao,Plaeng Yao,2020,2.630471534
4,EA,Chachoengsao,Plaeng Yao,2021,2.708296722
63,SO,Krabi,Plai Phraya,2014,0.079642618
63,SO,Krabi,Plai Phraya,2015,0.092341348
63,SO,Krabi,Plai Phraya,2016,0.098996377
63,SO,Krabi,Plai Phraya,2017,0.185858889
63,SO,Krabi,Plai Phraya,2018,0.200693689
63,SO,Krabi,Plai Phraya,2019,0.204045417
63,SO,Krabi,Plai Phraya,2020,0.353375774
63,SO,Krabi,Plai Phraya,2021,0.467043633
51,EA,Rayong,Pluak Daeng,2014,6.652056152
51,EA,Rayong,Pluak Daeng,2015,6.720905947
51,EA,Rayong,Pluak Daeng,2016,6.834453361
51,EA,Rayong,Pluak Daeng,2017,7.290051426
51,EA,Rayong,Pluak Daeng,2018,7.404633139
51,EA,Rayong,Pluak Daeng,2019,7.836949388
51,EA,Rayong,Pluak Daeng,2020,7.730718765
51,EA,Rayong,Pluak Daeng,2021,8.124838081
14,BKK&VIC,Bangkok,Pom Prap Sattru Phai,2014,68.55570938
14,BKK&VIC,Bangkok,Pom Prap Sattru Phai,2015,70.97400922
14,BKK&VIC,Bangkok,Pom Prap Sattru Phai,2016,70.94706066
14,BKK&VIC,Bangkok,Pom Prap Sattru Phai,2017,78.88042876
14,BKK&VIC,Bangkok,Pom Prap Sattru Phai,2018,84.29015148
14,BKK&VIC,Bangkok,Pom Prap Sattru Phai,2019,86.1490846
14,BKK&VIC,Bangkok,Pom Prap Sattru Phai,2020,84.79470758
14,BKK&VIC,Bangkok,Pom Prap Sattru Phai,2021,90.53575502
1,NO,Phayao,Pong,2014,0.02635948
1,NO,Phayao,Pong,2015,0.030296483
1,NO,Phayao,Pong,2016,0.03540916
1,NO,Phayao,Pong,2017,0.066247011
1,NO,Phayao,Pong,2018,0.080664133
1,NO,Phayao,Pong,2019,0.108631632
1,NO,Phayao,Pong,2020,0.134806526
1,NO,Phayao,Pong,2021,0.140443246
71,EA,Chanthaburi,Pong Nam Ron,2014,0.107606632
71,EA,Chanthaburi,Pong Nam Ron,2015,0.146110829
71,EA,Chanthaburi,Pong Nam Ron,2016,0.16830705
71,EA,Chanthaburi,Pong Nam Ron,2017,0.300104386
71,EA,Chanthaburi,Pong Nam Ron,2018,0.349307384
71,EA,Chanthaburi,Pong Nam Ron,2019,0.452187819
71,EA,Chanthaburi,Pong Nam Ron,2020,0.454081559
71,EA,Chanthaburi,Pong Nam Ron,2021,0.43590104
6,NE,Nakhon Ratchasima,Pra Thai,2014,0.146514579
6,NE,Nakhon Ratchasima,Pra Thai,2015,0.175165773
6,NE,Nakhon Ratchasima,Pra Thai,2016,0.188825544
6,NE,Nakhon Ratchasima,Pra Thai,2017,0.25309889
6,NE,Nakhon Ratchasima,Pra Thai,2018,0.296805612
6,NE,Nakhon Ratchasima,Pra Thai,2019,0.310694953
6,NE,Nakhon Ratchasima,Pra Thai,2020,0.382841389
6,NE,Nakhon Ratchasima,Pra Thai,2021,0.477581779
52,EA,Prachin Buri,Prachantakham,2014,0.134913248
52,EA,Prachin Buri,Prachantakham,2015,0.161529388
52,EA,Prachin Buri,Prachantakham,2016,0.174862744
52,EA,Prachin Buri,Prachantakham,2017,0.205194081
52,EA,Prachin Buri,Prachantakham,2018,0.207254608
52,EA,Prachin Buri,Prachantakham,2019,0.235084506
52,EA,Prachin Buri,Prachantakham,2020,0.267170172
52,EA,Prachin Buri,Prachantakham,2021,0.300643186
14,BKK&VIC,Bangkok,Prakanong,2014,31.13071036
14,BKK&VIC,Bangkok,Prakanong,2015,32.33066791
14,BKK&VIC,Bangkok,Prakanong,2016,33.67880477
14,BKK&VIC,Bangkok,Prakanong,2017,34.20005021
14,BKK&VIC,Bangkok,Prakanong,2018,34.85280353
14,BKK&VIC,Bangkok,Prakanong,2019,35.62656868
14,BKK&VIC,Bangkok,Prakanong,2020,36.92312458
14,BKK&VIC,Bangkok,Prakanong,2021,41.22165131
35,NE,Buri Ram,Prakhon Chai,2014,0.178955091
35,NE,Buri Ram,Prakhon Chai,2015,0.211526516
35,NE,Buri Ram,Prakhon Chai,2016,0.295558625
35,NE,Buri Ram,Prakhon Chai,2017,0.385988254
35,NE,Buri Ram,Prakhon Chai,2018,0.422840636
35,NE,Buri Ram,Prakhon Chai,2019,0.410853691
35,NE,Buri Ram,Prakhon Chai,2020,0.496089135
35,NE,Buri Ram,Prakhon Chai,2021,0.572376307
42,WE,Phachuap Khiri Khan,Pran Buri,2014,0.602900094
42,WE,Phachuap Khiri Khan,Pran Buri,2015,0.659519671
42,WE,Phachuap Khiri Khan,Pran Buri,2016,0.705639192
42,WE,Phachuap Khiri Khan,Pran Buri,2017,0.813045159
42,WE,Phachuap Khiri Khan,Pran Buri,2018,0.810569399
42,WE,Phachuap Khiri Khan,Pran Buri,2019,0.872329228
42,WE,Phachuap Khiri Khan,Pran Buri,2020,0.920255323
42,WE,Phachuap Khiri Khan,Pran Buri,2021,0.97792678
12,NE,Si Sa Ket,Prang Ku,2014,0.093854803
12,NE,Si Sa Ket,Prang Ku,2015,0.09644346
12,NE,Si Sa Ket,Prang Ku,2016,0.107206427
12,NE,Si Sa Ket,Prang Ku,2017,0.170227645
12,NE,Si Sa Ket,Prang Ku,2018,0.183344776
12,NE,Si Sa Ket,Prang Ku,2019,0.187770063
12,NE,Si Sa Ket,Prang Ku,2020,0.227272029
12,NE,Si Sa Ket,Prang Ku,2021,0.295625553
11,SO,Surat Thani,Prasaeng,2014,0.150015283
11,SO,Surat Thani,Prasaeng,2015,0.166775993
11,SO,Surat Thani,Prasaeng,2016,0.173625114
11,SO,Surat Thani,Prasaeng,2017,0.222169648
11,SO,Surat Thani,Prasaeng,2018,0.270023819
11,SO,Surat Thani,Prasaeng,2019,0.296446378
11,SO,Surat Thani,Prasaeng,2020,0.314016819
11,SO,Surat Thani,Prasaeng,2021,0.317197874
14,BKK&VIC,Bangkok,Prawet,2014,22.94877424
14,BKK&VIC,Bangkok,Prawet,2015,24.98414513
14,BKK&VIC,Bangkok,Prawet,2016,26.1252566
14,BKK&VIC,Bangkok,Prawet,2017,25.8526834
14,BKK&VIC,Bangkok,Prawet,2018,28.02980692
14,BKK&VIC,Bangkok,Prawet,2019,27.76136321
14,BKK&VIC,Bangkok,Prawet,2020,27.82668584
14,BKK&VIC,Bangkok,Prawet,2021,28.83741281
70,NO,Nan,Pua,2014,0.111765982
70,NO,Nan,Pua,2015,0.132144702
70,NO,Nan,Pua,2016,0.118608882
70,NO,Nan,Pua,2017,0.167984003
70,NO,Nan,Pua,2018,0.170397481
70,NO,Nan,Pua,2019,0.18722071
70,NO,Nan,Pua,2020,0.212988122
70,NO,Nan,Pua,2021,0.223912896
15,NE,Khon Kaen,Puai Noi,2014,0.135093854
15,NE,Khon Kaen,Puai Noi,2015,0.165030754
15,NE,Khon Kaen,Puai Noi,2016,0.17307319
15,NE,Khon Kaen,Puai Noi,2017,0.281005828
15,NE,Khon Kaen,Puai Noi,2018,0.288866769
15,NE,Khon Kaen,Puai Noi,2019,0.267080125
15,NE,Khon Kaen,Puai Noi,2020,0.339418305
15,NE,Khon Kaen,Puai Noi,2021,0.399088691
33,SO,Yala,Raman,2014,0.381882924
33,SO,Yala,Raman,2015,0.440353849
33,SO,Yala,Raman,2016,0.552838867
33,SO,Yala,Raman,2017,0.690305864
33,SO,Yala,Raman,2018,0.777891664
33,SO,Yala,Raman,2019,0.732453075
33,SO,Yala,Raman,2020,0.888360856
33,SO,Yala,Raman,2021,1.031125812
40,SO,Narathiwat,Rangae,2014,0.378691284
40,SO,Narathiwat,Rangae,2015,0.429018727
40,SO,Narathiwat,Rangae,2016,0.52064211
40,SO,Narathiwat,Rangae,2017,0.650788
40,SO,Narathiwat,Rangae,2018,0.747210033
40,SO,Narathiwat,Rangae,2019,0.632435608
40,SO,Narathiwat,Rangae,2020,0.735803136
40,SO,Narathiwat,Rangae,2021,0.760781567
43,SO,Songkhla,Ranot,2014,0.649582337
43,SO,Songkhla,Ranot,2015,0.663651681
43,SO,Songkhla,Ranot,2016,0.682833137
43,SO,Songkhla,Ranot,2017,0.822924757
43,SO,Songkhla,Ranot,2018,1.123235916
43,SO,Songkhla,Ranot,2019,1.18952181
43,SO,Songkhla,Ranot,2020,1.205748656
43,SO,Songkhla,Ranot,2021,1.277041187
47,SO,Trang,Rasada,2014,0.21520201
47,SO,Trang,Rasada,2015,0.214747013
47,SO,Trang,Rasada,2016,0.246873342
47,SO,Trang,Rasada,2017,0.34378699
47,SO,Trang,Rasada,2018,0.375469993
47,SO,Trang,Rasada,2019,0.406080193
47,SO,Trang,Rasada,2020,0.534748209
47,SO,Trang,Rasada,2021,0.605615156
12,NE,Si Sa Ket,Rasi Salai,2014,0.163064814
12,NE,Si Sa Ket,Rasi Salai,2015,0.213826421
12,NE,Si Sa Ket,Rasi Salai,2016,0.20633916
12,NE,Si Sa Ket,Rasi Salai,2017,0.32466113
12,NE,Si Sa Ket,Rasi Salai,2018,0.350892759
12,NE,Si Sa Ket,Rasi Salai,2019,0.326483162
12,NE,Si Sa Ket,Rasi Salai,2020,0.40094425
12,NE,Si Sa Ket,Rasi Salai,2021,0.470745178
14,BKK&VIC,Bangkok,Rat Burana,2014,21.89745785
14,BKK&VIC,Bangkok,Rat Burana,2015,23.43802784
14,BKK&VIC,Bangkok,Rat Burana,2016,25.63446059
14,BKK&VIC,Bangkok,Rat Burana,2017,26.84266625
14,BKK&VIC,Bangkok,Rat Burana,2018,26.82691449
14,BKK&VIC,Bangkok,Rat Burana,2019,26.60838196
14,BKK&VIC,Bangkok,Rat Burana,2020,27.02730876
14,BKK&VIC,Bangkok,Rat Burana,2021,27.87551013
4,EA,Chachoengsao,Ratchasan,2014,0.346450982
4,EA,Chachoengsao,Ratchasan,2015,0.407073179
4,EA,Chachoengsao,Ratchasan,2016,0.44771401
4,EA,Chachoengsao,Ratchasan,2017,0.552936107
4,EA,Chachoengsao,Ratchasan,2018,0.660678753
4,EA,Chachoengsao,Ratchasan,2019,0.610631091
4,EA,Chachoengsao,Ratchasan,2020,0.710700285
4,EA,Chachoengsao,Ratchasan,2021,0.787852651
14,BKK&VIC,Bangkok,Ratchathewi,2014,49.80993992
14,BKK&VIC,Bangkok,Ratchathewi,2015,52.80714707
14,BKK&VIC,Bangkok,Ratchathewi,2016,56.25424918
14,BKK&VIC,Bangkok,Ratchathewi,2017,54.54907563
14,BKK&VIC,Bangkok,Ratchathewi,2018,54.59125346
14,BKK&VIC,Bangkok,Ratchathewi,2019,56.58658452
14,BKK&VIC,Bangkok,Ratchathewi,2020,52.59931757
14,BKK&VIC,Bangkok,Ratchathewi,2021,54.53549925
5,NE,Surin,Rattana Buri,2014,0.182580483
5,NE,Surin,Rattana Buri,2015,0.209776931
5,NE,Surin,Rattana Buri,2016,0.198191731
5,NE,Surin,Rattana Buri,2017,0.267364026
5,NE,Surin,Rattana Buri,2018,0.271434094
5,NE,Surin,Rattana Buri,2019,0.262733398
5,NE,Surin,Rattana Buri,2020,0.315138307
5,NE,Surin,Rattana Buri,2021,0.399533536
43,SO,Songkhla,Rattaphum,2014,0.327881127
43,SO,Songkhla,Rattaphum,2015,0.336571943
43,SO,Songkhla,Rattaphum,2016,0.370336534
43,SO,Songkhla,Rattaphum,2017,0.499743749
43,SO,Songkhla,Rattaphum,2018,0.509754856
43,SO,Songkhla,Rattaphum,2019,0.542011412
43,SO,Songkhla,Rattaphum,2020,0.580837325
43,SO,Songkhla,Rattaphum,2021,0.542903999
72,NE,Nakhon Phanom,Renu Nakhon,2014,0.393018686
72,NE,Nakhon Phanom,Renu Nakhon,2015,0.463521187
72,NE,Nakhon Phanom,Renu Nakhon,2016,0.433413424
72,NE,Nakhon Phanom,Renu Nakhon,2017,0.613613931
72,NE,Nakhon Phanom,Renu Nakhon,2018,0.614879566
72,NE,Nakhon Phanom,Renu Nakhon,2019,0.534238699
72,NE,Nakhon Phanom,Renu Nakhon,2020,0.674151561
72,NE,Nakhon Phanom,Renu Nakhon,2021,0.793190116
59,SO,Nakhon Si Thammarat,Ron Phi Pun,2014,0.341288268
59,SO,Nakhon Si Thammarat,Ron Phi Pun,2015,0.37760937
59,SO,Nakhon Si Thammarat,Ron Phi Pun,2016,0.370197202
59,SO,Nakhon Si Thammarat,Ron Phi Pun,2017,0.453374727
59,SO,Nakhon Si Thammarat,Ron Phi Pun,2018,0.516660126
59,SO,Nakhon Si Thammarat,Ron Phi Pun,2019,0.529588876
59,SO,Nakhon Si Thammarat,Ron Phi Pun,2020,0.541249787
59,SO,Nakhon Si Thammarat,Ron Phi Pun,2021,0.649104466
20,NE,Kalasin,Rong Kham,2014,0.303045864
20,NE,Kalasin,Rong Kham,2015,0.351799881
20,NE,Kalasin,Rong Kham,2016,0.370053542
20,NE,Kalasin,Rong Kham,2017,0.614916205
20,NE,Kalasin,Rong Kham,2018,0.625095786
20,NE,Kalasin,Rong Kham,2019,0.565469724
20,NE,Kalasin,Rong Kham,2020,0.674472638
20,NE,Kalasin,Rong Kham,2021,0.793770222
32,NO,Phrae,Rong Kwang,2014,0.144280798
32,NO,Phrae,Rong Kwang,2015,0.239495644
32,NO,Phrae,Rong Kwang,2016,0.279695619
32,NO,Phrae,Rong Kwang,2017,0.342649853
32,NO,Phrae,Rong Kwang,2018,0.345780928
32,NO,Phrae,Rong Kwang,2019,0.418565525
32,NO,Phrae,Rong Kwang,2020,0.485688287
32,NO,Phrae,Rong Kwang,2021,0.49505903
40,SO,Narathiwat,Ruso,2014,0.312769428
40,SO,Narathiwat,Ruso,2015,0.320389571
40,SO,Narathiwat,Ruso,2016,0.367599344
40,SO,Narathiwat,Ruso,2017,0.398398943
40,SO,Narathiwat,Ruso,2018,0.404774309
40,SO,Narathiwat,Ruso,2019,0.388976571
40,SO,Narathiwat,Ruso,2020,0.448733315
40,SO,Narathiwat,Ruso,2021,0.564316841
43,SO,Songkhla,Saba Yoi,2014,0.131849829
43,SO,Songkhla,Saba Yoi,2015,0.232571258
43,SO,Songkhla,Saba Yoi,2016,0.264910682
43,SO,Songkhla,Saba Yoi,2017,0.305185051
43,SO,Songkhla,Saba Yoi,2018,0.313839057
43,SO,Songkhla,Saba Yoi,2019,0.295463662
43,SO,Songkhla,Saba Yoi,2020,0.374431431
43,SO,Songkhla,Saba Yoi,2021,0.40186134
43,SO,Songkhla,Sadao,2014,0.57493149
43,SO,Songkhla,Sadao,2015,0.593661746
43,SO,Songkhla,Sadao,2016,0.654618679
43,SO,Songkhla,Sadao,2017,0.766189183
43,SO,Songkhla,Sadao,2018,0.821971743
43,SO,Songkhla,Sadao,2019,0.797685166
43,SO,Songkhla,Sadao,2020,0.91817726
43,SO,Songkhla,Sadao,2021,1.000437565
20,NE,Kalasin,Sahatsakhan,2014,0.269122335
20,NE,Kalasin,Sahatsakhan,2015,0.321159301
20,NE,Kalasin,Sahatsakhan,2016,0.385011622
20,NE,Kalasin,Sahatsakhan,2017,0.520625479
20,NE,Kalasin,Sahatsakhan,2018,0.501278708
20,NE,Kalasin,Sahatsakhan,2019,0.489783402
20,NE,Kalasin,Sahatsakhan,2020,0.535239746
20,NE,Kalasin,Sahatsakhan,2021,0.619331636
57,SO,Pattani,Sai Buri,2014,0.708917563
57,SO,Pattani,Sai Buri,2015,0.899528704
57,SO,Pattani,Sai Buri,2016,0.945097416
57,SO,Pattani,Sai Buri,2017,1.063287305
57,SO,Pattani,Sai Buri,2018,1.166620837
57,SO,Pattani,Sai Buri,2019,1.088120352
57,SO,Pattani,Sai Buri,2020,1.295167829
57,SO,Pattani,Sai Buri,2021,1.434551651
14,BKK&VIC,Bangkok,Sai Mai,2014,19.07156694
14,BKK&VIC,Bangkok,Sai Mai,2015,20.72800816
14,BKK&VIC,Bangkok,Sai Mai,2016,23.22769253
14,BKK&VIC,Bangkok,Sai Mai,2017,24.93849967
14,BKK&VIC,Bangkok,Sai Mai,2018,25.69903931
14,BKK&VIC,Bangkok,Sai Mai,2019,27.1128392
14,BKK&VIC,Bangkok,Sai Mai,2020,26.89903408
14,BKK&VIC,Bangkok,Sai Mai,2021,28.56430227
36,NO,Kam Phaeng Phet,Sai Ngam,2014,0.091747048
36,NO,Kam Phaeng Phet,Sai Ngam,2015,0.152314831
36,NO,Kam Phaeng Phet,Sai Ngam,2016,0.119763487
36,NO,Kam Phaeng Phet,Sai Ngam,2017,0.201462529
36,NO,Kam Phaeng Phet,Sai Ngam,2018,0.228835445
36,NO,Kam Phaeng Phet,Sai Ngam,2019,0.237658396
36,NO,Kam Phaeng Phet,Sai Ngam,2020,0.267646172
36,NO,Kam Phaeng Phet,Sai Ngam,2021,0.5650576
38,BKK&VIC,Nonthaburi,Sai Noi,2014,2.922090249
38,BKK&VIC,Nonthaburi,Sai Noi,2015,3.254413368
38,BKK&VIC,Nonthaburi,Sai Noi,2016,3.37573742
38,BKK&VIC,Nonthaburi,Sai Noi,2017,3.73037685
38,BKK&VIC,Nonthaburi,Sai Noi,2018,3.968015564
38,BKK&VIC,Nonthaburi,Sai Noi,2019,4.10717808
38,BKK&VIC,Nonthaburi,Sai Noi,2020,4.377746953
38,BKK&VIC,Nonthaburi,Sai Noi,2021,4.652787734
36,NO,Kam Phaeng Phet,Sai Thong Watthana,2014,0.154383679
36,NO,Kam Phaeng Phet,Sai Thong Watthana,2015,0.233625788
36,NO,Kam Phaeng Phet,Sai Thong Watthana,2016,0.194268885
36,NO,Kam Phaeng Phet,Sai Thong Watthana,2017,0.250487417
36,NO,Kam Phaeng Phet,Sai Thong Watthana,2018,0.276287872
36,NO,Kam Phaeng Phet,Sai Thong Watthana,2019,0.264708131
36,NO,Kam Phaeng Phet,Sai Thong Watthana,2020,0.349712699
36,NO,Kam Phaeng Phet,Sai Thong Watthana,2021,0.50278502
73,WE,Kanchanaburi,Sai Yok,2014,0.042130506
73,WE,Kanchanaburi,Sai Yok,2015,0.060679087
73,WE,Kanchanaburi,Sai Yok,2016,0.069417344
73,WE,Kanchanaburi,Sai Yok,2017,0.085141303
73,WE,Kanchanaburi,Sai Yok,2018,0.093580022
73,WE,Kanchanaburi,Sai Yok,2019,0.090171022
73,WE,Kanchanaburi,Sai Yok,2020,0.10157064
73,WE,Kanchanaburi,Sai Yok,2021,0.121274463
48,WE,Suphan Buri,Sam Chuk,2014,0.681360269
48,WE,Suphan Buri,Sam Chuk,2015,0.816646847
48,WE,Suphan Buri,Sam Chuk,2016,0.885081199
48,WE,Suphan Buri,Sam Chuk,2017,1.127425044
48,WE,Suphan Buri,Sam Chuk,2018,1.123453615
48,WE,Suphan Buri,Sam Chuk,2019,1.104415826
48,WE,Suphan Buri,Sam Chuk,2020,1.19119069
48,WE,Suphan Buri,Sam Chuk,2021,1.47433583
58,BKK&VIC,Pathum Thani,Sam Khok,2014,7.347189228
58,BKK&VIC,Pathum Thani,Sam Khok,2015,8.159316035
58,BKK&VIC,Pathum Thani,Sam Khok,2016,7.847216603
58,BKK&VIC,Pathum Thani,Sam Khok,2017,7.822636397
58,BKK&VIC,Pathum Thani,Sam Khok,2018,7.76810161
58,BKK&VIC,Pathum Thani,Sam Khok,2019,7.833249505
58,BKK&VIC,Pathum Thani,Sam Khok,2020,7.783518779
58,BKK&VIC,Pathum Thani,Sam Khok,2021,8.229310598
54,NO,Phichit,Sam Ngam,2014,0.236638476
54,NO,Phichit,Sam Ngam,2015,0.309238497
54,NO,Phichit,Sam Ngam,2016,0.33013528
54,NO,Phichit,Sam Ngam,2017,0.415433962
54,NO,Phichit,Sam Ngam,2018,0.441028399
54,NO,Phichit,Sam Ngam,2019,0.445379419
54,NO,Phichit,Sam Ngam,2020,0.517575998
54,NO,Phichit,Sam Ngam,2021,0.657344248
26,NO,Tak,Sam Ngao,2014,0.037497021
26,NO,Tak,Sam Ngao,2015,0.045445965
26,NO,Tak,Sam Ngao,2016,0.041876534
26,NO,Tak,Sam Ngao,2017,0.068591659
26,NO,Tak,Sam Ngao,2018,0.071786618
26,NO,Tak,Sam Ngao,2019,0.079441354
26,NO,Tak,Sam Ngao,2020,0.083656907
26,NO,Tak,Sam Ngao,2021,0.084703986
27,BKK&VIC,Nakhon Pathom,Sam Phran,2014,6.618836646
27,BKK&VIC,Nakhon Pathom,Sam Phran,2015,7.073339526
27,BKK&VIC,Nakhon Pathom,Sam Phran,2016,7.538135275
27,BKK&VIC,Nakhon Pathom,Sam Phran,2017,8.246427277
27,BKK&VIC,Nakhon Pathom,Sam Phran,2018,8.217139308
27,BKK&VIC,Nakhon Pathom,Sam Phran,2019,8.722568174
27,BKK&VIC,Nakhon Pathom,Sam Phran,2020,8.895414442
27,BKK&VIC,Nakhon Pathom,Sam Phran,2021,9.385742712
45,CE,Ang Thong,Samko,2014,0.737602913
45,CE,Ang Thong,Samko,2015,0.819282078
45,CE,Ang Thong,Samko,2016,0.859088651
45,CE,Ang Thong,Samko,2017,0.990930248
45,CE,Ang Thong,Samko,2018,1.068502675
45,CE,Ang Thong,Samko,2019,1.290034282
45,CE,Ang Thong,Samko,2020,1.498637677
45,CE,Ang Thong,Samko,2021,1.826604504
65,NO,Chiang Mai,Samoeng,2014,0.024741996
65,NO,Chiang Mai,Samoeng,2015,0.027796705
65,NO,Chiang Mai,Samoeng,2016,0.024244875
65,NO,Chiang Mai,Samoeng,2017,0.039486847
65,NO,Chiang Mai,Samoeng,2018,0.044002213
65,NO,Chiang Mai,Samoeng,2019,0.060029044
65,NO,Chiang Mai,Samoeng,2020,0.082705523
65,NO,Chiang Mai,Samoeng,2021,0.067525486
14,BKK&VIC,Bangkok,Samphantawong,2014,64.29400888
14,BKK&VIC,Bangkok,Samphantawong,2015,62.09527687
14,BKK&VIC,Bangkok,Samphantawong,2016,64.44191076
14,BKK&VIC,Bangkok,Samphantawong,2017,67.70653592
14,BKK&VIC,Bangkok,Samphantawong,2018,67.28077079
14,BKK&VIC,Bangkok,Samphantawong,2019,74.38613588
14,BKK&VIC,Bangkok,Samphantawong,2020,73.66248635
14,BKK&VIC,Bangkok,Samphantawong,2021,83.29867216
41,NE,Ubon Ratchathani,Samrong,2014,0.051888719
41,NE,Ubon Ratchathani,Samrong,2015,0.095616475
41,NE,Ubon Ratchathani,Samrong,2016,0.082353656
41,NE,Ubon Ratchathani,Samrong,2017,0.160603099
41,NE,Ubon Ratchathani,Samrong,2018,0.158207299
41,NE,Ubon Ratchathani,Samrong,2019,0.213475596
41,NE,Ubon Ratchathani,Samrong,2020,0.287187961
41,NE,Ubon Ratchathani,Samrong,2021,0.414372418
5,NE,Surin,Samrong Thap,2014,0.113047591
5,NE,Surin,Samrong Thap,2015,0.148065095
5,NE,Surin,Samrong Thap,2016,0.16141428
5,NE,Surin,Samrong Thap,2017,0.22951783
5,NE,Surin,Samrong Thap,2018,0.232393129
5,NE,Surin,Samrong Thap,2019,0.226183833
5,NE,Surin,Samrong Thap,2020,0.284245127
5,NE,Surin,Samrong Thap,2021,0.331571905
65,NO,Chiang Mai,San Kamphaeng,2014,1.905362753
65,NO,Chiang Mai,San Kamphaeng,2015,2.160056498
65,NO,Chiang Mai,San Kamphaeng,2016,2.021832355
65,NO,Chiang Mai,San Kamphaeng,2017,2.31652283
65,NO,Chiang Mai,San Kamphaeng,2018,2.4212732
65,NO,Chiang Mai,San Kamphaeng,2019,2.522379344
65,NO,Chiang Mai,San Kamphaeng,2020,2.664107364
65,NO,Chiang Mai,San Kamphaeng,2021,2.999053249
65,NO,Chiang Mai,San Pa Tong,2014,1.510791219
65,NO,Chiang Mai,San Pa Tong,2015,1.731115599
65,NO,Chiang Mai,San Pa Tong,2016,1.745835879
65,NO,Chiang Mai,San Pa Tong,2017,2.280536244
65,NO,Chiang Mai,San Pa Tong,2018,2.477057938
65,NO,Chiang Mai,San Pa Tong,2019,2.558724374
65,NO,Chiang Mai,San Pa Tong,2020,2.640440008
65,NO,Chiang Mai,San Pa Tong,2021,2.750284696
65,NO,Chiang Mai,San Sai,2014,2.437246
65,NO,Chiang Mai,San Sai,2015,2.704578508
65,NO,Chiang Mai,San Sai,2016,2.646261704
65,NO,Chiang Mai,San Sai,2017,2.919505132
65,NO,Chiang Mai,San Sai,2018,2.937658121
65,NO,Chiang Mai,San Sai,2019,3.040543182
65,NO,Chiang Mai,San Sai,2020,3.215286473
65,NO,Chiang Mai,San Sai,2021,3.308309318
4,EA,Chachoengsao,Sanam Chaikhet,2014,0.105741399
4,EA,Chachoengsao,Sanam Chaikhet,2015,0.142970111
4,EA,Chachoengsao,Sanam Chaikhet,2016,0.178400133
4,EA,Chachoengsao,Sanam Chaikhet,2017,0.259177119
4,EA,Chachoengsao,Sanam Chaikhet,2018,0.279652095
4,EA,Chachoengsao,Sanam Chaikhet,2019,0.304488544
4,EA,Chachoengsao,Sanam Chaikhet,2020,0.330790196
4,EA,Chachoengsao,Sanam Chaikhet,2021,0.447371859
13,NE,Nong Khai,Sang Khom,2014,0.094612414
13,NE,Nong Khai,Sang Khom,2015,0.125321746
13,NE,Nong Khai,Sang Khom,2016,0.120833903
13,NE,Nong Khai,Sang Khom,2017,0.182114354
13,NE,Nong Khai,Sang Khom,2018,0.208656459
13,NE,Nong Khai,Sang Khom,2019,0.188949226
13,NE,Nong Khai,Sang Khom,2020,0.216198236
13,NE,Nong Khai,Sang Khom,2021,0.258094269
23,NE,Udon Thani,Sang Khom,2014,0.09573645
23,NE,Udon Thani,Sang Khom,2015,0.121365495
23,NE,Udon Thani,Sang Khom,2016,0.118947054
23,NE,Udon Thani,Sang Khom,2017,0.188641216
23,NE,Udon Thani,Sang Khom,2018,0.190486963
23,NE,Udon Thani,Sang Khom,2019,0.174660968
23,NE,Udon Thani,Sang Khom,2020,0.225329164
23,NE,Udon Thani,Sang Khom,2021,0.248554497
5,NE,Surin,Sangkha,2014,0.129242348
5,NE,Surin,Sangkha,2015,0.13146921
5,NE,Surin,Sangkha,2016,0.124581194
5,NE,Surin,Sangkha,2017,0.195347819
5,NE,Surin,Sangkha,2018,0.329581215
5,NE,Surin,Sangkha,2019,0.395060688
5,NE,Surin,Sangkha,2020,0.401224768
5,NE,Surin,Sangkha,2021,0.45501829
73,WE,Kanchanaburi,Sangkhla Buri,2014,0.028525423
73,WE,Kanchanaburi,Sangkhla Buri,2015,0.037300276
73,WE,Kanchanaburi,Sangkhla Buri,2016,0.034253086
73,WE,Kanchanaburi,Sangkhla Buri,2017,0.035658071
73,WE,Kanchanaburi,Sangkhla Buri,2018,0.044997902
73,WE,Kanchanaburi,Sangkhla Buri,2019,0.037617522
73,WE,Kanchanaburi,Sangkhla Buri,2020,0.04477829
73,WE,Kanchanaburi,Sangkhla Buri,2021,0.044610904
66,CE,Chai Nat,Sankha Buri,2014,0.488090165
66,CE,Chai Nat,Sankha Buri,2015,0.602850342
66,CE,Chai Nat,Sankha Buri,2016,0.691388581
66,CE,Chai Nat,Sankha Buri,2017,0.840416531
66,CE,Chai Nat,Sankha Buri,2018,0.881241485
66,CE,Chai Nat,Sankha Buri,2019,0.931339822
66,CE,Chai Nat,Sankha Buri,2020,1.083189077
66,CE,Chai Nat,Sankha Buri,2021,1.359091248
5,NE,Surin,Sanom,2014,0.181439118
5,NE,Surin,Sanom,2015,0.199692475
5,NE,Surin,Sanom,2016,0.231061282
5,NE,Surin,Sanom,2017,0.330926075
5,NE,Surin,Sanom,2018,0.312318634
5,NE,Surin,Sanom,2019,0.299603274
5,NE,Surin,Sanom,2020,0.317841947
5,NE,Surin,Sanom,2021,0.361158086
66,CE,Chai Nat,Sanphaya,2014,0.712921563
66,CE,Chai Nat,Sanphaya,2015,0.916824963
66,CE,Chai Nat,Sanphaya,2016,1.014318521
66,CE,Chai Nat,Sanphaya,2017,1.212823468
66,CE,Chai Nat,Sanphaya,2018,1.257598331
66,CE,Chai Nat,Sanphaya,2019,1.334724591
66,CE,Chai Nat,Sanphaya,2020,1.35415608
66,CE,Chai Nat,Sanphaya,2021,1.569552169
70,NO,Nan,Santi Suk,2014,0.039674844
70,NO,Nan,Santi Suk,2015,0.044984103
70,NO,Nan,Santi Suk,2016,0.045712563
70,NO,Nan,Santi Suk,2017,0.080850418
70,NO,Nan,Santi Suk,2018,0.080582218
70,NO,Nan,Santi Suk,2019,0.076702163
70,NO,Nan,Santi Suk,2020,0.093173215
70,NO,Nan,Santi Suk,2021,0.105071416
17,CE,Saraburi,Sao Hai,2014,2.220121298
17,CE,Saraburi,Sao Hai,2015,2.402887253
17,CE,Saraburi,Sao Hai,2016,2.48362387
17,CE,Saraburi,Sao Hai,2017,2.74545956
17,CE,Saraburi,Sao Hai,2018,2.677950832
17,CE,Saraburi,Sao Hai,2019,2.764897401
17,CE,Saraburi,Sao Hai,2020,3.0191612
17,CE,Saraburi,Sao Hai,2021,3.493341894
14,BKK&VIC,Bangkok,Saphan Sung,2014,23.59935611
14,BKK&VIC,Bangkok,Saphan Sung,2015,23.52076131
14,BKK&VIC,Bangkok,Saphan Sung,2016,24.26436555
14,BKK&VIC,Bangkok,Saphan Sung,2017,27.01500488
14,BKK&VIC,Bangkok,Saphan Sung,2018,34.21543011
14,BKK&VIC,Bangkok,Saphan Sung,2019,34.8861412
14,BKK&VIC,Bangkok,Saphan Sung,2020,34.15256925
14,BKK&VIC,Bangkok,Saphan Sung,2021,33.47061897
65,NO,Chiang Mai,Saraphi,2014,4.260941065
65,NO,Chiang Mai,Saraphi,2015,4.592954993
65,NO,Chiang Mai,Saraphi,2016,4.712367676
65,NO,Chiang Mai,Saraphi,2017,5.72081877
65,NO,Chiang Mai,Saraphi,2018,6.156556474
65,NO,Chiang Mai,Saraphi,2019,6.719602585
65,NO,Chiang Mai,Saraphi,2020,7.25074884
65,NO,Chiang Mai,Saraphi,2021,7.343290258
43,SO,Songkhla,Sathing Phra,2014,1.017190735
43,SO,Songkhla,Sathing Phra,2015,1.020076158
43,SO,Songkhla,Sathing Phra,2016,1.064028079
43,SO,Songkhla,Sathing Phra,2017,1.195999251
43,SO,Songkhla,Sathing Phra,2018,1.244304806
43,SO,Songkhla,Sathing Phra,2019,1.356068834
43,SO,Songkhla,Sathing Phra,2020,1.516598666
43,SO,Songkhla,Sathing Phra,2021,1.450090748
14,BKK&VIC,Bangkok,Sathorn,2014,40.64759663
14,BKK&VIC,Bangkok,Sathorn,2015,43.746648
14,BKK&VIC,Bangkok,Sathorn,2016,45.33595911
14,BKK&VIC,Bangkok,Sathorn,2017,44.51382026
14,BKK&VIC,Bangkok,Sathorn,2018,47.17295768
14,BKK&VIC,Bangkok,Sathorn,2019,49.86797719
14,BKK&VIC,Bangkok,Sathorn,2020,46.07348706
14,BKK&VIC,Bangkok,Sathorn,2021,43.8709584
64,EA,Chon Buri,Sattahip,2014,4.184855866
64,EA,Chon Buri,Sattahip,2015,4.270819378
64,EA,Chon Buri,Sattahip,2016,4.484180167
64,EA,Chon Buri,Sattahip,2017,4.818658875
64,EA,Chon Buri,Sattahip,2018,4.978283953
64,EA,Chon Buri,Sattahip,2019,5.370525489
64,EA,Chon Buri,Sattahip,2020,5.631609688
64,EA,Chon Buri,Sattahip,2021,6.900254205
35,NE,Buri Ram,Satuk,2014,0.226920776
35,NE,Buri Ram,Satuk,2015,0.268186754
35,NE,Buri Ram,Satuk,2016,0.265342243
35,NE,Buri Ram,Satuk,2017,0.367535133
35,NE,Buri Ram,Satuk,2018,0.421250218
35,NE,Buri Ram,Satuk,2019,0.470604869
35,NE,Buri Ram,Satuk,2020,0.598047971
35,NE,Buri Ram,Satuk,2021,0.879915849
45,CE,Ang Thong,Sawaengha,2014,0.669841183
45,CE,Ang Thong,Sawaengha,2015,0.807409386
45,CE,Ang Thong,Sawaengha,2016,0.866133916
45,CE,Ang Thong,Sawaengha,2017,1.286885961
45,CE,Ang Thong,Sawaengha,2018,1.410701807
45,CE,Ang Thong,Sawaengha,2019,1.414187271
45,CE,Ang Thong,Sawaengha,2020,1.643965726
45,CE,Ang Thong,Sawaengha,2021,1.937955536
18,NO,Uthai Thani,Sawang Arom,2014,0.405462221
18,NO,Uthai Thani,Sawang Arom,2015,0.419482146
18,NO,Uthai Thani,Sawang Arom,2016,0.363275802
18,NO,Uthai Thani,Sawang Arom,2017,0.419628816
18,NO,Uthai Thani,Sawang Arom,2018,0.434747868
18,NO,Uthai Thani,Sawang Arom,2019,0.486169543
18,NO,Uthai Thani,Sawang Arom,2020,0.497960913
18,NO,Uthai Thani,Sawang Arom,2021,0.729564035
24,NE,Sakon Nakhon,Sawang Daen Din,2014,0.203538309
24,NE,Sakon Nakhon,Sawang Daen Din,2015,0.233527581
24,NE,Sakon Nakhon,Sawang Daen Din,2016,0.228935811
24,NE,Sakon Nakhon,Sawang Daen Din,2017,0.336713429
24,NE,Sakon Nakhon,Sawang Daen Din,2018,0.352495365
24,NE,Sakon Nakhon,Sawang Daen Din,2019,0.335069492
24,NE,Sakon Nakhon,Sawang Daen Din,2020,0.424223324
24,NE,Sakon Nakhon,Sawang Daen Din,2021,0.624562786
7,NO,Sukhothai,Sawankhalok,2014,0.312367688
7,NO,Sukhothai,Sawankhalok,2015,0.399139742
7,NO,Sukhothai,Sawankhalok,2016,0.427690883
7,NO,Sukhothai,Sawankhalok,2017,0.53937425
7,NO,Sukhothai,Sawankhalok,2018,0.535789407
7,NO,Sukhothai,Sawankhalok,2019,0.549880809
7,NO,Sukhothai,Sawankhalok,2020,0.607636668
7,NO,Sukhothai,Sawankhalok,2021,0.753471238
19,SO,Chumphon,Sawi,2014,0.137105823
19,SO,Chumphon,Sawi,2015,0.159936404
19,SO,Chumphon,Sawi,2016,0.172372495
19,SO,Chumphon,Sawi,2017,0.250709896
19,SO,Chumphon,Sawi,2018,0.284752998
19,SO,Chumphon,Sawi,2019,0.273988436
19,SO,Chumphon,Sawi,2020,0.285262449
19,SO,Chumphon,Sawi,2021,0.310437602
39,NE,Bueng Kan,Seka,2014,0.122187651
39,NE,Bueng Kan,Seka,2015,0.142272017
39,NE,Bueng Kan,Seka,2016,0.167395909
39,NE,Bueng Kan,Seka,2017,0.280006164
39,NE,Bueng Kan,Seka,2018,0.282193813
39,NE,Bueng Kan,Seka,2019,0.281797457
39,NE,Bueng Kan,Seka,2020,0.339052427
39,NE,Bueng Kan,Seka,2021,0.393760636
0,NE,Roi Et,Selaphum,2014,0.232941936
0,NE,Roi Et,Selaphum,2015,0.285907139
0,NE,Roi Et,Selaphum,2016,0.278341534
0,NE,Roi Et,Selaphum,2017,0.416789966
0,NE,Roi Et,Selaphum,2018,0.456286135
0,NE,Roi Et,Selaphum,2019,0.429967131
0,NE,Roi Et,Selaphum,2020,0.558559816
0,NE,Roi Et,Selaphum,2021,0.70572892
53,CE,Phra Nakhon Sri Ayuthaya,Sena,2014,1.305994596
53,CE,Phra Nakhon Sri Ayuthaya,Sena,2015,1.337060162
53,CE,Phra Nakhon Sri Ayuthaya,Sena,2016,1.429852159
53,CE,Phra Nakhon Sri Ayuthaya,Sena,2017,1.625874208
53,CE,Phra Nakhon Sri Ayuthaya,Sena,2018,1.654772216
53,CE,Phra Nakhon Sri Ayuthaya,Sena,2019,1.676168869
53,CE,Phra Nakhon Sri Ayuthaya,Sena,2020,1.80530972
53,CE,Phra Nakhon Sri Ayuthaya,Sena,2021,2.052243828
67,NE,Amnat Chareon,Senangkhanikhom,2014,0.166113194
67,NE,Amnat Chareon,Senangkhanikhom,2015,0.185661902
67,NE,Amnat Chareon,Senangkhanikhom,2016,0.177619403
67,NE,Amnat Chareon,Senangkhanikhom,2017,0.294177037
67,NE,Amnat Chareon,Senangkhanikhom,2018,0.360759237
67,NE,Amnat Chareon,Senangkhanikhom,2019,0.366104277
67,NE,Amnat Chareon,Senangkhanikhom,2020,0.428399789
67,NE,Amnat Chareon,Senangkhanikhom,2021,0.503288209
55,SO,Phatthalung,Si Banphot,2014,0.040983866
55,SO,Phatthalung,Si Banphot,2015,0.085129457
55,SO,Phatthalung,Si Banphot,2016,0.091019757
55,SO,Phatthalung,Si Banphot,2017,0.126118101
55,SO,Phatthalung,Si Banphot,2018,0.135186683
55,SO,Phatthalung,Si Banphot,2019,0.136407749
55,SO,Phatthalung,Si Banphot,2020,0.143373223
55,SO,Phatthalung,Si Banphot,2021,0.230872991
3,NE,Nongbua Lamphu,Si Bun Ruang,2014,0.170956809
3,NE,Nongbua Lamphu,Si Bun Ruang,2015,0.20437209
3,NE,Nongbua Lamphu,Si Bun Ruang,2016,0.188673504
3,NE,Nongbua Lamphu,Si Bun Ruang,2017,0.268750857
3,NE,Nongbua Lamphu,Si Bun Ruang,2018,0.284047347
3,NE,Nongbua Lamphu,Si Bun Ruang,2019,0.300801513
3,NE,Nongbua Lamphu,Si Bun Ruang,2020,0.343544861
3,NE,Nongbua Lamphu,Si Bun Ruang,2021,0.388076492
13,NE,Nong Khai,Si Chiang Mai,2014,0.997356072
13,NE,Nong Khai,Si Chiang Mai,2015,1.058505813
13,NE,Nong Khai,Si Chiang Mai,2016,1.190043285
13,NE,Nong Khai,Si Chiang Mai,2017,1.438264449
13,NE,Nong Khai,Si Chiang Mai,2018,1.514794647
13,NE,Nong Khai,Si Chiang Mai,2019,1.448797861
13,NE,Nong Khai,Si Chiang Mai,2020,1.326778861
13,NE,Nong Khai,Si Chiang Mai,2021,1.345732842
15,NE,Khon Kaen,Si Chomphu,2014,0.191503711
15,NE,Khon Kaen,Si Chomphu,2015,0.21199845
15,NE,Khon Kaen,Si Chomphu,2016,0.19651689
15,NE,Khon Kaen,Si Chomphu,2017,0.27778734
15,NE,Khon Kaen,Si Chomphu,2018,0.278700291
15,NE,Khon Kaen,Si Chomphu,2019,0.271227299
15,NE,Khon Kaen,Si Chomphu,2020,0.283900138
15,NE,Khon Kaen,Si Chomphu,2021,0.336773547
52,EA,Prachin Buri,Si Mahosot,2014,1.04517083
52,EA,Prachin Buri,Si Mahosot,2015,1.089323592
52,EA,Prachin Buri,Si Mahosot,2016,1.288089589
52,EA,Prachin Buri,Si Mahosot,2017,1.430645832
52,EA,Prachin Buri,Si Mahosot,2018,1.425193863
52,EA,Prachin Buri,Si Mahosot,2019,1.356227874
52,EA,Prachin Buri,Si Mahosot,2020,1.358303754
52,EA,Prachin Buri,Si Mahosot,2021,1.712434237
41,NE,Ubon Ratchathani,Si Muang Mai,2014,0.041930568
41,NE,Ubon Ratchathani,Si Muang Mai,2015,0.043643738
41,NE,Ubon Ratchathani,Si Muang Mai,2016,0.040568751
41,NE,Ubon Ratchathani,Si Muang Mai,2017,0.070480939
41,NE,Ubon Ratchathani,Si Muang Mai,2018,0.073443001
41,NE,Ubon Ratchathani,Si Muang Mai,2019,0.080433788
41,NE,Ubon Ratchathani,Si Muang Mai,2020,0.08926524
41,NE,Ubon Ratchathani,Si Muang Mai,2021,0.104042166
7,NO,Sukhothai,Si Nakhon,2014,0.156028523
7,NO,Sukhothai,Si Nakhon,2015,0.201126106
7,NO,Sukhothai,Si Nakhon,2016,0.217681527
7,NO,Sukhothai,Si Nakhon,2017,0.292919019
7,NO,Sukhothai,Si Nakhon,2018,0.317746701
7,NO,Sukhothai,Si Nakhon,2019,0.308494967
7,NO,Sukhothai,Si Nakhon,2020,0.368570116
7,NO,Sukhothai,Si Nakhon,2021,0.607258054
48,WE,Suphan Buri,Si Prachan,2014,0.981231828
48,WE,Suphan Buri,Si Prachan,2015,1.193786459
48,WE,Suphan Buri,Si Prachan,2016,1.304839647
48,WE,Suphan Buri,Si Prachan,2017,1.427000749
48,WE,Suphan Buri,Si Prachan,2018,1.492843255
48,WE,Suphan Buri,Si Prachan,2019,1.496281295
48,WE,Suphan Buri,Si Prachan,2020,1.670303389
48,WE,Suphan Buri,Si Prachan,2021,2.05760458
64,EA,Chon Buri,Si Racha,2014,11.67655403
64,EA,Chon Buri,Si Racha,2015,12.07835294
64,EA,Chon Buri,Si Racha,2016,13.07441865
64,EA,Chon Buri,Si Racha,2017,14.23080141
64,EA,Chon Buri,Si Racha,2018,14.37802298
64,EA,Chon Buri,Si Racha,2019,14.70746411
64,EA,Chon Buri,Si Racha,2020,14.95101893
64,EA,Chon Buri,Si Racha,2021,16.05718548
41,NE,Ubon Ratchathani,Si Rin Ton,2014,0.155547032
41,NE,Ubon Ratchathani,Si Rin Ton,2015,0.15774684
41,NE,Ubon Ratchathani,Si Rin Ton,2016,0.152942997
41,NE,Ubon Ratchathani,Si Rin Ton,2017,0.190652259
41,NE,Ubon Ratchathani,Si Rin Ton,2018,0.181153237
41,NE,Ubon Ratchathani,Si Rin Ton,2019,0.180582168
41,NE,Ubon Ratchathani,Si Rin Ton,2020,0.248033375
41,NE,Ubon Ratchathani,Si Rin Ton,2021,0.378180347
40,SO,Narathiwat,Si Sakhon,2014,0.133481328
40,SO,Narathiwat,Si Sakhon,2015,0.116778603
40,SO,Narathiwat,Si Sakhon,2016,0.118549096
40,SO,Narathiwat,Si Sakhon,2017,0.174050218
40,SO,Narathiwat,Si Sakhon,2018,0.205865667
40,SO,Narathiwat,Si Sakhon,2019,0.174846533
40,SO,Narathiwat,Si Sakhon,2020,0.199489598
40,SO,Narathiwat,Si Sakhon,2021,0.283017722
7,NO,Sukhothai,Si Sam Rong,2014,0.238768982
7,NO,Sukhothai,Si Sam Rong,2015,0.299578614
7,NO,Sukhothai,Si Sam Rong,2016,0.286921363
7,NO,Sukhothai,Si Sam Rong,2017,0.389986382
7,NO,Sukhothai,Si Sam Rong,2018,0.435149491
7,NO,Sukhothai,Si Sam Rong,2019,0.506634536
7,NO,Sukhothai,Si Sam Rong,2020,0.563057143
7,NO,Sukhothai,Si Sam Rong,2021,0.620425515
7,NO,Sukhothai,Si Satchanalai,2014,0.088844028
7,NO,Sukhothai,Si Satchanalai,2015,0.108406724
7,NO,Sukhothai,Si Satchanalai,2016,0.099055804
7,NO,Sukhothai,Si Satchanalai,2017,0.134901713
7,NO,Sukhothai,Si Satchanalai,2018,0.128880627
7,NO,Sukhothai,Si Satchanalai,2019,0.142887702
7,NO,Sukhothai,Si Satchanalai,2020,0.151547034
7,NO,Sukhothai,Si Satchanalai,2021,0.207331176
73,WE,Kanchanaburi,Si Sawat,2014,0.021248009
73,WE,Kanchanaburi,Si Sawat,2015,0.024024258
73,WE,Kanchanaburi,Si Sawat,2016,0.02141316
73,WE,Kanchanaburi,Si Sawat,2017,0.026560336
73,WE,Kanchanaburi,Si Sawat,2018,0.029972692
73,WE,Kanchanaburi,Si Sawat,2019,0.029614306
73,WE,Kanchanaburi,Si Sawat,2020,0.031890301
73,WE,Kanchanaburi,Si Sawat,2021,0.038103514
0,NE,Roi Et,Si Somdet,2014,0.208912215
0,NE,Roi Et,Si Somdet,2015,0.245052253
0,NE,Roi Et,Si Somdet,2016,0.289865486
0,NE,Roi Et,Si Somdet,2017,0.517326522
0,NE,Roi Et,Si Somdet,2018,0.588792979
0,NE,Roi Et,Si Somdet,2019,0.574074537
0,NE,Roi Et,Si Somdet,2020,0.698646461
0,NE,Roi Et,Si Somdet,2021,0.944682433
72,NE,Nakhon Phanom,Si Songkhram,2014,0.142258991
72,NE,Nakhon Phanom,Si Songkhram,2015,0.168088955
72,NE,Nakhon Phanom,Si Songkhram,2016,0.158959522
72,NE,Nakhon Phanom,Si Songkhram,2017,0.280413323
72,NE,Nakhon Phanom,Si Songkhram,2018,0.270303788
72,NE,Nakhon Phanom,Si Songkhram,2019,0.238664861
72,NE,Nakhon Phanom,Si Songkhram,2020,0.305052227
72,NE,Nakhon Phanom,Si Songkhram,2021,0.381782828
23,NE,Udon Thani,Si That,2014,0.130445082
23,NE,Udon Thani,Si That,2015,0.138393901
23,NE,Udon Thani,Si That,2016,0.149169485
23,NE,Udon Thani,Si That,2017,0.217123472
23,NE,Udon Thani,Si That,2018,0.267453755
23,NE,Udon Thani,Si That,2019,0.242306398
23,NE,Udon Thani,Si That,2020,0.324395658
23,NE,Udon Thani,Si That,2021,0.333228907
10,NO,Phetchabun,Si Thep,2014,0.261627399
10,NO,Phetchabun,Si Thep,2015,0.261293482
10,NO,Phetchabun,Si Thep,2016,0.309361714
10,NO,Phetchabun,Si Thep,2017,0.408487204
10,NO,Phetchabun,Si Thep,2018,0.425608063
10,NO,Phetchabun,Si Thep,2019,0.451246123
10,NO,Phetchabun,Si Thep,2020,0.491940562
10,NO,Phetchabun,Si Thep,2021,0.654962101
39,NE,Bueng Kan,Si Wilai,2014,0.116939721
39,NE,Bueng Kan,Si Wilai,2015,0.163445954
39,NE,Bueng Kan,Si Wilai,2016,0.166502983
39,NE,Bueng Kan,Si Wilai,2017,0.242152404
39,NE,Bueng Kan,Si Wilai,2018,0.232646633
39,NE,Bueng Kan,Si Wilai,2019,0.22796351
39,NE,Bueng Kan,Si Wilai,2020,0.241037555
39,NE,Bueng Kan,Si Wilai,2021,0.277572405
59,SO,Nakhon Si Thammarat,Sichon,2014,0.295005034
59,SO,Nakhon Si Thammarat,Sichon,2015,0.285398131
59,SO,Nakhon Si Thammarat,Sichon,2016,0.292294965
59,SO,Nakhon Si Thammarat,Sichon,2017,0.339593935
59,SO,Nakhon Si Thammarat,Sichon,2018,0.363221269
59,SO,Nakhon Si Thammarat,Sichon,2019,0.35761635
59,SO,Nakhon Si Thammarat,Sichon,2020,0.40850463
59,SO,Nakhon Si Thammarat,Sichon,2021,0.508490216
47,SO,Trang,Sikao,2014,0.398812157
47,SO,Trang,Sikao,2015,0.369390427
47,SO,Trang,Sikao,2016,0.37831995
47,SO,Trang,Sikao,2017,0.452784238
47,SO,Trang,Sikao,2018,0.479822623
47,SO,Trang,Sikao,2019,0.494279272
47,SO,Trang,Sikao,2020,0.539326745
47,SO,Trang,Sikao,2021,0.600965333
6,NE,Nakhon Ratchasima,Sikhiu,2014,0.386385008
6,NE,Nakhon Ratchasima,Sikhiu,2015,0.453465088
6,NE,Nakhon Ratchasima,Sikhiu,2016,0.470601616
6,NE,Nakhon Ratchasima,Sikhiu,2017,0.589589462
6,NE,Nakhon Ratchasima,Sikhiu,2018,0.631580442
6,NE,Nakhon Ratchasima,Sikhiu,2019,0.668607652
6,NE,Nakhon Ratchasima,Sikhiu,2020,0.737260895
6,NE,Nakhon Ratchasima,Sikhiu,2021,0.873844812
5,NE,Surin,Sikhoraphum,2014,0.124230522
5,NE,Surin,Sikhoraphum,2015,0.160416254
5,NE,Surin,Sikhoraphum,2016,0.200288232
5,NE,Surin,Sikhoraphum,2017,0.244663267
5,NE,Surin,Sikhoraphum,2018,0.267084195
5,NE,Surin,Sikhoraphum,2019,0.268371836
5,NE,Surin,Sikhoraphum,2020,0.297345461
5,NE,Surin,Sikhoraphum,2021,0.387312984
43,SO,Songkhla,Singha Nakhon,2014,3.12804179
43,SO,Songkhla,Singha Nakhon,2015,3.272798382
43,SO,Songkhla,Singha Nakhon,2016,3.32894801
43,SO,Songkhla,Singha Nakhon,2017,3.600179158
43,SO,Songkhla,Singha Nakhon,2018,3.455637508
43,SO,Songkhla,Singha Nakhon,2019,3.682826926
43,SO,Songkhla,Singha Nakhon,2020,3.438134801
43,SO,Songkhla,Singha Nakhon,2021,3.587769433
39,NE,Bueng Kan,So Phisai,2014,0.072099354
39,NE,Bueng Kan,So Phisai,2015,0.07875494
39,NE,Bueng Kan,So Phisai,2016,0.086214358
39,NE,Bueng Kan,So Phisai,2017,0.182096694
39,NE,Bueng Kan,So Phisai,2018,0.205129367
39,NE,Bueng Kan,So Phisai,2019,0.210045489
39,NE,Bueng Kan,So Phisai,2020,0.274344286
39,NE,Bueng Kan,So Phisai,2021,0.32106543
37,NO,Lampang,Soem Ngam,2014,0.047983969
37,NO,Lampang,Soem Ngam,2015,0.062174198
37,NO,Lampang,Soem Ngam,2016,0.049929415
37,NO,Lampang,Soem Ngam,2017,0.096326942
37,NO,Lampang,Soem Ngam,2018,0.10528547
37,NO,Lampang,Soem Ngam,2019,0.105245698
37,NO,Lampang,Soem Ngam,2020,0.111273618
37,NO,Lampang,Soem Ngam,2021,0.119057641
6,NE,Nakhon Ratchasima,Soeng Sang,2014,0.08949686
6,NE,Nakhon Ratchasima,Soeng Sang,2015,0.115829618
6,NE,Nakhon Ratchasima,Soeng Sang,2016,0.110307253
6,NE,Nakhon Ratchasima,Soeng Sang,2017,0.147765182
6,NE,Nakhon Ratchasima,Soeng Sang,2018,0.143579839
6,NE,Nakhon Ratchasima,Soeng Sang,2019,0.157314841
6,NE,Nakhon Ratchasima,Soeng Sang,2020,0.168856057
6,NE,Nakhon Ratchasima,Soeng Sang,2021,0.178566209
20,NE,Kalasin,Somdet,2014,0.28929232
20,NE,Kalasin,Somdet,2015,0.313235562
20,NE,Kalasin,Somdet,2016,0.348526106
20,NE,Kalasin,Somdet,2017,0.555922738
20,NE,Kalasin,Somdet,2018,0.548171812
20,NE,Kalasin,Somdet,2019,0.502854092
20,NE,Kalasin,Somdet,2020,0.54579016
20,NE,Kalasin,Somdet,2021,0.607527918
32,NO,Phrae,Song,2014,0.06530051
32,NO,Phrae,Song,2015,0.074326484
32,NO,Phrae,Song,2016,0.093551251
32,NO,Phrae,Song,2017,0.143023331
32,NO,Phrae,Song,2018,0.18862904
32,NO,Phrae,Song,2019,0.23940885
32,NO,Phrae,Song,2020,0.2625149
32,NO,Phrae,Song,2021,0.280955034
24,NE,Sakon Nakhon,Song Dao,2014,0.058188443
24,NE,Sakon Nakhon,Song Dao,2015,0.062156198
24,NE,Sakon Nakhon,Song Dao,2016,0.058654851
24,NE,Sakon Nakhon,Song Dao,2017,0.141361068
24,NE,Sakon Nakhon,Song Dao,2018,0.155112391
24,NE,Sakon Nakhon,Song Dao,2019,0.176941859
24,NE,Sakon Nakhon,Song Dao,2020,0.219062438
24,NE,Sakon Nakhon,Song Dao,2021,0.343093116
70,NO,Nan,Song Kwae,2014,0.017003379
70,NO,Nan,Song Kwae,2015,0.019056048
70,NO,Nan,Song Kwae,2016,0.013315446
70,NO,Nan,Song Kwae,2017,0.040703407
70,NO,Nan,Song Kwae,2018,0.045507521
70,NO,Nan,Song Kwae,2019,0.041028753
70,NO,Nan,Song Kwae,2020,0.061136594
70,NO,Nan,Song Kwae,2021,0.051600325
48,WE,Suphan Buri,Song Phi Nong,2014,0.629979584
48,WE,Suphan Buri,Song Phi Nong,2015,0.751959809
48,WE,Suphan Buri,Song Phi Nong,2016,0.8112194
48,WE,Suphan Buri,Song Phi Nong,2017,1.047217644
48,WE,Suphan Buri,Song Phi Nong,2018,1.1182331
48,WE,Suphan Buri,Song Phi Nong,2019,1.156363256
48,WE,Suphan Buri,Song Phi Nong,2020,1.139364627
48,WE,Suphan Buri,Song Phi Nong,2021,1.363177848
55,SO,Phatthalung,Songkhla Lake,2014,0.0368254
55,SO,Phatthalung,Songkhla Lake,2015,0.047157934
55,SO,Phatthalung,Songkhla Lake,2016,0.048602423
55,SO,Phatthalung,Songkhla Lake,2017,0.075067804
55,SO,Phatthalung,Songkhla Lake,2018,0.093832334
55,SO,Phatthalung,Songkhla Lake,2019,0.117904484
55,SO,Phatthalung,Songkhla Lake,2020,0.146500269
55,SO,Phatthalung,Songkhla Lake,2021,0.194252921
43,SO,Songkhla,Songkhla Lake,2014,0.023704185
43,SO,Songkhla,Songkhla Lake,2015,0.036536521
43,SO,Songkhla,Songkhla Lake,2016,0.040565623
43,SO,Songkhla,Songkhla Lake,2017,0.063551432
43,SO,Songkhla,Songkhla Lake,2018,0.073100684
43,SO,Songkhla,Songkhla Lake,2019,0.067340537
43,SO,Songkhla,Songkhla Lake,2020,0.075371735
43,SO,Songkhla,Songkhla Lake,2021,0.060670678
74,NO,Mae Hong Son,Sop Moei,2014,0.010406527
74,NO,Mae Hong Son,Sop Moei,2015,0.010812947
74,NO,Mae Hong Son,Sop Moei,2016,0.012166394
74,NO,Mae Hong Son,Sop Moei,2017,0.013776166
74,NO,Mae Hong Son,Sop Moei,2018,0.018479728
74,NO,Mae Hong Son,Sop Moei,2019,0.016946259
74,NO,Mae Hong Son,Sop Moei,2020,0.01603465
74,NO,Mae Hong Son,Sop Moei,2021,0.018002658
37,NO,Lampang,Sop Prap,2014,0.095356207
37,NO,Lampang,Sop Prap,2015,0.115393198
37,NO,Lampang,Sop Prap,2016,0.111049693
37,NO,Lampang,Sop Prap,2017,0.148490821
37,NO,Lampang,Sop Prap,2018,0.176154748
37,NO,Lampang,Sop Prap,2019,0.198080799
37,NO,Lampang,Sop Prap,2020,0.21493087
37,NO,Lampang,Sop Prap,2021,0.264145393
71,EA,Chanthaburi,Soydow,2014,0.166497429
71,EA,Chanthaburi,Soydow,2015,0.198325488
71,EA,Chanthaburi,Soydow,2016,0.217695692
71,EA,Chanthaburi,Soydow,2017,0.260925384
71,EA,Chanthaburi,Soydow,2018,0.272576995
71,EA,Chanthaburi,Soydow,2019,0.327544755
71,EA,Chanthaburi,Soydow,2020,0.354313625
71,EA,Chanthaburi,Soydow,2021,0.381685224
62,CE,Lop Buri,Sra Both,2014,0.121649991
62,CE,Lop Buri,Sra Both,2015,0.152454176
62,CE,Lop Buri,Sra Both,2016,0.175854477
62,CE,Lop Buri,Sra Both,2017,0.281478373
62,CE,Lop Buri,Sra Both,2018,0.218919016
62,CE,Lop Buri,Sra Both,2019,0.234017619
62,CE,Lop Buri,Sra Both,2020,0.246690456
62,CE,Lop Buri,Sra Both,2021,0.330197203
52,EA,Prachin Buri,Sri Mahar Pho,2014,2.586079008
52,EA,Prachin Buri,Sri Mahar Pho,2015,2.897614676
52,EA,Prachin Buri,Sri Mahar Pho,2016,3.316299249
52,EA,Prachin Buri,Sri Mahar Pho,2017,3.573085078
52,EA,Prachin Buri,Sri Mahar Pho,2018,3.494291099
52,EA,Prachin Buri,Sri Mahar Pho,2019,3.702467659
52,EA,Prachin Buri,Sri Mahar Pho,2020,3.662662647
52,EA,Prachin Buri,Sri Mahar Pho,2021,4.006863109
12,NE,Si Sa Ket,Sri Ratana,2014,0.128999961
12,NE,Si Sa Ket,Sri Ratana,2015,0.163292826
12,NE,Si Sa Ket,Sri Ratana,2016,0.152958483
12,NE,Si Sa Ket,Sri Ratana,2017,0.236498765
12,NE,Si Sa Ket,Sri Ratana,2018,0.256519995
12,NE,Si Sa Ket,Sri Ratana,2019,0.221360778
12,NE,Si Sa Ket,Sri Ratana,2020,0.285071712
12,NE,Si Sa Ket,Sri Ratana,2021,0.402646659
14,BKK&VIC,Bangkok,Suan Luang,2014,30.80960948
14,BKK&VIC,Bangkok,Suan Luang,2015,32.77569626
14,BKK&VIC,Bangkok,Suan Luang,2016,32.44842532
14,BKK&VIC,Bangkok,Suan Luang,2017,32.85019193
14,BKK&VIC,Bangkok,Suan Luang,2018,33.21074199
14,BKK&VIC,Bangkok,Suan Luang,2019,33.91369891
14,BKK&VIC,Bangkok,Suan Luang,2020,32.07646547
14,BKK&VIC,Bangkok,Suan Luang,2021,32.9895232
30,WE,Ratchaburi,Suan Phung,2014,0.250766834
30,WE,Ratchaburi,Suan Phung,2015,0.238122048
30,WE,Ratchaburi,Suan Phung,2016,0.232755515
30,WE,Ratchaburi,Suan Phung,2017,0.299479845
30,WE,Ratchaburi,Suan Phung,2018,0.343831957
30,WE,Ratchaburi,Suan Phung,2019,0.402756126
30,WE,Ratchaburi,Suan Phung,2020,0.442703788
30,WE,Ratchaburi,Suan Phung,2021,0.46798915
40,SO,Narathiwat,Sukhirin,2014,0.068680597
40,SO,Narathiwat,Sukhirin,2015,0.081940972
40,SO,Narathiwat,Sukhirin,2016,0.095667472
40,SO,Narathiwat,Sukhirin,2017,0.102898539
40,SO,Narathiwat,Sukhirin,2018,0.151917661
40,SO,Narathiwat,Sukhirin,2019,0.120759243
40,SO,Narathiwat,Sukhirin,2020,0.145005736
40,SO,Narathiwat,Sukhirin,2021,0.153421192
32,NO,Phrae,Sung Men,2014,0.574541949
32,NO,Phrae,Sung Men,2015,0.625612725
32,NO,Phrae,Sung Men,2016,0.601066049
32,NO,Phrae,Sung Men,2017,0.774604411
32,NO,Phrae,Sung Men,2018,0.75934012
32,NO,Phrae,Sung Men,2019,0.804064492
32,NO,Phrae,Sung Men,2020,0.83407999
32,NO,Phrae,Sung Men,2021,0.916700222
6,NE,Nakhon Ratchasima,Sung Noen,2014,0.817282505
6,NE,Nakhon Ratchasima,Sung Noen,2015,0.908139666
6,NE,Nakhon Ratchasima,Sung Noen,2016,0.886230538
6,NE,Nakhon Ratchasima,Sung Noen,2017,0.981995827
6,NE,Nakhon Ratchasima,Sung Noen,2018,0.971303383
6,NE,Nakhon Ratchasima,Sung Noen,2019,1.000055415
6,NE,Nakhon Ratchasima,Sung Noen,2020,1.197391261
6,NE,Nakhon Ratchasima,Sung Noen,2021,1.379209762
40,SO,Narathiwat,Su-ngai Ko Lok,2014,1.903667803
40,SO,Narathiwat,Su-ngai Ko Lok,2015,1.946758662
40,SO,Narathiwat,Su-ngai Ko Lok,2016,2.123959952
40,SO,Narathiwat,Su-ngai Ko Lok,2017,2.062186184
40,SO,Narathiwat,Su-ngai Ko Lok,2018,2.077235068
40,SO,Narathiwat,Su-ngai Ko Lok,2019,2.100962039
40,SO,Narathiwat,Su-ngai Ko Lok,2020,2.152032883
40,SO,Narathiwat,Su-ngai Ko Lok,2021,2.69801893
40,SO,Narathiwat,Sungai Padi,2014,0.203521323
40,SO,Narathiwat,Sungai Padi,2015,0.214620972
40,SO,Narathiwat,Sungai Padi,2016,0.2627574
40,SO,Narathiwat,Sungai Padi,2017,0.291083437
40,SO,Narathiwat,Sungai Padi,2018,0.327712922
40,SO,Narathiwat,Sungai Padi,2019,0.362050611
40,SO,Narathiwat,Sungai Padi,2020,0.479525764
40,SO,Narathiwat,Sungai Padi,2021,0.516097031
3,NE,Nongbua Lamphu,Suwan Khuha,2014,0.087221152
3,NE,Nongbua Lamphu,Suwan Khuha,2015,0.115742745
3,NE,Nongbua Lamphu,Suwan Khuha,2016,0.108372037
3,NE,Nongbua Lamphu,Suwan Khuha,2017,0.164903596
3,NE,Nongbua Lamphu,Suwan Khuha,2018,0.176513151
3,NE,Nongbua Lamphu,Suwan Khuha,2019,0.159959508
3,NE,Nongbua Lamphu,Suwan Khuha,2020,0.233712419
3,NE,Nongbua Lamphu,Suwan Khuha,2021,0.293133869
0,NE,Roi Et,Suwannaphum,2014,0.218713129
0,NE,Roi Et,Suwannaphum,2015,0.247366947
0,NE,Roi Et,Suwannaphum,2016,0.243586273
0,NE,Roi Et,Suwannaphum,2017,0.359390882
0,NE,Roi Et,Suwannaphum,2018,0.372448016
0,NE,Roi Et,Suwannaphum,2019,0.365965687
0,NE,Roi Et,Suwannaphum,2020,0.45560567
0,NE,Roi Et,Suwannaphum,2021,0.58981994
75,EA,Sa Kaew,Ta Phraya,2014,0.075045571
75,EA,Sa Kaew,Ta Phraya,2015,0.084746664
75,EA,Sa Kaew,Ta Phraya,2016,0.111772524
75,EA,Sa Kaew,Ta Phraya,2017,0.148531105
75,EA,Sa Kaew,Ta Phraya,2018,0.145934939
75,EA,Sa Kaew,Ta Phraya,2019,0.161593393
75,EA,Sa Kaew,Ta Phraya,2020,0.189055945
75,EA,Sa Kaew,Ta Phraya,2021,0.220783917
40,SO,Narathiwat,Tak Bai,2014,0.61628173
40,SO,Narathiwat,Tak Bai,2015,0.671232602
40,SO,Narathiwat,Tak Bai,2016,0.676104438
40,SO,Narathiwat,Tak Bai,2017,0.762326592
40,SO,Narathiwat,Tak Bai,2018,0.859300047
40,SO,Narathiwat,Tak Bai,2019,0.912179065
40,SO,Narathiwat,Tak Bai,2020,1.058793981
40,SO,Narathiwat,Tak Bai,2021,1.299043031
2,NO,Nakhon Sawan,Tak Fa,2014,0.30083464
2,NO,Nakhon Sawan,Tak Fa,2015,0.326644463
2,NO,Nakhon Sawan,Tak Fa,2016,0.321136691
2,NO,Nakhon Sawan,Tak Fa,2017,0.453478019
2,NO,Nakhon Sawan,Tak Fa,2018,0.50735143
2,NO,Nakhon Sawan,Tak Fa,2019,0.510198084
2,NO,Nakhon Sawan,Tak Fa,2020,0.529926116
2,NO,Nakhon Sawan,Tak Fa,2021,0.613457576
2,NO,Nakhon Sawan,Takhli,2014,0.489759224
2,NO,Nakhon Sawan,Takhli,2015,0.523334817
2,NO,Nakhon Sawan,Takhli,2016,0.569163428
2,NO,Nakhon Sawan,Takhli,2017,0.663357106
2,NO,Nakhon Sawan,Takhli,2018,0.720218868
2,NO,Nakhon Sawan,Takhli,2019,0.738736278
2,NO,Nakhon Sawan,Takhli,2020,0.787835812
2,NO,Nakhon Sawan,Takhli,2021,0.999518154
56,SO,Phangnga,Takua Pa,2014,0.576178471
56,SO,Phangnga,Takua Pa,2015,0.606413925
56,SO,Phangnga,Takua Pa,2016,0.658193269
56,SO,Phangnga,Takua Pa,2017,0.726178682
56,SO,Phangnga,Takua Pa,2018,0.724319122
56,SO,Phangnga,Takua Pa,2019,0.764423494
56,SO,Phangnga,Takua Pa,2020,0.824068153
56,SO,Phangnga,Takua Pa,2021,0.857632259
56,SO,Phangnga,Takua Thung,2014,0.746351867
56,SO,Phangnga,Takua Thung,2015,0.812382365
56,SO,Phangnga,Takua Thung,2016,0.902765294
56,SO,Phangnga,Takua Thung,2017,1.048009423
56,SO,Phangnga,Takua Thung,2018,1.059975053
56,SO,Phangnga,Takua Thung,2019,1.096759993
56,SO,Phangnga,Takua Thung,2020,1.242720884
56,SO,Phangnga,Takua Thung,2021,1.256897214
14,BKK&VIC,Bangkok,Taling Chan,2014,19.90673825
14,BKK&VIC,Bangkok,Taling Chan,2015,22.59003385
14,BKK&VIC,Bangkok,Taling Chan,2016,24.745754
14,BKK&VIC,Bangkok,Taling Chan,2017,25.97900217
14,BKK&VIC,Bangkok,Taling Chan,2018,26.34237245
14,BKK&VIC,Bangkok,Taling Chan,2019,26.82989917
14,BKK&VIC,Bangkok,Taling Chan,2020,27.79771072
14,BKK&VIC,Bangkok,Taling Chan,2021,29.90560556
55,SO,Phatthalung,Tamot,2014,0.411877764
55,SO,Phatthalung,Tamot,2015,0.445566117
55,SO,Phatthalung,Tamot,2016,0.446238767
55,SO,Phatthalung,Tamot,2017,0.478647931
55,SO,Phatthalung,Tamot,2018,0.510896546
55,SO,Phatthalung,Tamot,2019,0.532941752
55,SO,Phatthalung,Tamot,2020,0.566845949
55,SO,Phatthalung,Tamot,2021,0.610113619
41,NE,Ubon Ratchathani,Tan Sum,2014,0.058176888
41,NE,Ubon Ratchathani,Tan Sum,2015,0.070628759
41,NE,Ubon Ratchathani,Tan Sum,2016,0.076668635
41,NE,Ubon Ratchathani,Tan Sum,2017,0.141500223
41,NE,Ubon Ratchathani,Tan Sum,2018,0.144034732
41,NE,Ubon Ratchathani,Tan Sum,2019,0.132701264
41,NE,Ubon Ratchathani,Tan Sum,2020,0.213792049
41,NE,Ubon Ratchathani,Tan Sum,2021,0.252885671
24,NE,Sakon Nakhon,Tao Ngoi,2014,0.056935033
24,NE,Sakon Nakhon,Tao Ngoi,2015,0.059604696
24,NE,Sakon Nakhon,Tao Ngoi,2016,0.052674488
24,NE,Sakon Nakhon,Tao Ngoi,2017,0.112648529
24,NE,Sakon Nakhon,Tao Ngoi,2018,0.112587492
24,NE,Sakon Nakhon,Tao Ngoi,2019,0.116635484
24,NE,Sakon Nakhon,Tao Ngoi,2020,0.173273036
24,NE,Sakon Nakhon,Tao Ngoi,2021,0.209041343
54,NO,Phichit,Taphan Hin,2014,0.280927828
54,NO,Phichit,Taphan Hin,2015,0.353580507
54,NO,Phichit,Taphan Hin,2016,0.353821088
54,NO,Phichit,Taphan Hin,2017,0.47362837
54,NO,Phichit,Taphan Hin,2018,0.512684507
54,NO,Phichit,Taphan Hin,2019,0.575608786
54,NO,Phichit,Taphan Hin,2020,0.645376119
54,NO,Phichit,Taphan Hin,2021,0.716202469
13,NE,Nong Khai,Tha Bo,2014,0.476332624
13,NE,Nong Khai,Tha Bo,2015,0.568714844
13,NE,Nong Khai,Tha Bo,2016,0.655114067
13,NE,Nong Khai,Tha Bo,2017,0.827887022
13,NE,Nong Khai,Tha Bo,2018,0.857525579
13,NE,Nong Khai,Tha Bo,2019,0.82124184
13,NE,Nong Khai,Tha Bo,2020,1.068546086
13,NE,Nong Khai,Tha Bo,2021,1.269192201
11,SO,Surat Thani,Tha Chana,2014,0.158194841
11,SO,Surat Thani,Tha Chana,2015,0.14574667
11,SO,Surat Thani,Tha Chana,2016,0.14366469
11,SO,Surat Thani,Tha Chana,2017,0.185655469
11,SO,Surat Thani,Tha Chana,2018,0.207267221
11,SO,Surat Thani,Tha Chana,2019,0.193589042
11,SO,Surat Thani,Tha Chana,2020,0.217471852
11,SO,Surat Thani,Tha Chana,2021,0.228380209
49,CE,Singburi,Tha Chang,2014,1.278650145
49,CE,Singburi,Tha Chang,2015,1.467793227
49,CE,Singburi,Tha Chang,2016,1.575440442
49,CE,Singburi,Tha Chang,2017,1.779617473
49,CE,Singburi,Tha Chang,2018,1.85053872
49,CE,Singburi,Tha Chang,2019,2.034173697
49,CE,Singburi,Tha Chang,2020,2.353737885
49,CE,Singburi,Tha Chang,2021,2.66982296
11,SO,Surat Thani,Tha Chang,2014,0.154664189
11,SO,Surat Thani,Tha Chang,2015,0.173594612
11,SO,Surat Thani,Tha Chang,2016,0.175941016
11,SO,Surat Thani,Tha Chang,2017,0.22172627
11,SO,Surat Thani,Tha Chang,2018,0.235311961
11,SO,Surat Thani,Tha Chang,2019,0.229628854
11,SO,Surat Thani,Tha Chang,2020,0.264254625
11,SO,Surat Thani,Tha Chang,2021,0.275809323
20,NE,Kalasin,Tha Khantho,2014,0.195341313
20,NE,Kalasin,Tha Khantho,2015,0.196278887
20,NE,Kalasin,Tha Khantho,2016,0.197568244
20,NE,Kalasin,Tha Khantho,2017,0.288356769
20,NE,Kalasin,Tha Khantho,2018,0.325750814
20,NE,Kalasin,Tha Khantho,2019,0.364916874
20,NE,Kalasin,Tha Khantho,2020,0.396742957
20,NE,Kalasin,Tha Khantho,2021,0.428288475
16,NE,Loei,Tha Li,2014,0.042815651
16,NE,Loei,Tha Li,2015,0.052323721
16,NE,Loei,Tha Li,2016,0.048826421
16,NE,Loei,Tha Li,2017,0.100989234
16,NE,Loei,Tha Li,2018,0.128832949
16,NE,Loei,Tha Li,2019,0.123851026
16,NE,Loei,Tha Li,2020,0.133548579
16,NE,Loei,Tha Li,2021,0.151063029
62,CE,Lop Buri,Tha Luang,2014,0.357987904
62,CE,Lop Buri,Tha Luang,2015,0.261369188
62,CE,Lop Buri,Tha Luang,2016,0.252489676
62,CE,Lop Buri,Tha Luang,2017,0.34261409
62,CE,Lop Buri,Tha Luang,2018,0.378746805
62,CE,Lop Buri,Tha Luang,2019,0.386774787
62,CE,Lop Buri,Tha Luang,2020,0.445223441
62,CE,Lop Buri,Tha Luang,2021,0.553434267
71,EA,Chanthaburi,Tha Mai,2014,0.588610225
71,EA,Chanthaburi,Tha Mai,2015,0.680704941
71,EA,Chanthaburi,Tha Mai,2016,0.737854878
71,EA,Chanthaburi,Tha Mai,2017,0.75931176
71,EA,Chanthaburi,Tha Mai,2018,0.792663261
71,EA,Chanthaburi,Tha Mai,2019,0.825634926
71,EA,Chanthaburi,Tha Mai,2020,0.895912104
71,EA,Chanthaburi,Tha Mai,2021,0.987715619
73,WE,Kanchanaburi,Tha Maka,2014,2.238452838
73,WE,Kanchanaburi,Tha Maka,2015,2.47929964
73,WE,Kanchanaburi,Tha Maka,2016,2.556034807
73,WE,Kanchanaburi,Tha Maka,2017,2.876617176
73,WE,Kanchanaburi,Tha Maka,2018,2.859183761
73,WE,Kanchanaburi,Tha Maka,2019,2.989260108
73,WE,Kanchanaburi,Tha Maka,2020,3.142773977
73,WE,Kanchanaburi,Tha Maka,2021,3.754444849
73,WE,Kanchanaburi,Tha Muang,2014,1.327490963
73,WE,Kanchanaburi,Tha Muang,2015,1.611166667
73,WE,Kanchanaburi,Tha Muang,2016,1.633537858
73,WE,Kanchanaburi,Tha Muang,2017,1.916383443
73,WE,Kanchanaburi,Tha Muang,2018,1.920119282
73,WE,Kanchanaburi,Tha Muang,2019,2.291064979
73,WE,Kanchanaburi,Tha Muang,2020,2.278765042
73,WE,Kanchanaburi,Tha Muang,2021,2.480929694
76,SO,Satun,Tha Phae,2014,0.454841219
76,SO,Satun,Tha Phae,2015,0.550263453
76,SO,Satun,Tha Phae,2016,0.584919772
76,SO,Satun,Tha Phae,2017,0.847775227
76,SO,Satun,Tha Phae,2018,0.860102351
76,SO,Satun,Tha Phae,2019,0.889906642
76,SO,Satun,Tha Phae,2020,0.93317013
76,SO,Satun,Tha Phae,2021,1.013467168
34,NO,Uttaradit,Tha Pla,2014,0.038826658
34,NO,Uttaradit,Tha Pla,2015,0.049520046
34,NO,Uttaradit,Tha Pla,2016,0.049744656
34,NO,Uttaradit,Tha Pla,2017,0.083236004
34,NO,Uttaradit,Tha Pla,2018,0.078794545
34,NO,Uttaradit,Tha Pla,2019,0.094153237
34,NO,Uttaradit,Tha Pla,2020,0.112054837
34,NO,Uttaradit,Tha Pla,2021,0.129574763
53,CE,Phra Nakhon Sri Ayuthaya,Tha Rua,2014,1.888910751
53,CE,Phra Nakhon Sri Ayuthaya,Tha Rua,2015,2.056641863
53,CE,Phra Nakhon Sri Ayuthaya,Tha Rua,2016,2.264436876
53,CE,Phra Nakhon Sri Ayuthaya,Tha Rua,2017,2.498994126
53,CE,Phra Nakhon Sri Ayuthaya,Tha Rua,2018,2.789260504
53,CE,Phra Nakhon Sri Ayuthaya,Tha Rua,2019,3.331681787
53,CE,Phra Nakhon Sri Ayuthaya,Tha Rua,2020,3.280176104
53,CE,Phra Nakhon Sri Ayuthaya,Tha Rua,2021,3.278296609
19,SO,Chumphon,Tha Sae,2014,0.15052651
19,SO,Chumphon,Tha Sae,2015,0.163587672
19,SO,Chumphon,Tha Sae,2016,0.171855048
19,SO,Chumphon,Tha Sae,2017,0.207937052
19,SO,Chumphon,Tha Sae,2018,0.239462504
19,SO,Chumphon,Tha Sae,2019,0.228929694
19,SO,Chumphon,Tha Sae,2020,0.254191143
19,SO,Chumphon,Tha Sae,2021,0.269582458
59,SO,Nakhon Si Thammarat,Tha Sala,2014,0.747026797
59,SO,Nakhon Si Thammarat,Tha Sala,2015,0.704654228
59,SO,Nakhon Si Thammarat,Tha Sala,2016,0.756450136
59,SO,Nakhon Si Thammarat,Tha Sala,2017,0.833161956
59,SO,Nakhon Si Thammarat,Tha Sala,2018,0.878132864
59,SO,Nakhon Si Thammarat,Tha Sala,2019,0.967000957
59,SO,Nakhon Si Thammarat,Tha Sala,2020,1.123405228
59,SO,Nakhon Si Thammarat,Tha Sala,2021,1.25999942
26,NO,Tak,Tha Song Yang,2014,0.008179708
26,NO,Tak,Tha Song Yang,2015,0.008490317
26,NO,Tak,Tha Song Yang,2016,0.008413248
26,NO,Tak,Tha Song Yang,2017,0.015439144
26,NO,Tak,Tha Song Yang,2018,0.018345813
26,NO,Tak,Tha Song Yang,2019,0.016608302
26,NO,Tak,Tha Song Yang,2020,0.020396097
26,NO,Tak,Tha Song Yang,2021,0.02697234
4,EA,Chachoengsao,Tha Ta Kieb,2014,0.031691347
4,EA,Chachoengsao,Tha Ta Kieb,2015,0.044905179
4,EA,Chachoengsao,Tha Ta Kieb,2016,0.053232633
4,EA,Chachoengsao,Tha Ta Kieb,2017,0.09851971
4,EA,Chachoengsao,Tha Ta Kieb,2018,0.111405865
4,EA,Chachoengsao,Tha Ta Kieb,2019,0.121895823
4,EA,Chachoengsao,Tha Ta Kieb,2020,0.14636579
4,EA,Chachoengsao,Tha Ta Kieb,2021,0.204465144
2,NO,Nakhon Sawan,Tha Tako,2014,0.184870404
2,NO,Nakhon Sawan,Tha Tako,2015,0.229911859
2,NO,Nakhon Sawan,Tha Tako,2016,0.272354326
2,NO,Nakhon Sawan,Tha Tako,2017,0.365747546
2,NO,Nakhon Sawan,Tha Tako,2018,0.368784341
2,NO,Nakhon Sawan,Tha Tako,2019,0.397723576
2,NO,Nakhon Sawan,Tha Tako,2020,0.437375432
2,NO,Nakhon Sawan,Tha Tako,2021,0.494372214
5,NE,Surin,Tha Tum,2014,0.140377135
5,NE,Surin,Tha Tum,2015,0.174284032
5,NE,Surin,Tha Tum,2016,0.160020362
5,NE,Surin,Tha Tum,2017,0.237435086
5,NE,Surin,Tha Tum,2018,0.234968996
5,NE,Surin,Tha Tum,2019,0.224859851
5,NE,Surin,Tha Tum,2020,0.267042898
5,NE,Surin,Tha Tum,2021,0.390091628
72,NE,Nakhon Phanom,Tha Uthen,2014,0.248354471
72,NE,Nakhon Phanom,Tha Uthen,2015,0.288274361
72,NE,Nakhon Phanom,Tha Uthen,2016,0.248062325
72,NE,Nakhon Phanom,Tha Uthen,2017,0.38478303
72,NE,Nakhon Phanom,Tha Uthen,2018,0.377312743
72,NE,Nakhon Phanom,Tha Uthen,2019,0.326406514
72,NE,Nakhon Phanom,Tha Uthen,2020,0.381049826
72,NE,Nakhon Phanom,Tha Uthen,2021,0.541180725
70,NO,Nan,Tha Wang Pha,2014,0.108097931
70,NO,Nan,Tha Wang Pha,2015,0.122453655
70,NO,Nan,Tha Wang Pha,2016,0.109715382
70,NO,Nan,Tha Wang Pha,2017,0.17135886
70,NO,Nan,Tha Wang Pha,2018,0.177212315
70,NO,Nan,Tha Wang Pha,2019,0.190144567
70,NO,Nan,Tha Wang Pha,2020,0.204294088
70,NO,Nan,Tha Wang Pha,2021,0.222022846
62,CE,Lop Buri,Tha Wung,2014,0.853115773
62,CE,Lop Buri,Tha Wung,2015,0.961552716
62,CE,Lop Buri,Tha Wung,2016,1.102891568
62,CE,Lop Buri,Tha Wung,2017,1.272065481
62,CE,Lop Buri,Tha Wung,2018,1.291093697
62,CE,Lop Buri,Tha Wung,2019,1.317610433
62,CE,Lop Buri,Tha Wung,2020,1.45069591
62,CE,Lop Buri,Tha Wung,2021,1.599431645
8,WE,Phetchaburi,Tha Yang,2014,0.961632193
8,WE,Phetchaburi,Tha Yang,2015,1.07132617
8,WE,Phetchaburi,Tha Yang,2016,1.05643651
8,WE,Phetchaburi,Tha Yang,2017,1.207013599
8,WE,Phetchaburi,Tha Yang,2018,1.275288389
8,WE,Phetchaburi,Tha Yang,2019,1.311011859
8,WE,Phetchaburi,Tha Yang,2020,1.372750252
8,WE,Phetchaburi,Tha Yang,2021,1.45529043
31,NE,Yasothon,Thai Charoen,2014,0.071413361
31,NE,Yasothon,Thai Charoen,2015,0.109769228
31,NE,Yasothon,Thai Charoen,2016,0.096395829
31,NE,Yasothon,Thai Charoen,2017,0.207656582
31,NE,Yasothon,Thai Charoen,2018,0.239798504
31,NE,Yasothon,Thai Charoen,2019,0.258283821
31,NE,Yasothon,Thai Charoen,2020,0.308656376
31,NE,Yasothon,Thai Charoen,2021,0.352261554
56,SO,Phangnga,Thai Muang,2014,0.385694701
56,SO,Phangnga,Thai Muang,2015,0.390539634
56,SO,Phangnga,Thai Muang,2016,0.425398405
56,SO,Phangnga,Thai Muang,2017,0.444686353
56,SO,Phangnga,Thai Muang,2018,0.488795025
56,SO,Phangnga,Thai Muang,2019,0.600686958
56,SO,Phangnga,Thai Muang,2020,0.812238555
56,SO,Phangnga,Thai Muang,2021,1.00289211
44,SO,Phuket,Thalang,2014,4.091232295
44,SO,Phuket,Thalang,2015,4.297237028
44,SO,Phuket,Thalang,2016,4.895622206
44,SO,Phuket,Thalang,2017,5.315280097
44,SO,Phuket,Thalang,2018,5.422023142
44,SO,Phuket,Thalang,2019,6.069985259
44,SO,Phuket,Thalang,2020,6.338889808
44,SO,Phuket,Thalang,2021,6.403734551
59,SO,Nakhon Si Thammarat,Tham Phannara,2014,0.182872268
59,SO,Nakhon Si Thammarat,Tham Phannara,2015,0.186374552
59,SO,Nakhon Si Thammarat,Tham Phannara,2016,0.153038422
59,SO,Nakhon Si Thammarat,Tham Phannara,2017,0.213108203
59,SO,Nakhon Si Thammarat,Tham Phannara,2018,0.240302265
59,SO,Nakhon Si Thammarat,Tham Phannara,2019,0.237520012
59,SO,Nakhon Si Thammarat,Tham Phannara,2020,0.296478958
59,SO,Nakhon Si Thammarat,Tham Phannara,2021,0.306200222
33,SO,Yala,Than To,2014,0.067214619
33,SO,Yala,Than To,2015,0.071441613
33,SO,Yala,Than To,2016,0.077384199
33,SO,Yala,Than To,2017,0.091129671
33,SO,Yala,Than To,2018,0.105244076
33,SO,Yala,Than To,2019,0.09059372
33,SO,Yala,Than To,2020,0.1270149
33,SO,Yala,Than To,2021,0.200987003
58,BKK&VIC,Pathum Thani,Thanyaburi,2014,10.35628598
58,BKK&VIC,Pathum Thani,Thanyaburi,2015,11.07335756
58,BKK&VIC,Pathum Thani,Thanyaburi,2016,11.28613589
58,BKK&VIC,Pathum Thani,Thanyaburi,2017,11.72058851
58,BKK&VIC,Pathum Thani,Thanyaburi,2018,12.46517949
58,BKK&VIC,Pathum Thani,Thanyaburi,2019,12.74436892
58,BKK&VIC,Pathum Thani,Thanyaburi,2020,12.75831122
58,BKK&VIC,Pathum Thani,Thanyaburi,2021,13.80549976
54,NO,Phichit,Thap Khlo,2014,0.387375334
54,NO,Phichit,Thap Khlo,2015,0.464725139
54,NO,Phichit,Thap Khlo,2016,0.45397269
54,NO,Phichit,Thap Khlo,2017,0.52575838
54,NO,Phichit,Thap Khlo,2018,0.532910657
54,NO,Phichit,Thap Khlo,2019,0.581036411
54,NO,Phichit,Thap Khlo,2020,0.609651242
54,NO,Phichit,Thap Khlo,2021,0.707081126
56,SO,Phangnga,Thap Put,2014,0.344951554
56,SO,Phangnga,Thap Put,2015,0.36883203
56,SO,Phangnga,Thap Put,2016,0.397222767
56,SO,Phangnga,Thap Put,2017,0.454605609
56,SO,Phangnga,Thap Put,2018,0.458485329
56,SO,Phangnga,Thap Put,2019,0.501319604
56,SO,Phangnga,Thap Put,2020,0.568496448
56,SO,Phangnga,Thap Put,2021,0.691940482
42,WE,Phachuap Khiri Khan,Thap Sakae,2014,0.392682661
42,WE,Phachuap Khiri Khan,Thap Sakae,2015,0.431769907
42,WE,Phachuap Khiri Khan,Thap Sakae,2016,0.429945536
42,WE,Phachuap Khiri Khan,Thap Sakae,2017,0.518687712
42,WE,Phachuap Khiri Khan,Thap Sakae,2018,0.552034414
42,WE,Phachuap Khiri Khan,Thap Sakae,2019,0.533677028
42,WE,Phachuap Khiri Khan,Thap Sakae,2020,0.6244137
42,WE,Phachuap Khiri Khan,Thap Sakae,2021,0.600292887
18,NO,Uthai Thani,Thap Than,2014,0.268719401
18,NO,Uthai Thani,Thap Than,2015,0.323753154
18,NO,Uthai Thani,Thap Than,2016,0.364942227
18,NO,Uthai Thani,Thap Than,2017,0.539144954
18,NO,Uthai Thani,Thap Than,2018,0.528424522
18,NO,Uthai Thani,Thap Than,2019,0.572107731
18,NO,Uthai Thani,Thap Than,2020,0.637084276
18,NO,Uthai Thani,Thap Than,2021,0.800818295
72,NE,Nakhon Phanom,That Phanom,2014,0.803407088
72,NE,Nakhon Phanom,That Phanom,2015,0.922191439
72,NE,Nakhon Phanom,That Phanom,2016,0.8711897
72,NE,Nakhon Phanom,That Phanom,2017,1.074306217
72,NE,Nakhon Phanom,That Phanom,2018,1.093281121
72,NE,Nakhon Phanom,That Phanom,2019,1.078536806
72,NE,Nakhon Phanom,That Phanom,2020,1.309152425
72,NE,Nakhon Phanom,That Phanom,2021,1.548436085
0,NE,Roi Et,Thawatchaburi,2014,0.411564987
0,NE,Roi Et,Thawatchaburi,2015,0.494969437
0,NE,Roi Et,Thawatchaburi,2016,0.505411864
0,NE,Roi Et,Thawatchaburi,2017,0.763417781
0,NE,Roi Et,Thawatchaburi,2018,0.819948087
0,NE,Roi Et,Thawatchaburi,2019,0.890476187
0,NE,Roi Et,Thawatchaburi,2020,1.05758726
0,NE,Roi Et,Thawatchaburi,2021,1.307816934
14,BKK&VIC,Bangkok,Thawi Wattana,2014,15.97469785
14,BKK&VIC,Bangkok,Thawi Wattana,2015,17.436422
14,BKK&VIC,Bangkok,Thawi Wattana,2016,18.5847474
14,BKK&VIC,Bangkok,Thawi Wattana,2017,18.98605619
14,BKK&VIC,Bangkok,Thawi Wattana,2018,18.95797168
14,BKK&VIC,Bangkok,Thawi Wattana,2019,19.27464342
14,BKK&VIC,Bangkok,Thawi Wattana,2020,19.63061683
14,BKK&VIC,Bangkok,Thawi Wattana,2021,23.72390894
9,NE,Chaiyaphum,Thep Sathit,2014,0.115466773
9,NE,Chaiyaphum,Thep Sathit,2015,0.141942411
9,NE,Chaiyaphum,Thep Sathit,2016,0.148300684
9,NE,Chaiyaphum,Thep Sathit,2017,0.202391464
9,NE,Chaiyaphum,Thep Sathit,2018,0.243920851
9,NE,Chaiyaphum,Thep Sathit,2019,0.254415813
9,NE,Chaiyaphum,Thep Sathit,2020,0.29092329
9,NE,Chaiyaphum,Thep Sathit,2021,0.322307525
43,SO,Songkhla,Thepha,2014,0.351681498
43,SO,Songkhla,Thepha,2015,0.41814524
43,SO,Songkhla,Thepha,2016,0.472930325
43,SO,Songkhla,Thepha,2017,0.633946251
43,SO,Songkhla,Thepha,2018,0.705645338
43,SO,Songkhla,Thepha,2019,0.721619431
43,SO,Songkhla,Thepha,2020,0.771446423
43,SO,Songkhla,Thepha,2021,0.727416252
37,NO,Lampang,Thoen,2014,0.105701706
37,NO,Lampang,Thoen,2015,0.120195883
37,NO,Lampang,Thoen,2016,0.108558633
37,NO,Lampang,Thoen,2017,0.14954672
37,NO,Lampang,Thoen,2018,0.147661762
37,NO,Lampang,Thoen,2019,0.164621967
37,NO,Lampang,Thoen,2020,0.167954594
37,NO,Lampang,Thoen,2021,0.174803785
25,NO,Chiang Rai,Thoeng,2014,0.193446553
25,NO,Chiang Rai,Thoeng,2015,0.251173525
25,NO,Chiang Rai,Thoeng,2016,0.283381004
25,NO,Chiang Rai,Thoeng,2017,0.393656177
25,NO,Chiang Rai,Thoeng,2018,0.412236866
25,NO,Chiang Rai,Thoeng,2019,0.446891673
25,NO,Chiang Rai,Thoeng,2020,0.484330297
25,NO,Chiang Rai,Thoeng,2021,0.475355711
14,BKK&VIC,Bangkok,Thon Buri,2014,34.3723655
14,BKK&VIC,Bangkok,Thon Buri,2015,36.08533274
14,BKK&VIC,Bangkok,Thon Buri,2016,38.90882599
14,BKK&VIC,Bangkok,Thon Buri,2017,39.35796147
14,BKK&VIC,Bangkok,Thon Buri,2018,40.98617232
14,BKK&VIC,Bangkok,Thon Buri,2019,41.00497684
14,BKK&VIC,Bangkok,Thon Buri,2020,39.60633473
14,BKK&VIC,Bangkok,Thon Buri,2021,40.32704122
73,WE,Kanchanaburi,Thong Pha Phum,2014,0.027762491
73,WE,Kanchanaburi,Thong Pha Phum,2015,0.030663288
73,WE,Kanchanaburi,Thong Pha Phum,2016,0.03335103
73,WE,Kanchanaburi,Thong Pha Phum,2017,0.038243837
73,WE,Kanchanaburi,Thong Pha Phum,2018,0.041218134
73,WE,Kanchanaburi,Thong Pha Phum,2019,0.042914126
73,WE,Kanchanaburi,Thong Pha Phum,2020,0.048877322
73,WE,Kanchanaburi,Thong Pha Phum,2021,0.055961071
34,NO,Uttaradit,Thong Saen Khan,2014,0.083352099
34,NO,Uttaradit,Thong Saen Khan,2015,0.130486641
34,NO,Uttaradit,Thong Saen Khan,2016,0.128183155
34,NO,Uttaradit,Thong Saen Khan,2017,0.187001331
34,NO,Uttaradit,Thong Saen Khan,2018,0.194076459
34,NO,Uttaradit,Thong Saen Khan,2019,0.214783229
34,NO,Uttaradit,Thong Saen Khan,2020,0.239824373
34,NO,Uttaradit,Thong Saen Khan,2021,0.272972404
70,NO,Nan,Thung Chang,2014,0.070279469
70,NO,Nan,Thung Chang,2015,0.071072169
70,NO,Nan,Thung Chang,2016,0.060381931
70,NO,Nan,Thung Chang,2017,0.079949559
70,NO,Nan,Thung Chang,2018,0.081508844
70,NO,Nan,Thung Chang,2019,0.058880717
70,NO,Nan,Thung Chang,2020,0.132079232
70,NO,Nan,Thung Chang,2021,0.128249646
23,NE,Udon Thani,Thung Fon,2014,0.115533061
23,NE,Udon Thani,Thung Fon,2015,0.127367738
23,NE,Udon Thani,Thung Fon,2016,0.115920332
23,NE,Udon Thani,Thung Fon,2017,0.203207458
23,NE,Udon Thani,Thung Fon,2018,0.220732038
23,NE,Udon Thani,Thung Fon,2019,0.191706313
23,NE,Udon Thani,Thung Fon,2020,0.266944946
23,NE,Udon Thani,Thung Fon,2021,0.291321185
28,NO,Lamphun,Thung Hua Chang,2014,0.055157503
28,NO,Lamphun,Thung Hua Chang,2015,0.057305859
28,NO,Lamphun,Thung Hua Chang,2016,0.049178895
28,NO,Lamphun,Thung Hua Chang,2017,0.06522297
28,NO,Lamphun,Thung Hua Chang,2018,0.075693564
28,NO,Lamphun,Thung Hua Chang,2019,0.070725441
28,NO,Lamphun,Thung Hua Chang,2020,0.075911315
28,NO,Lamphun,Thung Hua Chang,2021,0.075373496
7,NO,Sukhothai,Thung Saliam,2014,0.170034794
7,NO,Sukhothai,Thung Saliam,2015,0.20520695
7,NO,Sukhothai,Thung Saliam,2016,0.197467481
7,NO,Sukhothai,Thung Saliam,2017,0.249023654
7,NO,Sukhothai,Thung Saliam,2018,0.241194723
7,NO,Sukhothai,Thung Saliam,2019,0.284605006
7,NO,Sukhothai,Thung Saliam,2020,0.289265353
7,NO,Sukhothai,Thung Saliam,2021,0.345305122
41,NE,Ubon Ratchathani,Thung Si Udom,2014,0.061592772
41,NE,Ubon Ratchathani,Thung Si Udom,2015,0.091300408
41,NE,Ubon Ratchathani,Thung Si Udom,2016,0.075660157
41,NE,Ubon Ratchathani,Thung Si Udom,2017,0.120303344
41,NE,Ubon Ratchathani,Thung Si Udom,2018,0.12173163
41,NE,Ubon Ratchathani,Thung Si Udom,2019,0.189753933
41,NE,Ubon Ratchathani,Thung Si Udom,2020,0.219757517
41,NE,Ubon Ratchathani,Thung Si Udom,2021,0.336322393
59,SO,Nakhon Si Thammarat,Thung Song,2014,0.710172189
59,SO,Nakhon Si Thammarat,Thung Song,2015,0.735839598
59,SO,Nakhon Si Thammarat,Thung Song,2016,0.839592613
59,SO,Nakhon Si Thammarat,Thung Song,2017,0.954357276
59,SO,Nakhon Si Thammarat,Thung Song,2018,0.963263359
59,SO,Nakhon Si Thammarat,Thung Song,2019,0.976329756
59,SO,Nakhon Si Thammarat,Thung Song,2020,1.020635076
59,SO,Nakhon Si Thammarat,Thung Song,2021,1.247280851
19,SO,Chumphon,Thung Tako,2014,0.315753765
19,SO,Chumphon,Thung Tako,2015,0.334461079
19,SO,Chumphon,Thung Tako,2016,0.358665893
19,SO,Chumphon,Thung Tako,2017,0.448076865
19,SO,Chumphon,Thung Tako,2018,0.480897326
19,SO,Chumphon,Thung Tako,2019,0.470493278
19,SO,Chumphon,Thung Tako,2020,0.491996198
19,SO,Chumphon,Thung Tako,2021,0.564703144
76,SO,Satun,Thung Wa,2014,0.593979179
76,SO,Satun,Thung Wa,2015,0.582722778
76,SO,Satun,Thung Wa,2016,0.60777627
76,SO,Satun,Thung Wa,2017,0.717468257
76,SO,Satun,Thung Wa,2018,0.7805787
76,SO,Satun,Thung Wa,2019,0.784590729
76,SO,Satun,Thung Wa,2020,0.958929518
76,SO,Satun,Thung Wa,2021,1.313502554
59,SO,Nakhon Si Thammarat,Thung Yai,2014,0.16798629
59,SO,Nakhon Si Thammarat,Thung Yai,2015,0.188070825
59,SO,Nakhon Si Thammarat,Thung Yai,2016,0.22789293
59,SO,Nakhon Si Thammarat,Thung Yai,2017,0.272058311
59,SO,Nakhon Si Thammarat,Thung Yai,2018,0.272089505
59,SO,Nakhon Si Thammarat,Thung Yai,2019,0.262585684
59,SO,Nakhon Si Thammarat,Thung Yai,2020,0.31146974
59,SO,Nakhon Si Thammarat,Thung Yai,2021,0.328889388
57,SO,Pattani,Thung Yang Daeng,2014,0.275802223
57,SO,Pattani,Thung Yang Daeng,2015,0.314494195
57,SO,Pattani,Thung Yang Daeng,2016,0.360869441
57,SO,Pattani,Thung Yang Daeng,2017,0.481396968
57,SO,Pattani,Thung Yang Daeng,2018,0.522502695
57,SO,Pattani,Thung Yang Daeng,2019,0.448505499
57,SO,Pattani,Thung Yang Daeng,2020,0.592295457
57,SO,Pattani,Thung Yang Daeng,2021,0.64547227
14,BKK&VIC,Bangkok,Thungkru,2014,14.54548297
14,BKK&VIC,Bangkok,Thungkru,2015,15.13727847
14,BKK&VIC,Bangkok,Thungkru,2016,15.65805947
14,BKK&VIC,Bangkok,Thungkru,2017,16.39612741
14,BKK&VIC,Bangkok,Thungkru,2018,18.02579931
14,BKK&VIC,Bangkok,Thungkru,2019,18.3064149
14,BKK&VIC,Bangkok,Thungkru,2020,19.07083852
14,BKK&VIC,Bangkok,Thungkru,2021,19.63520692
41,NE,Ubon Ratchathani,Trakan Phutphon,2014,0.132128934
41,NE,Ubon Ratchathani,Trakan Phutphon,2015,0.176746233
41,NE,Ubon Ratchathani,Trakan Phutphon,2016,0.169540862
41,NE,Ubon Ratchathani,Trakan Phutphon,2017,0.242365553
41,NE,Ubon Ratchathani,Trakan Phutphon,2018,0.281718186
41,NE,Ubon Ratchathani,Trakan Phutphon,2019,0.281391546
41,NE,Ubon Ratchathani,Trakan Phutphon,2020,0.330191665
41,NE,Ubon Ratchathani,Trakan Phutphon,2021,0.406045426
34,NO,Uttaradit,Tron,2014,0.337474178
34,NO,Uttaradit,Tron,2015,0.447402672
34,NO,Uttaradit,Tron,2016,0.45072305
34,NO,Uttaradit,Tron,2017,0.647076069
34,NO,Uttaradit,Tron,2018,0.639496444
34,NO,Uttaradit,Tron,2019,0.666775561
34,NO,Uttaradit,Tron,2020,0.744257889
34,NO,Uttaradit,Tron,2021,0.889955311
48,WE,Suphan Buri,U Thong,2014,0.945384023
48,WE,Suphan Buri,U Thong,2015,1.101597445
48,WE,Suphan Buri,U Thong,2016,1.158542533
48,WE,Suphan Buri,U Thong,2017,1.422048187
48,WE,Suphan Buri,U Thong,2018,1.452891798
48,WE,Suphan Buri,U Thong,2019,1.525301985
48,WE,Suphan Buri,U Thong,2020,1.546621316
48,WE,Suphan Buri,U Thong,2021,1.879987035
15,NE,Khon Kaen,Ubol Ratana,2014,0.199162403
15,NE,Khon Kaen,Ubol Ratana,2015,0.22467877
15,NE,Khon Kaen,Ubol Ratana,2016,0.232102837
15,NE,Khon Kaen,Ubol Ratana,2017,0.330346797
15,NE,Khon Kaen,Ubol Ratana,2018,0.366195178
15,NE,Khon Kaen,Ubol Ratana,2019,0.348086617
15,NE,Khon Kaen,Ubol Ratana,2020,0.399625591
15,NE,Khon Kaen,Ubol Ratana,2021,0.454221909
26,NO,Tak,Umphang,2014,0.003718905
26,NO,Tak,Umphang,2015,0.003999913
26,NO,Tak,Umphang,2016,0.006673397
26,NO,Tak,Umphang,2017,0.008409822
26,NO,Tak,Umphang,2018,0.008803998
26,NO,Tak,Umphang,2019,0.01088908
26,NO,Tak,Umphang,2020,0.011567392
26,NO,Tak,Umphang,2021,0.01260316
53,CE,Phra Nakhon Sri Ayuthaya,Uthai,2014,7.548467897
53,CE,Phra Nakhon Sri Ayuthaya,Uthai,2015,8.625357327
53,CE,Phra Nakhon Sri Ayuthaya,Uthai,2016,8.215417914
53,CE,Phra Nakhon Sri Ayuthaya,Uthai,2017,7.842366391
53,CE,Phra Nakhon Sri Ayuthaya,Uthai,2018,7.64817217
53,CE,Phra Nakhon Sri Ayuthaya,Uthai,2019,7.835461748
53,CE,Phra Nakhon Sri Ayuthaya,Uthai,2020,7.635757586
53,CE,Phra Nakhon Sri Ayuthaya,Uthai,2021,8.253420521
12,NE,Si Sa Ket,Uthumphon Phisai,2014,0.265102529
12,NE,Si Sa Ket,Uthumphon Phisai,2015,0.255471991
12,NE,Si Sa Ket,Uthumphon Phisai,2016,0.321903277
12,NE,Si Sa Ket,Uthumphon Phisai,2017,0.455614667
12,NE,Si Sa Ket,Uthumphon Phisai,2018,0.531016695
12,NE,Si Sa Ket,Uthumphon Phisai,2019,0.597918152
12,NE,Si Sa Ket,Uthumphon Phisai,2020,0.672228941
12,NE,Si Sa Ket,Uthumphon Phisai,2021,0.847122438
54,NO,Phichit,Wachira Barami,2014,0.249150928
54,NO,Phichit,Wachira Barami,2015,0.336811703
54,NO,Phichit,Wachira Barami,2016,0.345728011
54,NO,Phichit,Wachira Barami,2017,0.429268834
54,NO,Phichit,Wachira Barami,2018,0.481547627
54,NO,Phichit,Wachira Barami,2019,0.617904463
54,NO,Phichit,Wachira Barami,2020,0.735738296
54,NO,Phichit,Wachira Barami,2021,0.92031612
40,SO,Narathiwat,Waeng,2014,0.293557275
40,SO,Narathiwat,Waeng,2015,0.258222986
40,SO,Narathiwat,Waeng,2016,0.288092073
40,SO,Narathiwat,Waeng,2017,0.389320904
40,SO,Narathiwat,Waeng,2018,0.475759274
40,SO,Narathiwat,Waeng,2019,0.445521406
40,SO,Narathiwat,Waeng,2020,0.553583298
40,SO,Narathiwat,Waeng,2021,0.690496715
15,NE,Khon Kaen,Waeng Noi,2014,0.191206812
15,NE,Khon Kaen,Waeng Noi,2015,0.206492328
15,NE,Khon Kaen,Waeng Noi,2016,0.22845041
15,NE,Khon Kaen,Waeng Noi,2017,0.292524852
15,NE,Khon Kaen,Waeng Noi,2018,0.320020925
15,NE,Khon Kaen,Waeng Noi,2019,0.318459181
15,NE,Khon Kaen,Waeng Noi,2020,0.425588608
15,NE,Khon Kaen,Waeng Noi,2021,0.411064419
15,NE,Khon Kaen,Waeng Yai,2014,0.180368144
15,NE,Khon Kaen,Waeng Yai,2015,0.208612815
15,NE,Khon Kaen,Waeng Yai,2016,0.200344273
15,NE,Khon Kaen,Waeng Yai,2017,0.259491846
15,NE,Khon Kaen,Waeng Yai,2018,0.282945204
15,NE,Khon Kaen,Waeng Yai,2019,0.335108958
15,NE,Khon Kaen,Waeng Yai,2020,0.367328446
15,NE,Khon Kaen,Waeng Yai,2021,0.427805274
61,NE,Mukdahan,Wan Yai,2014,0.145489319
61,NE,Mukdahan,Wan Yai,2015,0.214322696
61,NE,Mukdahan,Wan Yai,2016,0.243829763
61,NE,Mukdahan,Wan Yai,2017,0.427289736
61,NE,Mukdahan,Wan Yai,2018,0.625323948
61,NE,Mukdahan,Wan Yai,2019,0.582541688
61,NE,Mukdahan,Wan Yai,2020,0.832574247
61,NE,Mukdahan,Wan Yai,2021,0.913361672
51,EA,Rayong,Wang Chan,2014,0.310544809
51,EA,Rayong,Wang Chan,2015,0.409695465
51,EA,Rayong,Wang Chan,2016,0.390158701
51,EA,Rayong,Wang Chan,2017,0.519310804
51,EA,Rayong,Wang Chan,2018,0.599948838
51,EA,Rayong,Wang Chan,2019,0.729323265
51,EA,Rayong,Wang Chan,2020,0.861705657
51,EA,Rayong,Wang Chan,2021,1.490499043
32,NO,Phrae,Wang Chin,2014,0.035453377
32,NO,Phrae,Wang Chin,2015,0.058785403
32,NO,Phrae,Wang Chin,2016,0.070553466
32,NO,Phrae,Wang Chin,2017,0.104006441
32,NO,Phrae,Wang Chin,2018,0.124427348
32,NO,Phrae,Wang Chin,2019,0.151417075
32,NO,Phrae,Wang Chin,2020,0.175287462
32,NO,Phrae,Wang Chin,2021,0.18245632
12,NE,Si Sa Ket,Wang Hin,2014,0.113749074
12,NE,Si Sa Ket,Wang Hin,2015,0.122764887
12,NE,Si Sa Ket,Wang Hin,2016,0.113332376
12,NE,Si Sa Ket,Wang Hin,2017,0.200677113
12,NE,Si Sa Ket,Wang Hin,2018,0.2166741
12,NE,Si Sa Ket,Wang Hin,2019,0.282930979
12,NE,Si Sa Ket,Wang Hin,2020,0.41783296
12,NE,Si Sa Ket,Wang Hin,2021,0.573021027
17,CE,Saraburi,Wang Muang,2014,0.697805788
17,CE,Saraburi,Wang Muang,2015,0.736113831
17,CE,Saraburi,Wang Muang,2016,0.773349435
17,CE,Saraburi,Wang Muang,2017,0.919430789
17,CE,Saraburi,Wang Muang,2018,0.903208598
17,CE,Saraburi,Wang Muang,2019,0.90954268
17,CE,Saraburi,Wang Muang,2020,0.970745406
17,CE,Saraburi,Wang Muang,2021,1.189174578
75,EA,Sa Kaew,Wang Nam Yen,2014,0.336007653
75,EA,Sa Kaew,Wang Nam Yen,2015,0.385761798
75,EA,Sa Kaew,Wang Nam Yen,2016,0.374943386
75,EA,Sa Kaew,Wang Nam Yen,2017,0.474143111
75,EA,Sa Kaew,Wang Nam Yen,2018,0.511751248
75,EA,Sa Kaew,Wang Nam Yen,2019,0.620275113
75,EA,Sa Kaew,Wang Nam Yen,2020,0.792658351
75,EA,Sa Kaew,Wang Nam Yen,2021,0.981042157
53,CE,Phra Nakhon Sri Ayuthaya,Wang Noi,2014,5.461998767
53,CE,Phra Nakhon Sri Ayuthaya,Wang Noi,2015,5.84135149
53,CE,Phra Nakhon Sri Ayuthaya,Wang Noi,2016,5.989087782
53,CE,Phra Nakhon Sri Ayuthaya,Wang Noi,2017,6.674824528
53,CE,Phra Nakhon Sri Ayuthaya,Wang Noi,2018,6.687825926
53,CE,Phra Nakhon Sri Ayuthaya,Wang Noi,2019,6.896799489
53,CE,Phra Nakhon Sri Ayuthaya,Wang Noi,2020,6.686134678
53,CE,Phra Nakhon Sri Ayuthaya,Wang Noi,2021,7.416806873
37,NO,Lampang,Wang Nua,2014,0.053773569
37,NO,Lampang,Wang Nua,2015,0.063274064
37,NO,Lampang,Wang Nua,2016,0.060823808
37,NO,Lampang,Wang Nua,2017,0.083557396
37,NO,Lampang,Wang Nua,2018,0.090138302
37,NO,Lampang,Wang Nua,2019,0.106933561
37,NO,Lampang,Wang Nua,2020,0.128797718
37,NO,Lampang,Wang Nua,2021,0.164163273
6,NE,Nakhon Ratchasima,Wang Num Khiaw,2014,0.141641176
6,NE,Nakhon Ratchasima,Wang Num Khiaw,2015,0.164362415
6,NE,Nakhon Ratchasima,Wang Num Khiaw,2016,0.182142726
6,NE,Nakhon Ratchasima,Wang Num Khiaw,2017,0.241061656
6,NE,Nakhon Ratchasima,Wang Num Khiaw,2018,0.250016086
6,NE,Nakhon Ratchasima,Wang Num Khiaw,2019,0.244696643
6,NE,Nakhon Ratchasima,Wang Num Khiaw,2020,0.286089015
6,NE,Nakhon Ratchasima,Wang Num Khiaw,2021,0.324831155
10,NO,Phetchabun,Wang Pong,2014,0.165514775
10,NO,Phetchabun,Wang Pong,2015,0.171188332
10,NO,Phetchabun,Wang Pong,2016,0.157399875
10,NO,Phetchabun,Wang Pong,2017,0.197963903
10,NO,Phetchabun,Wang Pong,2018,0.175719284
10,NO,Phetchabun,Wang Pong,2019,0.164972803
10,NO,Phetchabun,Wang Pong,2020,0.173675618
10,NO,Phetchabun,Wang Pong,2021,0.215455424
54,NO,Phichit,Wang Sai Phun,2014,0.134091922
54,NO,Phichit,Wang Sai Phun,2015,0.169124557
54,NO,Phichit,Wang Sai Phun,2016,0.143821306
54,NO,Phichit,Wang Sai Phun,2017,0.261506249
54,NO,Phichit,Wang Sai Phun,2018,0.278285434
54,NO,Phichit,Wang Sai Phun,2019,0.295028012
54,NO,Phichit,Wang Sai Phun,2020,0.383266359
54,NO,Phichit,Wang Sai Phun,2021,0.538206548
23,NE,Udon Thani,Wang Sam Mo,2014,0.108043392
23,NE,Udon Thani,Wang Sam Mo,2015,0.11034037
23,NE,Udon Thani,Wang Sam Mo,2016,0.103276667
23,NE,Udon Thani,Wang Sam Mo,2017,0.151897639
23,NE,Udon Thani,Wang Sam Mo,2018,0.179132784
23,NE,Udon Thani,Wang Sam Mo,2019,0.214310055
23,NE,Udon Thani,Wang Sam Mo,2020,0.228703926
23,NE,Udon Thani,Wang Sam Mo,2021,0.25568216
16,NE,Loei,Wang Saphung,2014,0.340210691
16,NE,Loei,Wang Saphung,2015,0.377199191
16,NE,Loei,Wang Saphung,2016,0.322314139
16,NE,Loei,Wang Saphung,2017,0.428471707
16,NE,Loei,Wang Saphung,2018,0.444088932
16,NE,Loei,Wang Saphung,2019,0.509040443
16,NE,Loei,Wang Saphung,2020,0.568503019
16,NE,Loei,Wang Saphung,2021,0.626457183
21,NO,Phitsanulok,Wang Thong,2014,0.127701402
21,NO,Phitsanulok,Wang Thong,2015,0.163395115
21,NO,Phitsanulok,Wang Thong,2016,0.177467637
21,NO,Phitsanulok,Wang Thong,2017,0.247472517
21,NO,Phitsanulok,Wang Thong,2018,0.26561599
21,NO,Phitsanulok,Wang Thong,2019,0.305876956
21,NO,Phitsanulok,Wang Thong,2020,0.323271321
21,NO,Phitsanulok,Wang Thong,2021,0.408664089
14,BKK&VIC,Bangkok,Wang Thonglang,2014,28.53816518
14,BKK&VIC,Bangkok,Wang Thonglang,2015,29.16046759
14,BKK&VIC,Bangkok,Wang Thonglang,2016,29.28160556
14,BKK&VIC,Bangkok,Wang Thonglang,2017,29.7477755
14,BKK&VIC,Bangkok,Wang Thonglang,2018,31.01703095
14,BKK&VIC,Bangkok,Wang Thonglang,2019,33.54223245
14,BKK&VIC,Bangkok,Wang Thonglang,2020,33.86204392
14,BKK&VIC,Bangkok,Wang Thonglang,2021,34.61574586
47,SO,Trang,Wang Wiset,2014,0.171067824
47,SO,Trang,Wang Wiset,2015,0.185490564
47,SO,Trang,Wang Wiset,2016,0.226530318
47,SO,Trang,Wang Wiset,2017,0.340238784
47,SO,Trang,Wang Wiset,2018,0.41570397
47,SO,Trang,Wang Wiset,2019,0.411673636
47,SO,Trang,Wang Wiset,2020,0.550741225
47,SO,Trang,Wang Wiset,2021,0.654676539
24,NE,Sakon Nakhon,Wanon Niwat,2014,0.11282047
24,NE,Sakon Nakhon,Wanon Niwat,2015,0.12830768
24,NE,Sakon Nakhon,Wanon Niwat,2016,0.129179806
24,NE,Sakon Nakhon,Wanon Niwat,2017,0.225780895
24,NE,Sakon Nakhon,Wanon Niwat,2018,0.231715169
24,NE,Sakon Nakhon,Wanon Niwat,2019,0.226790292
24,NE,Sakon Nakhon,Wanon Niwat,2020,0.282978775
24,NE,Sakon Nakhon,Wanon Niwat,2021,0.373709565
46,NE,Maha Sarakham,Wapi Pathum,2014,0.168319578
46,NE,Maha Sarakham,Wapi Pathum,2015,0.199112773
46,NE,Maha Sarakham,Wapi Pathum,2016,0.175251319
46,NE,Maha Sarakham,Wapi Pathum,2017,0.315711804
46,NE,Maha Sarakham,Wapi Pathum,2018,0.37400198
46,NE,Maha Sarakham,Wapi Pathum,2019,0.42882655
46,NE,Maha Sarakham,Wapi Pathum,2020,0.516426607
46,NE,Maha Sarakham,Wapi Pathum,2021,0.582191341
41,NE,Ubon Ratchathani,Warin Chamrap,2014,0.943216215
41,NE,Ubon Ratchathani,Warin Chamrap,2015,1.046099628
41,NE,Ubon Ratchathani,Warin Chamrap,2016,1.133146431
41,NE,Ubon Ratchathani,Warin Chamrap,2017,1.37032822
41,NE,Ubon Ratchathani,Warin Chamrap,2018,1.432253458
41,NE,Ubon Ratchathani,Warin Chamrap,2019,1.47490438
41,NE,Ubon Ratchathani,Warin Chamrap,2020,1.612484169
41,NE,Ubon Ratchathani,Warin Chamrap,2021,1.900468987
24,NE,Sakon Nakhon,Waritchaphum,2014,0.125651967
24,NE,Sakon Nakhon,Waritchaphum,2015,0.156428231
24,NE,Sakon Nakhon,Waritchaphum,2016,0.151201108
24,NE,Sakon Nakhon,Waritchaphum,2017,0.302733463
24,NE,Sakon Nakhon,Waritchaphum,2018,0.326878073
24,NE,Sakon Nakhon,Waritchaphum,2019,0.289378023
24,NE,Sakon Nakhon,Waritchaphum,2020,0.335947563
24,NE,Sakon Nakhon,Waritchaphum,2021,0.421327452
21,NO,Phitsanulok,Wat Bot,2014,0.11033671
21,NO,Phitsanulok,Wat Bot,2015,0.130925634
21,NO,Phitsanulok,Wat Bot,2016,0.12022377
21,NO,Phitsanulok,Wat Bot,2017,0.179810155
21,NO,Phitsanulok,Wat Bot,2018,0.176848502
21,NO,Phitsanulok,Wat Bot,2019,0.186935356
21,NO,Phitsanulok,Wat Bot,2020,0.206442777
21,NO,Phitsanulok,Wat Bot,2021,0.255491913
30,WE,Ratchaburi,Wat Phleng,2014,1.536273953
30,WE,Ratchaburi,Wat Phleng,2015,1.734891595
30,WE,Ratchaburi,Wat Phleng,2016,1.490592998
30,WE,Ratchaburi,Wat Phleng,2017,1.687240669
30,WE,Ratchaburi,Wat Phleng,2018,1.916868068
30,WE,Ratchaburi,Wat Phleng,2019,1.883223636
30,WE,Ratchaburi,Wat Phleng,2020,2.1748737
30,WE,Ratchaburi,Wat Phleng,2021,2.445923056
66,CE,Chai Nat,Wat Sing,2014,0.250133867
66,CE,Chai Nat,Wat Sing,2015,0.323774691
66,CE,Chai Nat,Wat Sing,2016,0.334014251
66,CE,Chai Nat,Wat Sing,2017,0.432408201
66,CE,Chai Nat,Wat Sing,2018,0.426192303
66,CE,Chai Nat,Wat Sing,2019,0.42111341
66,CE,Chai Nat,Wat Sing,2020,0.491964215
66,CE,Chai Nat,Wat Sing,2021,0.672149599
14,BKK&VIC,Bangkok,Wattana,2014,36.83985386
14,BKK&VIC,Bangkok,Wattana,2015,37.65115263
14,BKK&VIC,Bangkok,Wattana,2016,39.54597647
14,BKK&VIC,Bangkok,Wattana,2017,41.46934583
14,BKK&VIC,Bangkok,Wattana,2018,42.94549785
14,BKK&VIC,Bangkok,Wattana,2019,44.6045785
14,BKK&VIC,Bangkok,Wattana,2020,40.87179528
14,BKK&VIC,Bangkok,Wattana,2021,39.69695703
75,EA,Sa Kaew,Watthana Nakhon,2014,0.224648427
75,EA,Sa Kaew,Watthana Nakhon,2015,0.280178521
75,EA,Sa Kaew,Watthana Nakhon,2016,0.38474
75,EA,Sa Kaew,Watthana Nakhon,2017,0.341761961
75,EA,Sa Kaew,Watthana Nakhon,2018,0.35423236
75,EA,Sa Kaew,Watthana Nakhon,2019,0.365893936
75,EA,Sa Kaew,Watthana Nakhon,2020,0.3879692
75,EA,Sa Kaew,Watthana Nakhon,2021,0.451464862
25,NO,Chiang Rai,Wiang Chai,2014,0.403996808
25,NO,Chiang Rai,Wiang Chai,2015,0.453015217
25,NO,Chiang Rai,Wiang Chai,2016,0.433182772
25,NO,Chiang Rai,Wiang Chai,2017,0.560344462
25,NO,Chiang Rai,Wiang Chai,2018,0.604494654
25,NO,Chiang Rai,Wiang Chai,2019,0.670159978
25,NO,Chiang Rai,Wiang Chai,2020,0.849857764
25,NO,Chiang Rai,Wiang Chai,2021,0.998868668
65,NO,Chiang Mai,Wiang Haeng,2014,0.047248882
65,NO,Chiang Mai,Wiang Haeng,2015,0.057847341
65,NO,Chiang Mai,Wiang Haeng,2016,0.046252363
65,NO,Chiang Mai,Wiang Haeng,2017,0.07184726
65,NO,Chiang Mai,Wiang Haeng,2018,0.072442664
65,NO,Chiang Mai,Wiang Haeng,2019,0.097102912
65,NO,Chiang Mai,Wiang Haeng,2020,0.10437042
65,NO,Chiang Mai,Wiang Haeng,2021,0.088904809
15,NE,Khon Kaen,Wiang Kao,2014,0.061834761
15,NE,Khon Kaen,Wiang Kao,2015,0.102702747
15,NE,Khon Kaen,Wiang Kao,2016,0.097350383
15,NE,Khon Kaen,Wiang Kao,2017,0.118070892
15,NE,Khon Kaen,Wiang Kao,2018,0.120328837
15,NE,Khon Kaen,Wiang Kao,2019,0.120594915
15,NE,Khon Kaen,Wiang Kao,2020,0.138800386
15,NE,Khon Kaen,Wiang Kao,2021,0.139773401
25,NO,Chiang Rai,Wiang Pa Pao,2014,0.123303668
25,NO,Chiang Rai,Wiang Pa Pao,2015,0.140518368
25,NO,Chiang Rai,Wiang Pa Pao,2016,0.118815358
25,NO,Chiang Rai,Wiang Pa Pao,2017,0.15335422
25,NO,Chiang Rai,Wiang Pa Pao,2018,0.157557234
25,NO,Chiang Rai,Wiang Pa Pao,2019,0.162586818
25,NO,Chiang Rai,Wiang Pa Pao,2020,0.196821168
25,NO,Chiang Rai,Wiang Pa Pao,2021,0.187998818
70,NO,Nan,Wiang Sa,2014,0.059766817
70,NO,Nan,Wiang Sa,2015,0.081265433
70,NO,Nan,Wiang Sa,2016,0.076951302
70,NO,Nan,Wiang Sa,2017,0.106254847
70,NO,Nan,Wiang Sa,2018,0.124778543
70,NO,Nan,Wiang Sa,2019,0.154708218
70,NO,Nan,Wiang Sa,2020,0.189200137
70,NO,Nan,Wiang Sa,2021,0.196184447
11,SO,Surat Thani,Wiang Sa,2014,0.8692491
11,SO,Surat Thani,Wiang Sa,2015,0.918847484
11,SO,Surat Thani,Wiang Sa,2016,0.87282968
11,SO,Surat Thani,Wiang Sa,2017,1.029432451
11,SO,Surat Thani,Wiang Sa,2018,1.126198982
11,SO,Surat Thani,Wiang Sa,2019,1.073678557
11,SO,Surat Thani,Wiang Sa,2020,1.338727658
11,SO,Surat Thani,Wiang Sa,2021,1.654793927
10,NO,Phetchabun,Wichian Buri,2014,0.266034743
10,NO,Phetchabun,Wichian Buri,2015,0.30685057
10,NO,Phetchabun,Wichian Buri,2016,0.252572033
10,NO,Phetchabun,Wichian Buri,2017,0.262499754
10,NO,Phetchabun,Wichian Buri,2018,0.256719456
10,NO,Phetchabun,Wichian Buri,2019,0.272961989
10,NO,Phetchabun,Wichian Buri,2020,0.291907147
10,NO,Phetchabun,Wichian Buri,2021,0.356712766
25,NO,Chiang Rai,Wieng Kaen,2014,0.09157948
25,NO,Chiang Rai,Wieng Kaen,2015,0.123404872
25,NO,Chiang Rai,Wieng Kaen,2016,0.12573812
25,NO,Chiang Rai,Wieng Kaen,2017,0.166136885
25,NO,Chiang Rai,Wieng Kaen,2018,0.196672387
25,NO,Chiang Rai,Wieng Kaen,2019,0.217236113
25,NO,Chiang Rai,Wieng Kaen,2020,0.257012192
25,NO,Chiang Rai,Wieng Kaen,2021,0.225334366
17,CE,Saraburi,Wihan Daeng,2014,1.424369844
17,CE,Saraburi,Wihan Daeng,2015,1.516752845
17,CE,Saraburi,Wihan Daeng,2016,1.569098172
17,CE,Saraburi,Wihan Daeng,2017,1.756141521
17,CE,Saraburi,Wihan Daeng,2018,1.715275923
17,CE,Saraburi,Wihan Daeng,2019,1.832870038
17,CE,Saraburi,Wihan Daeng,2020,1.910561813
17,CE,Saraburi,Wihan Daeng,2021,2.056125372
45,CE,Ang Thong,Wiset Chai Chan,2014,1.066843966
45,CE,Ang Thong,Wiset Chai Chan,2015,1.192389543
45,CE,Ang Thong,Wiset Chai Chan,2016,1.361794784
45,CE,Ang Thong,Wiset Chai Chan,2017,1.514075319
45,CE,Ang Thong,Wiset Chai Chan,2018,1.668537457
45,CE,Ang Thong,Wiset Chai Chan,2019,1.833432868
45,CE,Ang Thong,Wiset Chai Chan,2020,2.040718297
45,CE,Ang Thong,Wiset Chai Chan,2021,2.379078685
33,SO,Yala,Yaha,2014,0.292283836
33,SO,Yala,Yaha,2015,0.319947514
33,SO,Yala,Yaha,2016,0.334848798
33,SO,Yala,Yaha,2017,0.400218096
33,SO,Yala,Yaha,2018,0.451388467
33,SO,Yala,Yaha,2019,0.356498647
33,SO,Yala,Yaha,2020,0.449141881
33,SO,Yala,Yaha,2021,0.512909638
47,SO,Trang,Yan Ta Khao,2014,0.400303937
47,SO,Trang,Yan Ta Khao,2015,0.490760628
47,SO,Trang,Yan Ta Khao,2016,0.563040663
47,SO,Trang,Yan Ta Khao,2017,0.699892559
47,SO,Trang,Yan Ta Khao,2018,0.778639168
47,SO,Trang,Yan Ta Khao,2019,0.780031995
47,SO,Trang,Yan Ta Khao,2020,0.884759368
47,SO,Trang,Yan Ta Khao,2021,1.034330354
12,NE,Si Sa Ket,Yang Chum Noi,2014,0.146132922
12,NE,Si Sa Ket,Yang Chum Noi,2015,0.176512101
12,NE,Si Sa Ket,Yang Chum Noi,2016,0.171511643
12,NE,Si Sa Ket,Yang Chum Noi,2017,0.288122833
12,NE,Si Sa Ket,Yang Chum Noi,2018,0.32825964
12,NE,Si Sa Ket,Yang Chum Noi,2019,0.309855605
12,NE,Si Sa Ket,Yang Chum Noi,2020,0.369558267
12,NE,Si Sa Ket,Yang Chum Noi,2021,0.389680728
46,NE,Maha Sarakham,Yang Si Surat,2014,0.093458216
46,NE,Maha Sarakham,Yang Si Surat,2015,0.160825277
46,NE,Maha Sarakham,Yang Si Surat,2016,0.148319664
46,NE,Maha Sarakham,Yang Si Surat,2017,0.251434859
46,NE,Maha Sarakham,Yang Si Surat,2018,0.262672552
46,NE,Maha Sarakham,Yang Si Surat,2019,0.248265099
46,NE,Maha Sarakham,Yang Si Surat,2020,0.270683941
46,NE,Maha Sarakham,Yang Si Surat,2021,0.297840682
20,NE,Kalasin,Yang Talat,2014,0.396565977
20,NE,Kalasin,Yang Talat,2015,0.485807466
20,NE,Kalasin,Yang Talat,2016,0.523646923
20,NE,Kalasin,Yang Talat,2017,0.700719575
20,NE,Kalasin,Yang Talat,2018,0.744892414
20,NE,Kalasin,Yang Talat,2019,0.687169032
20,NE,Kalasin,Yang Talat,2020,0.78635888
20,NE,Kalasin,Yang Talat,2021,0.889938271
14,BKK&VIC,Bangkok,Yannawa,2014,33.80558999
14,BKK&VIC,Bangkok,Yannawa,2015,36.05011758
14,BKK&VIC,Bangkok,Yannawa,2016,35.97451223
14,BKK&VIC,Bangkok,Yannawa,2017,35.76838857
14,BKK&VIC,Bangkok,Yannawa,2018,36.80253175
14,BKK&VIC,Bangkok,Yannawa,2019,39.08070778
14,BKK&VIC,Bangkok,Yannawa,2020,38.52397414
14,BKK&VIC,Bangkok,Yannawa,2021,39.27009937
57,SO,Pattani,Yarang,2014,1.049775368
57,SO,Pattani,Yarang,2015,1.198983991
57,SO,Pattani,Yarang,2016,1.27588619
57,SO,Pattani,Yarang,2017,1.457093677
57,SO,Pattani,Yarang,2018,1.530717484
57,SO,Pattani,Yarang,2019,1.542014895
57,SO,Pattani,Yarang,2020,1.691260277
57,SO,Pattani,Yarang,2021,1.943352871
57,SO,Pattani,Yaring,2014,0.891358286
57,SO,Pattani,Yaring,2015,1.048055704
57,SO,Pattani,Yaring,2016,1.167862944
57,SO,Pattani,Yaring,2017,1.281961073
57,SO,Pattani,Yaring,2018,1.555759036
57,SO,Pattani,Yaring,2019,1.631503145
57,SO,Pattani,Yaring,2020,1.779171995
57,SO,Pattani,Yaring,2021,1.794621819
40,SO,Narathiwat,Yi-ngo,2014,0.543810167
40,SO,Narathiwat,Yi-ngo,2015,0.635840026
40,SO,Narathiwat,Yi-ngo,2016,0.740668107
40,SO,Narathiwat,Yi-ngo,2017,0.848041269
40,SO,Narathiwat,Yi-ngo,2018,0.934773544
40,SO,Narathiwat,Yi-ngo,2019,1.033560212
40,SO,Narathiwat,Yi-ngo,2020,1.131430141
40,SO,Narathiwat,Yi-ngo,2021,1.146332112
